original_row_index,mp_name,work,category,state,constituency,ida,recommended_date,allocation_amount,status,house,investigation_priority_score,investigation_priority_level,primary_reason,evidence_count,cost_anomaly,exact_duplicate_anomaly,near_duplicate_anomaly,pattern_anomaly
0,Manoj Rajoria,NA - Installing community drinking water plants,Normal/Others,Rajasthan,KARAULI-DHOLPUR(SC),DISTRICT COLLECTOR DHOLPUR_IDA,2024-03-04,100000.0,Unsanctioned,Lok Sabha,14.0,LOW,"Suspicious near-duplicate overlap: Same constituency, similar amount, and date proximity (Index: 24, score: 0.79).",5,False,False,True,False
1,Mr Gopal Jee Thakur,NA - Street lights,Normal/Others,Bihar,DARBHANGA,DISTRICT MAGISTRATE DARBANGA_IDA,2024-03-04,487000.0,Unsanctioned,Lok Sabha,8.0,LOW,"Near-duplicate match: contextual_near_duplicate (Index: 3, score: 0.67, text sim: 1.00).",20,False,False,False,False
2,Manoj Rajoria,"NA - Construction of roads, link roads, pathways or any other road with or without drainage system",Normal/Others,Rajasthan,KARAULI-DHOLPUR(SC),DISTRICT COLLECTOR DHOLPUR_IDA,2024-03-04,500000.0,Unsanctioned,Lok Sabha,8.0,LOW,"Near-duplicate match: contextual_near_duplicate (Index: 26, score: 0.47, text sim: 1.00).",14,False,False,False,False
3,Mr Gopal Jee Thakur,NA - Street lights,Normal/Others,Bihar,DARBHANGA,DISTRICT MAGISTRATE DARBANGA_IDA,2024-03-04,487000.0,Unsanctioned,Lok Sabha,8.0,LOW,"Near-duplicate match: contextual_near_duplicate (Index: 1, score: 0.67, text sim: 1.00).",20,False,False,False,False
4,Mr Gopal Jee Thakur,NA - Street lights,Normal/Others,Bihar,DARBHANGA,DISTRICT MAGISTRATE DARBANGA_IDA,2024-03-04,487000.0,Unsanctioned,Lok Sabha,8.0,LOW,"Near-duplicate match: contextual_near_duplicate (Index: 1, score: 0.67, text sim: 1.00).",20,False,False,False,False
5,Mr Gopal Jee Thakur,NA - Street lights,Normal/Others,Bihar,DARBHANGA,DISTRICT MAGISTRATE DARBANGA_IDA,2024-03-04,487000.0,Unsanctioned,Lok Sabha,8.0,LOW,"Near-duplicate match: contextual_near_duplicate (Index: 1, score: 0.67, text sim: 1.00).",20,False,False,False,False
6,Mr Gopal Jee Thakur,NA - Street lights,Normal/Others,Bihar,DARBHANGA,DISTRICT MAGISTRATE DARBANGA_IDA,2024-03-04,487000.0,Unsanctioned,Lok Sabha,8.0,LOW,"Near-duplicate match: contextual_near_duplicate (Index: 1, score: 0.67, text sim: 1.00).",20,False,False,False,False
7,Mr Gopal Jee Thakur,NA - Street lights,Normal/Others,Bihar,DARBHANGA,DISTRICT MAGISTRATE DARBANGA_IDA,2024-03-04,487000.0,Unsanctioned,Lok Sabha,22.0,MEDIUM,Exact duplicate detected. This record occurs 4 times in the dataset.,18,False,True,False,False
8,Mr Gopal Jee Thakur,NA - Street lights,Normal/Others,Bihar,DARBHANGA,DISTRICT MAGISTRATE DARBANGA_IDA,2024-03-04,487000.0,Unsanctioned,Lok Sabha,22.0,MEDIUM,Exact duplicate detected. This record occurs 4 times in the dataset.,18,False,True,False,False
9,Mr Gopal Jee Thakur,NA - Street lights,Normal/Others,Bihar,DARBHANGA,DISTRICT MAGISTRATE DARBANGA_IDA,2024-03-04,487000.0,Unsanctioned,Lok Sabha,8.0,LOW,"Near-duplicate match: contextual_near_duplicate (Index: 1, score: 0.67, text sim: 1.00).",20,False,False,False,False
10,Mr Gopal Jee Thakur,NA - Street lights,Normal/Others,Bihar,DARBHANGA,DISTRICT MAGISTRATE DARBANGA_IDA,2024-03-04,487000.0,Unsanctioned,Lok Sabha,8.0,LOW,"Near-duplicate match: contextual_near_duplicate (Index: 1, score: 0.67, text sim: 1.00).",20,False,False,False,False
11,Mr Gopal Jee Thakur,NA - Street lights,Normal/Others,Bihar,DARBHANGA,DISTRICT MAGISTRATE DARBANGA_IDA,2024-03-04,487000.0,Unsanctioned,Lok Sabha,22.0,MEDIUM,Exact duplicate detected. This record occurs 4 times in the dataset.,18,False,True,False,False
12,Mr Gopal Jee Thakur,NA - Street lights,Normal/Others,Bihar,DARBHANGA,DISTRICT MAGISTRATE DARBANGA_IDA,2024-03-04,487000.0,Unsanctioned,Lok Sabha,8.0,LOW,"Near-duplicate match: contextual_near_duplicate (Index: 1, score: 0.62, text sim: 1.00).",20,False,False,False,False
13,Mr Gopal Jee Thakur,NA - Street lights,Normal/Others,Bihar,DARBHANGA,DISTRICT MAGISTRATE DARBANGA_IDA,2024-03-04,487000.0,Unsanctioned,Lok Sabha,8.0,LOW,"Near-duplicate match: contextual_near_duplicate (Index: 1, score: 0.62, text sim: 1.00).",20,False,False,False,False
14,Mr Gopal Jee Thakur,NA - Street lights,Normal/Others,Bihar,DARBHANGA,DISTRICT MAGISTRATE DARBANGA_IDA,2024-03-04,487000.0,Unsanctioned,Lok Sabha,8.0,LOW,"Near-duplicate match: contextual_near_duplicate (Index: 1, score: 0.62, text sim: 1.00).",20,False,False,False,False
15,Mr Gopal Jee Thakur,NA - Street lights,Normal/Others,Bihar,DARBHANGA,DISTRICT MAGISTRATE DARBANGA_IDA,2024-03-04,487000.0,Unsanctioned,Lok Sabha,8.0,LOW,"Near-duplicate match: contextual_near_duplicate (Index: 1, score: 0.62, text sim: 1.00).",20,False,False,False,False
16,Mr Gopal Jee Thakur,NA - Street lights,Normal/Others,Bihar,DARBHANGA,DISTRICT MAGISTRATE DARBANGA_IDA,2024-03-04,487000.0,Unsanctioned,Lok Sabha,8.0,LOW,"Near-duplicate match: contextual_near_duplicate (Index: 1, score: 0.62, text sim: 1.00).",20,False,False,False,False
17,Mr Gopal Jee Thakur,NA - Street lights,Normal/Others,Bihar,DARBHANGA,DISTRICT MAGISTRATE DARBANGA_IDA,2024-03-04,487000.0,Unsanctioned,Lok Sabha,8.0,LOW,"Near-duplicate match: contextual_near_duplicate (Index: 1, score: 0.62, text sim: 1.00).",20,False,False,False,False
18,Pradyut Bordoloi,NA - Setting up public non-conventional energy plants,Normal/Others,Assam,NOWGONG,DEPUTY COMMISSIONER NOWGONG_IDA,2024-03-04,500000.0,Unsanctioned,Lok Sabha,0.0,LOW,,0,False,False,False,False
19,Pradyut Bordoloi,NA - Construction of boundary walls of existing public and community buildings,Normal/Others,Assam,NOWGONG,DEPUTY COMMISSIONER NOWGONG_IDA,2024-03-04,300000.0,Unsanctioned,Lok Sabha,14.0,LOW,"Suspicious near-duplicate overlap: Same constituency, similar amount, and date proximity (Index: 21, score: 0.80).",2,False,False,True,False
20,Pradyut Bordoloi,NA - Construction of community centers and community halls,Normal/Others,Assam,NOWGONG,DEPUTY COMMISSIONER NOWGONG_IDA,2024-03-04,500000.0,Unsanctioned,Lok Sabha,0.0,LOW,,0,False,False,False,False
21,Pradyut Bordoloi,NA - Construction of boundary walls of existing public and community buildings,Normal/Others,Assam,NOWGONG,DEPUTY COMMISSIONER NOWGONG_IDA,2024-03-04,300000.0,Unsanctioned,Lok Sabha,14.0,LOW,"Suspicious near-duplicate overlap: Same constituency, similar amount, and date proximity (Index: 19, score: 0.80).",2,False,False,True,False
22,Manoj Rajoria,NA - Installing community drinking water plants,Normal/Others,Rajasthan,KARAULI-DHOLPUR(SC),DISTRICT COLLECTOR DHOLPUR_IDA,2024-03-04,600000.0,Unsanctioned,Lok Sabha,31.5,MEDIUM,"Allocation is an outlier relative to work_type works (Z-score: 4.22, excluding current).",7,True,False,True,False
23,Mr Gopal Jee Thakur,NA - Street lights,Normal/Others,Bihar,DARBHANGA,DISTRICT MAGISTRATE DARBANGA_IDA,2024-03-04,487000.0,Unsanctioned,Lok Sabha,22.0,MEDIUM,Exact duplicate detected. This record occurs 4 times in the dataset.,18,False,True,False,False
24,Manoj Rajoria,NA - Installing community drinking water plants,Normal/Others,Rajasthan,KARAULI-DHOLPUR(SC),DISTRICT COLLECTOR DHOLPUR_IDA,2024-03-04,100000.0,Unsanctioned,Lok Sabha,14.0,LOW,"Suspicious near-duplicate overlap: Same constituency, similar amount, and date proximity (Index: 0, score: 0.79).",5,False,False,True,False
25,Manoj Rajoria,NA - Installing community drinking water plants,Normal/Others,Rajasthan,KARAULI-DHOLPUR(SC),DISTRICT COLLECTOR DHOLPUR_IDA,2024-03-04,600000.0,Unsanctioned,Lok Sabha,31.5,MEDIUM,"Allocation is an outlier relative to work_type works (Z-score: 4.22, excluding current).",7,True,False,True,False
26,Manoj Rajoria,"NA - Construction of roads, link roads, pathways or any other road with or without drainage system",Normal/Others,Rajasthan,KARAULI-DHOLPUR(SC),DISTRICT COLLECTOR DHOLPUR_IDA,2024-03-04,1000000.0,Unsanctioned,Lok Sabha,18.0,LOW,Allocation is 2.3x the median of comparable house works (excluding current).,15,True,False,False,False
27,Mr Gopal Jee Thakur,"NA - Construction of roads, link roads, pathways or any other road with or without drainage system",Normal/Others,Bihar,DARBHANGA,DISTRICT MAGISTRATE DARBANGA_IDA,2024-03-04,499000.0,Unsanctioned,Lok Sabha,4.0,LOW,"Near-duplicate match: template_match (Index: 239, score: 0.24, text sim: 1.00).",1,False,False,False,False
28,Manoj Rajoria,NA - Installing community drinking water plants,Normal/Others,Rajasthan,KARAULI-DHOLPUR(SC),DISTRICT COLLECTOR DHOLPUR_IDA,2024-03-04,150000.0,Unsanctioned,Lok Sabha,24.0,MEDIUM,"Suspicious near-duplicate overlap: Same constituency, similar amount, and date proximity (Index: 0, score: 0.71).",6,True,False,True,False
29,Mr Gopal Jee Thakur,NA - Street lights,Normal/Others,Bihar,DARBHANGA,DISTRICT MAGISTRATE DARBANGA_IDA,2024-03-04,487000.0,Unsanctioned,Lok Sabha,15.0,LOW,"Near-duplicate match: contextual_near_duplicate (Index: 1, score: 0.58, text sim: 1.00).",20,False,True,False,False
30,Mr Gopal Jee Thakur,NA - Street lights,Normal/Others,Bihar,DARBHANGA,DISTRICT MAGISTRATE DARBANGA_IDA,2024-03-04,487000.0,Unsanctioned,Lok Sabha,8.0,LOW,"Near-duplicate match: contextual_near_duplicate (Index: 1, score: 0.58, text sim: 1.00).",20,False,False,False,False
31,Mr Gopal Jee Thakur,NA - Street lights,Normal/Others,Bihar,DARBHANGA,DISTRICT MAGISTRATE DARBANGA_IDA,2024-03-04,487000.0,Unsanctioned,Lok Sabha,8.0,LOW,"Near-duplicate match: contextual_near_duplicate (Index: 1, score: 0.58, text sim: 1.00).",20,False,False,False,False
32,Mr Gopal Jee Thakur,NA - Street lights,Normal/Others,Bihar,DARBHANGA,DISTRICT MAGISTRATE DARBANGA_IDA,2024-03-04,487000.0,Unsanctioned,Lok Sabha,15.0,LOW,"Near-duplicate match: contextual_near_duplicate (Index: 1, score: 0.58, text sim: 1.00).",20,False,True,False,False
33,Manoj Rajoria,NA - Construction of community centers and community halls,Normal/Others,Rajasthan,KARAULI-DHOLPUR(SC),DISTRICT COLLECTOR DHOLPUR_IDA,2024-03-04,600000.0,Unsanctioned,Lok Sabha,8.0,LOW,"Near-duplicate match: contextual_near_duplicate (Index: 34, score: 0.53, text sim: 1.00).",2,False,False,False,False
34,Manoj Rajoria,NA - Construction of community centers and community halls,Normal/Others,Rajasthan,KARAULI-DHOLPUR(SC),DISTRICT COLLECTOR DHOLPUR_IDA,2024-03-04,700000.0,Unsanctioned,Lok Sabha,8.0,LOW,"Near-duplicate match: contextual_near_duplicate (Index: 33, score: 0.53, text sim: 1.00).",2,False,False,False,False
35,Shri Bhartruhari Mahtab,NA - Construction of buildings for community cultural activities,Normal/Others,Odisha,CUTTACK,DISTRICT COLLECTOR CUTTACK_IDA,2024-03-03,500000.0,Unsanctioned,Lok Sabha,31.5,MEDIUM,"Allocation is an outlier relative to mp_name works (Z-score: 2.52, excluding current).",24,True,False,True,False
36,Shivkumar Chanabasappa Udasi,NA - Construction of additional rooms and halls in the existing public and community building,Normal/Others,Karnataka,HAVERI,DEPUTY COMMISSIONER HAVERI_IDA,2024-03-03,500000.0,Unsanctioned,Lok Sabha,14.0,LOW,"Suspicious near-duplicate overlap: Same constituency, similar amount, and date proximity (Index: 68, score: 0.75).",10,False,False,True,False
37,Shri Abdul Khaleque,"NA - Construction of roads, link roads, pathways or any other road with or without drainage system",Normal/Others,Assam,BARPETA,DEPUTY COMMISSIONER BARPETA_IDA,2024-03-03,300000.0,Unsanctioned,Lok Sabha,8.0,LOW,"Near-duplicate match: contextual_near_duplicate (Index: 38, score: 0.49, text sim: 1.00).",1,False,False,False,False
38,Shri Abdul Khaleque,"NA - Construction of roads, link roads, pathways or any other road with or without drainage system",Normal/Others,Assam,BARPETA,DEPUTY COMMISSIONER BARPETA_IDA,2024-03-03,500000.0,Unsanctioned,Lok Sabha,8.0,LOW,"Near-duplicate match: contextual_near_duplicate (Index: 37, score: 0.49, text sim: 1.00).",1,False,False,False,False
39,Gaddam Ranjith Reddy,NA - Lighting of public spaces,Normal/Others,Telangana,CHELVELLA,DISTRICT COLLECTOR VIKARABAD_IDA,2024-03-03,170000.0,Unsanctioned,Lok Sabha,8.0,LOW,"Near-duplicate match: contextual_near_duplicate (Index: 40, score: 0.60, text sim: 1.00).",10,False,False,False,False
40,Gaddam Ranjith Reddy,NA - Lighting of public spaces,Normal/Others,Telangana,CHELVELLA,DISTRICT COLLECTOR VIKARABAD_IDA,2024-03-03,170000.0,Unsanctioned,Lok Sabha,8.0,LOW,"Near-duplicate match: contextual_near_duplicate (Index: 39, score: 0.60, text sim: 1.00).",10,False,False,False,False
41,Gaddam Ranjith Reddy,NA - Lighting of public spaces,Normal/Others,Telangana,CHELVELLA,DISTRICT COLLECTOR VIKARABAD_IDA,2024-03-03,510000.0,Unsanctioned,Lok Sabha,25.5,MEDIUM,"Allocation is an outlier relative to ida works (Z-score: 2.52, excluding current).",12,True,False,False,False
42,Gaddam Ranjith Reddy,NA - Lighting of public spaces,Normal/Others,Telangana,CHELVELLA,DISTRICT COLLECTOR VIKARABAD_IDA,2024-03-03,510000.0,Unsanctioned,Lok Sabha,25.5,MEDIUM,"Allocation is an outlier relative to ida works (Z-score: 2.52, excluding current).",12,True,False,False,False
43,Dr Sukanta Majumdar,NA - Street lights,Normal/Others,West Bengal,BALURGHAT,DISTRICT MAGISTRATE DINAJPUR DAKSHIN_IDA,2024-03-03,35000.0,Unsanctioned,Lok Sabha,24.5,MEDIUM,Exact duplicate detected. This record occurs 5 times in the dataset.,1,False,True,False,False
44,Shri Bhartruhari Mahtab,NA - Construction of buildings for community cultural activities,Normal/Others,Odisha,CUTTACK,DISTRICT COLLECTOR CUTTACK_IDA,2024-03-03,200000.0,Unsanctioned,Lok Sabha,14.0,LOW,"Suspicious near-duplicate overlap: Same constituency, similar amount, and date proximity (Index: 47, score: 0.76).",18,False,False,True,False
45,Shri Bhartruhari Mahtab,"NA - Construction of roads, link roads, pathways or any other road with or without drainage system",Normal/Others,Odisha,CUTTACK,DISTRICT COLLECTOR CUTTACK_IDA,2024-03-03,250000.0,Unsanctioned,Lok Sabha,4.0,LOW,"Near-duplicate match: template_match (Index: 53, score: 0.28, text sim: 1.00).",32,False,False,False,False
46,Shri Bhartruhari Mahtab,NA - Construction of buildings for community cultural activities,Normal/Others,Odisha,CUTTACK,DISTRICT COLLECTOR CUTTACK_IDA,2024-03-03,300000.0,Unsanctioned,Lok Sabha,14.0,LOW,"Suspicious near-duplicate overlap: Same constituency, similar amount, and date proximity (Index: 49, score: 0.72).",18,False,False,True,False
47,Shri Bhartruhari Mahtab,NA - Construction of buildings for community cultural activities,Normal/Others,Odisha,CUTTACK,DISTRICT COLLECTOR CUTTACK_IDA,2024-03-03,120000.0,Unsanctioned,Lok Sabha,14.0,LOW,"Suspicious near-duplicate overlap: Same constituency, similar amount, and date proximity (Index: 44, score: 0.76).",18,False,False,True,False
48,Shri Bhartruhari Mahtab,NA - Lighting of public spaces,Normal/Others,Odisha,CUTTACK,DISTRICT COLLECTOR CUTTACK_IDA,2024-03-03,100000.0,Unsanctioned,Lok Sabha,8.0,LOW,"Near-duplicate match: contextual_near_duplicate (Index: 127, score: 0.55, text sim: 1.00).",17,False,False,False,False
49,Shri Bhartruhari Mahtab,NA - Construction of buildings for community cultural activities,Normal/Others,Odisha,CUTTACK,DISTRICT COLLECTOR CUTTACK_IDA,2024-03-03,300000.0,Unsanctioned,Lok Sabha,14.0,LOW,"Suspicious near-duplicate overlap: Same constituency, similar amount, and date proximity (Index: 46, score: 0.72).",18,False,False,True,False
50,Shri Mahesh Sahoo,NA - Construction of boundary walls of existing public and community buildings,Normal/Others,Odisha,DHENKANAL,DISTRICT COLLECTORANGUL_IDA,2024-03-03,300000.0,Unsanctioned,Lok Sabha,14.0,LOW,"Suspicious near-duplicate overlap: Same constituency, similar amount, and date proximity (Index: 51, score: 0.79).",8,False,False,True,False
51,Shri Mahesh Sahoo,NA - Construction of boundary walls of existing public and community buildings,Normal/Others,Odisha,DHENKANAL,DISTRICT COLLECTORANGUL_IDA,2024-03-03,500000.0,Unsanctioned,Lok Sabha,14.0,LOW,"Suspicious near-duplicate overlap: Same constituency, similar amount, and date proximity (Index: 50, score: 0.79).",8,False,False,True,False
52,Shri Mahesh Sahoo,NA - Construction of New Building,Normal/Others,Odisha,DHENKANAL,DISTRICT COLLECTORANGUL_IDA,2024-03-03,500000.0,Unsanctioned,Lok Sabha,14.0,LOW,"Suspicious near-duplicate overlap: Same constituency, similar amount, and date proximity (Index: 141, score: 0.75).",1,False,False,True,False
53,Shri Mahesh Sahoo,"NA - Construction of roads, link roads, pathways or any other road with or without drainage system",Normal/Others,Odisha,DHENKANAL,DISTRICT COLLECTORANGUL_IDA,2024-03-03,300000.0,Unsanctioned,Lok Sabha,8.0,LOW,"Near-duplicate match: contextual_near_duplicate (Index: 82, score: 0.55, text sim: 1.00).",32,False,False,False,False
54,Shri Mahesh Sahoo,NA - Construction of boundary walls of existing public and community buildings,Normal/Others,Odisha,DHENKANAL,DISTRICT COLLECTORANGUL_IDA,2024-03-03,300000.0,Unsanctioned,Lok Sabha,14.0,LOW,"Suspicious near-duplicate overlap: Same constituency, similar amount, and date proximity (Index: 50, score: 0.75).",8,False,False,True,False
55,Shri Mahesh Sahoo,NA - Construction of community centers and community halls,Normal/Others,Odisha,DHENKANAL,DISTRICT COLLECTORANGUL_IDA,2024-03-03,400000.0,Unsanctioned,Lok Sabha,8.0,LOW,"Near-duplicate match: contextual_near_duplicate (Index: 56, score: 0.60, text sim: 1.00).",34,False,False,False,False
56,Shri Mahesh Sahoo,NA - Construction of community centers and community halls,Normal/Others,Odisha,DHENKANAL,DISTRICT COLLECTORANGUL_IDA,2024-03-03,400000.0,Unsanctioned,Lok Sabha,8.0,LOW,"Near-duplicate match: contextual_near_duplicate (Index: 55, score: 0.60, text sim: 1.00).",34,False,False,False,False
57,Rahul Kaswan,NA - Construction of rooms and halls in school and colleges,Normal/Others,Rajasthan,CHURU,DISTRICT COLLECTOR CHURU_IDA,2024-03-03,850000.0,Unsanctioned,Lok Sabha,14.0,LOW,"Suspicious near-duplicate overlap: Same constituency, similar amount, and date proximity (Index: 86, score: 0.70).",10,False,False,True,False
58,Rahul Kaswan,NA - Construction of additional rooms and halls in the existing public and community building,Normal/Others,Rajasthan,CHURU,DISTRICT COLLECTOR CHURU_IDA,2024-03-03,650000.0,Unsanctioned,Lok Sabha,14.0,LOW,"Suspicious near-duplicate overlap: Same constituency, similar amount, and date proximity (Index: 76, score: 0.75).",3,False,False,True,False
59,Shri Bhartruhari Mahtab,NA - Construction of buildings for community cultural activities,Normal/Others,Odisha,CUTTACK,DISTRICT COLLECTOR CUTTACK_IDA,2024-03-03,500000.0,Unsanctioned,Lok Sabha,31.5,MEDIUM,"Allocation is an outlier relative to mp_name works (Z-score: 2.52, excluding current).",24,True,False,True,False
60,Shivkumar Chanabasappa Udasi,NA - Construction of bus-sheds or bus-stops,Normal/Others,Karnataka,HAVERI,DEPUTY COMMISSIONER HAVERI_IDA,2024-03-03,500000.0,Unsanctioned,Lok Sabha,21.0,MEDIUM,"Suspicious near-duplicate overlap: Same constituency, similar amount, and date proximity (Index: 73, score: 0.85).",3,False,True,True,False
61,Dr Sukanta Majumdar,NA - Street lights,Normal/Others,West Bengal,BALURGHAT,DISTRICT MAGISTRATE DINAJPUR DAKSHIN_IDA,2024-03-03,35000.0,Unsanctioned,Lok Sabha,24.5,MEDIUM,Exact duplicate detected. This record occurs 5 times in the dataset.,1,False,True,False,False
62,Dr Sukanta Majumdar,NA - Street lights,Normal/Others,West Bengal,BALURGHAT,DISTRICT MAGISTRATE DINAJPUR DAKSHIN_IDA,2024-03-03,35000.0,Unsanctioned,Lok Sabha,24.5,MEDIUM,Exact duplicate detected. This record occurs 5 times in the dataset.,1,False,True,False,False
63,Dr Sukanta Majumdar,NA - Street lights,Normal/Others,West Bengal,BALURGHAT,DISTRICT MAGISTRATE DINAJPUR DAKSHIN_IDA,2024-03-03,35000.0,Unsanctioned,Lok Sabha,24.5,MEDIUM,Exact duplicate detected. This record occurs 5 times in the dataset.,1,False,True,False,False
64,Shri Dilip Ghosh,NA - Construction of rooms and halls in school and colleges,Normal/Others,West Bengal,MEDINIPUR,DISTRICT MAGISTRATE PASCHIM MEDINIPUR_IDA,2024-03-03,1800000.0,Unsanctioned,Lok Sabha,25.5,MEDIUM,"Allocation is an outlier relative to state works (Z-score: 3.08, excluding current).",7,True,False,False,False
65,Shri Dilip Ghosh,NA - Construction of rooms and halls in school and colleges,Normal/Others,West Bengal,MEDINIPUR,DISTRICT MAGISTRATE PASCHIM MEDINIPUR_IDA,2024-03-03,952002.0,Unsanctioned,Lok Sabha,18.0,LOW,Allocation is 27.2x the median of comparable state works (excluding current).,3,True,False,False,False
66,Shivkumar Chanabasappa Udasi,"NA - Construction of roads, link roads, pathways or any other road with or without drainage system",Normal/Others,Karnataka,HAVERI,DEPUTY COMMISSIONER HAVERI_IDA,2024-03-03,150000.0,Unsanctioned,Lok Sabha,8.0,LOW,"Near-duplicate match: contextual_near_duplicate (Index: 71, score: 0.41, text sim: 1.00).",26,False,False,False,False
67,Adhir Ranjan Chowdhury,NA - Installing community drinking water plants,Normal/Others,West Bengal,BAHARAMPUR,DISTRICT MAGISTRATE MURSHIDABAD_IDA,2024-03-03,1085000.0,Unsanctioned,Lok Sabha,17.5,LOW,"Allocation is an outlier relative to work_type works (Z-score: 9.70, excluding current).",5,True,False,False,False
68,Shivkumar Chanabasappa Udasi,NA - Construction of additional rooms and halls in the existing public and community building,Normal/Others,Karnataka,HAVERI,DEPUTY COMMISSIONER HAVERI_IDA,2024-03-03,500000.0,Unsanctioned,Lok Sabha,14.0,LOW,"Suspicious near-duplicate overlap: Same constituency, similar amount, and date proximity (Index: 36, score: 0.75).",10,False,False,True,False
69,Shivkumar Chanabasappa Udasi,NA - Crematoriums or structures on burial/ cremation ground for public convenience,Normal/Others,Karnataka,HAVERI,DEPUTY COMMISSIONER HAVERI_IDA,2024-03-03,200000.0,Unsanctioned,Lok Sabha,0.0,LOW,,0,False,False,False,False
70,Shri Mahesh Sahoo,NA - Construction of boundary walls of existing public and community buildings,Normal/Others,Odisha,DHENKANAL,DISTRICT COLLECTORANGUL_IDA,2024-03-03,500000.0,Unsanctioned,Lok Sabha,14.0,LOW,"Suspicious near-duplicate overlap: Same constituency, similar amount, and date proximity (Index: 51, score: 0.75).",8,False,False,True,False
71,Shivkumar Chanabasappa Udasi,"NA - Construction of roads, link roads, pathways or any other road with or without drainage system",Normal/Others,Karnataka,HAVERI,DEPUTY COMMISSIONER HAVERI_IDA,2024-03-03,500000.0,Unsanctioned,Lok Sabha,15.0,LOW,"Near-duplicate match: contextual_near_duplicate (Index: 66, score: 0.41, text sim: 1.00).",26,False,True,False,False
72,Rahul Kaswan,NA - Improvement of electricity distribution infrastructure,Normal/Others,Rajasthan,CHURU,DISTRICT COLLECTOR CHURU_IDA,2024-03-03,185000.0,Unsanctioned,Lok Sabha,14.0,LOW,"Suspicious near-duplicate overlap: Same constituency, similar amount, and date proximity (Index: 85, score: 0.81).",4,False,False,True,False
73,Shivkumar Chanabasappa Udasi,NA - Construction of bus-sheds or bus-stops,Normal/Others,Karnataka,HAVERI,DEPUTY COMMISSIONER HAVERI_IDA,2024-03-03,500000.0,Unsanctioned,Lok Sabha,14.0,LOW,"Suspicious near-duplicate overlap: Same constituency, similar amount, and date proximity (Index: 60, score: 0.85).",3,False,False,True,False
74,Shivkumar Chanabasappa Udasi,NA - Construction of bus-sheds or bus-stops,Normal/Others,Karnataka,HAVERI,DEPUTY COMMISSIONER HAVERI_IDA,2024-03-03,500000.0,Unsanctioned,Lok Sabha,21.0,MEDIUM,"Suspicious near-duplicate overlap: Same constituency, similar amount, and date proximity (Index: 73, score: 0.85).",3,False,True,True,False
75,Gaddam Ranjith Reddy,NA - Lighting of public spaces,Normal/Others,Telangana,CHELVELLA,DISTRICT COLLECTOR VIKARABAD_IDA,2024-03-03,170000.0,Unsanctioned,Lok Sabha,8.0,LOW,"Near-duplicate match: contextual_near_duplicate (Index: 39, score: 0.55, text sim: 1.00).",10,False,False,False,False
76,Rahul Kaswan,NA - Construction of additional rooms and halls in the existing public and community building,Normal/Others,Rajasthan,CHURU,DISTRICT COLLECTOR CHURU_IDA,2024-03-03,650000.0,Unsanctioned,Lok Sabha,14.0,LOW,"Suspicious near-duplicate overlap: Same constituency, similar amount, and date proximity (Index: 58, score: 0.75).",3,False,False,True,False
77,Dr Sukanta Majumdar,NA - Street lights,Normal/Others,West Bengal,BALURGHAT,DISTRICT MAGISTRATE DINAJPUR DAKSHIN_IDA,2024-03-03,35000.0,Unsanctioned,Lok Sabha,24.5,MEDIUM,Exact duplicate detected. This record occurs 5 times in the dataset.,1,False,True,False,False
78,Rahul Kaswan,NA - Construction of additional rooms and halls in the existing public and community building,Normal/Others,Rajasthan,CHURU,DISTRICT COLLECTOR CHURU_IDA,2024-03-03,650000.0,Unsanctioned,Lok Sabha,14.0,LOW,"Suspicious near-duplicate overlap: Same constituency, similar amount, and date proximity (Index: 58, score: 0.75).",3,False,False,True,False
79,Rahul Kaswan,NA - Construction of boundary walls of existing public and community buildings,Normal/Others,Rajasthan,CHURU,DISTRICT COLLECTOR CHURU_IDA,2024-03-03,1000000.0,Unsanctioned,Lok Sabha,10.0,LOW,Allocation is 2.3x the median of comparable house works (excluding current).,1,True,False,False,False
80,Shivkumar Chanabasappa Udasi,NA - Construction of rooms and halls in school and colleges,Normal/Others,Karnataka,HAVERI,DEPUTY COMMISSIONER HAVERI_IDA,2024-03-03,500000.0,Unsanctioned,Lok Sabha,0.0,LOW,,0,False,False,False,False
81,Shri Mahesh Sahoo,NA - Construction of boundary walls of existing public and community buildings,Normal/Others,Odisha,DHENKANAL,DISTRICT COLLECTORANGUL_IDA,2024-03-03,400000.0,Unsanctioned,Lok Sabha,14.0,LOW,"Suspicious near-duplicate overlap: Same constituency, similar amount, and date proximity (Index: 50, score: 0.72).",8,False,False,True,False
82,Shri Mahesh Sahoo,"NA - Construction of roads, link roads, pathways or any other road with or without drainage system",Normal/Others,Odisha,DHENKANAL,DISTRICT COLLECTORANGUL_IDA,2024-03-03,300000.0,Unsanctioned,Lok Sabha,8.0,LOW,"Near-duplicate match: contextual_near_duplicate (Index: 53, score: 0.55, text sim: 1.00).",32,False,False,False,False
83,Gaddam Ranjith Reddy,"NA - Construction of roads, link roads, pathways or any other road with or without drainage system",Normal/Others,Telangana,CHELVELLA,DISTRICT COLLECTOR RANGAREDDY_IDA,2024-03-03,500000.0,Unsanctioned,Lok Sabha,8.0,LOW,"Near-duplicate match: contextual_near_duplicate (Index: 165, score: 0.54, text sim: 1.00).",10,False,False,False,False
84,Smt Ranjeeta Koli,"NA - Construction of roads, link roads, pathways or any other road with or without drainage system",Normal/Others,Rajasthan,BHARATPUR(SC),DISTRICT COLLECTOR BHARATPUR_IDA,2024-03-03,400000.0,Unsanctioned,Lok Sabha,8.0,LOW,"Near-duplicate match: contextual_near_duplicate (Index: 88, score: 0.49, text sim: 1.00).",14,False,False,False,False
85,Rahul Kaswan,NA - Improvement of electricity distribution infrastructure,Normal/Others,Rajasthan,CHURU,DISTRICT COLLECTOR CHURU_IDA,2024-03-03,200000.0,Unsanctioned,Lok Sabha,14.0,LOW,"Suspicious near-duplicate overlap: Same constituency, similar amount, and date proximity (Index: 72, score: 0.81).",4,False,False,True,False
86,Rahul Kaswan,NA - Construction of rooms and halls in school and colleges,Normal/Others,Rajasthan,CHURU,DISTRICT COLLECTOR CHURU_IDA,2024-03-03,850000.0,Unsanctioned,Lok Sabha,14.0,LOW,"Suspicious near-duplicate overlap: Same constituency, similar amount, and date proximity (Index: 57, score: 0.70).",10,False,False,True,False
87,Rahul Kaswan,NA - Development of playfields and sports grounds,Normal/Others,Rajasthan,CHURU,DISTRICT COLLECTOR CHURU_IDA,2024-03-03,500000.0,Unsanctioned,Lok Sabha,24.0,MEDIUM,"Suspicious near-duplicate overlap: Same constituency, similar amount, and date proximity (Index: 99, score: 0.79).",2,True,False,True,False
88,Smt Ranjeeta Koli,"NA - Construction of roads, link roads, pathways or any other road with or without drainage system",Normal/Others,Rajasthan,BHARATPUR(SC),DISTRICT COLLECTOR ALWAR_IDA,2024-03-03,700000.0,Unsanctioned,Lok Sabha,8.0,LOW,"Near-duplicate match: contextual_near_duplicate (Index: 84, score: 0.49, text sim: 1.00).",14,False,False,False,False
89,Smt Ranjeeta Koli,"NA - Construction of roads, link roads, pathways or any other road with or without drainage system",Normal/Others,Rajasthan,BHARATPUR(SC),DISTRICT COLLECTOR ALWAR_IDA,2024-03-03,400000.0,Unsanctioned,Lok Sabha,8.0,LOW,"Near-duplicate match: contextual_near_duplicate (Index: 84, score: 0.55, text sim: 1.00).",14,False,False,False,False
90,Smt Ranjeeta Koli,"NA - Construction of roads, link roads, pathways or any other road with or without drainage system",Normal/Others,Rajasthan,BHARATPUR(SC),DISTRICT COLLECTOR ALWAR_IDA,2024-03-03,600000.0,Unsanctioned,Lok Sabha,8.0,LOW,"Near-duplicate match: contextual_near_duplicate (Index: 84, score: 0.50, text sim: 1.00).",14,False,False,False,False
91,Smt Ranjeeta Koli,NA - Crematoriums or structures on burial/ cremation ground for public convenience,Normal/Others,Rajasthan,BHARATPUR(SC),DISTRICT COLLECTOR BHARATPUR_IDA,2024-03-03,300000.0,Unsanctioned,Lok Sabha,0.0,LOW,,0,False,False,False,False
92,Smt Ranjeeta Koli,"NA - Construction of roads, link roads, pathways or any other road with or without drainage system",Normal/Others,Rajasthan,BHARATPUR(SC),DISTRICT COLLECTOR BHARATPUR_IDA,2024-03-03,500000.0,Unsanctioned,Lok Sabha,8.0,LOW,"Near-duplicate match: contextual_near_duplicate (Index: 84, score: 0.52, text sim: 1.00).",14,False,False,False,False
93,Rahul Kaswan,NA - Improvement of electricity distribution infrastructure,Normal/Others,Rajasthan,CHURU,DISTRICT COLLECTOR CHURU_IDA,2024-03-03,488000.0,Unsanctioned,Lok Sabha,14.0,LOW,"Suspicious near-duplicate overlap: Same constituency, similar amount, and date proximity (Index: 72, score: 0.73).",4,False,False,True,False
94,Sukhbir Singh Jaunapuria,"NA - Construction of roads, link roads, pathways or any other road with or without drainage system",Normal/Others,Rajasthan,TONK-SAWAI MADHOPUR,DISTRICT COLLECTOR SAWAI MADHOPUR_IDA,2024-03-03,250000.0,Unsanctioned,Lok Sabha,4.0,LOW,"Near-duplicate match: template_match (Index: 2, score: 0.22, text sim: 1.00).",14,False,False,False,False
95,Sukhbir Singh Jaunapuria,NA - Construction of community centers and community halls,Normal/Others,Rajasthan,TONK-SAWAI MADHOPUR,DISTRICT COLLECTOR TONK_IDA,2024-03-03,500000.0,Unsanctioned,Lok Sabha,4.0,LOW,"Near-duplicate match: template_match (Index: 33, score: 0.27, text sim: 1.00).",2,False,False,False,False
96,Devji Mansingram Patel,NA - Purchase of other aids / devices required for P/ M/ V/ H impaired for differently abled persons,Normal/Others,Rajasthan,JALORE,DISTRICT COLLECTOR Sanchor_IDA,2024-03-03,110000.0,Unsanctioned,Lok Sabha,0.0,LOW,,0,False,False,False,False
97,Devji Mansingram Patel,NA - Street lights,Normal/Others,Rajasthan,JALORE,DISTRICT COLLECTOR Sanchor_IDA,2024-03-03,400000.0,Unsanctioned,Lok Sabha,0.0,LOW,,0,False,False,False,False
98,Devji Mansingram Patel,NA - Construction of common work sheds/ common covered sitting area,Normal/Others,Rajasthan,JALORE,DISTRICT COLLECTOR Sanchor_IDA,2024-03-03,500000.0,Unsanctioned,Lok Sabha,0.0,LOW,,0,False,False,False,False
99,Rahul Kaswan,NA - Development of playfields and sports grounds,Normal/Others,Rajasthan,CHURU,DISTRICT COLLECTOR CHURU_IDA,2024-03-03,650000.0,Unsanctioned,Lok Sabha,24.0,MEDIUM,"Suspicious near-duplicate overlap: Same constituency, similar amount, and date proximity (Index: 87, score: 0.79).",2,True,False,True,False
100,Rahul Kaswan,NA - Construction of rooms and halls in school and colleges,Normal/Others,Rajasthan,CHURU,DISTRICT COLLECTOR CHURU_IDA,2024-03-03,850000.0,Unsanctioned,Lok Sabha,14.0,LOW,"Suspicious near-duplicate overlap: Same constituency, similar amount, and date proximity (Index: 57, score: 0.70).",10,False,False,True,False
101,Rahul Kaswan,NA - Construction of rooms and halls in school and colleges,Normal/Others,Rajasthan,CHURU,DISTRICT COLLECTOR CHURU_IDA,2024-03-03,700000.0,Unsanctioned,Lok Sabha,8.0,LOW,"Near-duplicate match: contextual_near_duplicate (Index: 57, score: 0.67, text sim: 1.00).",10,False,False,False,False
102,Rahul Kaswan,NA - Improvement of electricity distribution infrastructure,Normal/Others,Rajasthan,CHURU,DISTRICT COLLECTOR CHURU_IDA,2024-03-03,142000.0,Unsanctioned,Lok Sabha,14.0,LOW,"Suspicious near-duplicate overlap: Same constituency, similar amount, and date proximity (Index: 72, score: 0.79).",4,False,False,True,False
103,Rahul Kaswan,NA - Construction of rooms and halls in school and colleges,Normal/Others,Rajasthan,CHURU,DISTRICT COLLECTOR CHURU_IDA,2024-03-03,850000.0,Unsanctioned,Lok Sabha,14.0,LOW,"Suspicious near-duplicate overlap: Same constituency, similar amount, and date proximity (Index: 57, score: 0.70).",10,False,False,True,False
104,Rahul Kaswan,NA - Construction of rooms and halls in school and colleges,Normal/Others,Rajasthan,CHURU,DISTRICT COLLECTOR CHURU_IDA,2024-03-03,850000.0,Unsanctioned,Lok Sabha,14.0,LOW,"Suspicious near-duplicate overlap: Same constituency, similar amount, and date proximity (Index: 57, score: 0.70).",10,False,False,True,False
105,SHRI Rajeev Chandrashekhar,"NA - Construction of roads, link roads, pathways or any other road with or without drainage system",Normal/Others,Karnataka,Sitting Rajya Sabha,DEPUTY COMMISSIONER BANGALORE URBAN_IDA,2024-03-03,500000.0,Unsanctioned,Rajya Sabha,50.5,MEDIUM,Exact duplicate detected. This record occurs 7 times in the dataset.,37,True,True,False,True
106,SH Dhiraj Prasad Sahu,"NA - Construction of roads, link roads, pathways or any other road with or without drainage system",Normal/Others,Jharkhand,Sitting Rajya Sabha,DEPUTY COMMISSIONER LOHARDAGA_IDA,2024-03-03,600000.0,Unsanctioned,Rajya Sabha,26.0,MEDIUM,Allocation is 3.0x the median of comparable state works (excluding current).,37,True,False,False,True
107,SH Dhiraj Prasad Sahu,"NA - Construction of roads, link roads, pathways or any other road with or without drainage system",Normal/Others,Jharkhand,Sitting Rajya Sabha,DEPUTY COMMISSIONER GUMLA_IDA,2024-03-03,750000.0,Unsanctioned,Rajya Sabha,26.0,MEDIUM,Allocation is 3.7x the median of comparable state works (excluding current).,37,True,False,False,True
108,SH Dhiraj Prasad Sahu,NA - Construction of culverts and bridges,Normal/Others,Jharkhand,Sitting Rajya Sabha,DEPUTY COMMISSIONER GUMLA_IDA,2024-03-03,500000.0,Unsanctioned,Rajya Sabha,18.0,LOW,Allocation is 2.5x the median of comparable state works (excluding current).,4,True,False,False,True
109,SH Dhiraj Prasad Sahu,NA - Construction of buildings for community cultural activities,Normal/Others,Jharkhand,Sitting Rajya Sabha,DEPUTY COMMISSIONER GUMLA_IDA,2024-03-03,600000.0,Unsanctioned,Rajya Sabha,18.0,LOW,Allocation is 3.0x the median of comparable state works (excluding current).,4,True,False,False,True
110,Dr Sikander Kumar,NA - Lighting of public spaces,Normal/Others,Himachal Pradesh,Sitting Rajya Sabha,DEPUTY COMMISSIONER HAMIRPUR_IDA,2024-03-03,16300.0,Unsanctioned,Rajya Sabha,16.0,LOW,"Near-duplicate match: contextual_near_duplicate (Index: 260, score: 0.47, text sim: 1.00).",14,False,False,False,True
111,SHRI Rajeev Chandrashekhar,"NA - Construction of roads, link roads, pathways or any other road with or without drainage system",Normal/Others,Karnataka,Sitting Rajya Sabha,DEPUTY COMMISSIONER BANGALORE URBAN_IDA,2024-03-03,500000.0,Unsanctioned,Rajya Sabha,40.0,MEDIUM,Allocation is 7.9x the median of comparable house works (excluding current).,41,True,True,False,True
112,SHRI Rajeev Chandrashekhar,"NA - Construction of roads, link roads, pathways or any other road with or without drainage system",Normal/Others,Karnataka,Sitting Rajya Sabha,DEPUTY COMMISSIONER BANGALORE URBAN_IDA,2024-03-03,500000.0,Unsanctioned,Rajya Sabha,50.5,MEDIUM,Exact duplicate detected. This record occurs 7 times in the dataset.,37,True,True,False,True
113,Smt Ranjeeta Koli,"NA - Construction of roads, link roads, pathways or any other road with or without drainage system",Normal/Others,Rajasthan,BHARATPUR(SC),DISTRICT COLLECTOR BHARATPUR_IDA,2024-03-03,500000.0,Unsanctioned,Lok Sabha,8.0,LOW,"Near-duplicate match: contextual_near_duplicate (Index: 84, score: 0.57, text sim: 1.00).",14,False,False,False,False
114,Rahul Kaswan,NA - Improvement of electricity distribution infrastructure,Normal/Others,Rajasthan,CHURU,DISTRICT COLLECTOR CHURU_IDA,2024-03-03,280000.0,Unsanctioned,Lok Sabha,14.0,LOW,"Suspicious near-duplicate overlap: Same constituency, similar amount, and date proximity (Index: 72, score: 0.78).",4,False,False,True,False
115,Smt Ranjeeta Koli,"NA - Construction of roads, link roads, pathways or any other road with or without drainage system",Normal/Others,Rajasthan,BHARATPUR(SC),DISTRICT COLLECTOR BHARATPUR_IDA,2024-03-03,750000.0,Unsanctioned,Lok Sabha,25.5,MEDIUM,"Allocation is an outlier relative to ida works (Z-score: 2.83, excluding current).",15,True,False,False,False
116,SHRI Rajeev Chandrashekhar,"NA - Construction of roads, link roads, pathways or any other road with or without drainage system",Normal/Others,Karnataka,Sitting Rajya Sabha,DEPUTY COMMISSIONER BANGALORE URBAN_IDA,2024-03-03,500000.0,Unsanctioned,Rajya Sabha,40.0,MEDIUM,Allocation is 7.9x the median of comparable house works (excluding current).,41,True,True,False,True
117,SHRI Rajeev Chandrashekhar,"NA - Construction of roads, link roads, pathways or any other road with or without drainage system",Normal/Others,Karnataka,Sitting Rajya Sabha,DEPUTY COMMISSIONER BANGALORE URBAN_IDA,2024-03-03,500000.0,Unsanctioned,Rajya Sabha,61.0,HIGH,Exact duplicate detected. This record occurs 10 times in the dataset.,34,True,True,False,True
118,SHRI Rajeev Chandrashekhar,"NA - Construction of roads, link roads, pathways or any other road with or without drainage system",Normal/Others,Karnataka,Sitting Rajya Sabha,DEPUTY COMMISSIONER BANGALORE URBAN_IDA,2024-03-03,500000.0,Unsanctioned,Rajya Sabha,61.0,HIGH,Exact duplicate detected. This record occurs 10 times in the dataset.,34,True,True,False,True
119,Rahul Kaswan,NA - Construction of rooms and halls in school and colleges,Normal/Others,Rajasthan,CHURU,DISTRICT COLLECTOR CHURU_IDA,2024-03-03,850000.0,Unsanctioned,Lok Sabha,14.0,LOW,"Suspicious near-duplicate overlap: Same constituency, similar amount, and date proximity (Index: 57, score: 0.70).",10,False,False,True,False
120,SHRI Rajeev Chandrashekhar,"NA - Construction of roads, link roads, pathways or any other road with or without drainage system",Normal/Others,Karnataka,Sitting Rajya Sabha,DEPUTY COMMISSIONER BANGALORE URBAN_IDA,2024-03-03,500000.0,Unsanctioned,Rajya Sabha,61.0,HIGH,Exact duplicate detected. This record occurs 10 times in the dataset.,34,True,True,False,True
121,Rahul Kaswan,NA - Construction of rooms and halls in school and colleges,Normal/Others,Rajasthan,CHURU,DISTRICT COLLECTOR CHURU_IDA,2024-03-03,1000000.0,Unsanctioned,Lok Sabha,24.0,MEDIUM,"Suspicious near-duplicate overlap: Same constituency, similar amount, and date proximity (Index: 104, score: 0.73).",11,True,False,True,False
122,Smt Ranjeeta Koli,"NA - Construction of roads, link roads, pathways or any other road with or without drainage system",Normal/Others,Rajasthan,BHARATPUR(SC),DISTRICT COLLECTOR BHARATPUR_IDA,2024-03-03,600000.0,Unsanctioned,Lok Sabha,8.0,LOW,"Near-duplicate match: contextual_near_duplicate (Index: 84, score: 0.60, text sim: 1.00).",14,False,False,False,False
123,Smt Ranjeeta Koli,"NA - Construction of roads, link roads, pathways or any other road with or without drainage system",Normal/Others,Rajasthan,BHARATPUR(SC),DISTRICT COLLECTOR BHARATPUR_IDA,2024-03-03,500000.0,Unsanctioned,Lok Sabha,8.0,LOW,"Near-duplicate match: contextual_near_duplicate (Index: 84, score: 0.52, text sim: 1.00).",14,False,False,False,False
124,Shri Mahesh Sahoo,NA - Construction of buildings for community cultural activities,Normal/Others,Odisha,DHENKANAL,DISTRICT COLLECTORANGUL_IDA,2024-03-03,200000.0,Unsanctioned,Lok Sabha,8.0,LOW,"Near-duplicate match: contextual_near_duplicate (Index: 44, score: 0.47, text sim: 1.00).",18,False,False,False,False
125,SHRI Rajeev Chandrashekhar,"NA - Construction of roads, link roads, pathways or any other road with or without drainage system",Normal/Others,Karnataka,Sitting Rajya Sabha,DEPUTY COMMISSIONER BANGALORE URBAN_IDA,2024-03-03,500000.0,Unsanctioned,Rajya Sabha,50.5,MEDIUM,Exact duplicate detected. This record occurs 7 times in the dataset.,37,True,True,False,True
126,Shivkumar Chanabasappa Udasi,NA - Construction of additional rooms and halls in the existing public and community building,Normal/Others,Karnataka,HAVERI,DEPUTY COMMISSIONER HAVERI_IDA,2024-03-03,500000.0,Unsanctioned,Lok Sabha,14.0,LOW,"Suspicious near-duplicate overlap: Same constituency, similar amount, and date proximity (Index: 36, score: 0.72).",10,False,False,True,False
127,Shri Bhartruhari Mahtab,NA - Lighting of public spaces,Normal/Others,Odisha,CUTTACK,DISTRICT COLLECTOR CUTTACK_IDA,2024-03-03,150000.0,Unsanctioned,Lok Sabha,8.0,LOW,"Near-duplicate match: contextual_near_duplicate (Index: 48, score: 0.55, text sim: 1.00).",17,False,False,False,False
128,Shri Bhartruhari Mahtab,NA - Construction of buildings for community cultural activities,Normal/Others,Odisha,CUTTACK,DISTRICT COLLECTOR CUTTACK_IDA,2024-03-03,400000.0,Unsanctioned,Lok Sabha,14.0,LOW,"Suspicious near-duplicate overlap: Same constituency, similar amount, and date proximity (Index: 132, score: 0.74).",18,False,False,True,False
129,Shri Bhartruhari Mahtab,NA - Construction of buildings for community cultural activities,Normal/Others,Odisha,CUTTACK,DISTRICT COLLECTOR CUTTACK_IDA,2024-03-03,200000.0,Unsanctioned,Lok Sabha,21.0,MEDIUM,"Suspicious near-duplicate overlap: Same constituency, similar amount, and date proximity (Index: 44, score: 0.77).",18,False,True,True,False
130,Shri Bhartruhari Mahtab,NA - Construction of buildings for community cultural activities,Normal/Others,Odisha,CUTTACK,DISTRICT COLLECTOR CUTTACK_IDA,2024-03-03,200000.0,Unsanctioned,Lok Sabha,21.0,MEDIUM,"Suspicious near-duplicate overlap: Same constituency, similar amount, and date proximity (Index: 44, score: 0.77).",18,False,True,True,False
131,Shri Bhartruhari Mahtab,NA - Providing drains and gutters for public drainage,Normal/Others,Odisha,CUTTACK,DISTRICT COLLECTOR CUTTACK_IDA,2024-03-03,200000.0,Unsanctioned,Lok Sabha,8.0,LOW,"Near-duplicate match: contextual_near_duplicate (Index: 342, score: 0.52, text sim: 1.00).",2,False,False,False,False
132,Shri Bhartruhari Mahtab,NA - Construction of buildings for community cultural activities,Normal/Others,Odisha,CUTTACK,DISTRICT COLLECTOR CUTTACK_IDA,2024-03-03,300000.0,Unsanctioned,Lok Sabha,14.0,LOW,"Suspicious near-duplicate overlap: Same constituency, similar amount, and date proximity (Index: 44, score: 0.72).",18,False,False,True,False
133,Shri Bhartruhari Mahtab,NA - Construction of buildings for community cultural activities,Normal/Others,Odisha,CUTTACK,DISTRICT COLLECTOR CUTTACK_IDA,2024-03-03,200000.0,Unsanctioned,Lok Sabha,21.0,MEDIUM,"Suspicious near-duplicate overlap: Same constituency, similar amount, and date proximity (Index: 44, score: 0.77).",18,False,True,True,False
134,Shri Bhartruhari Mahtab,NA - Construction of buildings for community cultural activities,Normal/Others,Odisha,CUTTACK,DISTRICT COLLECTOR CUTTACK_IDA,2024-03-03,200000.0,Unsanctioned,Lok Sabha,21.0,MEDIUM,"Suspicious near-duplicate overlap: Same constituency, similar amount, and date proximity (Index: 44, score: 0.77).",18,False,True,True,False
135,Shri Bhartruhari Mahtab,NA - Construction of buildings for community cultural activities,Normal/Others,Odisha,CUTTACK,DISTRICT COLLECTOR CUTTACK_IDA,2024-03-03,100000.0,Unsanctioned,Lok Sabha,14.0,LOW,"Suspicious near-duplicate overlap: Same constituency, similar amount, and date proximity (Index: 47, score: 0.75).",18,False,False,True,False
136,Shri Bhartruhari Mahtab,NA - Construction of buildings for community cultural activities,Normal/Others,Odisha,CUTTACK,DISTRICT COLLECTOR CUTTACK_IDA,2024-03-03,100000.0,Unsanctioned,Lok Sabha,14.0,LOW,"Suspicious near-duplicate overlap: Same constituency, similar amount, and date proximity (Index: 47, score: 0.75).",18,False,False,True,False
137,Shri Mahesh Sahoo,NA - Construction of community centers and community halls,Normal/Others,Odisha,DHENKANAL,DISTRICT COLLECTORANGUL_IDA,2024-03-03,500000.0,Unsanctioned,Lok Sabha,8.0,LOW,"Near-duplicate match: contextual_near_duplicate (Index: 55, score: 0.52, text sim: 1.00).",34,False,False,False,False
138,Shri Mahesh Sahoo,NA - Construction of community centers and community halls,Normal/Others,Odisha,DHENKANAL,DISTRICT COLLECTORANGUL_IDA,2024-03-03,400000.0,Unsanctioned,Lok Sabha,8.0,LOW,"Near-duplicate match: contextual_near_duplicate (Index: 55, score: 0.55, text sim: 1.00).",34,False,False,False,False
139,Shri Mahesh Sahoo,NA - Construction of community centers and community halls,Normal/Others,Odisha,DHENKANAL,DISTRICT COLLECTORANGUL_IDA,2024-03-03,500000.0,Unsanctioned,Lok Sabha,8.0,LOW,"Near-duplicate match: contextual_near_duplicate (Index: 55, score: 0.52, text sim: 1.00).",34,False,False,False,False
140,Shri Mahesh Sahoo,"NA - Construction of roads, link roads, pathways or any other road with or without drainage system",Normal/Others,Odisha,DHENKANAL,DISTRICT COLLECTORANGUL_IDA,2024-03-03,300000.0,Unsanctioned,Lok Sabha,8.0,LOW,"Near-duplicate match: contextual_near_duplicate (Index: 53, score: 0.55, text sim: 1.00).",32,False,False,False,False
141,Shri Mahesh Sahoo,NA - Construction of New Building,Normal/Others,Odisha,DHENKANAL,DISTRICT COLLECTORANGUL_IDA,2024-03-03,300000.0,Unsanctioned,Lok Sabha,14.0,LOW,"Suspicious near-duplicate overlap: Same constituency, similar amount, and date proximity (Index: 52, score: 0.75).",1,False,False,True,False
142,Shri Mahesh Sahoo,NA - Construction of community centers and community halls,Normal/Others,Odisha,DHENKANAL,DISTRICT COLLECTORANGUL_IDA,2024-03-03,300000.0,Unsanctioned,Lok Sabha,8.0,LOW,"Near-duplicate match: contextual_near_duplicate (Index: 55, score: 0.51, text sim: 1.00).",34,False,False,False,False
143,Shivkumar Chanabasappa Udasi,NA - Lighting of public spaces,Normal/Others,Karnataka,HAVERI,DEPUTY COMMISSIONER HAVERI_IDA,2024-03-03,500000.0,Unsanctioned,Lok Sabha,8.0,LOW,"Near-duplicate match: contextual_near_duplicate (Index: 229, score: 0.54, text sim: 1.00).",4,False,False,False,False
144,Rahul Kaswan,NA - Construction of additional rooms and halls in the existing public and community building,Normal/Others,Rajasthan,CHURU,DISTRICT COLLECTOR CHURU_IDA,2024-03-03,650000.0,Unsanctioned,Lok Sabha,14.0,LOW,"Suspicious near-duplicate overlap: Same constituency, similar amount, and date proximity (Index: 58, score: 0.75).",3,False,False,True,False
145,Rahul Kaswan,NA - Construction of rooms and halls in school and colleges,Normal/Others,Rajasthan,CHURU,DISTRICT COLLECTOR CHURU_IDA,2024-03-03,1000000.0,Unsanctioned,Lok Sabha,24.0,MEDIUM,"Suspicious near-duplicate overlap: Same constituency, similar amount, and date proximity (Index: 121, score: 0.70).",11,True,False,True,False
146,SHRI Rajeev Chandrashekhar,"NA - Construction of roads, link roads, pathways or any other road with or without drainage system",Normal/Others,Karnataka,Sitting Rajya Sabha,DEPUTY COMMISSIONER BANGALORE URBAN_IDA,2024-03-03,500000.0,Unsanctioned,Rajya Sabha,50.5,MEDIUM,Exact duplicate detected. This record occurs 7 times in the dataset.,37,True,True,False,True
147,SHRI Rajeev Chandrashekhar,"NA - Construction of roads, link roads, pathways or any other road with or without drainage system",Normal/Others,Karnataka,Sitting Rajya Sabha,DEPUTY COMMISSIONER BANGALORE URBAN_IDA,2024-03-03,500000.0,Unsanctioned,Rajya Sabha,50.5,MEDIUM,Exact duplicate detected. This record occurs 7 times in the dataset.,37,True,True,False,True
148,SHRI Rajeev Chandrashekhar,"NA - Construction of roads, link roads, pathways or any other road with or without drainage system",Normal/Others,Karnataka,Sitting Rajya Sabha,DEPUTY COMMISSIONER BANGALORE URBAN_IDA,2024-03-03,500000.0,Unsanctioned,Rajya Sabha,61.0,HIGH,Exact duplicate detected. This record occurs 10 times in the dataset.,34,True,True,False,True
149,SHRI Rajeev Chandrashekhar,"NA - Construction of roads, link roads, pathways or any other road with or without drainage system",Normal/Others,Karnataka,Sitting Rajya Sabha,DEPUTY COMMISSIONER BANGALORE URBAN_IDA,2024-03-03,500000.0,Unsanctioned,Rajya Sabha,61.0,HIGH,Exact duplicate detected. This record occurs 10 times in the dataset.,34,True,True,False,True
150,SHRI Rajeev Chandrashekhar,"NA - Construction of roads, link roads, pathways or any other road with or without drainage system",Normal/Others,Karnataka,Sitting Rajya Sabha,DEPUTY COMMISSIONER BANGALORE URBAN_IDA,2024-03-03,500000.0,Unsanctioned,Rajya Sabha,61.0,HIGH,Exact duplicate detected. This record occurs 10 times in the dataset.,34,True,True,False,True
151,SHRI Rajeev Chandrashekhar,"NA - Construction of roads, link roads, pathways or any other road with or without drainage system",Normal/Others,Karnataka,Sitting Rajya Sabha,DEPUTY COMMISSIONER BANGALORE URBAN_IDA,2024-03-03,500000.0,Unsanctioned,Rajya Sabha,61.0,HIGH,Exact duplicate detected. This record occurs 10 times in the dataset.,34,True,True,False,True
152,SHRI Rajeev Chandrashekhar,"NA - Construction of roads, link roads, pathways or any other road with or without drainage system",Normal/Others,Karnataka,Sitting Rajya Sabha,DEPUTY COMMISSIONER BANGALORE URBAN_IDA,2024-03-03,500000.0,Unsanctioned,Rajya Sabha,61.0,HIGH,Exact duplicate detected. This record occurs 10 times in the dataset.,34,True,True,False,True
153,SHRI Rajeev Chandrashekhar,"NA - Construction of roads, link roads, pathways or any other road with or without drainage system",Normal/Others,Karnataka,Sitting Rajya Sabha,DEPUTY COMMISSIONER BANGALORE URBAN_IDA,2024-03-03,500000.0,Unsanctioned,Rajya Sabha,61.0,HIGH,Exact duplicate detected. This record occurs 10 times in the dataset.,34,True,True,False,True
154,SHRI Rajeev Chandrashekhar,"NA - Construction of roads, link roads, pathways or any other road with or without drainage system",Normal/Others,Karnataka,Sitting Rajya Sabha,DEPUTY COMMISSIONER BANGALORE URBAN_IDA,2024-03-03,500000.0,Unsanctioned,Rajya Sabha,50.5,MEDIUM,Exact duplicate detected. This record occurs 7 times in the dataset.,37,True,True,False,True
155,Rahul Kaswan,NA - Construction of rooms and halls in school and colleges,Normal/Others,Rajasthan,CHURU,DISTRICT COLLECTOR CHURU_IDA,2024-03-03,1000000.0,Unsanctioned,Lok Sabha,24.0,MEDIUM,"Suspicious near-duplicate overlap: Same constituency, similar amount, and date proximity (Index: 121, score: 0.70).",11,True,False,True,False
156,SHRI Rajeev Chandrashekhar,"NA - Construction of roads, link roads, pathways or any other road with or without drainage system",Normal/Others,Karnataka,Sitting Rajya Sabha,DEPUTY COMMISSIONER BANGALORE URBAN_IDA,2024-03-03,500000.0,Unsanctioned,Rajya Sabha,61.0,HIGH,Exact duplicate detected. This record occurs 10 times in the dataset.,34,True,True,False,True
157,SHRI Rajeev Chandrashekhar,"NA - Construction of roads, link roads, pathways or any other road with or without drainage system",Normal/Others,Karnataka,Sitting Rajya Sabha,DEPUTY COMMISSIONER BANGALORE URBAN_IDA,2024-03-03,500000.0,Unsanctioned,Rajya Sabha,40.0,MEDIUM,Allocation is 7.9x the median of comparable house works (excluding current).,41,True,True,False,True
158,Shivkumar Chanabasappa Udasi,NA - Construction of additional rooms and halls in the existing public and community building,Normal/Others,Karnataka,HAVERI,DEPUTY COMMISSIONER HAVERI_IDA,2024-03-03,500000.0,Unsanctioned,Lok Sabha,14.0,LOW,"Suspicious near-duplicate overlap: Same constituency, similar amount, and date proximity (Index: 36, score: 0.75).",10,False,False,True,False
159,Smt Ranjeeta Koli,"NA - Construction of roads, link roads, pathways or any other road with or without drainage system",Normal/Others,Rajasthan,BHARATPUR(SC),DISTRICT COLLECTOR BHARATPUR_IDA,2024-03-03,300000.0,Unsanctioned,Lok Sabha,8.0,LOW,"Near-duplicate match: contextual_near_duplicate (Index: 84, score: 0.51, text sim: 1.00).",14,False,False,False,False
160,Smt Ranjeeta Koli,"NA - Construction of roads, link roads, pathways or any other road with or without drainage system",Normal/Others,Rajasthan,BHARATPUR(SC),DISTRICT COLLECTOR BHARATPUR_IDA,2024-03-03,300000.0,Unsanctioned,Lok Sabha,8.0,LOW,"Near-duplicate match: contextual_near_duplicate (Index: 84, score: 0.51, text sim: 1.00).",14,False,False,False,False
161,Smt Ranjeeta Koli,"NA - Construction of roads, link roads, pathways or any other road with or without drainage system",Normal/Others,Rajasthan,BHARATPUR(SC),DISTRICT COLLECTOR BHARATPUR_IDA,2024-03-03,500000.0,Unsanctioned,Lok Sabha,8.0,LOW,"Near-duplicate match: contextual_near_duplicate (Index: 84, score: 0.52, text sim: 1.00).",14,False,False,False,False
162,Rahul Kaswan,NA - Construction of rooms and halls in school and colleges,Normal/Others,Rajasthan,CHURU,DISTRICT COLLECTOR CHURU_IDA,2024-03-03,1000000.0,Unsanctioned,Lok Sabha,24.0,MEDIUM,"Suspicious near-duplicate overlap: Same constituency, similar amount, and date proximity (Index: 121, score: 0.70).",11,True,False,True,False
163,Gaddam Ranjith Reddy,NA - Lighting of public spaces,Normal/Others,Telangana,CHELVELLA,DISTRICT COLLECTOR VIKARABAD_IDA,2024-03-03,170000.0,Unsanctioned,Lok Sabha,8.0,LOW,"Near-duplicate match: contextual_near_duplicate (Index: 39, score: 0.60, text sim: 1.00).",10,False,False,False,False
164,SHRI Rajeev Chandrashekhar,"NA - Construction of roads, link roads, pathways or any other road with or without drainage system",Normal/Others,Karnataka,Sitting Rajya Sabha,DEPUTY COMMISSIONER BANGALORE URBAN_IDA,2024-03-03,500000.0,Unsanctioned,Rajya Sabha,50.5,MEDIUM,Exact duplicate detected. This record occurs 7 times in the dataset.,37,True,True,False,True
165,Gaddam Ranjith Reddy,"NA - Construction of roads, link roads, pathways or any other road with or without drainage system",Normal/Others,Telangana,CHELVELLA,DISTRICT COLLECTOR RANGAREDDY_IDA,2024-03-03,800000.0,Unsanctioned,Lok Sabha,8.0,LOW,"Near-duplicate match: contextual_near_duplicate (Index: 83, score: 0.54, text sim: 1.00).",10,False,False,False,False
166,Kani K Navas,NA - Lighting of public spaces,Normal/Others,Tamil Nadu,RAMANATHAPURAM,DISTRICT COLLECTOR RAMANATHAPURAM_IDA,2024-03-03,430000.0,Unsanctioned,Lok Sabha,15.0,LOW,"Near-duplicate match: contextual_near_duplicate (Index: 167, score: 0.55, text sim: 1.00).",41,False,True,False,False
167,Kani K Navas,NA - Lighting of public spaces,Normal/Others,Tamil Nadu,RAMANATHAPURAM,DISTRICT COLLECTOR RAMANATHAPURAM_IDA,2024-03-03,430000.0,Unsanctioned,Lok Sabha,8.0,LOW,"Near-duplicate match: contextual_near_duplicate (Index: 166, score: 0.55, text sim: 1.00).",41,False,False,False,False
168,Kani K Navas,NA - Lighting of public spaces,Normal/Others,Tamil Nadu,RAMANATHAPURAM,DISTRICT COLLECTOR RAMANATHAPURAM_IDA,2024-03-03,430000.0,Unsanctioned,Lok Sabha,8.0,LOW,"Near-duplicate match: contextual_near_duplicate (Index: 166, score: 0.55, text sim: 1.00).",41,False,False,False,False
169,Kani K Navas,NA - Lighting of public spaces,Normal/Others,Tamil Nadu,RAMANATHAPURAM,DISTRICT COLLECTOR RAMANATHAPURAM_IDA,2024-03-03,430000.0,Unsanctioned,Lok Sabha,8.0,LOW,"Near-duplicate match: contextual_near_duplicate (Index: 166, score: 0.55, text sim: 1.00).",41,False,False,False,False
170,Kani K Navas,NA - Construction of bus-sheds or bus-stops,Normal/Others,Tamil Nadu,RAMANATHAPURAM,DISTRICT COLLECTOR RAMANATHAPURAM_IDA,2024-03-03,500000.0,Unsanctioned,Lok Sabha,14.0,LOW,"Suspicious near-duplicate overlap: Same constituency, similar amount, and date proximity (Index: 181, score: 0.74).",4,False,False,True,False
171,Kani K Navas,NA - Construction of New Building,Normal/Others,Tamil Nadu,RAMANATHAPURAM,DISTRICT COLLECTOR RAMANATHAPURAM_IDA,2024-03-03,1000000.0,Unsanctioned,Lok Sabha,31.5,MEDIUM,"Allocation is an outlier relative to ida works (Z-score: 2.67, excluding current).",11,True,False,True,False
172,Kani K Navas,NA - Lighting of public spaces,Normal/Others,Tamil Nadu,RAMANATHAPURAM,DISTRICT COLLECTOR RAMANATHAPURAM_IDA,2024-03-03,430000.0,Unsanctioned,Lok Sabha,8.0,LOW,"Near-duplicate match: contextual_near_duplicate (Index: 166, score: 0.60, text sim: 1.00).",41,False,False,False,False
173,Kani K Navas,NA - Construction of New Building,Normal/Others,Tamil Nadu,RAMANATHAPURAM,DISTRICT COLLECTOR RAMANATHAPURAM_IDA,2024-03-03,700000.0,Unsanctioned,Lok Sabha,14.0,LOW,"Suspicious near-duplicate overlap: Same constituency, similar amount, and date proximity (Index: 171, score: 0.81).",5,False,False,True,False
174,Kani K Navas,NA - Lighting of public spaces,Normal/Others,Tamil Nadu,RAMANATHAPURAM,DISTRICT COLLECTOR RAMANATHAPURAM_IDA,2024-03-03,430000.0,Unsanctioned,Lok Sabha,8.0,LOW,"Near-duplicate match: contextual_near_duplicate (Index: 166, score: 0.52, text sim: 1.00).",41,False,False,False,False
175,Kani K Navas,NA - Lighting of public spaces,Normal/Others,Tamil Nadu,RAMANATHAPURAM,DISTRICT COLLECTOR RAMANATHAPURAM_IDA,2024-03-03,430000.0,Unsanctioned,Lok Sabha,15.0,LOW,"Near-duplicate match: contextual_near_duplicate (Index: 167, score: 0.55, text sim: 1.00).",41,False,True,False,False
176,Kani K Navas,NA - Lighting of public spaces,Normal/Others,Tamil Nadu,RAMANATHAPURAM,DISTRICT COLLECTOR RAMANATHAPURAM_IDA,2024-03-03,430000.0,Unsanctioned,Lok Sabha,8.0,LOW,"Near-duplicate match: contextual_near_duplicate (Index: 166, score: 0.60, text sim: 1.00).",41,False,False,False,False
177,P Raveendranath Kumar,"NA - Purchase of prosthetics, wheel chairs, tricycles (manual or motorized), elect scooties, hearing aids",Normal/Others,Tamil Nadu,THENI,DISTRICT COLLECTOR MADURAI_IDA,2024-03-03,83500.0,Unsanctioned,Lok Sabha,14.0,LOW,"Suspicious near-duplicate overlap: Same constituency, similar amount, and date proximity (Index: 178, score: 0.81).",1,False,False,True,False
178,P Raveendranath Kumar,"NA - Purchase of prosthetics, wheel chairs, tricycles (manual or motorized), elect scooties, hearing aids",Normal/Others,Tamil Nadu,THENI,DISTRICT COLLECTOR MADURAI_IDA,2024-03-03,83500.0,Unsanctioned,Lok Sabha,14.0,LOW,"Suspicious near-duplicate overlap: Same constituency, similar amount, and date proximity (Index: 177, score: 0.81).",1,False,False,True,False
179,SHRI K R Suresh Reddy,"NA - Construction of roads, link roads, pathways or any other road with or without drainage system",Normal/Others,Telangana,Sitting Rajya Sabha,District Collector Warangal_IDA,2024-03-03,500000.0,Unsanctioned,Rajya Sabha,40.0,MEDIUM,Allocation is 7.9x the median of comparable house works (excluding current).,40,True,True,False,True
180,P Raveendranath Kumar,NA - Street lights,Normal/Others,Tamil Nadu,THENI,DISTRICT COLLECTOR THENI_IDA,2024-03-03,650000.0,Unsanctioned,Lok Sabha,8.0,LOW,"Near-duplicate match: contextual_near_duplicate (Index: 198, score: 0.67, text sim: 1.00).",2,False,False,False,False
181,Kani K Navas,NA - Construction of bus-sheds or bus-stops,Normal/Others,Tamil Nadu,RAMANATHAPURAM,DISTRICT COLLECTOR RAMANATHAPURAM_IDA,2024-03-03,800000.0,Unsanctioned,Lok Sabha,14.0,LOW,"Suspicious near-duplicate overlap: Same constituency, similar amount, and date proximity (Index: 170, score: 0.74).",4,False,False,True,False
182,Kani K Navas,NA - Lighting of public spaces,Normal/Others,Tamil Nadu,RAMANATHAPURAM,DISTRICT COLLECTOR RAMANATHAPURAM_IDA,2024-03-03,430000.0,Unsanctioned,Lok Sabha,8.0,LOW,"Near-duplicate match: contextual_near_duplicate (Index: 166, score: 0.55, text sim: 1.00).",41,False,False,False,False
183,Kani K Navas,NA - Lighting of public spaces,Normal/Others,Tamil Nadu,RAMANATHAPURAM,DISTRICT COLLECTOR RAMANATHAPURAM_IDA,2024-03-03,430000.0,Unsanctioned,Lok Sabha,8.0,LOW,"Near-duplicate match: contextual_near_duplicate (Index: 166, score: 0.55, text sim: 1.00).",41,False,False,False,False
184,Kani K Navas,NA - Lighting of public spaces,Normal/Others,Tamil Nadu,RAMANATHAPURAM,DISTRICT COLLECTOR RAMANATHAPURAM_IDA,2024-03-03,430000.0,Unsanctioned,Lok Sabha,8.0,LOW,"Near-duplicate match: contextual_near_duplicate (Index: 166, score: 0.55, text sim: 1.00).",41,False,False,False,False
185,Kani K Navas,NA - Lighting of public spaces,Normal/Others,Tamil Nadu,RAMANATHAPURAM,DISTRICT COLLECTOR RAMANATHAPURAM_IDA,2024-03-03,430000.0,Unsanctioned,Lok Sabha,8.0,LOW,"Near-duplicate match: contextual_near_duplicate (Index: 166, score: 0.55, text sim: 1.00).",41,False,False,False,False
186,Kani K Navas,NA - Lighting of public spaces,Normal/Others,Tamil Nadu,RAMANATHAPURAM,DISTRICT COLLECTOR RAMANATHAPURAM_IDA,2024-03-03,430000.0,Unsanctioned,Lok Sabha,8.0,LOW,"Near-duplicate match: contextual_near_duplicate (Index: 166, score: 0.55, text sim: 1.00).",41,False,False,False,False
187,Kani K Navas,NA - Lighting of public spaces,Normal/Others,Tamil Nadu,RAMANATHAPURAM,DISTRICT COLLECTOR RAMANATHAPURAM_IDA,2024-03-03,430000.0,Unsanctioned,Lok Sabha,8.0,LOW,"Near-duplicate match: contextual_near_duplicate (Index: 166, score: 0.55, text sim: 1.00).",41,False,False,False,False
188,Kani K Navas,NA - Lighting of public spaces,Normal/Others,Tamil Nadu,RAMANATHAPURAM,DISTRICT COLLECTOR RAMANATHAPURAM_IDA,2024-03-03,430000.0,Unsanctioned,Lok Sabha,8.0,LOW,"Near-duplicate match: contextual_near_duplicate (Index: 166, score: 0.55, text sim: 1.00).",41,False,False,False,False
189,Kani K Navas,NA - Construction of bus-sheds or bus-stops,Normal/Others,Tamil Nadu,RAMANATHAPURAM,DISTRICT COLLECTOR RAMANATHAPURAM_IDA,2024-03-03,700000.0,Unsanctioned,Lok Sabha,14.0,LOW,"Suspicious near-duplicate overlap: Same constituency, similar amount, and date proximity (Index: 170, score: 0.75).",4,False,False,True,False
190,Kani K Navas,NA - Lighting of public spaces,Normal/Others,Tamil Nadu,RAMANATHAPURAM,DISTRICT COLLECTOR RAMANATHAPURAM_IDA,2024-03-03,430000.0,Unsanctioned,Lok Sabha,8.0,LOW,"Near-duplicate match: contextual_near_duplicate (Index: 166, score: 0.55, text sim: 1.00).",41,False,False,False,False
191,Kani K Navas,NA - Lighting of public spaces,Normal/Others,Tamil Nadu,RAMANATHAPURAM,DISTRICT COLLECTOR RAMANATHAPURAM_IDA,2024-03-03,430000.0,Unsanctioned,Lok Sabha,8.0,LOW,"Near-duplicate match: contextual_near_duplicate (Index: 166, score: 0.55, text sim: 1.00).",41,False,False,False,False
192,Kani K Navas,NA - Lighting of public spaces,Normal/Others,Tamil Nadu,RAMANATHAPURAM,DISTRICT COLLECTOR RAMANATHAPURAM_IDA,2024-03-03,430000.0,Unsanctioned,Lok Sabha,8.0,LOW,"Near-duplicate match: contextual_near_duplicate (Index: 166, score: 0.55, text sim: 1.00).",41,False,False,False,False
193,Kani K Navas,NA - Lighting of public spaces,Normal/Others,Tamil Nadu,RAMANATHAPURAM,DISTRICT COLLECTOR RAMANATHAPURAM_IDA,2024-03-03,430000.0,Unsanctioned,Lok Sabha,8.0,LOW,"Near-duplicate match: contextual_near_duplicate (Index: 166, score: 0.55, text sim: 1.00).",41,False,False,False,False
194,Kani K Navas,NA - Construction of New Building,Normal/Others,Tamil Nadu,RAMANATHAPURAM,DISTRICT COLLECTOR RAMANATHAPURAM_IDA,2024-03-03,1500000.0,Unsanctioned,Lok Sabha,31.5,MEDIUM,"Allocation is an outlier relative to house works (Z-score: 2.51, excluding current).",16,True,False,True,False
195,Kani K Navas,NA - Lighting of public spaces,Normal/Others,Tamil Nadu,RAMANATHAPURAM,DISTRICT COLLECTOR RAMANATHAPURAM_IDA,2024-03-03,430000.0,Unsanctioned,Lok Sabha,8.0,LOW,"Near-duplicate match: contextual_near_duplicate (Index: 166, score: 0.55, text sim: 1.00).",41,False,False,False,False
196,Kani K Navas,NA - Lighting of public spaces,Normal/Others,Tamil Nadu,RAMANATHAPURAM,DISTRICT COLLECTOR RAMANATHAPURAM_IDA,2024-03-03,430000.0,Unsanctioned,Lok Sabha,8.0,LOW,"Near-duplicate match: contextual_near_duplicate (Index: 166, score: 0.55, text sim: 1.00).",41,False,False,False,False
197,Kani K Navas,NA - Lighting of public spaces,Normal/Others,Tamil Nadu,RAMANATHAPURAM,DISTRICT COLLECTOR RAMANATHAPURAM_IDA,2024-03-03,430000.0,Unsanctioned,Lok Sabha,8.0,LOW,"Near-duplicate match: contextual_near_duplicate (Index: 166, score: 0.55, text sim: 1.00).",41,False,False,False,False
198,P Raveendranath Kumar,NA - Street lights,Normal/Others,Tamil Nadu,THENI,DISTRICT COLLECTOR THENI_IDA,2024-03-03,650000.0,Unsanctioned,Lok Sabha,8.0,LOW,"Near-duplicate match: contextual_near_duplicate (Index: 180, score: 0.67, text sim: 1.00).",2,False,False,False,False
199,P Raveendranath Kumar,NA - Construction of flood control embankments,Normal/Others,Tamil Nadu,THENI,DISTRICT COLLECTOR THENI_IDA,2024-03-03,1000000.0,Unsanctioned,Lok Sabha,17.0,LOW,Allocation is 2.3x the median of comparable state works (excluding current).,4,True,True,False,False
200,P Raveendranath Kumar,NA - Construction of flood control embankments,Normal/Others,Tamil Nadu,THENI,DISTRICT COLLECTOR THENI_IDA,2024-03-03,1000000.0,Unsanctioned,Lok Sabha,17.0,LOW,Allocation is 2.3x the median of comparable state works (excluding current).,4,True,True,False,False
201,Dr Ashok Bajpai,WS/MP179/2023-2024/119588 - Development of public parks,Normal/Others,Uttar Pradesh,Sitting Rajya Sabha,DISTRICT MAGISTRAE LUCKNOW_IDA,2024-03-03,289000.0,Unsanctioned,Rajya Sabha,18.0,LOW,Allocation is 4.6x the median of comparable state works (excluding current).,5,True,False,False,True
202,Sunil Dattatray Tatkare,NA - Construction of community centers and community halls,Normal/Others,Maharashtra,RAIGAD,District Collector Ratnagiri_IDA,2024-03-03,800000.0,Unsanctioned,Lok Sabha,8.0,LOW,"Near-duplicate match: contextual_near_duplicate (Index: 203, score: 0.58, text sim: 1.00).",14,False,False,False,False
203,Sunil Dattatray Tatkare,NA - Construction of community centers and community halls,Normal/Others,Maharashtra,RAIGAD,District Collector Ratnagiri_IDA,2024-03-03,700000.0,Unsanctioned,Lok Sabha,8.0,LOW,"Near-duplicate match: contextual_near_duplicate (Index: 202, score: 0.58, text sim: 1.00).",14,False,False,False,False
204,Mohammad Akbar Lone,NA - Installing tube-wells and borewells,Normal/Others,Jammu And Kashmir,BARAMULLAH,Deputy Commissioner Bandipora_IDA,2024-03-03,275000.0,Unsanctioned,Lok Sabha,18.0,LOW,Allocation is 4.3x the median of comparable work_type works (excluding current).,2,True,False,False,False
205,Mohammad Akbar Lone,NA - Street lights,Normal/Others,Jammu And Kashmir,BARAMULLAH,Deputy Commissioner Bandipora_IDA,2024-03-03,100000.0,Unsanctioned,Lok Sabha,8.0,LOW,"Near-duplicate match: contextual_near_duplicate (Index: 206, score: 0.67, text sim: 1.00).",1,False,False,False,False
206,Mohammad Akbar Lone,NA - Street lights,Normal/Others,Jammu And Kashmir,BARAMULLAH,Deputy Commissioner Bandipora_IDA,2024-03-03,100000.0,Unsanctioned,Lok Sabha,8.0,LOW,"Near-duplicate match: contextual_near_duplicate (Index: 205, score: 0.67, text sim: 1.00).",1,False,False,False,False
207,Sunil Dattatray Tatkare,"NA - Construction of roads, link roads, pathways or any other road with or without drainage system",Normal/Others,Maharashtra,RAIGAD,District Collector Ratnagiri_IDA,2024-03-03,1000000.0,Unsanctioned,Lok Sabha,14.0,LOW,Allocation is 2.3x the median of comparable house works (excluding current).,24,True,False,False,False
208,Bharti Pravin Pawar,NA - Construction of community centers and community halls,Normal/Others,Maharashtra,DINDORI(ST),DISTRICT COLLECTOR NASHIK_IDA,2024-03-03,1494000.0,Unsanctioned,Lok Sabha,18.0,LOW,Allocation amount is in the top 5% globally (percentile: 97.3%).,17,True,False,False,False
209,Bharti Pravin Pawar,NA - Construction of community centers and community halls,Normal/Others,Maharashtra,DINDORI(ST),DISTRICT COLLECTOR NASHIK_IDA,2024-03-03,997000.0,Unsanctioned,Lok Sabha,18.0,LOW,Allocation is 2.3x the median of comparable house works (excluding current).,15,True,False,False,False
210,Bharti Pravin Pawar,"NA - Construction of roads, link roads, pathways or any other road with or without drainage system",Normal/Others,Maharashtra,DINDORI(ST),DISTRICT COLLECTOR NASHIK_IDA,2024-03-03,998000.0,Unsanctioned,Lok Sabha,18.0,LOW,Allocation is 2.3x the median of comparable house works (excluding current).,24,True,False,False,False
211,Bharti Pravin Pawar,"NA - Construction of roads, link roads, pathways or any other road with or without drainage system",Normal/Others,Maharashtra,DINDORI(ST),DISTRICT COLLECTOR NASHIK_IDA,2024-03-03,900000.0,Unsanctioned,Lok Sabha,18.0,LOW,Allocation is 2.1x the median of comparable house works (excluding current).,24,True,False,False,False
212,Guman Singh Damor,NA - Development of public parks,Normal/Others,Madhya Pradesh,RATLAM(ST),District Collector Alirajpur_IDA,2024-03-03,500000.0,Unsanctioned,Lok Sabha,10.0,LOW,Allocation is 5.0x the median of comparable work_type works (excluding current).,1,True,False,False,False
213,Bharti Pravin Pawar,"NA - Construction of roads, link roads, pathways or any other road with or without drainage system",Normal/Others,Maharashtra,DINDORI(ST),DISTRICT COLLECTOR NASHIK_IDA,2024-03-03,500000.0,Unsanctioned,Lok Sabha,8.0,LOW,"Near-duplicate match: contextual_near_duplicate (Index: 210, score: 0.48, text sim: 1.00).",23,False,False,False,False
214,Shivkumar Chanabasappa Udasi,NA - Construction of additional rooms and halls in the existing public and community building,Normal/Others,Karnataka,HAVERI,DEPUTY COMMISSIONER HAVERI_IDA,2024-03-03,500000.0,Unsanctioned,Lok Sabha,14.0,LOW,"Suspicious near-duplicate overlap: Same constituency, similar amount, and date proximity (Index: 36, score: 0.75).",10,False,False,True,False
215,Shivkumar Chanabasappa Udasi,NA - Construction of additional rooms and halls in the existing public and community building,Normal/Others,Karnataka,HAVERI,DEPUTY COMMISSIONER HAVERI_IDA,2024-03-03,500000.0,Unsanctioned,Lok Sabha,14.0,LOW,"Suspicious near-duplicate overlap: Same constituency, similar amount, and date proximity (Index: 36, score: 0.75).",10,False,False,True,False
216,Dr Ashok Bajpai,NA - Construction of rooms and halls in school and colleges,Normal/Others,Uttar Pradesh,Sitting Rajya Sabha,DISTRICT MAGISTRATE SANT KABIR NAGAR_IDA,2024-03-03,500000.0,Unsanctioned,Rajya Sabha,26.0,MEDIUM,Allocation is 7.9x the median of comparable state works (excluding current).,7,True,False,False,True
217,SHRI K R Suresh Reddy,"NA - Construction of roads, link roads, pathways or any other road with or without drainage system",Normal/Others,Telangana,Sitting Rajya Sabha,District Collector Warangal_IDA,2024-03-03,500000.0,Unsanctioned,Rajya Sabha,40.0,MEDIUM,Allocation is 7.9x the median of comparable house works (excluding current).,40,True,True,False,True
218,Bharti Pravin Pawar,"NA - Construction of roads, link roads, pathways or any other road with or without drainage system",Normal/Others,Maharashtra,DINDORI(ST),DISTRICT COLLECTOR NASHIK_IDA,2024-03-03,1000000.0,Unsanctioned,Lok Sabha,18.0,LOW,Allocation is 2.3x the median of comparable house works (excluding current).,24,True,False,False,False
219,Bharti Pravin Pawar,"NA - Construction of roads, link roads, pathways or any other road with or without drainage system",Normal/Others,Maharashtra,DINDORI(ST),DISTRICT COLLECTOR NASHIK_IDA,2024-03-03,994000.0,Unsanctioned,Lok Sabha,18.0,LOW,Allocation is 2.3x the median of comparable house works (excluding current).,24,True,False,False,False
220,Bharti Pravin Pawar,"NA - Construction of roads, link roads, pathways or any other road with or without drainage system",Normal/Others,Maharashtra,DINDORI(ST),DISTRICT COLLECTOR NASHIK_IDA,2024-03-03,995000.0,Unsanctioned,Lok Sabha,18.0,LOW,Allocation is 2.3x the median of comparable house works (excluding current).,24,True,False,False,False
221,Bharti Pravin Pawar,"NA - Construction of roads, link roads, pathways or any other road with or without drainage system",Normal/Others,Maharashtra,DINDORI(ST),DISTRICT COLLECTOR NASHIK_IDA,2024-03-03,994000.0,Unsanctioned,Lok Sabha,18.0,LOW,Allocation is 2.3x the median of comparable house works (excluding current).,24,True,False,False,False
222,Bharti Pravin Pawar,"NA - Construction of roads, link roads, pathways or any other road with or without drainage system",Normal/Others,Maharashtra,DINDORI(ST),DISTRICT COLLECTOR NASHIK_IDA,2024-03-03,995000.0,Unsanctioned,Lok Sabha,18.0,LOW,Allocation is 2.3x the median of comparable house works (excluding current).,24,True,False,False,False
223,Bharti Pravin Pawar,"NA - Construction of roads, link roads, pathways or any other road with or without drainage system",Normal/Others,Maharashtra,DINDORI(ST),DISTRICT COLLECTOR NASHIK_IDA,2024-03-03,994000.0,Unsanctioned,Lok Sabha,18.0,LOW,Allocation is 2.3x the median of comparable house works (excluding current).,24,True,False,False,False
224,Bharti Pravin Pawar,"NA - Construction of roads, link roads, pathways or any other road with or without drainage system",Normal/Others,Maharashtra,DINDORI(ST),DISTRICT COLLECTOR NASHIK_IDA,2024-03-03,995000.0,Unsanctioned,Lok Sabha,18.0,LOW,Allocation is 2.3x the median of comparable house works (excluding current).,24,True,False,False,False
225,Shivkumar Chanabasappa Udasi,NA - Construction of bus-sheds or bus-stops,Normal/Others,Karnataka,HAVERI,DEPUTY COMMISSIONER HAVERI_IDA,2024-03-03,500000.0,Unsanctioned,Lok Sabha,14.0,LOW,"Suspicious near-duplicate overlap: Same constituency, similar amount, and date proximity (Index: 60, score: 0.80).",3,False,False,True,False
226,Shivkumar Chanabasappa Udasi,"NA - Construction of roads, link roads, pathways or any other road with or without drainage system",Normal/Others,Karnataka,HAVERI,DEPUTY COMMISSIONER HAVERI_IDA,2024-03-03,300000.0,Unsanctioned,Lok Sabha,8.0,LOW,"Near-duplicate match: contextual_near_duplicate (Index: 66, score: 0.47, text sim: 1.00).",26,False,False,False,False
227,Shivkumar Chanabasappa Udasi,"NA - Construction of roads, link roads, pathways or any other road with or without drainage system",Normal/Others,Karnataka,HAVERI,DEPUTY COMMISSIONER HAVERI_IDA,2024-03-03,500000.0,Unsanctioned,Lok Sabha,8.0,LOW,"Near-duplicate match: contextual_near_duplicate (Index: 66, score: 0.49, text sim: 1.00).",26,False,False,False,False
228,Shivkumar Chanabasappa Udasi,NA - Construction of additional rooms and halls in the existing public and community building,Normal/Others,Karnataka,HAVERI,DEPUTY COMMISSIONER HAVERI_IDA,2024-03-03,500000.0,Unsanctioned,Lok Sabha,14.0,LOW,"Suspicious near-duplicate overlap: Same constituency, similar amount, and date proximity (Index: 36, score: 0.80).",10,False,False,True,False
229,Shivkumar Chanabasappa Udasi,NA - Lighting of public spaces,Normal/Others,Karnataka,HAVERI,DEPUTY COMMISSIONER HAVERI_IDA,2024-03-03,300000.0,Unsanctioned,Lok Sabha,8.0,LOW,"Near-duplicate match: contextual_near_duplicate (Index: 143, score: 0.54, text sim: 1.00).",4,False,False,False,False
230,Shivkumar Chanabasappa Udasi,NA - Construction of additional rooms and halls in the existing public and community building,Normal/Others,Karnataka,HAVERI,DEPUTY COMMISSIONER HAVERI_IDA,2024-03-03,300000.0,Unsanctioned,Lok Sabha,14.0,LOW,"Suspicious near-duplicate overlap: Same constituency, similar amount, and date proximity (Index: 214, score: 0.74).",10,False,False,True,False
231,SHRI K R Suresh Reddy,"NA - Construction of roads, link roads, pathways or any other road with or without drainage system",Normal/Others,Telangana,Sitting Rajya Sabha,District Collector Warangal_IDA,2024-03-03,500000.0,Unsanctioned,Rajya Sabha,40.0,MEDIUM,Allocation is 7.9x the median of comparable house works (excluding current).,40,True,True,False,True
232,Gaddam Ranjith Reddy,"NA - Construction of roads, link roads, pathways or any other road with or without drainage system",Normal/Others,Telangana,CHELVELLA,DISTRICT COLLECTOR RANGAREDDY_IDA,2024-03-03,1000000.0,Unsanctioned,Lok Sabha,18.0,LOW,Allocation is 2.3x the median of comparable house works (excluding current).,11,True,False,False,False
233,Kani K Navas,NA - Lighting of public spaces,Normal/Others,Tamil Nadu,RAMANATHAPURAM,DISTRICT COLLECTOR RAMANATHAPURAM_IDA,2024-03-03,430000.0,Unsanctioned,Lok Sabha,8.0,LOW,"Near-duplicate match: contextual_near_duplicate (Index: 166, score: 0.55, text sim: 1.00).",41,False,False,False,False
234,Kani K Navas,NA - Purchase of furniture and fixtures for educational purposes,Normal/Others,Tamil Nadu,RAMANATHAPURAM,DISTRICT COLLECTOR RAMANATHAPURAM_IDA,2024-03-03,99000.0,Unsanctioned,Lok Sabha,0.0,LOW,,0,False,False,False,False
235,Bharti Pravin Pawar,"NA - Construction of roads, link roads, pathways or any other road with or without drainage system",Normal/Others,Maharashtra,DINDORI(ST),DISTRICT COLLECTOR NASHIK_IDA,2024-03-03,1493000.0,Unsanctioned,Lok Sabha,25.5,MEDIUM,"Allocation is an outlier relative to work_type works (Z-score: 3.11, excluding current).",27,True,False,False,False
236,SHRI K R Suresh Reddy,NA - Construction of public irrigation facilities,Normal/Others,Telangana,Sitting Rajya Sabha,DISTRICT COLLECTOR NIZAMABAD_IDA,2024-03-03,1500000.0,Unsanctioned,Rajya Sabha,25.5,MEDIUM,"Allocation is an outlier relative to state works (Z-score: 2.96, excluding current).",11,True,False,False,True
237,SHRI K R Suresh Reddy,NA - Construction of community centers and community halls,Normal/Others,Telangana,Sitting Rajya Sabha,DISTRICT COLLECTOR NIZAMABAD_IDA,2024-03-03,1500000.0,Unsanctioned,Rajya Sabha,33.5,MEDIUM,"Allocation is an outlier relative to state works (Z-score: 2.96, excluding current).",13,True,False,False,True
238,Alok Kumar Suman,"NA - Purchase of IT systems, including hardware and software for educational purposes",Normal/Others,Bihar,GOPALGANJ (SC),DISTRICT PLANNING OFFICER GOPALGANJ_IDA,2024-03-03,250000.0,Unsanctioned,Lok Sabha,0.0,LOW,,0,False,False,False,False
239,Alok Kumar Suman,"NA - Construction of roads, link roads, pathways or any other road with or without drainage system",Normal/Others,Bihar,GOPALGANJ (SC),DISTRICT PLANNING OFFICER GOPALGANJ_IDA,2024-03-03,300000.0,Unsanctioned,Lok Sabha,4.0,LOW,"Near-duplicate match: template_match (Index: 27, score: 0.24, text sim: 1.00).",1,False,False,False,False
240,SHRI K R Suresh Reddy,"NA - Construction of roads, link roads, pathways or any other road with or without drainage system",Normal/Others,Telangana,Sitting Rajya Sabha,District Collector Warangal_IDA,2024-03-03,500000.0,Unsanctioned,Rajya Sabha,40.0,MEDIUM,Allocation is 7.9x the median of comparable house works (excluding current).,40,True,True,False,True
241,Shivkumar Chanabasappa Udasi,NA - Construction of community centers and community halls,Normal/Others,Karnataka,HAVERI,DEPUTY COMMISSIONER HAVERI_IDA,2024-03-03,500000.0,Unsanctioned,Lok Sabha,0.0,LOW,,0,False,False,False,False
242,Bharti Pravin Pawar,"NA - Construction of roads, link roads, pathways or any other road with or without drainage system",Normal/Others,Maharashtra,DINDORI(ST),DISTRICT COLLECTOR NASHIK_IDA,2024-03-03,995000.0,Unsanctioned,Lok Sabha,18.0,LOW,Allocation is 2.3x the median of comparable house works (excluding current).,24,True,False,False,False
243,Kani K Navas,NA - Installing community drinking water plants,Normal/Others,Tamil Nadu,RAMANATHAPURAM,DISTRICT COLLECTOR RAMANATHAPURAM_IDA,2024-03-03,600000.0,Unsanctioned,Lok Sabha,24.5,MEDIUM,"Allocation is an outlier relative to work_type works (Z-score: 4.22, excluding current).",3,True,True,False,False
244,Bharti Pravin Pawar,NA - Crematoriums or structures on burial/ cremation ground for public convenience,Normal/Others,Maharashtra,DINDORI(ST),DISTRICT COLLECTOR NASHIK_IDA,2024-03-03,994000.0,Unsanctioned,Lok Sabha,18.0,LOW,Allocation is 2.3x the median of comparable house works (excluding current).,4,True,False,False,False
245,Bharti Pravin Pawar,"NA - Construction of roads, link roads, pathways or any other road with or without drainage system",Normal/Others,Maharashtra,DINDORI(ST),DISTRICT COLLECTOR NASHIK_IDA,2024-03-03,994000.0,Unsanctioned,Lok Sabha,18.0,LOW,Allocation is 2.3x the median of comparable house works (excluding current).,24,True,False,False,False
246,Bharti Pravin Pawar,"NA - Construction of roads, link roads, pathways or any other road with or without drainage system",Normal/Others,Maharashtra,DINDORI(ST),DISTRICT COLLECTOR NASHIK_IDA,2024-03-03,992000.0,Unsanctioned,Lok Sabha,18.0,LOW,Allocation is 2.3x the median of comparable house works (excluding current).,24,True,False,False,False
247,Bharti Pravin Pawar,NA - Construction of community centers and community halls,Normal/Others,Maharashtra,DINDORI(ST),DISTRICT COLLECTOR NASHIK_IDA,2024-03-03,1488000.0,Unsanctioned,Lok Sabha,18.0,LOW,Allocation amount is in the top 5% globally (percentile: 96.8%).,17,True,False,False,False
248,Bharti Pravin Pawar,NA - Street lights,Normal/Others,Maharashtra,DINDORI(ST),DISTRICT COLLECTOR NASHIK_IDA,2024-03-03,500000.0,Unsanctioned,Lok Sabha,4.0,LOW,"Near-duplicate match: template_match (Index: 624, score: 0.29, text sim: 1.00).",3,False,False,False,False
249,Kuruva Gorantla Madhav,NA - Crematoriums or structures on burial/ cremation ground for public convenience,Normal/Others,Andhra Pradesh,HINDUPUR,DISTRICT COLLECTOR SRI SATHYA SAI_IDA,2024-03-03,500000.0,Unsanctioned,Lok Sabha,0.0,LOW,,0,False,False,False,False
250,Shivkumar Chanabasappa Udasi,"NA - Construction of roads, link roads, pathways or any other road with or without drainage system",Normal/Others,Karnataka,HAVERI,DEPUTY COMMISSIONER HAVERI_IDA,2024-03-03,500000.0,Unsanctioned,Lok Sabha,8.0,LOW,"Near-duplicate match: contextual_near_duplicate (Index: 66, score: 0.41, text sim: 1.00).",26,False,False,False,False
251,Shivkumar Chanabasappa Udasi,"NA - Construction of roads, link roads, pathways or any other road with or without drainage system",Normal/Others,Karnataka,HAVERI,DEPUTY COMMISSIONER HAVERI_IDA,2024-03-03,500000.0,Unsanctioned,Lok Sabha,15.0,LOW,"Near-duplicate match: contextual_near_duplicate (Index: 66, score: 0.41, text sim: 1.00).",26,False,True,False,False
252,Shivkumar Chanabasappa Udasi,NA - Lighting of public spaces,Normal/Others,Karnataka,HAVERI,DEPUTY COMMISSIONER HAVERI_IDA,2024-03-03,500000.0,Unsanctioned,Lok Sabha,8.0,LOW,"Near-duplicate match: contextual_near_duplicate (Index: 143, score: 0.52, text sim: 1.00).",4,False,False,False,False
253,Shivkumar Chanabasappa Udasi,NA - Construction of additional rooms and halls in the existing public and community building,Normal/Others,Karnataka,HAVERI,DEPUTY COMMISSIONER HAVERI_IDA,2024-03-03,500000.0,Unsanctioned,Lok Sabha,14.0,LOW,"Suspicious near-duplicate overlap: Same constituency, similar amount, and date proximity (Index: 36, score: 0.72).",10,False,False,True,False
254,Shivkumar Chanabasappa Udasi,NA - Lighting of public spaces,Normal/Others,Karnataka,HAVERI,DEPUTY COMMISSIONER HAVERI_IDA,2024-03-03,500000.0,Unsanctioned,Lok Sabha,8.0,LOW,"Near-duplicate match: contextual_near_duplicate (Index: 143, score: 0.60, text sim: 1.00).",4,False,False,False,False
255,Shivkumar Chanabasappa Udasi,NA - Lighting of public spaces,Normal/Others,Karnataka,HAVERI,DEPUTY COMMISSIONER HAVERI_IDA,2024-03-03,500000.0,Unsanctioned,Lok Sabha,8.0,LOW,"Near-duplicate match: contextual_near_duplicate (Index: 143, score: 0.60, text sim: 1.00).",4,False,False,False,False
256,Shivkumar Chanabasappa Udasi,NA - Installing community drinking water plants,Normal/Others,Karnataka,HAVERI,DEPUTY COMMISSIONER HAVERI_IDA,2024-03-03,200000.0,Unsanctioned,Lok Sabha,10.0,LOW,Allocation is 3.2x the median of comparable work_type works (excluding current).,1,True,False,False,False
257,Shivkumar Chanabasappa Udasi,NA - Construction of additional rooms and halls in the existing public and community building,Normal/Others,Karnataka,HAVERI,DEPUTY COMMISSIONER HAVERI_IDA,2024-03-03,500000.0,Unsanctioned,Lok Sabha,14.0,LOW,"Suspicious near-duplicate overlap: Same constituency, similar amount, and date proximity (Index: 36, score: 0.75).",10,False,False,True,False
258,Shivkumar Chanabasappa Udasi,NA - Construction of additional rooms and halls in the existing public and community building,Normal/Others,Karnataka,HAVERI,DEPUTY COMMISSIONER HAVERI_IDA,2024-03-03,500000.0,Unsanctioned,Lok Sabha,14.0,LOW,"Suspicious near-duplicate overlap: Same constituency, similar amount, and date proximity (Index: 36, score: 0.75).",10,False,False,True,False
259,Shivkumar Chanabasappa Udasi,"NA - Purchase of smart boards, visual display units and projectors",Normal/Others,Karnataka,HAVERI,DEPUTY COMMISSIONER HAVERI_IDA,2024-03-03,500000.0,Unsanctioned,Lok Sabha,0.0,LOW,,0,False,False,False,False
260,Dr Sikander Kumar,NA - Lighting of public spaces,Normal/Others,Himachal Pradesh,Sitting Rajya Sabha,DEPUTY COMMISSIONER HAMIRPUR_IDA,2024-03-03,32600.0,Unsanctioned,Rajya Sabha,16.0,LOW,"Near-duplicate match: contextual_near_duplicate (Index: 110, score: 0.47, text sim: 1.00).",14,False,False,False,True
261,Gaddam Ranjith Reddy,NA - Providing drains and gutters for public drainage,Normal/Others,Telangana,CHELVELLA,DISTRICT COLLECTOR RANGAREDDY_IDA,2024-03-03,500000.0,Unsanctioned,Lok Sabha,7.0,LOW,Exact duplicate detected. This record occurs 2 times in the dataset.,1,False,True,False,False
262,Gaddam Ranjith Reddy,NA - Providing drains and gutters for public drainage,Normal/Others,Telangana,CHELVELLA,DISTRICT COLLECTOR RANGAREDDY_IDA,2024-03-03,500000.0,Unsanctioned,Lok Sabha,7.0,LOW,Exact duplicate detected. This record occurs 2 times in the dataset.,1,False,True,False,False
263,Gaddam Ranjith Reddy,"NA - Construction of roads, link roads, pathways or any other road with or without drainage system",Normal/Others,Telangana,CHELVELLA,DISTRICT COLLECTOR RANGAREDDY_IDA,2024-03-03,500000.0,Unsanctioned,Lok Sabha,15.0,LOW,"Near-duplicate match: contextual_near_duplicate (Index: 83, score: 0.55, text sim: 1.00).",10,False,True,False,False
264,Gaddam Ranjith Reddy,"NA - Construction of roads, link roads, pathways or any other road with or without drainage system",Normal/Others,Telangana,CHELVELLA,DISTRICT COLLECTOR RANGAREDDY_IDA,2024-03-03,500000.0,Unsanctioned,Lok Sabha,15.0,LOW,"Near-duplicate match: contextual_near_duplicate (Index: 83, score: 0.55, text sim: 1.00).",10,False,True,False,False
265,Gaddam Ranjith Reddy,"NA - Construction of roads, link roads, pathways or any other road with or without drainage system",Normal/Others,Telangana,CHELVELLA,DISTRICT COLLECTOR RANGAREDDY_IDA,2024-03-03,1000000.0,Unsanctioned,Lok Sabha,18.0,LOW,Allocation is 2.3x the median of comparable house works (excluding current).,11,True,False,False,False
266,Gaddam Ranjith Reddy,"NA - Construction of roads, link roads, pathways or any other road with or without drainage system",Normal/Others,Telangana,CHELVELLA,DISTRICT COLLECTOR RANGAREDDY_IDA,2024-03-03,1000000.0,Unsanctioned,Lok Sabha,18.0,LOW,Allocation is 2.3x the median of comparable house works (excluding current).,11,True,False,False,False
267,Kuruva Gorantla Madhav,"NA - Construction of roads, link roads, pathways or any other road with or without drainage system",Normal/Others,Andhra Pradesh,HINDUPUR,DISTRICT COLLECTOR SRI SATHYA SAI_IDA,2024-03-03,500000.0,Unsanctioned,Lok Sabha,7.0,LOW,Exact duplicate detected. This record occurs 2 times in the dataset.,1,False,True,False,False
268,Kuruva Gorantla Madhav,"NA - Construction of roads, link roads, pathways or any other road with or without drainage system",Normal/Others,Andhra Pradesh,HINDUPUR,DISTRICT COLLECTOR SRI SATHYA SAI_IDA,2024-03-03,500000.0,Unsanctioned,Lok Sabha,7.0,LOW,Exact duplicate detected. This record occurs 2 times in the dataset.,1,False,True,False,False
269,Beesetti Venkata Satyavathi,NA - Installing tube-wells and borewells,Normal/Others,Andhra Pradesh,ANAKAPALLE,DISTRICT COLLECTOR ANAKAPALLI_IDA,2024-03-03,220000.0,Unsanctioned,Lok Sabha,10.0,LOW,Allocation is 3.5x the median of comparable work_type works (excluding current).,1,True,False,False,False
270,Beesetti Venkata Satyavathi,NA - Construction of buildings for multi-gym,Normal/Others,Andhra Pradesh,ANAKAPALLE,DISTRICT COLLECTOR ANAKAPALLI_IDA,2024-03-03,500000.0,Unsanctioned,Lok Sabha,0.0,LOW,,0,False,False,False,False
271,Kani K Navas,NA - Installing community drinking water plants,Normal/Others,Tamil Nadu,RAMANATHAPURAM,DISTRICT COLLECTOR RAMANATHAPURAM_IDA,2024-03-03,600000.0,Unsanctioned,Lok Sabha,24.5,MEDIUM,"Allocation is an outlier relative to work_type works (Z-score: 4.22, excluding current).",3,True,True,False,False
272,Kani K Navas,"NA - Construction of roads, link roads, pathways or any other road with or without drainage system",Normal/Others,Tamil Nadu,RAMANATHAPURAM,DISTRICT COLLECTOR RAMANATHAPURAM_IDA,2024-03-03,250000.0,Unsanctioned,Lok Sabha,8.0,LOW,"Near-duplicate match: contextual_near_duplicate (Index: 291, score: 0.49, text sim: 1.00).",3,False,False,False,False
273,Kani K Navas,NA - Lighting of public spaces,Normal/Others,Tamil Nadu,RAMANATHAPURAM,DISTRICT COLLECTOR RAMANATHAPURAM_IDA,2024-03-03,430000.0,Unsanctioned,Lok Sabha,8.0,LOW,"Near-duplicate match: contextual_near_duplicate (Index: 166, score: 0.52, text sim: 1.00).",41,False,False,False,False
274,Kani K Navas,NA - Lighting of public spaces,Normal/Others,Tamil Nadu,RAMANATHAPURAM,DISTRICT COLLECTOR RAMANATHAPURAM_IDA,2024-03-03,430000.0,Unsanctioned,Lok Sabha,8.0,LOW,"Near-duplicate match: contextual_near_duplicate (Index: 166, score: 0.52, text sim: 1.00).",41,False,False,False,False
275,Kani K Navas,NA - Lighting of public spaces,Normal/Others,Tamil Nadu,RAMANATHAPURAM,DISTRICT COLLECTOR RAMANATHAPURAM_IDA,2024-03-03,430000.0,Unsanctioned,Lok Sabha,8.0,LOW,"Near-duplicate match: contextual_near_duplicate (Index: 166, score: 0.52, text sim: 1.00).",41,False,False,False,False
276,Kani K Navas,NA - Lighting of public spaces,Normal/Others,Tamil Nadu,RAMANATHAPURAM,DISTRICT COLLECTOR RAMANATHAPURAM_IDA,2024-03-03,430000.0,Unsanctioned,Lok Sabha,8.0,LOW,"Near-duplicate match: contextual_near_duplicate (Index: 166, score: 0.52, text sim: 1.00).",41,False,False,False,False
277,Kani K Navas,NA - Lighting of public spaces,Normal/Others,Tamil Nadu,RAMANATHAPURAM,DISTRICT COLLECTOR RAMANATHAPURAM_IDA,2024-03-03,430000.0,Unsanctioned,Lok Sabha,8.0,LOW,"Near-duplicate match: contextual_near_duplicate (Index: 166, score: 0.52, text sim: 1.00).",41,False,False,False,False
278,Kani K Navas,NA - Lighting of public spaces,Normal/Others,Tamil Nadu,RAMANATHAPURAM,DISTRICT COLLECTOR RAMANATHAPURAM_IDA,2024-03-03,430000.0,Unsanctioned,Lok Sabha,8.0,LOW,"Near-duplicate match: contextual_near_duplicate (Index: 166, score: 0.52, text sim: 1.00).",41,False,False,False,False
279,Kani K Navas,NA - Lighting of public spaces,Normal/Others,Tamil Nadu,RAMANATHAPURAM,DISTRICT COLLECTOR RAMANATHAPURAM_IDA,2024-03-03,430000.0,Unsanctioned,Lok Sabha,8.0,LOW,"Near-duplicate match: contextual_near_duplicate (Index: 166, score: 0.52, text sim: 1.00).",41,False,False,False,False
280,Kani K Navas,NA - Lighting of public spaces,Normal/Others,Tamil Nadu,RAMANATHAPURAM,DISTRICT COLLECTOR RAMANATHAPURAM_IDA,2024-03-03,430000.0,Unsanctioned,Lok Sabha,8.0,LOW,"Near-duplicate match: contextual_near_duplicate (Index: 166, score: 0.52, text sim: 1.00).",41,False,False,False,False
281,Kani K Navas,NA - Lighting of public spaces,Normal/Others,Tamil Nadu,RAMANATHAPURAM,DISTRICT COLLECTOR RAMANATHAPURAM_IDA,2024-03-03,430000.0,Unsanctioned,Lok Sabha,8.0,LOW,"Near-duplicate match: contextual_near_duplicate (Index: 166, score: 0.52, text sim: 1.00).",41,False,False,False,False
282,Kani K Navas,NA - Construction of New Building,Normal/Others,Tamil Nadu,RAMANATHAPURAM,DISTRICT COLLECTOR PUDUKKOTTAI_IDA,2024-03-03,700000.0,Unsanctioned,Lok Sabha,14.0,LOW,"Suspicious near-duplicate overlap: Same constituency, similar amount, and date proximity (Index: 171, score: 0.76).",5,False,False,True,False
283,Kani K Navas,NA - Lighting of public spaces,Normal/Others,Tamil Nadu,RAMANATHAPURAM,DISTRICT COLLECTOR PUDUKKOTTAI_IDA,2024-03-03,400000.0,Unsanctioned,Lok Sabha,8.0,LOW,"Near-duplicate match: contextual_near_duplicate (Index: 166, score: 0.54, text sim: 1.00).",41,False,False,False,False
284,Kani K Navas,NA - Construction of community centers and community halls,Normal/Others,Tamil Nadu,RAMANATHAPURAM,DISTRICT COLLECTOR PUDUKKOTTAI_IDA,2024-03-03,2000000.0,Unsanctioned,Lok Sabha,21.5,MEDIUM,"Allocation is an outlier relative to state works (Z-score: 2.77, excluding current).",13,True,False,False,False
285,Kani K Navas,NA - Construction of New Building,Normal/Others,Tamil Nadu,RAMANATHAPURAM,DISTRICT COLLECTOR PUDUKKOTTAI_IDA,2024-03-03,800000.0,Unsanctioned,Lok Sabha,14.0,LOW,"Suspicious near-duplicate overlap: Same constituency, similar amount, and date proximity (Index: 171, score: 0.78).",5,False,False,True,False
286,Kani K Navas,NA - Lighting of public spaces,Normal/Others,Tamil Nadu,RAMANATHAPURAM,DISTRICT COLLECTOR PUDUKKOTTAI_IDA,2024-03-03,400000.0,Unsanctioned,Lok Sabha,8.0,LOW,"Near-duplicate match: contextual_near_duplicate (Index: 166, score: 0.54, text sim: 1.00).",41,False,False,False,False
287,Kani K Navas,NA - Lighting of public spaces,Normal/Others,Tamil Nadu,RAMANATHAPURAM,DISTRICT COLLECTOR PUDUKKOTTAI_IDA,2024-03-03,400000.0,Unsanctioned,Lok Sabha,8.0,LOW,"Near-duplicate match: contextual_near_duplicate (Index: 166, score: 0.54, text sim: 1.00).",41,False,False,False,False
288,Bharti Pravin Pawar,"NA - Construction of roads, link roads, pathways or any other road with or without drainage system",Normal/Others,Maharashtra,DINDORI(ST),DISTRICT COLLECTOR NASHIK_IDA,2024-03-03,995000.0,Unsanctioned,Lok Sabha,18.0,LOW,Allocation is 2.3x the median of comparable house works (excluding current).,24,True,False,False,False
289,Kani K Navas,NA - Lighting of public spaces,Normal/Others,Tamil Nadu,RAMANATHAPURAM,DISTRICT COLLECTOR PUDUKKOTTAI_IDA,2024-03-03,430000.0,Unsanctioned,Lok Sabha,8.0,LOW,"Near-duplicate match: contextual_near_duplicate (Index: 166, score: 0.55, text sim: 1.00).",41,False,False,False,False
290,Kani K Navas,NA - Lighting of public spaces,Normal/Others,Tamil Nadu,RAMANATHAPURAM,DISTRICT COLLECTOR PUDUKKOTTAI_IDA,2024-03-03,430000.0,Unsanctioned,Lok Sabha,8.0,LOW,"Near-duplicate match: contextual_near_duplicate (Index: 166, score: 0.55, text sim: 1.00).",41,False,False,False,False
291,Kani K Navas,"NA - Construction of roads, link roads, pathways or any other road with or without drainage system",Normal/Others,Tamil Nadu,RAMANATHAPURAM,DISTRICT COLLECTOR PUDUKKOTTAI_IDA,2024-03-03,200000.0,Unsanctioned,Lok Sabha,8.0,LOW,"Near-duplicate match: contextual_near_duplicate (Index: 272, score: 0.49, text sim: 1.00).",3,False,False,False,False
292,Kani K Navas,"NA - Construction of roads, link roads, pathways or any other road with or without drainage system",Normal/Others,Tamil Nadu,RAMANATHAPURAM,DISTRICT COLLECTOR PUDUKKOTTAI_IDA,2024-03-03,350000.0,Unsanctioned,Lok Sabha,8.0,LOW,"Near-duplicate match: contextual_near_duplicate (Index: 272, score: 0.47, text sim: 1.00).",3,False,False,False,False
293,Kani K Navas,"NA - Construction of roads, link roads, pathways or any other road with or without drainage system",Normal/Others,Tamil Nadu,RAMANATHAPURAM,DISTRICT COLLECTOR PUDUKKOTTAI_IDA,2024-03-03,640000.0,Unsanctioned,Lok Sabha,8.0,LOW,"Near-duplicate match: contextual_near_duplicate (Index: 272, score: 0.43, text sim: 1.00).",3,False,False,False,False
294,Kani K Navas,NA - Construction of New Building,Normal/Others,Tamil Nadu,RAMANATHAPURAM,DISTRICT COLLECTOR PUDUKKOTTAI_IDA,2024-03-03,800000.0,Unsanctioned,Lok Sabha,14.0,LOW,"Suspicious near-duplicate overlap: Same constituency, similar amount, and date proximity (Index: 171, score: 0.78).",5,False,False,True,False
295,Kani K Navas,NA - Construction of bus-sheds or bus-stops,Normal/Others,Tamil Nadu,RAMANATHAPURAM,DISTRICT COLLECTOR PUDUKKOTTAI_IDA,2024-03-03,600000.0,Unsanctioned,Lok Sabha,14.0,LOW,"Suspicious near-duplicate overlap: Same constituency, similar amount, and date proximity (Index: 170, score: 0.74).",4,False,False,True,False
296,Kani K Navas,NA - Lighting of public spaces,Normal/Others,Tamil Nadu,RAMANATHAPURAM,DISTRICT COLLECTOR PUDUKKOTTAI_IDA,2024-03-03,500000.0,Unsanctioned,Lok Sabha,22.0,MEDIUM,Exact duplicate detected. This record occurs 3 times in the dataset.,40,False,True,False,False
297,Kani K Navas,NA - Lighting of public spaces,Normal/Others,Tamil Nadu,RAMANATHAPURAM,DISTRICT COLLECTOR PUDUKKOTTAI_IDA,2024-03-03,500000.0,Unsanctioned,Lok Sabha,22.0,MEDIUM,Exact duplicate detected. This record occurs 3 times in the dataset.,40,False,True,False,False
298,Kani K Navas,NA - Lighting of public spaces,Normal/Others,Tamil Nadu,RAMANATHAPURAM,DISTRICT COLLECTOR PUDUKKOTTAI_IDA,2024-03-03,500000.0,Unsanctioned,Lok Sabha,22.0,MEDIUM,Exact duplicate detected. This record occurs 3 times in the dataset.,40,False,True,False,False
299,Kani K Navas,NA - Construction of bus-sheds or bus-stops,Normal/Others,Tamil Nadu,RAMANATHAPURAM,DISTRICT COLLECTOR PUDUKKOTTAI_IDA,2024-03-03,700000.0,Unsanctioned,Lok Sabha,14.0,LOW,"Suspicious near-duplicate overlap: Same constituency, similar amount, and date proximity (Index: 170, score: 0.75).",4,False,False,True,False
300,Dr Sikander Kumar,NA - Lighting of public spaces,Normal/Others,Himachal Pradesh,Sitting Rajya Sabha,DEPUTY COMMISSIONER HAMIRPUR_IDA,2024-03-03,57050.0,Unsanctioned,Rajya Sabha,16.0,LOW,"Near-duplicate match: contextual_near_duplicate (Index: 110, score: 0.49, text sim: 1.00).",14,False,False,False,True
301,Manoj Rajoria,NA - Construction of public libraries and reading rooms,Normal/Others,Rajasthan,KARAULI-DHOLPUR(SC),DISTRICT COLLECTOR KARAULI_IDA,2024-03-02,2000000.0,Unsanctioned,Lok Sabha,17.5,LOW,"Allocation is an outlier relative to state works (Z-score: 5.37, excluding current).",10,True,False,False,False
302,Dr Ashok Bajpai,"WS/MP179/2023-2024/119127 - Construction of roads, link roads, pathways or any other road with or without drainage system",Normal/Others,Uttar Pradesh,Sitting Rajya Sabha,DISTRICT MAGISTRAE LUCKNOW_IDA,2024-03-02,1426000.0,Unsanctioned,Rajya Sabha,17.5,LOW,"Allocation is an outlier relative to state works (Z-score: 4.79, excluding current).",9,True,False,False,False
303,Manoj Rajoria,NA - Installing community drinking water plants,Normal/Others,Rajasthan,KARAULI-DHOLPUR(SC),DISTRICT COLLECTOR KARAULI_IDA,2024-03-02,350000.0,Unsanctioned,Lok Sabha,24.0,MEDIUM,"Suspicious near-duplicate overlap: Same constituency, similar amount, and date proximity (Index: 22, score: 0.73).",6,True,False,True,False
304,Bishweswar Tudu,"NA - Construction of roads, link roads, pathways or any other road with or without drainage system",Normal/Others,Odisha,MAYURBHANJ (ST),DISTRICT COLLECTOR MAYURBHANJ_IDA,2024-03-02,400000.0,Unsanctioned,Lok Sabha,8.0,LOW,"Near-duplicate match: contextual_near_duplicate (Index: 305, score: 0.55, text sim: 1.00).",32,False,False,False,False
305,Bishweswar Tudu,"NA - Construction of roads, link roads, pathways or any other road with or without drainage system",Normal/Others,Odisha,MAYURBHANJ (ST),DISTRICT COLLECTOR MAYURBHANJ_IDA,2024-03-02,400000.0,Unsanctioned,Lok Sabha,8.0,LOW,"Near-duplicate match: contextual_near_duplicate (Index: 304, score: 0.55, text sim: 1.00).",32,False,False,False,False
306,Shri Abdul Khaleque,NA - Construction of boundary walls of existing public and community buildings,Normal/Others,Assam,BARPETA,Deputy Commissioner Bongaigaon_IDA,2024-03-02,400000.0,Unsanctioned,Lok Sabha,8.0,LOW,"Near-duplicate match: contextual_near_duplicate (Index: 19, score: 0.47, text sim: 1.00).",2,False,False,False,False
307,Bishweswar Tudu,"NA - Construction of roads, link roads, pathways or any other road with or without drainage system",Normal/Others,Odisha,MAYURBHANJ (ST),DISTRICT COLLECTOR MAYURBHANJ_IDA,2024-03-02,400000.0,Unsanctioned,Lok Sabha,8.0,LOW,"Near-duplicate match: contextual_near_duplicate (Index: 304, score: 0.55, text sim: 1.00).",32,False,False,False,False
308,Bishweswar Tudu,NA - Establishing public ground water recharging facilities,Normal/Others,Odisha,MAYURBHANJ (ST),DISTRICT COLLECTOR MAYURBHANJ_IDA,2024-03-02,200000.0,Unsanctioned,Lok Sabha,10.0,LOW,Allocation is 3.2x the median of comparable work_type works (excluding current).,1,True,False,False,False
309,Gaddam Ranjith Reddy,NA - Lighting of public spaces,Normal/Others,Telangana,CHELVELLA,DISTRICT COLLECTOR VIKARABAD_IDA,2024-03-02,170000.0,Unsanctioned,Lok Sabha,8.0,LOW,"Near-duplicate match: contextual_near_duplicate (Index: 39, score: 0.55, text sim: 1.00).",10,False,False,False,False
310,Gaddam Ranjith Reddy,NA - Lighting of public spaces,Normal/Others,Telangana,CHELVELLA,DISTRICT COLLECTOR VIKARABAD_IDA,2024-03-02,170000.0,Unsanctioned,Lok Sabha,8.0,LOW,"Near-duplicate match: contextual_near_duplicate (Index: 39, score: 0.55, text sim: 1.00).",10,False,False,False,False
311,Gaddam Ranjith Reddy,NA - Lighting of public spaces,Normal/Others,Telangana,CHELVELLA,DISTRICT COLLECTOR VIKARABAD_IDA,2024-03-02,170000.0,Unsanctioned,Lok Sabha,8.0,LOW,"Near-duplicate match: contextual_near_duplicate (Index: 39, score: 0.55, text sim: 1.00).",10,False,False,False,False
312,Gaddam Ranjith Reddy,NA - Lighting of public spaces,Normal/Others,Telangana,CHELVELLA,DISTRICT COLLECTOR VIKARABAD_IDA,2024-03-02,170000.0,Unsanctioned,Lok Sabha,8.0,LOW,"Near-duplicate match: contextual_near_duplicate (Index: 39, score: 0.55, text sim: 1.00).",10,False,False,False,False
313,Gaddam Ranjith Reddy,NA - Lighting of public spaces,Normal/Others,Telangana,CHELVELLA,DISTRICT COLLECTOR VIKARABAD_IDA,2024-03-02,340000.0,Unsanctioned,Lok Sabha,8.0,LOW,"Near-duplicate match: contextual_near_duplicate (Index: 39, score: 0.47, text sim: 1.00).",10,False,False,False,False
314,Bishweswar Tudu,"NA - Construction of roads, link roads, pathways or any other road with or without drainage system",Normal/Others,Odisha,MAYURBHANJ (ST),DISTRICT COLLECTOR MAYURBHANJ_IDA,2024-03-02,400000.0,Unsanctioned,Lok Sabha,8.0,LOW,"Near-duplicate match: contextual_near_duplicate (Index: 304, score: 0.55, text sim: 1.00).",32,False,False,False,False
315,Bishweswar Tudu,"NA - Construction of roads, link roads, pathways or any other road with or without drainage system",Normal/Others,Odisha,MAYURBHANJ (ST),DISTRICT COLLECTOR MAYURBHANJ_IDA,2024-03-02,400000.0,Unsanctioned,Lok Sabha,8.0,LOW,"Near-duplicate match: contextual_near_duplicate (Index: 304, score: 0.55, text sim: 1.00).",32,False,False,False,False
316,Bishweswar Tudu,"NA - Construction of roads, link roads, pathways or any other road with or without drainage system",Normal/Others,Odisha,MAYURBHANJ (ST),DISTRICT COLLECTOR MAYURBHANJ_IDA,2024-03-02,400000.0,Unsanctioned,Lok Sabha,8.0,LOW,"Near-duplicate match: contextual_near_duplicate (Index: 304, score: 0.55, text sim: 1.00).",32,False,False,False,False
317,Bishweswar Tudu,NA - Construction of rooms and halls in school and colleges,Normal/Others,Odisha,MAYURBHANJ (ST),DISTRICT COLLECTOR MAYURBHANJ_IDA,2024-03-02,300000.0,Unsanctioned,Lok Sabha,8.0,LOW,"Near-duplicate match: contextual_near_duplicate (Index: 318, score: 0.66, text sim: 1.00).",4,False,False,False,False
318,Bishweswar Tudu,NA - Construction of rooms and halls in school and colleges,Normal/Others,Odisha,MAYURBHANJ (ST),DISTRICT COLLECTOR MAYURBHANJ_IDA,2024-03-02,400000.0,Unsanctioned,Lok Sabha,8.0,LOW,"Near-duplicate match: contextual_near_duplicate (Index: 317, score: 0.66, text sim: 1.00).",4,False,False,False,False
319,Bishweswar Tudu,"NA - Construction of roads, link roads, pathways or any other road with or without drainage system",Normal/Others,Odisha,MAYURBHANJ (ST),DISTRICT COLLECTOR MAYURBHANJ_IDA,2024-03-02,400000.0,Unsanctioned,Lok Sabha,8.0,LOW,"Near-duplicate match: contextual_near_duplicate (Index: 304, score: 0.55, text sim: 1.00).",32,False,False,False,False
320,Bishweswar Tudu,NA - Construction of buildings for community cultural activities,Normal/Others,Odisha,MAYURBHANJ (ST),DISTRICT COLLECTOR MAYURBHANJ_IDA,2024-03-02,300000.0,Unsanctioned,Lok Sabha,8.0,LOW,"Near-duplicate match: contextual_near_duplicate (Index: 35, score: 0.41, text sim: 1.00).",18,False,False,False,False
321,Bishweswar Tudu,NA - Construction of boundary walls of existing public and community buildings,Normal/Others,Odisha,MAYURBHANJ (ST),DISTRICT COLLECTOR MAYURBHANJ_IDA,2024-03-02,400000.0,Unsanctioned,Lok Sabha,14.0,LOW,"Suspicious near-duplicate overlap: Same constituency, similar amount, and date proximity (Index: 323, score: 0.75).",8,False,False,True,False
322,Bishweswar Tudu,NA - Installation of fixed weighing scale machine for agriculture and horticulture produce,Normal/Others,Odisha,MAYURBHANJ (ST),DISTRICT COLLECTOR MAYURBHANJ_IDA,2024-03-02,400000.0,Unsanctioned,Lok Sabha,10.0,LOW,Allocation is 4.0x the median of comparable work_type works (excluding current).,1,True,False,False,False
323,Bishweswar Tudu,NA - Construction of boundary walls of existing public and community buildings,Normal/Others,Odisha,MAYURBHANJ (ST),DISTRICT COLLECTOR MAYURBHANJ_IDA,2024-03-02,400000.0,Unsanctioned,Lok Sabha,14.0,LOW,"Suspicious near-duplicate overlap: Same constituency, similar amount, and date proximity (Index: 321, score: 0.75).",8,False,False,True,False
324,Bishweswar Tudu,NA - Purchase of mobile sanitation equipment,Normal/Others,Odisha,MAYURBHANJ (ST),DISTRICT COLLECTOR MAYURBHANJ_IDA,2024-03-02,200000.0,Unsanctioned,Lok Sabha,0.0,LOW,,0,False,False,False,False
325,Bishweswar Tudu,NA - Construction of buildings for community cultural activities,Normal/Others,Odisha,MAYURBHANJ (ST),DISTRICT COLLECTOR MAYURBHANJ_IDA,2024-03-02,500000.0,Unsanctioned,Lok Sabha,14.0,LOW,"Suspicious near-duplicate overlap: Same constituency, similar amount, and date proximity (Index: 326, score: 0.77).",18,False,False,True,False
326,Bishweswar Tudu,NA - Construction of buildings for community cultural activities,Normal/Others,Odisha,MAYURBHANJ (ST),DISTRICT COLLECTOR MAYURBHANJ_IDA,2024-03-02,500000.0,Unsanctioned,Lok Sabha,14.0,LOW,"Suspicious near-duplicate overlap: Same constituency, similar amount, and date proximity (Index: 325, score: 0.77).",18,False,False,True,False
327,Bishweswar Tudu,NA - Construction of buildings for crèches and anganwadies,Normal/Others,Odisha,MAYURBHANJ (ST),DISTRICT COLLECTOR MAYURBHANJ_IDA,2024-03-02,400000.0,Unsanctioned,Lok Sabha,0.0,LOW,,0,False,False,False,False
328,Bishweswar Tudu,"NA - Construction of roads, link roads, pathways or any other road with or without drainage system",Normal/Others,Odisha,MAYURBHANJ (ST),DISTRICT COLLECTOR MAYURBHANJ_IDA,2024-03-02,400000.0,Unsanctioned,Lok Sabha,8.0,LOW,"Near-duplicate match: contextual_near_duplicate (Index: 304, score: 0.55, text sim: 1.00).",32,False,False,False,False
329,Bishweswar Tudu,NA - Street lights,Normal/Others,Odisha,MAYURBHANJ (ST),DISTRICT COLLECTOR MAYURBHANJ_IDA,2024-03-02,100000.0,Unsanctioned,Lok Sabha,8.0,LOW,"Near-duplicate match: contextual_near_duplicate (Index: 350, score: 0.54, text sim: 1.00).",3,False,False,False,False
330,Smt Mamata Mohanta,NA - Lighting of public spaces,Normal/Others,Odisha,Sitting Rajya Sabha,DISTRICT COLLECTOR MAYURBHANJ_IDA,2024-03-02,350000.0,Unsanctioned,Rajya Sabha,18.0,LOW,Allocation is 5.5x the median of comparable house works (excluding current).,27,True,False,False,False
331,Smt Mamata Mohanta,NA - Lighting of public spaces,Normal/Others,Odisha,Sitting Rajya Sabha,DISTRICT COLLECTOR MAYURBHANJ_IDA,2024-03-02,350000.0,Unsanctioned,Rajya Sabha,18.0,LOW,Allocation is 5.5x the median of comparable house works (excluding current).,27,True,False,False,False
332,Smt Mamata Mohanta,"NA - Construction of roads, link roads, pathways or any other road with or without drainage system",Normal/Others,Odisha,Sitting Rajya Sabha,DISTRICT COLLECTOR MAYURBHANJ_IDA,2024-03-02,300000.0,Unsanctioned,Rajya Sabha,18.0,LOW,Allocation is 4.7x the median of comparable house works (excluding current).,62,True,False,False,False
333,Smt Mamata Mohanta,NA - Construction of public toilets and bathrooms,Normal/Others,Odisha,Sitting Rajya Sabha,DISTRICT COLLECTOR MAYURBHANJ_IDA,2024-03-02,400000.0,Unsanctioned,Rajya Sabha,10.0,LOW,Allocation is 6.3x the median of comparable house works (excluding current).,3,True,False,False,False
334,Dr Amar Patnaik,NA - Construction of community centers and community halls,Normal/Others,Odisha,Sitting Rajya Sabha,DISTRICT COLLECTOR KHORDHA_IDA,2024-03-02,200000.0,Unsanctioned,Rajya Sabha,26.0,MEDIUM,Allocation is 3.2x the median of comparable house works (excluding current).,40,True,False,False,True
335,Dr Amar Patnaik,NA - Construction of boundary walls of existing public and community buildings,Normal/Others,Odisha,Sitting Rajya Sabha,DISTRICT COLLECTOR KHORDHA_IDA,2024-03-02,200000.0,Unsanctioned,Rajya Sabha,26.0,MEDIUM,Allocation is 3.2x the median of comparable house works (excluding current).,11,True,False,False,True
336,Bishweswar Tudu,NA - Construction of community centers and community halls,Normal/Others,Odisha,MAYURBHANJ (ST),DISTRICT COLLECTOR MAYURBHANJ_IDA,2024-03-02,400000.0,Unsanctioned,Lok Sabha,4.0,LOW,"Near-duplicate match: template_match (Index: 55, score: 0.30, text sim: 1.00).",34,False,False,False,False
337,Sunil Kumar Soni,NA - Construction of community centers and community halls,Normal/Others,Chhattisgarh,RAIPUR,DISTRICT COLLECTOR RAIPUR_IDA,2024-03-02,500000.0,Unsanctioned,Lok Sabha,0.0,LOW,,0,False,False,False,False
338,Smt Mamata Mohanta,"NA - Construction of roads, link roads, pathways or any other road with or without drainage system",Normal/Others,Odisha,Sitting Rajya Sabha,DISTRICT COLLECTOR MAYURBHANJ_IDA,2024-03-02,300000.0,Unsanctioned,Rajya Sabha,26.0,MEDIUM,Allocation is 4.7x the median of comparable house works (excluding current).,63,True,False,False,True
339,Smt Mamata Mohanta,NA - Lighting of public spaces,Normal/Others,Odisha,Sitting Rajya Sabha,DISTRICT COLLECTOR MAYURBHANJ_IDA,2024-03-02,350000.0,Unsanctioned,Rajya Sabha,18.0,LOW,Allocation is 5.5x the median of comparable house works (excluding current).,27,True,False,False,False
340,Smt Mamata Mohanta,NA - Lighting of public spaces,Normal/Others,Odisha,Sitting Rajya Sabha,DISTRICT COLLECTOR MAYURBHANJ_IDA,2024-03-02,350000.0,Unsanctioned,Rajya Sabha,18.0,LOW,Allocation is 5.5x the median of comparable house works (excluding current).,27,True,False,False,False
341,Smt Mamata Mohanta,NA - Lighting of public spaces,Normal/Others,Odisha,Sitting Rajya Sabha,DISTRICT COLLECTOR MAYURBHANJ_IDA,2024-03-02,350000.0,Unsanctioned,Rajya Sabha,18.0,LOW,Allocation is 5.5x the median of comparable house works (excluding current).,27,True,False,False,False
342,Smt Mamata Mohanta,NA - Providing drains and gutters for public drainage,Normal/Others,Odisha,Sitting Rajya Sabha,DISTRICT COLLECTOR MAYURBHANJ_IDA,2024-03-02,300000.0,Unsanctioned,Rajya Sabha,24.0,MEDIUM,"Suspicious near-duplicate overlap: Same constituency, similar amount, and date proximity (Index: 346, score: 0.87).",4,True,False,True,False
343,Smt Mamata Mohanta,NA - Lighting of public spaces,Normal/Others,Odisha,Sitting Rajya Sabha,DISTRICT COLLECTOR MAYURBHANJ_IDA,2024-03-02,350000.0,Unsanctioned,Rajya Sabha,18.0,LOW,Allocation is 5.5x the median of comparable house works (excluding current).,27,True,False,False,False
344,Smt Mamata Mohanta,NA - Street lights,Normal/Others,Odisha,Sitting Rajya Sabha,DISTRICT COLLECTOR MAYURBHANJ_IDA,2024-03-02,1000000.0,Unsanctioned,Rajya Sabha,25.5,MEDIUM,"Allocation is an outlier relative to ida works (Z-score: 3.42, excluding current).",10,True,False,False,False
345,Smt Mamata Mohanta,"NA - Construction of roads, link roads, pathways or any other road with or without drainage system",Normal/Others,Odisha,Sitting Rajya Sabha,DISTRICT COLLECTOR MAYURBHANJ_IDA,2024-03-02,700000.0,Unsanctioned,Rajya Sabha,18.0,LOW,Allocation is 2.3x the median of comparable state works (excluding current).,63,True,False,False,False
346,Smt Mamata Mohanta,NA - Providing drains and gutters for public drainage,Normal/Others,Odisha,Sitting Rajya Sabha,DISTRICT COLLECTOR MAYURBHANJ_IDA,2024-03-02,300000.0,Unsanctioned,Rajya Sabha,24.0,MEDIUM,"Suspicious near-duplicate overlap: Same constituency, similar amount, and date proximity (Index: 342, score: 0.87).",4,True,False,True,False
347,Smt Mamata Mohanta,"NA - Construction of roads, link roads, pathways or any other road with or without drainage system",Normal/Others,Odisha,Sitting Rajya Sabha,DISTRICT COLLECTOR MAYURBHANJ_IDA,2024-03-02,300000.0,Unsanctioned,Rajya Sabha,18.0,LOW,Allocation is 4.7x the median of comparable house works (excluding current).,62,True,False,False,False
348,Smt Mamata Mohanta,"NA - Construction of roads, link roads, pathways or any other road with or without drainage system",Normal/Others,Odisha,Sitting Rajya Sabha,DISTRICT COLLECTOR MAYURBHANJ_IDA,2024-03-02,1000000.0,Unsanctioned,Rajya Sabha,25.5,MEDIUM,"Allocation is an outlier relative to ida works (Z-score: 3.42, excluding current).",66,True,False,False,False
349,Smt Mamata Mohanta,NA - Street lights,Normal/Others,Odisha,Sitting Rajya Sabha,DISTRICT COLLECTOR MAYURBHANJ_IDA,2024-03-02,1000000.0,Unsanctioned,Rajya Sabha,25.5,MEDIUM,"Allocation is an outlier relative to ida works (Z-score: 3.42, excluding current).",10,True,False,False,False
350,Bishweswar Tudu,NA - Street lights,Normal/Others,Odisha,MAYURBHANJ (ST),DISTRICT COLLECTOR MAYURBHANJ_IDA,2024-03-02,50000.0,Unsanctioned,Lok Sabha,8.0,LOW,"Near-duplicate match: contextual_near_duplicate (Index: 329, score: 0.54, text sim: 1.00).",3,False,False,False,False
351,Bishweswar Tudu,NA - Construction of buildings for community cultural activities,Normal/Others,Odisha,MAYURBHANJ (ST),DISTRICT COLLECTOR MAYURBHANJ_IDA,2024-03-02,300000.0,Unsanctioned,Lok Sabha,8.0,LOW,"Near-duplicate match: contextual_near_duplicate (Index: 44, score: 0.41, text sim: 1.00).",18,False,False,False,False
352,Bishweswar Tudu,"NA - Construction of roads, link roads, pathways or any other road with or without drainage system",Normal/Others,Odisha,MAYURBHANJ (ST),DISTRICT COLLECTOR MAYURBHANJ_IDA,2024-03-02,400000.0,Unsanctioned,Lok Sabha,8.0,LOW,"Near-duplicate match: contextual_near_duplicate (Index: 304, score: 0.52, text sim: 1.00).",32,False,False,False,False
353,Smt Jaya Bachchan,NA - Installing hand pumps,Normal/Others,Uttar Pradesh,Sitting Rajya Sabha,DISTRICT MAGISTRATE BHADOHI_IDA,2024-03-01,63275.0,Unsanctioned,Rajya Sabha,30.0,MEDIUM,Exact duplicate detected. This record occurs 4 times in the dataset.,163,False,True,False,True
354,Sushil Kumar Rinku,NA - Construction of additional rooms and halls in the existing public and community building,Normal/Others,Punjab,JALANDHAR(SC),DEPUTY COMMISSIONER JALANDHAR_IDA,2024-03-01,200000.0,Unsanctioned,Lok Sabha,0.0,LOW,,0,False,False,False,False
355,Smt Jaya Bachchan,NA - Installing hand pumps,Normal/Others,Uttar Pradesh,Sitting Rajya Sabha,DISTRICT MAGISTRATE BHADOHI_IDA,2024-03-01,63275.0,Unsanctioned,Rajya Sabha,40.5,MEDIUM,Exact duplicate detected. This record occurs 7 times in the dataset.,160,False,True,False,True
356,Smt Jaya Bachchan,NA - Installing hand pumps,Normal/Others,Uttar Pradesh,Sitting Rajya Sabha,DISTRICT MAGISTRATE BHADOHI_IDA,2024-03-01,63275.0,Unsanctioned,Rajya Sabha,40.5,MEDIUM,Exact duplicate detected. This record occurs 7 times in the dataset.,160,False,True,False,True
357,Smt Jaya Bachchan,NA - Installing hand pumps,Normal/Others,Uttar Pradesh,Sitting Rajya Sabha,DISTRICT MAGISTRATE BHADOHI_IDA,2024-03-01,63275.0,Unsanctioned,Rajya Sabha,40.5,MEDIUM,Exact duplicate detected. This record occurs 7 times in the dataset.,160,False,True,False,True
358,SHRI Sudhanshu Trivedi,"WS/MP199/2023-2024/117757 - Construction of roads, link roads, pathways or any other road with or without drainage system",Normal/Others,Uttar Pradesh,Sitting Rajya Sabha,DISTRICT MAGISTRAE LUCKNOW_IDA,2024-03-01,1650000.0,Unsanctioned,Rajya Sabha,17.5,LOW,"Allocation is an outlier relative to state works (Z-score: 5.76, excluding current).",10,True,False,False,False
359,Smt Jaya Bachchan,NA - Installing hand pumps,Normal/Others,Uttar Pradesh,Sitting Rajya Sabha,DISTRICT MAGISTRATE BHADOHI_IDA,2024-03-01,63275.0,Unsanctioned,Rajya Sabha,23.0,MEDIUM,"Near-duplicate match: contextual_near_duplicate (Index: 353, score: 0.55, text sim: 1.00).",165,False,True,False,True
360,Smt Jaya Bachchan,NA - Installing hand pumps,Normal/Others,Uttar Pradesh,Sitting Rajya Sabha,DISTRICT MAGISTRATE BHADOHI_IDA,2024-03-01,63275.0,Unsanctioned,Rajya Sabha,30.0,MEDIUM,Exact duplicate detected. This record occurs 4 times in the dataset.,163,False,True,False,True
361,Smt Jaya Bachchan,NA - Installing hand pumps,Normal/Others,Uttar Pradesh,Sitting Rajya Sabha,DISTRICT MAGISTRATE BHADOHI_IDA,2024-03-01,63275.0,Unsanctioned,Rajya Sabha,30.0,MEDIUM,Exact duplicate detected. This record occurs 4 times in the dataset.,163,False,True,False,True
362,Smt Jaya Bachchan,NA - Installing hand pumps,Normal/Others,Uttar Pradesh,Sitting Rajya Sabha,DISTRICT MAGISTRATE BHADOHI_IDA,2024-03-01,63275.0,Unsanctioned,Rajya Sabha,30.0,MEDIUM,Exact duplicate detected. This record occurs 4 times in the dataset.,163,False,True,False,True
363,Smt Jaya Bachchan,NA - Installing hand pumps,Normal/Others,Uttar Pradesh,Sitting Rajya Sabha,DISTRICT MAGISTRATE BHADOHI_IDA,2024-03-01,63275.0,Unsanctioned,Rajya Sabha,16.0,LOW,"Near-duplicate match: contextual_near_duplicate (Index: 353, score: 0.60, text sim: 1.00).",165,False,False,False,True
364,Smt Jaya Bachchan,NA - Installing hand pumps,Normal/Others,Uttar Pradesh,Sitting Rajya Sabha,DISTRICT MAGISTRATE BHADOHI_IDA,2024-03-01,63275.0,Unsanctioned,Rajya Sabha,16.0,LOW,"Near-duplicate match: contextual_near_duplicate (Index: 353, score: 0.60, text sim: 1.00).",165,False,False,False,True
365,Smt Jaya Bachchan,NA - Installing hand pumps,Normal/Others,Uttar Pradesh,Sitting Rajya Sabha,DISTRICT MAGISTRATE BHADOHI_IDA,2024-03-01,63275.0,Unsanctioned,Rajya Sabha,40.5,MEDIUM,Exact duplicate detected. This record occurs 7 times in the dataset.,160,False,True,False,True
366,Smt Jaya Bachchan,NA - Installing hand pumps,Normal/Others,Uttar Pradesh,Sitting Rajya Sabha,DISTRICT MAGISTRATE BHADOHI_IDA,2024-03-01,63275.0,Unsanctioned,Rajya Sabha,40.5,MEDIUM,Exact duplicate detected. This record occurs 7 times in the dataset.,160,False,True,False,True
367,Smt Jaya Bachchan,NA - Installing hand pumps,Normal/Others,Uttar Pradesh,Sitting Rajya Sabha,DISTRICT MAGISTRATE BHADOHI_IDA,2024-03-01,63275.0,Unsanctioned,Rajya Sabha,23.0,MEDIUM,"Near-duplicate match: contextual_near_duplicate (Index: 353, score: 0.55, text sim: 1.00).",165,False,True,False,True
368,Smt Jaya Bachchan,NA - Installing hand pumps,Normal/Others,Uttar Pradesh,Sitting Rajya Sabha,DISTRICT MAGISTRATE BHADOHI_IDA,2024-03-01,63275.0,Unsanctioned,Rajya Sabha,23.0,MEDIUM,"Near-duplicate match: contextual_near_duplicate (Index: 353, score: 0.55, text sim: 1.00).",165,False,True,False,True
369,Smt Jaya Bachchan,NA - Installing hand pumps,Normal/Others,Uttar Pradesh,Sitting Rajya Sabha,DISTRICT MAGISTRATE BHADOHI_IDA,2024-03-01,63275.0,Unsanctioned,Rajya Sabha,40.5,MEDIUM,Exact duplicate detected. This record occurs 7 times in the dataset.,160,False,True,False,True
370,Smt Jaya Bachchan,NA - Installing hand pumps,Normal/Others,Uttar Pradesh,Sitting Rajya Sabha,DISTRICT MAGISTRATE BHADOHI_IDA,2024-03-01,63275.0,Unsanctioned,Rajya Sabha,16.0,LOW,"Near-duplicate match: contextual_near_duplicate (Index: 353, score: 0.55, text sim: 1.00).",165,False,False,False,True
371,Smt Jaya Bachchan,NA - Installing hand pumps,Normal/Others,Uttar Pradesh,Sitting Rajya Sabha,DISTRICT MAGISTRATE BHADOHI_IDA,2024-03-01,63275.0,Unsanctioned,Rajya Sabha,40.5,MEDIUM,Exact duplicate detected. This record occurs 7 times in the dataset.,160,False,True,False,True
372,Smt Jaya Bachchan,NA - Installing hand pumps,Normal/Others,Uttar Pradesh,Sitting Rajya Sabha,DISTRICT MAGISTRATE BHADOHI_IDA,2024-03-01,63275.0,Unsanctioned,Rajya Sabha,8.0,LOW,"Near-duplicate match: contextual_near_duplicate (Index: 353, score: 0.55, text sim: 1.00).",164,False,False,False,False
373,Smt Jaya Bachchan,NA - Installing hand pumps,Normal/Others,Uttar Pradesh,Sitting Rajya Sabha,DISTRICT MAGISTRATE BHADOHI_IDA,2024-03-01,63275.0,Unsanctioned,Rajya Sabha,8.0,LOW,"Near-duplicate match: contextual_near_duplicate (Index: 353, score: 0.55, text sim: 1.00).",164,False,False,False,False
374,SHRI Sudhanshu Trivedi,"WS/MP199/2023-2024/117759 - Construction of roads, link roads, pathways or any other road with or without drainage system",Normal/Others,Uttar Pradesh,Sitting Rajya Sabha,DISTRICT MAGISTRAE LUCKNOW_IDA,2024-03-01,663000.0,Unsanctioned,Rajya Sabha,10.0,LOW,Allocation is 10.5x the median of comparable state works (excluding current).,3,True,False,False,False
375,SHRI Sudhanshu Trivedi,"WS/MP199/2023-2024/117760 - Construction of roads, link roads, pathways or any other road with or without drainage system",Normal/Others,Uttar Pradesh,Sitting Rajya Sabha,DISTRICT MAGISTRAE LUCKNOW_IDA,2024-03-01,698000.0,Unsanctioned,Rajya Sabha,10.0,LOW,Allocation is 11.0x the median of comparable state works (excluding current).,3,True,False,False,False
376,Smt Jaya Bachchan,NA - Installing hand pumps,Normal/Others,Uttar Pradesh,Sitting Rajya Sabha,DISTRICT MAGISTRATE BHADOHI_IDA,2024-03-01,63275.0,Unsanctioned,Rajya Sabha,8.0,LOW,"Near-duplicate match: contextual_near_duplicate (Index: 353, score: 0.55, text sim: 1.00).",164,False,False,False,False
377,Smt Jaya Bachchan,NA - Installing hand pumps,Normal/Others,Uttar Pradesh,Sitting Rajya Sabha,DISTRICT MAGISTRATE BHADOHI_IDA,2024-03-01,63275.0,Unsanctioned,Rajya Sabha,8.0,LOW,"Near-duplicate match: contextual_near_duplicate (Index: 353, score: 0.55, text sim: 1.00).",164,False,False,False,False
378,Smt Jaya Bachchan,NA - Installing hand pumps,Normal/Others,Uttar Pradesh,Sitting Rajya Sabha,DISTRICT MAGISTRATE BHADOHI_IDA,2024-03-01,63275.0,Unsanctioned,Rajya Sabha,8.0,LOW,"Near-duplicate match: contextual_near_duplicate (Index: 353, score: 0.55, text sim: 1.00).",164,False,False,False,False
379,Smt Jaya Bachchan,NA - Installing hand pumps,Normal/Others,Uttar Pradesh,Sitting Rajya Sabha,DISTRICT MAGISTRATE BHADOHI_IDA,2024-03-01,63275.0,Unsanctioned,Rajya Sabha,8.0,LOW,"Near-duplicate match: contextual_near_duplicate (Index: 353, score: 0.55, text sim: 1.00).",164,False,False,False,False
380,Smt Jaya Bachchan,NA - Installing hand pumps,Normal/Others,Uttar Pradesh,Sitting Rajya Sabha,DISTRICT MAGISTRATE BHADOHI_IDA,2024-03-01,63275.0,Unsanctioned,Rajya Sabha,8.0,LOW,"Near-duplicate match: contextual_near_duplicate (Index: 353, score: 0.60, text sim: 1.00).",164,False,False,False,False
381,SHRI Sudhanshu Trivedi,"WS/MP199/2023-2024/117758 - Construction of roads, link roads, pathways or any other road with or without drainage system",Normal/Others,Uttar Pradesh,Sitting Rajya Sabha,DISTRICT MAGISTRAE LUCKNOW_IDA,2024-03-01,1054000.0,Unsanctioned,Rajya Sabha,17.5,LOW,"Allocation is an outlier relative to state works (Z-score: 3.30, excluding current).",6,True,False,False,False
382,Smt Jaya Bachchan,NA - Installing hand pumps,Normal/Others,Uttar Pradesh,Sitting Rajya Sabha,DISTRICT MAGISTRATE BHADOHI_IDA,2024-03-01,63275.0,Unsanctioned,Rajya Sabha,8.0,LOW,"Near-duplicate match: contextual_near_duplicate (Index: 353, score: 0.55, text sim: 1.00).",164,False,False,False,False
383,Smt Jaya Bachchan,NA - Installing hand pumps,Normal/Others,Uttar Pradesh,Sitting Rajya Sabha,DISTRICT MAGISTRATE BHADOHI_IDA,2024-03-01,63275.0,Unsanctioned,Rajya Sabha,22.0,MEDIUM,Exact duplicate detected. This record occurs 4 times in the dataset.,162,False,True,False,False
384,Smt Jaya Bachchan,NA - Installing hand pumps,Normal/Others,Uttar Pradesh,Sitting Rajya Sabha,DISTRICT MAGISTRATE BHADOHI_IDA,2024-03-01,63275.0,Unsanctioned,Rajya Sabha,22.0,MEDIUM,Exact duplicate detected. This record occurs 4 times in the dataset.,162,False,True,False,False
385,Smt Jaya Bachchan,NA - Installing hand pumps,Normal/Others,Uttar Pradesh,Sitting Rajya Sabha,DISTRICT MAGISTRATE BHADOHI_IDA,2024-03-01,63275.0,Unsanctioned,Rajya Sabha,22.0,MEDIUM,Exact duplicate detected. This record occurs 4 times in the dataset.,162,False,True,False,False
386,Smt Jaya Bachchan,NA - Installing hand pumps,Normal/Others,Uttar Pradesh,Sitting Rajya Sabha,DISTRICT MAGISTRATE BHADOHI_IDA,2024-03-01,63275.0,Unsanctioned,Rajya Sabha,22.0,MEDIUM,Exact duplicate detected. This record occurs 4 times in the dataset.,162,False,True,False,False
387,Smt Jaya Bachchan,NA - Installing hand pumps,Normal/Others,Uttar Pradesh,Sitting Rajya Sabha,DISTRICT MAGISTRATE BHADOHI_IDA,2024-03-01,63275.0,Unsanctioned,Rajya Sabha,8.0,LOW,"Near-duplicate match: contextual_near_duplicate (Index: 353, score: 0.55, text sim: 1.00).",164,False,False,False,False
388,Smt Jaya Bachchan,NA - Installing hand pumps,Normal/Others,Uttar Pradesh,Sitting Rajya Sabha,DISTRICT MAGISTRATE BHADOHI_IDA,2024-03-01,63275.0,Unsanctioned,Rajya Sabha,8.0,LOW,"Near-duplicate match: contextual_near_duplicate (Index: 353, score: 0.55, text sim: 1.00).",164,False,False,False,False
389,Smt Jaya Bachchan,NA - Installing hand pumps,Normal/Others,Uttar Pradesh,Sitting Rajya Sabha,DISTRICT MAGISTRATE BHADOHI_IDA,2024-03-01,63275.0,Unsanctioned,Rajya Sabha,8.0,LOW,"Near-duplicate match: contextual_near_duplicate (Index: 353, score: 0.55, text sim: 1.00).",164,False,False,False,False
390,Smt Jaya Bachchan,NA - Installing hand pumps,Normal/Others,Uttar Pradesh,Sitting Rajya Sabha,DISTRICT MAGISTRATE BHADOHI_IDA,2024-03-01,63275.0,Unsanctioned,Rajya Sabha,15.0,LOW,"Near-duplicate match: contextual_near_duplicate (Index: 353, score: 0.55, text sim: 1.00).",164,False,True,False,False
391,Smt Jaya Bachchan,NA - Installing hand pumps,Normal/Others,Uttar Pradesh,Sitting Rajya Sabha,DISTRICT MAGISTRATE BHADOHI_IDA,2024-03-01,63275.0,Unsanctioned,Rajya Sabha,8.0,LOW,"Near-duplicate match: contextual_near_duplicate (Index: 353, score: 0.55, text sim: 1.00).",164,False,False,False,False
392,Smt Jaya Bachchan,NA - Installing hand pumps,Normal/Others,Uttar Pradesh,Sitting Rajya Sabha,DISTRICT MAGISTRATE BHADOHI_IDA,2024-03-01,63275.0,Unsanctioned,Rajya Sabha,8.0,LOW,"Near-duplicate match: contextual_near_duplicate (Index: 353, score: 0.55, text sim: 1.00).",164,False,False,False,False
393,Smt Jaya Bachchan,NA - Installing hand pumps,Normal/Others,Uttar Pradesh,Sitting Rajya Sabha,DISTRICT MAGISTRATE BHADOHI_IDA,2024-03-01,63275.0,Unsanctioned,Rajya Sabha,8.0,LOW,"Near-duplicate match: contextual_near_duplicate (Index: 353, score: 0.55, text sim: 1.00).",164,False,False,False,False
394,Smt Jaya Bachchan,NA - Installing hand pumps,Normal/Others,Uttar Pradesh,Sitting Rajya Sabha,DISTRICT MAGISTRATE BHADOHI_IDA,2024-03-01,63275.0,Unsanctioned,Rajya Sabha,8.0,LOW,"Near-duplicate match: contextual_near_duplicate (Index: 353, score: 0.55, text sim: 1.00).",164,False,False,False,False
395,Sonal Mansingh (NRS),NA - Construction of rooms and halls in school and colleges,Normal/Others,Gujarat,Nominated Rajya Sabha,DISTRICT PLANNING OFFICER SIWAN_IDA,2024-03-01,1000000.0,Unsanctioned,Rajya Sabha,21.5,MEDIUM,"Allocation is an outlier relative to state works (Z-score: 13.47, excluding current).",4,True,False,False,False
396,Smt Jaya Bachchan,NA - Installing hand pumps,Normal/Others,Uttar Pradesh,Sitting Rajya Sabha,DISTRICT MAGISTRATE BHADOHI_IDA,2024-03-01,63275.0,Unsanctioned,Rajya Sabha,23.0,MEDIUM,"Near-duplicate match: contextual_near_duplicate (Index: 353, score: 0.55, text sim: 1.00).",165,False,True,False,True
397,Smt Jaya Bachchan,NA - Installing hand pumps,Normal/Others,Uttar Pradesh,Sitting Rajya Sabha,DISTRICT MAGISTRATE BHADOHI_IDA,2024-03-01,63275.0,Unsanctioned,Rajya Sabha,22.0,MEDIUM,Exact duplicate detected. This record occurs 3 times in the dataset.,163,False,True,False,False
398,Smt Jaya Bachchan,NA - Installing hand pumps,Normal/Others,Uttar Pradesh,Sitting Rajya Sabha,DISTRICT MAGISTRATE BHADOHI_IDA,2024-03-01,63275.0,Unsanctioned,Rajya Sabha,16.0,LOW,"Near-duplicate match: contextual_near_duplicate (Index: 353, score: 0.55, text sim: 1.00).",165,False,False,False,True
399,Smt Jaya Bachchan,NA - Installing hand pumps,Normal/Others,Uttar Pradesh,Sitting Rajya Sabha,DISTRICT MAGISTRATE BHADOHI_IDA,2024-03-01,63275.0,Unsanctioned,Rajya Sabha,30.0,MEDIUM,Exact duplicate detected. This record occurs 3 times in the dataset.,164,False,True,False,True
400,Smt Jaya Bachchan,NA - Installing hand pumps,Normal/Others,Uttar Pradesh,Sitting Rajya Sabha,DISTRICT MAGISTRATE BHADOHI_IDA,2024-03-01,63275.0,Unsanctioned,Rajya Sabha,23.0,MEDIUM,"Near-duplicate match: contextual_near_duplicate (Index: 353, score: 0.55, text sim: 1.00).",165,False,True,False,True
401,Smt Jaya Bachchan,NA - Installing hand pumps,Normal/Others,Uttar Pradesh,Sitting Rajya Sabha,DISTRICT MAGISTRATE BHADOHI_IDA,2024-03-01,63275.0,Unsanctioned,Rajya Sabha,15.0,LOW,"Near-duplicate match: contextual_near_duplicate (Index: 353, score: 0.55, text sim: 1.00).",164,False,True,False,False
402,Smt Rama Devi,NA - Renovation of ponds and lakes,Normal/Others,Bihar,SHEOHAR,DISTRICT PLANNING OFFICER SEOHAR_IDA,2024-03-01,650000.0,Unsanctioned,Lok Sabha,17.5,LOW,"Allocation is an outlier relative to state works (Z-score: 2.98, excluding current).",3,True,False,False,False
403,Prabhubhai Nagarbhai Vasava,NA - Fitting of Sitting RCC Benches in Public Places,Normal/Others,Gujarat,BARDOLI(ST),District collector Tapi_IDA,2024-03-01,450000.0,Unsanctioned,Lok Sabha,24.0,MEDIUM,"Suspicious near-duplicate overlap: Same constituency, similar amount, and date proximity (Index: 404, score: 0.84).",2,True,False,True,False
404,Prabhubhai Nagarbhai Vasava,NA - Fitting of Sitting RCC Benches in Public Places,Normal/Others,Gujarat,BARDOLI(ST),District collector Tapi_IDA,2024-03-01,450000.0,Unsanctioned,Lok Sabha,24.0,MEDIUM,"Suspicious near-duplicate overlap: Same constituency, similar amount, and date proximity (Index: 403, score: 0.84).",2,True,False,True,False
405,Smt Jaya Bachchan,NA - Installing hand pumps,Normal/Others,Uttar Pradesh,Sitting Rajya Sabha,DISTRICT MAGISTRATE BHADOHI_IDA,2024-03-01,63275.0,Unsanctioned,Rajya Sabha,16.0,LOW,"Near-duplicate match: contextual_near_duplicate (Index: 353, score: 0.55, text sim: 1.00).",165,False,False,False,True
406,Smt Jaya Bachchan,NA - Installing hand pumps,Normal/Others,Uttar Pradesh,Sitting Rajya Sabha,DISTRICT MAGISTRATE BHADOHI_IDA,2024-03-01,63275.0,Unsanctioned,Rajya Sabha,16.0,LOW,"Near-duplicate match: contextual_near_duplicate (Index: 353, score: 0.55, text sim: 1.00).",165,False,False,False,True
407,Smt Jaya Bachchan,NA - Installing hand pumps,Normal/Others,Uttar Pradesh,Sitting Rajya Sabha,DISTRICT MAGISTRATE BHADOHI_IDA,2024-03-01,63275.0,Unsanctioned,Rajya Sabha,16.0,LOW,"Near-duplicate match: contextual_near_duplicate (Index: 353, score: 0.55, text sim: 1.00).",165,False,False,False,True
408,Smt Jaya Bachchan,NA - Installing hand pumps,Normal/Others,Uttar Pradesh,Sitting Rajya Sabha,DISTRICT MAGISTRATE BHADOHI_IDA,2024-03-01,63275.0,Unsanctioned,Rajya Sabha,30.0,MEDIUM,Exact duplicate detected. This record occurs 3 times in the dataset.,164,False,True,False,True
409,Smt Jaya Bachchan,NA - Installing hand pumps,Normal/Others,Uttar Pradesh,Sitting Rajya Sabha,DISTRICT MAGISTRATE BHADOHI_IDA,2024-03-01,63275.0,Unsanctioned,Rajya Sabha,16.0,LOW,"Near-duplicate match: contextual_near_duplicate (Index: 353, score: 0.55, text sim: 1.00).",165,False,False,False,True
410,Smt Jaya Bachchan,NA - Installing hand pumps,Normal/Others,Uttar Pradesh,Sitting Rajya Sabha,DISTRICT MAGISTRATE BHADOHI_IDA,2024-03-01,63275.0,Unsanctioned,Rajya Sabha,30.0,MEDIUM,Exact duplicate detected. This record occurs 4 times in the dataset.,163,False,True,False,True
411,Smt Jaya Bachchan,NA - Installing hand pumps,Normal/Others,Uttar Pradesh,Sitting Rajya Sabha,DISTRICT MAGISTRATE BHADOHI_IDA,2024-03-01,63275.0,Unsanctioned,Rajya Sabha,30.0,MEDIUM,Exact duplicate detected. This record occurs 4 times in the dataset.,163,False,True,False,True
412,Smt Jaya Bachchan,NA - Installing hand pumps,Normal/Others,Uttar Pradesh,Sitting Rajya Sabha,DISTRICT MAGISTRATE BHADOHI_IDA,2024-03-01,63275.0,Unsanctioned,Rajya Sabha,30.0,MEDIUM,Exact duplicate detected. This record occurs 4 times in the dataset.,163,False,True,False,True
413,Smt Jaya Bachchan,NA - Installing hand pumps,Normal/Others,Uttar Pradesh,Sitting Rajya Sabha,DISTRICT MAGISTRATE BHADOHI_IDA,2024-03-01,63275.0,Unsanctioned,Rajya Sabha,30.0,MEDIUM,Exact duplicate detected. This record occurs 4 times in the dataset.,163,False,True,False,True
414,Smt Jaya Bachchan,NA - Installing hand pumps,Normal/Others,Uttar Pradesh,Sitting Rajya Sabha,DISTRICT MAGISTRATE BHADOHI_IDA,2024-03-01,63275.0,Unsanctioned,Rajya Sabha,16.0,LOW,"Near-duplicate match: contextual_near_duplicate (Index: 353, score: 0.55, text sim: 1.00).",165,False,False,False,True
415,Smt Jaya Bachchan,NA - Installing hand pumps,Normal/Others,Uttar Pradesh,Sitting Rajya Sabha,DISTRICT MAGISTRATE BHADOHI_IDA,2024-03-01,63275.0,Unsanctioned,Rajya Sabha,23.0,MEDIUM,"Near-duplicate match: contextual_near_duplicate (Index: 353, score: 0.55, text sim: 1.00).",165,False,True,False,True
416,Smt Jaya Bachchan,NA - Installing hand pumps,Normal/Others,Uttar Pradesh,Sitting Rajya Sabha,DISTRICT MAGISTRATE BHADOHI_IDA,2024-03-01,63275.0,Unsanctioned,Rajya Sabha,16.0,LOW,"Near-duplicate match: contextual_near_duplicate (Index: 353, score: 0.55, text sim: 1.00).",165,False,False,False,True
417,Smt Jaya Bachchan,NA - Installing hand pumps,Normal/Others,Uttar Pradesh,Sitting Rajya Sabha,DISTRICT MAGISTRATE BHADOHI_IDA,2024-03-01,63275.0,Unsanctioned,Rajya Sabha,23.0,MEDIUM,"Near-duplicate match: contextual_near_duplicate (Index: 353, score: 0.55, text sim: 1.00).",165,False,True,False,True
418,Smt Jaya Bachchan,NA - Installing hand pumps,Normal/Others,Uttar Pradesh,Sitting Rajya Sabha,DISTRICT MAGISTRATE BHADOHI_IDA,2024-03-01,63275.0,Unsanctioned,Rajya Sabha,23.0,MEDIUM,"Near-duplicate match: contextual_near_duplicate (Index: 353, score: 0.55, text sim: 1.00).",165,False,True,False,True
419,Smt Jaya Bachchan,NA - Installing hand pumps,Normal/Others,Uttar Pradesh,Sitting Rajya Sabha,DISTRICT MAGISTRATE BHADOHI_IDA,2024-03-01,63275.0,Unsanctioned,Rajya Sabha,30.0,MEDIUM,Exact duplicate detected. This record occurs 3 times in the dataset.,164,False,True,False,True
420,Smt Jaya Bachchan,NA - Installing hand pumps,Normal/Others,Uttar Pradesh,Sitting Rajya Sabha,DISTRICT MAGISTRATE BHADOHI_IDA,2024-03-01,63275.0,Unsanctioned,Rajya Sabha,30.0,MEDIUM,Exact duplicate detected. This record occurs 3 times in the dataset.,164,False,True,False,True
421,Smt Jaya Bachchan,NA - Installing hand pumps,Normal/Others,Uttar Pradesh,Sitting Rajya Sabha,DISTRICT MAGISTRATE BHADOHI_IDA,2024-03-01,63275.0,Unsanctioned,Rajya Sabha,30.0,MEDIUM,Exact duplicate detected. This record occurs 3 times in the dataset.,164,False,True,False,True
422,Smt Jaya Bachchan,NA - Installing hand pumps,Normal/Others,Uttar Pradesh,Sitting Rajya Sabha,DISTRICT MAGISTRATE BHADOHI_IDA,2024-02-29,63275.0,Unsanctioned,Rajya Sabha,22.0,MEDIUM,Exact duplicate detected. This record occurs 3 times in the dataset.,163,False,True,False,False
423,Smt Jaya Bachchan,NA - Installing hand pumps,Normal/Others,Uttar Pradesh,Sitting Rajya Sabha,DISTRICT MAGISTRATE BHADOHI_IDA,2024-02-29,63275.0,Unsanctioned,Rajya Sabha,8.0,LOW,"Near-duplicate match: contextual_near_duplicate (Index: 353, score: 0.55, text sim: 1.00).",164,False,False,False,False
424,SHRI Anil Agarwal,NA - Lighting of public spaces,Normal/Others,Uttar Pradesh,Sitting Rajya Sabha,DISTRICT MAGISTRAE MATHURA_IDA,2024-02-29,2000000.0,Unsanctioned,Rajya Sabha,25.5,MEDIUM,"Allocation is an outlier relative to state works (Z-score: 7.44, excluding current).",34,True,False,False,False
425,Smt Jaya Bachchan,NA - Installing hand pumps,Normal/Others,Uttar Pradesh,Sitting Rajya Sabha,DISTRICT MAGISTRATE BHADOHI_IDA,2024-02-29,63275.0,Unsanctioned,Rajya Sabha,8.0,LOW,"Near-duplicate match: contextual_near_duplicate (Index: 353, score: 0.55, text sim: 1.00).",164,False,False,False,False
426,Smt Jaya Bachchan,NA - Installing hand pumps,Normal/Others,Uttar Pradesh,Sitting Rajya Sabha,DISTRICT MAGISTRATE BHADOHI_IDA,2024-02-29,63275.0,Unsanctioned,Rajya Sabha,22.0,MEDIUM,Exact duplicate detected. This record occurs 3 times in the dataset.,163,False,True,False,False
427,Smt Jaya Bachchan,NA - Installing hand pumps,Normal/Others,Uttar Pradesh,Sitting Rajya Sabha,DISTRICT MAGISTRATE BHADOHI_IDA,2024-02-29,63275.0,Unsanctioned,Rajya Sabha,22.0,MEDIUM,Exact duplicate detected. This record occurs 4 times in the dataset.,162,False,True,False,False
428,Smt Jaya Bachchan,NA - Installing hand pumps,Normal/Others,Uttar Pradesh,Sitting Rajya Sabha,DISTRICT MAGISTRATE BHADOHI_IDA,2024-02-29,63275.0,Unsanctioned,Rajya Sabha,15.0,LOW,"Near-duplicate match: contextual_near_duplicate (Index: 353, score: 0.55, text sim: 1.00).",164,False,True,False,False
429,Smt Jaya Bachchan,NA - Installing hand pumps,Normal/Others,Uttar Pradesh,Sitting Rajya Sabha,DISTRICT MAGISTRATE BHADOHI_IDA,2024-02-29,63275.0,Unsanctioned,Rajya Sabha,15.0,LOW,"Near-duplicate match: contextual_near_duplicate (Index: 353, score: 0.55, text sim: 1.00).",164,False,True,False,False
430,Smt Jaya Bachchan,NA - Installing hand pumps,Normal/Others,Uttar Pradesh,Sitting Rajya Sabha,DISTRICT MAGISTRATE BHADOHI_IDA,2024-02-29,63275.0,Unsanctioned,Rajya Sabha,32.5,MEDIUM,Exact duplicate detected. This record occurs 8 times in the dataset.,158,False,True,False,False
431,Smt Jaya Bachchan,NA - Installing hand pumps,Normal/Others,Uttar Pradesh,Sitting Rajya Sabha,DISTRICT MAGISTRATE BHADOHI_IDA,2024-02-29,63275.0,Unsanctioned,Rajya Sabha,32.5,MEDIUM,Exact duplicate detected. This record occurs 8 times in the dataset.,158,False,True,False,False
432,Smt Jaya Bachchan,NA - Installing hand pumps,Normal/Others,Uttar Pradesh,Sitting Rajya Sabha,DISTRICT MAGISTRATE BHADOHI_IDA,2024-02-29,63275.0,Unsanctioned,Rajya Sabha,32.5,MEDIUM,Exact duplicate detected. This record occurs 8 times in the dataset.,158,False,True,False,False
433,Smt Jaya Bachchan,NA - Installing hand pumps,Normal/Others,Uttar Pradesh,Sitting Rajya Sabha,DISTRICT MAGISTRATE BHADOHI_IDA,2024-02-29,63275.0,Unsanctioned,Rajya Sabha,32.5,MEDIUM,Exact duplicate detected. This record occurs 8 times in the dataset.,158,False,True,False,False
434,Smt Jaya Bachchan,NA - Installing hand pumps,Normal/Others,Uttar Pradesh,Sitting Rajya Sabha,DISTRICT MAGISTRATE BHADOHI_IDA,2024-02-29,63275.0,Unsanctioned,Rajya Sabha,32.5,MEDIUM,Exact duplicate detected. This record occurs 8 times in the dataset.,158,False,True,False,False
435,Smt Jaya Bachchan,NA - Installing hand pumps,Normal/Others,Uttar Pradesh,Sitting Rajya Sabha,DISTRICT MAGISTRATE BHADOHI_IDA,2024-02-29,63275.0,Unsanctioned,Rajya Sabha,32.5,MEDIUM,Exact duplicate detected. This record occurs 8 times in the dataset.,158,False,True,False,False
436,Smt Jaya Bachchan,NA - Installing hand pumps,Normal/Others,Uttar Pradesh,Sitting Rajya Sabha,DISTRICT MAGISTRATE BHADOHI_IDA,2024-02-29,63275.0,Unsanctioned,Rajya Sabha,32.5,MEDIUM,Exact duplicate detected. This record occurs 8 times in the dataset.,158,False,True,False,False
437,Smt Jaya Bachchan,NA - Installing hand pumps,Normal/Others,Uttar Pradesh,Sitting Rajya Sabha,DISTRICT MAGISTRATE BHADOHI_IDA,2024-02-29,63275.0,Unsanctioned,Rajya Sabha,8.0,LOW,"Near-duplicate match: contextual_near_duplicate (Index: 353, score: 0.55, text sim: 1.00).",164,False,False,False,False
438,Smt Jaya Bachchan,NA - Installing hand pumps,Normal/Others,Uttar Pradesh,Sitting Rajya Sabha,DISTRICT MAGISTRATE BHADOHI_IDA,2024-02-29,63275.0,Unsanctioned,Rajya Sabha,22.0,MEDIUM,Exact duplicate detected. This record occurs 4 times in the dataset.,162,False,True,False,False
439,Smt Jaya Bachchan,NA - Installing hand pumps,Normal/Others,Uttar Pradesh,Sitting Rajya Sabha,DISTRICT MAGISTRATE BHADOHI_IDA,2024-02-29,63275.0,Unsanctioned,Rajya Sabha,8.0,LOW,"Near-duplicate match: contextual_near_duplicate (Index: 353, score: 0.60, text sim: 1.00).",164,False,False,False,False
440,Smt Jaya Bachchan,NA - Installing hand pumps,Normal/Others,Uttar Pradesh,Sitting Rajya Sabha,DISTRICT MAGISTRATE BHADOHI_IDA,2024-02-29,63275.0,Unsanctioned,Rajya Sabha,22.0,MEDIUM,Exact duplicate detected. This record occurs 4 times in the dataset.,162,False,True,False,False
441,Smt Jaya Bachchan,NA - Installing hand pumps,Normal/Others,Uttar Pradesh,Sitting Rajya Sabha,DISTRICT MAGISTRATE BHADOHI_IDA,2024-02-29,63275.0,Unsanctioned,Rajya Sabha,22.0,MEDIUM,Exact duplicate detected. This record occurs 4 times in the dataset.,162,False,True,False,False
442,Smt Jaya Bachchan,NA - Installing hand pumps,Normal/Others,Uttar Pradesh,Sitting Rajya Sabha,DISTRICT MAGISTRATE BHADOHI_IDA,2024-02-29,63275.0,Unsanctioned,Rajya Sabha,8.0,LOW,"Near-duplicate match: contextual_near_duplicate (Index: 353, score: 0.55, text sim: 1.00).",164,False,False,False,False
443,Smt Jaya Bachchan,NA - Installing hand pumps,Normal/Others,Uttar Pradesh,Sitting Rajya Sabha,DISTRICT MAGISTRATE BHADOHI_IDA,2024-02-29,63275.0,Unsanctioned,Rajya Sabha,8.0,LOW,"Near-duplicate match: contextual_near_duplicate (Index: 353, score: 0.55, text sim: 1.00).",164,False,False,False,False
444,Hasnain Masoodi,NA - Installing tube-wells and borewells,Normal/Others,Jammu And Kashmir,ANANTNAG,Deputy Commissioner Pulwama_IDA,2024-02-29,200000.0,Unsanctioned,Lok Sabha,18.0,LOW,Allocation is 3.2x the median of comparable work_type works (excluding current).,2,True,False,False,False
445,P Raveendranath Kumar,NA - Construction of community centers and community halls,Normal/Others,Tamil Nadu,THENI,DISTRICT COLLECTOR MADURAI_IDA,2024-02-29,2500000.0,Unsanctioned,Lok Sabha,21.5,MEDIUM,"Allocation is an outlier relative to state works (Z-score: 3.98, excluding current).",10,True,False,False,False
446,Kani K Navas,NA - Construction of rooms and halls in school and colleges,Normal/Others,Tamil Nadu,RAMANATHAPURAM,DISTRICT COLLECTOR VIRUDHUNAGAR_IDA,2024-02-29,2500000.0,Unsanctioned,Lok Sabha,17.5,LOW,"Allocation is an outlier relative to state works (Z-score: 3.98, excluding current).",11,True,False,False,False
447,Kani K Navas,NA - Lighting of public spaces,Normal/Others,Tamil Nadu,RAMANATHAPURAM,DISTRICT COLLECTOR VIRUDHUNAGAR_IDA,2024-02-29,1000000.0,Unsanctioned,Lok Sabha,18.0,LOW,Allocation is 2.3x the median of comparable state works (excluding current).,46,True,False,False,False
448,Kani K Navas,NA - Lighting of public spaces,Normal/Others,Tamil Nadu,RAMANATHAPURAM,DISTRICT COLLECTOR VIRUDHUNAGAR_IDA,2024-02-29,1000000.0,Unsanctioned,Lok Sabha,18.0,LOW,Allocation is 2.3x the median of comparable state works (excluding current).,46,True,False,False,False
449,P Raveendranath Kumar,"NA - Purchase of ambulances (Four, three and two wheelers)",Normal/Others,Tamil Nadu,THENI,DISTRICT COLLECTOR THENI_IDA,2024-02-29,3000000.0,Unsanctioned,Lok Sabha,17.5,LOW,"Allocation is an outlier relative to state works (Z-score: 5.44, excluding current).",13,True,False,False,False
450,Smt Jaya Bachchan,NA - Installing hand pumps,Normal/Others,Uttar Pradesh,Sitting Rajya Sabha,DISTRICT MAGISTRATE BHADOHI_IDA,2024-02-29,63275.0,Unsanctioned,Rajya Sabha,8.0,LOW,"Near-duplicate match: contextual_near_duplicate (Index: 353, score: 0.55, text sim: 1.00).",164,False,False,False,False
451,Smt Jaya Bachchan,NA - Installing hand pumps,Normal/Others,Uttar Pradesh,Sitting Rajya Sabha,DISTRICT MAGISTRATE BHADOHI_IDA,2024-02-29,63275.0,Unsanctioned,Rajya Sabha,8.0,LOW,"Near-duplicate match: contextual_near_duplicate (Index: 353, score: 0.55, text sim: 1.00).",164,False,False,False,False
452,Smt Jaya Bachchan,NA - Installing hand pumps,Normal/Others,Uttar Pradesh,Sitting Rajya Sabha,DISTRICT MAGISTRATE BHADOHI_IDA,2024-02-29,63275.0,Unsanctioned,Rajya Sabha,15.0,LOW,"Near-duplicate match: contextual_near_duplicate (Index: 353, score: 0.55, text sim: 1.00).",164,False,True,False,False
453,Smt Jaya Bachchan,NA - Installing hand pumps,Normal/Others,Uttar Pradesh,Sitting Rajya Sabha,DISTRICT MAGISTRATE BHADOHI_IDA,2024-02-29,63275.0,Unsanctioned,Rajya Sabha,15.0,LOW,"Near-duplicate match: contextual_near_duplicate (Index: 353, score: 0.55, text sim: 1.00).",164,False,True,False,False
454,Smt Jaya Bachchan,NA - Installing hand pumps,Normal/Others,Uttar Pradesh,Sitting Rajya Sabha,DISTRICT MAGISTRATE BHADOHI_IDA,2024-02-29,63275.0,Unsanctioned,Rajya Sabha,22.0,MEDIUM,Exact duplicate detected. This record occurs 4 times in the dataset.,162,False,True,False,False
455,Smt Jaya Bachchan,NA - Installing hand pumps,Normal/Others,Uttar Pradesh,Sitting Rajya Sabha,DISTRICT MAGISTRATE BHADOHI_IDA,2024-02-29,63275.0,Unsanctioned,Rajya Sabha,22.0,MEDIUM,Exact duplicate detected. This record occurs 4 times in the dataset.,162,False,True,False,False
456,Smt Jaya Bachchan,NA - Installing hand pumps,Normal/Others,Uttar Pradesh,Sitting Rajya Sabha,DISTRICT MAGISTRATE BHADOHI_IDA,2024-02-29,63275.0,Unsanctioned,Rajya Sabha,22.0,MEDIUM,Exact duplicate detected. This record occurs 4 times in the dataset.,162,False,True,False,False
457,Smt Jaya Bachchan,NA - Installing hand pumps,Normal/Others,Uttar Pradesh,Sitting Rajya Sabha,DISTRICT MAGISTRATE BHADOHI_IDA,2024-02-29,63275.0,Unsanctioned,Rajya Sabha,22.0,MEDIUM,Exact duplicate detected. This record occurs 4 times in the dataset.,162,False,True,False,False
458,Smt Jaya Bachchan,NA - Installing hand pumps,Normal/Others,Uttar Pradesh,Sitting Rajya Sabha,DISTRICT MAGISTRATE BHADOHI_IDA,2024-02-29,63275.0,Unsanctioned,Rajya Sabha,8.0,LOW,"Near-duplicate match: contextual_near_duplicate (Index: 353, score: 0.60, text sim: 1.00).",164,False,False,False,False
459,Smt Jaya Bachchan,NA - Installing hand pumps,Normal/Others,Uttar Pradesh,Sitting Rajya Sabha,DISTRICT MAGISTRATE BHADOHI_IDA,2024-02-29,63275.0,Unsanctioned,Rajya Sabha,15.0,LOW,"Near-duplicate match: contextual_near_duplicate (Index: 353, score: 0.60, text sim: 1.00).",164,False,True,False,False
460,Smt Jaya Bachchan,NA - Installing hand pumps,Normal/Others,Uttar Pradesh,Sitting Rajya Sabha,DISTRICT MAGISTRATE BHADOHI_IDA,2024-02-29,63275.0,Unsanctioned,Rajya Sabha,15.0,LOW,"Near-duplicate match: contextual_near_duplicate (Index: 353, score: 0.60, text sim: 1.00).",164,False,True,False,False
461,Smt Jaya Bachchan,NA - Installing hand pumps,Normal/Others,Uttar Pradesh,Sitting Rajya Sabha,DISTRICT MAGISTRATE BHADOHI_IDA,2024-02-29,63275.0,Unsanctioned,Rajya Sabha,8.0,LOW,"Near-duplicate match: contextual_near_duplicate (Index: 353, score: 0.55, text sim: 1.00).",164,False,False,False,False
462,Smt Jaya Bachchan,NA - Installing hand pumps,Normal/Others,Uttar Pradesh,Sitting Rajya Sabha,DISTRICT MAGISTRATE BHADOHI_IDA,2024-02-29,63275.0,Unsanctioned,Rajya Sabha,15.0,LOW,"Near-duplicate match: contextual_near_duplicate (Index: 353, score: 0.55, text sim: 1.00).",164,False,True,False,False
463,Smt Jaya Bachchan,NA - Installing hand pumps,Normal/Others,Uttar Pradesh,Sitting Rajya Sabha,DISTRICT MAGISTRATE BHADOHI_IDA,2024-02-29,63275.0,Unsanctioned,Rajya Sabha,15.0,LOW,"Near-duplicate match: contextual_near_duplicate (Index: 353, score: 0.55, text sim: 1.00).",164,False,True,False,False
464,Smt Jaya Bachchan,NA - Installing hand pumps,Normal/Others,Uttar Pradesh,Sitting Rajya Sabha,DISTRICT MAGISTRATE BHADOHI_IDA,2024-02-29,63275.0,Unsanctioned,Rajya Sabha,8.0,LOW,"Near-duplicate match: contextual_near_duplicate (Index: 353, score: 0.55, text sim: 1.00).",164,False,False,False,False
465,Smt Jaya Bachchan,NA - Installing hand pumps,Normal/Others,Uttar Pradesh,Sitting Rajya Sabha,DISTRICT MAGISTRATE BHADOHI_IDA,2024-02-29,63275.0,Unsanctioned,Rajya Sabha,8.0,LOW,"Near-duplicate match: contextual_near_duplicate (Index: 353, score: 0.60, text sim: 1.00).",164,False,False,False,False
466,Smt Jaya Bachchan,NA - Installing hand pumps,Normal/Others,Uttar Pradesh,Sitting Rajya Sabha,DISTRICT MAGISTRATE BHADOHI_IDA,2024-02-29,63275.0,Unsanctioned,Rajya Sabha,8.0,LOW,"Near-duplicate match: contextual_near_duplicate (Index: 353, score: 0.60, text sim: 1.00).",164,False,False,False,False
467,Smt Jaya Bachchan,NA - Installing hand pumps,Normal/Others,Uttar Pradesh,Sitting Rajya Sabha,DISTRICT MAGISTRATE BHADOHI_IDA,2024-02-29,63275.0,Unsanctioned,Rajya Sabha,22.0,MEDIUM,Exact duplicate detected. This record occurs 3 times in the dataset.,163,False,True,False,False
468,Smt Jaya Bachchan,NA - Installing hand pumps,Normal/Others,Uttar Pradesh,Sitting Rajya Sabha,DISTRICT MAGISTRATE BHADOHI_IDA,2024-02-29,63275.0,Unsanctioned,Rajya Sabha,8.0,LOW,"Near-duplicate match: contextual_near_duplicate (Index: 353, score: 0.60, text sim: 1.00).",164,False,False,False,False
469,Smt Jaya Bachchan,NA - Installing hand pumps,Normal/Others,Uttar Pradesh,Sitting Rajya Sabha,DISTRICT MAGISTRATE BHADOHI_IDA,2024-02-29,63275.0,Unsanctioned,Rajya Sabha,8.0,LOW,"Near-duplicate match: contextual_near_duplicate (Index: 353, score: 0.60, text sim: 1.00).",164,False,False,False,False
470,Smt Jaya Bachchan,NA - Installing hand pumps,Normal/Others,Uttar Pradesh,Sitting Rajya Sabha,DISTRICT MAGISTRATE BHADOHI_IDA,2024-02-29,63275.0,Unsanctioned,Rajya Sabha,15.0,LOW,"Near-duplicate match: contextual_near_duplicate (Index: 353, score: 0.55, text sim: 1.00).",164,False,True,False,False
471,Smt Jaya Bachchan,NA - Installing hand pumps,Normal/Others,Uttar Pradesh,Sitting Rajya Sabha,DISTRICT MAGISTRATE BHADOHI_IDA,2024-02-29,63275.0,Unsanctioned,Rajya Sabha,15.0,LOW,"Near-duplicate match: contextual_near_duplicate (Index: 353, score: 0.55, text sim: 1.00).",164,False,True,False,False
472,Smt Jaya Bachchan,NA - Installing hand pumps,Normal/Others,Uttar Pradesh,Sitting Rajya Sabha,DISTRICT MAGISTRATE BHADOHI_IDA,2024-02-29,63275.0,Unsanctioned,Rajya Sabha,8.0,LOW,"Near-duplicate match: contextual_near_duplicate (Index: 353, score: 0.55, text sim: 1.00).",164,False,False,False,False
473,Smt Jaya Bachchan,NA - Installing hand pumps,Normal/Others,Uttar Pradesh,Sitting Rajya Sabha,DISTRICT MAGISTRATE BHADOHI_IDA,2024-02-29,63275.0,Unsanctioned,Rajya Sabha,15.0,LOW,"Near-duplicate match: contextual_near_duplicate (Index: 353, score: 0.55, text sim: 1.00).",164,False,True,False,False
474,Smt Jaya Bachchan,NA - Installing hand pumps,Normal/Others,Uttar Pradesh,Sitting Rajya Sabha,DISTRICT MAGISTRATE BHADOHI_IDA,2024-02-29,63275.0,Unsanctioned,Rajya Sabha,15.0,LOW,"Near-duplicate match: contextual_near_duplicate (Index: 353, score: 0.55, text sim: 1.00).",164,False,True,False,False
475,Smt Jaya Bachchan,NA - Installing hand pumps,Normal/Others,Uttar Pradesh,Sitting Rajya Sabha,DISTRICT MAGISTRATE BHADOHI_IDA,2024-02-29,63275.0,Unsanctioned,Rajya Sabha,32.5,MEDIUM,Exact duplicate detected. This record occurs 8 times in the dataset.,158,False,True,False,False
476,SHRI Shaktisinh Gohil,NA - Construction of rooms and halls in school and colleges,Normal/Others,Gujarat,Sitting Rajya Sabha,DISTRICT COLLECTOR BHAVNAGAR_IDA,2024-02-28,500000.0,Unsanctioned,Rajya Sabha,18.0,LOW,Allocation is 7.9x the median of comparable house works (excluding current).,6,True,False,False,False
477,SHRI Deepak Prakash,NA - Construction of community centers and community halls,Normal/Others,Jharkhand,Sitting Rajya Sabha,DEPUTY COMMISSIONER RANCHI_IDA,2024-02-28,1450000.0,Unsanctioned,Rajya Sabha,25.5,MEDIUM,"Allocation is an outlier relative to state works (Z-score: 5.16, excluding current).",10,True,False,False,False
478,SH G V L Narasimha Rao,"NA - Construction of roads, link roads, pathways or any other road with or without drainage system",Normal/Others,Uttar Pradesh,Sitting Rajya Sabha,DISTRICT MAGISTRAE VARANASI_IDA,2024-02-28,569000.0,Unsanctioned,Rajya Sabha,18.0,LOW,Allocation is 9.0x the median of comparable state works (excluding current).,36,True,False,False,False
479,SH G V L Narasimha Rao,"NA - Construction of roads, link roads, pathways or any other road with or without drainage system",Normal/Others,Uttar Pradesh,Sitting Rajya Sabha,DISTRICT MAGISTRAE VARANASI_IDA,2024-02-28,622000.0,Unsanctioned,Rajya Sabha,18.0,LOW,Allocation is 9.8x the median of comparable state works (excluding current).,36,True,False,False,False
480,Dr Amar Patnaik,NA - Construction of rooms and halls in school and colleges,Normal/Others,Odisha,Sitting Rajya Sabha,DISTRICT COLLECTOR KHORDHA_IDA,2024-02-28,5000000.0,Unsanctioned,Rajya Sabha,25.5,MEDIUM,"Allocation is an outlier relative to state works (Z-score: 17.76, excluding current).",16,True,False,False,False
481,P Raveendranath Kumar,NA - Street lights,Normal/Others,Tamil Nadu,THENI,DISTRICT COLLECTOR THENI_IDA,2024-02-28,1000000.0,Unsanctioned,Lok Sabha,18.0,LOW,Allocation is 2.3x the median of comparable state works (excluding current).,5,True,False,False,False
482,SH G V L Narasimha Rao,NA - Purchase of non-conventional energy system and devices for community use,Normal/Others,Uttar Pradesh,Sitting Rajya Sabha,DISTRICT MAGISTRAE VARANASI_IDA,2024-02-28,119126.0,Unsanctioned,Rajya Sabha,14.0,LOW,"Suspicious near-duplicate overlap: Same constituency, similar amount, and date proximity (Index: 496, score: 0.89).",2,False,False,True,False
483,Smt Jaya Bachchan,NA - Installing hand pumps,Normal/Others,Uttar Pradesh,Sitting Rajya Sabha,DISTRICT MAGISTRATE BHADOHI_IDA,2024-02-28,63275.0,Unsanctioned,Rajya Sabha,22.0,MEDIUM,Exact duplicate detected. This record occurs 4 times in the dataset.,162,False,True,False,False
484,Smt Jaya Bachchan,NA - Installing hand pumps,Normal/Others,Uttar Pradesh,Sitting Rajya Sabha,DISTRICT MAGISTRATE BHADOHI_IDA,2024-02-28,63275.0,Unsanctioned,Rajya Sabha,22.0,MEDIUM,Exact duplicate detected. This record occurs 4 times in the dataset.,162,False,True,False,False
485,Smt Jaya Bachchan,NA - Installing hand pumps,Normal/Others,Uttar Pradesh,Sitting Rajya Sabha,DISTRICT MAGISTRATE BHADOHI_IDA,2024-02-28,63275.0,Unsanctioned,Rajya Sabha,22.0,MEDIUM,Exact duplicate detected. This record occurs 4 times in the dataset.,162,False,True,False,False
486,Smt Jaya Bachchan,NA - Installing hand pumps,Normal/Others,Uttar Pradesh,Sitting Rajya Sabha,DISTRICT MAGISTRATE BHADOHI_IDA,2024-02-28,63275.0,Unsanctioned,Rajya Sabha,22.0,MEDIUM,Exact duplicate detected. This record occurs 4 times in the dataset.,162,False,True,False,False
487,Smt Jaya Bachchan,NA - Installing hand pumps,Normal/Others,Uttar Pradesh,Sitting Rajya Sabha,DISTRICT MAGISTRATE BHADOHI_IDA,2024-02-28,63275.0,Unsanctioned,Rajya Sabha,8.0,LOW,"Near-duplicate match: contextual_near_duplicate (Index: 353, score: 0.55, text sim: 1.00).",164,False,False,False,False
488,Smt Jaya Bachchan,NA - Installing hand pumps,Normal/Others,Uttar Pradesh,Sitting Rajya Sabha,DISTRICT MAGISTRATE BHADOHI_IDA,2024-02-28,63275.0,Unsanctioned,Rajya Sabha,15.0,LOW,"Near-duplicate match: contextual_near_duplicate (Index: 353, score: 0.55, text sim: 1.00).",164,False,True,False,False
489,Smt Jaya Bachchan,NA - Installing hand pumps,Normal/Others,Uttar Pradesh,Sitting Rajya Sabha,DISTRICT MAGISTRATE BHADOHI_IDA,2024-02-28,63275.0,Unsanctioned,Rajya Sabha,15.0,LOW,"Near-duplicate match: contextual_near_duplicate (Index: 353, score: 0.55, text sim: 1.00).",164,False,True,False,False
490,Smt Jaya Bachchan,NA - Installing hand pumps,Normal/Others,Uttar Pradesh,Sitting Rajya Sabha,DISTRICT MAGISTRATE BHADOHI_IDA,2024-02-28,63275.0,Unsanctioned,Rajya Sabha,8.0,LOW,"Near-duplicate match: contextual_near_duplicate (Index: 353, score: 0.55, text sim: 1.00).",164,False,False,False,False
491,Smt Jaya Bachchan,NA - Installing hand pumps,Normal/Others,Uttar Pradesh,Sitting Rajya Sabha,DISTRICT MAGISTRATE BHADOHI_IDA,2024-02-28,63275.0,Unsanctioned,Rajya Sabha,15.0,LOW,"Near-duplicate match: contextual_near_duplicate (Index: 353, score: 0.55, text sim: 1.00).",164,False,True,False,False
492,Smt Jaya Bachchan,NA - Installing hand pumps,Normal/Others,Uttar Pradesh,Sitting Rajya Sabha,DISTRICT MAGISTRATE BHADOHI_IDA,2024-02-28,63275.0,Unsanctioned,Rajya Sabha,15.0,LOW,"Near-duplicate match: contextual_near_duplicate (Index: 353, score: 0.55, text sim: 1.00).",164,False,True,False,False
493,Smt Jaya Bachchan,NA - Installing hand pumps,Normal/Others,Uttar Pradesh,Sitting Rajya Sabha,DISTRICT MAGISTRATE BHADOHI_IDA,2024-02-28,63275.0,Unsanctioned,Rajya Sabha,8.0,LOW,"Near-duplicate match: contextual_near_duplicate (Index: 353, score: 0.55, text sim: 1.00).",164,False,False,False,False
494,Smt Jaya Bachchan,NA - Installing hand pumps,Normal/Others,Uttar Pradesh,Sitting Rajya Sabha,DISTRICT MAGISTRATE BHADOHI_IDA,2024-02-28,63275.0,Unsanctioned,Rajya Sabha,8.0,LOW,"Near-duplicate match: contextual_near_duplicate (Index: 353, score: 0.55, text sim: 1.00).",164,False,False,False,False
495,Smt Jaya Bachchan,NA - Installing hand pumps,Normal/Others,Uttar Pradesh,Sitting Rajya Sabha,DISTRICT MAGISTRATE BHADOHI_IDA,2024-02-28,63275.0,Unsanctioned,Rajya Sabha,8.0,LOW,"Near-duplicate match: contextual_near_duplicate (Index: 353, score: 0.55, text sim: 1.00).",164,False,False,False,False
496,SH G V L Narasimha Rao,NA - Purchase of non-conventional energy system and devices for community use,Normal/Others,Uttar Pradesh,Sitting Rajya Sabha,DISTRICT MAGISTRAE VARANASI_IDA,2024-02-28,119126.0,Unsanctioned,Rajya Sabha,14.0,LOW,"Suspicious near-duplicate overlap: Same constituency, similar amount, and date proximity (Index: 482, score: 0.89).",2,False,False,True,False
497,Smt Jaya Bachchan,NA - Installing hand pumps,Normal/Others,Uttar Pradesh,Sitting Rajya Sabha,DISTRICT MAGISTRATE BHADOHI_IDA,2024-02-28,63275.0,Unsanctioned,Rajya Sabha,15.0,LOW,"Near-duplicate match: contextual_near_duplicate (Index: 353, score: 0.55, text sim: 1.00).",164,False,True,False,False
498,Smt Jaya Bachchan,NA - Installing hand pumps,Normal/Others,Uttar Pradesh,Sitting Rajya Sabha,DISTRICT MAGISTRATE BHADOHI_IDA,2024-02-28,63275.0,Unsanctioned,Rajya Sabha,15.0,LOW,"Near-duplicate match: contextual_near_duplicate (Index: 353, score: 0.55, text sim: 1.00).",164,False,True,False,False
499,Smt Jaya Bachchan,NA - Installing hand pumps,Normal/Others,Uttar Pradesh,Sitting Rajya Sabha,DISTRICT MAGISTRATE BHADOHI_IDA,2024-02-28,63275.0,Unsanctioned,Rajya Sabha,15.0,LOW,"Near-duplicate match: contextual_near_duplicate (Index: 353, score: 0.55, text sim: 1.00).",164,False,True,False,False
500,Smt Jaya Bachchan,NA - Installing hand pumps,Normal/Others,Uttar Pradesh,Sitting Rajya Sabha,DISTRICT MAGISTRATE BHADOHI_IDA,2024-02-28,63275.0,Unsanctioned,Rajya Sabha,15.0,LOW,"Near-duplicate match: contextual_near_duplicate (Index: 353, score: 0.55, text sim: 1.00).",164,False,True,False,False
501,Hemant Tukaram Godse,"WS/MP669/2023-2024/116796 - Purchase of IT systems, including hardware and software for educational purposes",Normal/Others,Maharashtra,NASHIK,DISTRICT COLLECTOR NASHIK_IDA,2024-02-28,49909.0,,Lok Sabha,0.0,LOW,,0,False,False,False,False
502,Smt Jaya Bachchan,NA - Installing hand pumps,Normal/Others,Uttar Pradesh,Sitting Rajya Sabha,DISTRICT MAGISTRATE BHADOHI_IDA,2024-02-27,63275.0,Unsanctioned,Rajya Sabha,43.0,MEDIUM,Exact duplicate detected. This record occurs 19 times in the dataset.,147,False,True,False,False
503,Smt Jaya Bachchan,NA - Installing hand pumps,Normal/Others,Uttar Pradesh,Sitting Rajya Sabha,DISTRICT MAGISTRATE BHADOHI_IDA,2024-02-27,63275.0,Unsanctioned,Rajya Sabha,43.0,MEDIUM,Exact duplicate detected. This record occurs 19 times in the dataset.,147,False,True,False,False
504,Smt Jaya Bachchan,NA - Installing hand pumps,Normal/Others,Uttar Pradesh,Sitting Rajya Sabha,DISTRICT MAGISTRATE BHADOHI_IDA,2024-02-27,63275.0,Unsanctioned,Rajya Sabha,43.0,MEDIUM,Exact duplicate detected. This record occurs 19 times in the dataset.,147,False,True,False,False
505,Smt Jaya Bachchan,NA - Installing hand pumps,Normal/Others,Uttar Pradesh,Sitting Rajya Sabha,DISTRICT MAGISTRATE BHADOHI_IDA,2024-02-27,63275.0,Unsanctioned,Rajya Sabha,32.5,MEDIUM,Exact duplicate detected. This record occurs 8 times in the dataset.,158,False,True,False,False
506,Smt Jaya Bachchan,NA - Installing hand pumps,Normal/Others,Uttar Pradesh,Sitting Rajya Sabha,DISTRICT MAGISTRATE BHADOHI_IDA,2024-02-27,63275.0,Unsanctioned,Rajya Sabha,8.0,LOW,"Near-duplicate match: contextual_near_duplicate (Index: 353, score: 0.55, text sim: 1.00).",164,False,False,False,False
507,Smt Jaya Bachchan,NA - Installing hand pumps,Normal/Others,Uttar Pradesh,Sitting Rajya Sabha,DISTRICT MAGISTRATE BHADOHI_IDA,2024-02-27,63275.0,Unsanctioned,Rajya Sabha,43.0,MEDIUM,Exact duplicate detected. This record occurs 19 times in the dataset.,147,False,True,False,False
508,Smt Jaya Bachchan,NA - Installing hand pumps,Normal/Others,Uttar Pradesh,Sitting Rajya Sabha,DISTRICT MAGISTRATE BHADOHI_IDA,2024-02-27,63275.0,Unsanctioned,Rajya Sabha,43.0,MEDIUM,Exact duplicate detected. This record occurs 19 times in the dataset.,147,False,True,False,False
509,Smt Jaya Bachchan,NA - Installing hand pumps,Normal/Others,Uttar Pradesh,Sitting Rajya Sabha,DISTRICT MAGISTRATE BHADOHI_IDA,2024-02-27,63275.0,Unsanctioned,Rajya Sabha,43.0,MEDIUM,Exact duplicate detected. This record occurs 19 times in the dataset.,147,False,True,False,False
510,Smt Jaya Bachchan,NA - Installing hand pumps,Normal/Others,Uttar Pradesh,Sitting Rajya Sabha,DISTRICT MAGISTRATE BHADOHI_IDA,2024-02-27,63275.0,Unsanctioned,Rajya Sabha,43.0,MEDIUM,Exact duplicate detected. This record occurs 19 times in the dataset.,147,False,True,False,False
511,Smt Jaya Bachchan,NA - Installing hand pumps,Normal/Others,Uttar Pradesh,Sitting Rajya Sabha,DISTRICT MAGISTRATE BHADOHI_IDA,2024-02-27,63275.0,Unsanctioned,Rajya Sabha,43.0,MEDIUM,Exact duplicate detected. This record occurs 19 times in the dataset.,147,False,True,False,False
512,Smt Jaya Bachchan,NA - Installing hand pumps,Normal/Others,Uttar Pradesh,Sitting Rajya Sabha,DISTRICT MAGISTRATE BHADOHI_IDA,2024-02-27,63275.0,Unsanctioned,Rajya Sabha,43.0,MEDIUM,Exact duplicate detected. This record occurs 19 times in the dataset.,147,False,True,False,False
513,Smt Jaya Bachchan,NA - Installing hand pumps,Normal/Others,Uttar Pradesh,Sitting Rajya Sabha,DISTRICT MAGISTRATE BHADOHI_IDA,2024-02-27,63275.0,Unsanctioned,Rajya Sabha,43.0,MEDIUM,Exact duplicate detected. This record occurs 19 times in the dataset.,147,False,True,False,False
514,Smt Jaya Bachchan,NA - Installing hand pumps,Normal/Others,Uttar Pradesh,Sitting Rajya Sabha,DISTRICT MAGISTRATE BHADOHI_IDA,2024-02-27,63275.0,Unsanctioned,Rajya Sabha,43.0,MEDIUM,Exact duplicate detected. This record occurs 19 times in the dataset.,147,False,True,False,False
515,Smt Jaya Bachchan,NA - Installing hand pumps,Normal/Others,Uttar Pradesh,Sitting Rajya Sabha,DISTRICT MAGISTRATE BHADOHI_IDA,2024-02-27,63275.0,Unsanctioned,Rajya Sabha,43.0,MEDIUM,Exact duplicate detected. This record occurs 19 times in the dataset.,147,False,True,False,False
516,Smt Jaya Bachchan,NA - Installing hand pumps,Normal/Others,Uttar Pradesh,Sitting Rajya Sabha,DISTRICT MAGISTRATE BHADOHI_IDA,2024-02-27,63275.0,Unsanctioned,Rajya Sabha,43.0,MEDIUM,Exact duplicate detected. This record occurs 19 times in the dataset.,147,False,True,False,False
517,Smt Jaya Bachchan,NA - Installing hand pumps,Normal/Others,Uttar Pradesh,Sitting Rajya Sabha,DISTRICT MAGISTRATE BHADOHI_IDA,2024-02-27,63275.0,Unsanctioned,Rajya Sabha,43.0,MEDIUM,Exact duplicate detected. This record occurs 19 times in the dataset.,147,False,True,False,False
518,Smt Jaya Bachchan,NA - Installing hand pumps,Normal/Others,Uttar Pradesh,Sitting Rajya Sabha,DISTRICT MAGISTRATE BHADOHI_IDA,2024-02-27,63275.0,Unsanctioned,Rajya Sabha,43.0,MEDIUM,Exact duplicate detected. This record occurs 19 times in the dataset.,147,False,True,False,False
519,Smt Jaya Bachchan,NA - Installing hand pumps,Normal/Others,Uttar Pradesh,Sitting Rajya Sabha,DISTRICT MAGISTRATE BHADOHI_IDA,2024-02-27,63275.0,Unsanctioned,Rajya Sabha,43.0,MEDIUM,Exact duplicate detected. This record occurs 19 times in the dataset.,147,False,True,False,False
520,Smt Jaya Bachchan,NA - Installing hand pumps,Normal/Others,Uttar Pradesh,Sitting Rajya Sabha,DISTRICT MAGISTRATE BHADOHI_IDA,2024-02-27,63275.0,Unsanctioned,Rajya Sabha,43.0,MEDIUM,Exact duplicate detected. This record occurs 19 times in the dataset.,147,False,True,False,False
521,Smt Jaya Bachchan,NA - Installing hand pumps,Normal/Others,Uttar Pradesh,Sitting Rajya Sabha,DISTRICT MAGISTRATE BHADOHI_IDA,2024-02-27,63275.0,Unsanctioned,Rajya Sabha,32.5,MEDIUM,Exact duplicate detected. This record occurs 8 times in the dataset.,158,False,True,False,False
522,Smt Jaya Bachchan,NA - Installing hand pumps,Normal/Others,Uttar Pradesh,Sitting Rajya Sabha,DISTRICT MAGISTRATE BHADOHI_IDA,2024-02-27,63275.0,Unsanctioned,Rajya Sabha,32.5,MEDIUM,Exact duplicate detected. This record occurs 8 times in the dataset.,158,False,True,False,False
523,Smt Jaya Bachchan,NA - Installing hand pumps,Normal/Others,Uttar Pradesh,Sitting Rajya Sabha,DISTRICT MAGISTRATE BHADOHI_IDA,2024-02-27,63275.0,Unsanctioned,Rajya Sabha,32.5,MEDIUM,Exact duplicate detected. This record occurs 8 times in the dataset.,158,False,True,False,False
524,Smt Jaya Bachchan,NA - Installing hand pumps,Normal/Others,Uttar Pradesh,Sitting Rajya Sabha,DISTRICT MAGISTRATE BHADOHI_IDA,2024-02-27,63275.0,Unsanctioned,Rajya Sabha,32.5,MEDIUM,Exact duplicate detected. This record occurs 8 times in the dataset.,158,False,True,False,False
525,Smt Jaya Bachchan,NA - Installing hand pumps,Normal/Others,Uttar Pradesh,Sitting Rajya Sabha,DISTRICT MAGISTRATE BHADOHI_IDA,2024-02-27,63275.0,Unsanctioned,Rajya Sabha,8.0,LOW,"Near-duplicate match: contextual_near_duplicate (Index: 353, score: 0.55, text sim: 1.00).",164,False,False,False,False
526,Smt Jaya Bachchan,NA - Installing hand pumps,Normal/Others,Uttar Pradesh,Sitting Rajya Sabha,DISTRICT MAGISTRATE BHADOHI_IDA,2024-02-27,63275.0,Unsanctioned,Rajya Sabha,8.0,LOW,"Near-duplicate match: contextual_near_duplicate (Index: 353, score: 0.55, text sim: 1.00).",164,False,False,False,False
527,Smt Jaya Bachchan,NA - Installing hand pumps,Normal/Others,Uttar Pradesh,Sitting Rajya Sabha,DISTRICT MAGISTRATE BHADOHI_IDA,2024-02-27,63275.0,Unsanctioned,Rajya Sabha,8.0,LOW,"Near-duplicate match: contextual_near_duplicate (Index: 353, score: 0.55, text sim: 1.00).",164,False,False,False,False
528,Smt Jaya Bachchan,NA - Installing hand pumps,Normal/Others,Uttar Pradesh,Sitting Rajya Sabha,DISTRICT MAGISTRATE BHADOHI_IDA,2024-02-27,63275.0,Unsanctioned,Rajya Sabha,8.0,LOW,"Near-duplicate match: contextual_near_duplicate (Index: 353, score: 0.55, text sim: 1.00).",164,False,False,False,False
529,Smt Jaya Bachchan,NA - Installing hand pumps,Normal/Others,Uttar Pradesh,Sitting Rajya Sabha,DISTRICT MAGISTRATE BHADOHI_IDA,2024-02-27,63275.0,Unsanctioned,Rajya Sabha,22.0,MEDIUM,Exact duplicate detected. This record occurs 4 times in the dataset.,162,False,True,False,False
530,Smt Jaya Bachchan,NA - Installing hand pumps,Normal/Others,Uttar Pradesh,Sitting Rajya Sabha,DISTRICT MAGISTRATE BHADOHI_IDA,2024-02-27,63275.0,Unsanctioned,Rajya Sabha,22.0,MEDIUM,Exact duplicate detected. This record occurs 4 times in the dataset.,162,False,True,False,False
531,Smt Jaya Bachchan,NA - Installing hand pumps,Normal/Others,Uttar Pradesh,Sitting Rajya Sabha,DISTRICT MAGISTRATE BHADOHI_IDA,2024-02-27,63275.0,Unsanctioned,Rajya Sabha,22.0,MEDIUM,Exact duplicate detected. This record occurs 4 times in the dataset.,162,False,True,False,False
532,Smt Jaya Bachchan,NA - Installing hand pumps,Normal/Others,Uttar Pradesh,Sitting Rajya Sabha,DISTRICT MAGISTRATE BHADOHI_IDA,2024-02-27,63275.0,Unsanctioned,Rajya Sabha,22.0,MEDIUM,Exact duplicate detected. This record occurs 4 times in the dataset.,162,False,True,False,False
533,Smt Jaya Bachchan,NA - Installing hand pumps,Normal/Others,Uttar Pradesh,Sitting Rajya Sabha,DISTRICT MAGISTRATE BHADOHI_IDA,2024-02-27,63275.0,Unsanctioned,Rajya Sabha,22.0,MEDIUM,Exact duplicate detected. This record occurs 3 times in the dataset.,163,False,True,False,False
534,Smt Jaya Bachchan,NA - Installing hand pumps,Normal/Others,Uttar Pradesh,Sitting Rajya Sabha,DISTRICT MAGISTRATE BHADOHI_IDA,2024-02-27,63275.0,Unsanctioned,Rajya Sabha,22.0,MEDIUM,Exact duplicate detected. This record occurs 3 times in the dataset.,163,False,True,False,False
535,Smt Jaya Bachchan,NA - Installing hand pumps,Normal/Others,Uttar Pradesh,Sitting Rajya Sabha,DISTRICT MAGISTRATE BHADOHI_IDA,2024-02-27,63275.0,Unsanctioned,Rajya Sabha,22.0,MEDIUM,Exact duplicate detected. This record occurs 3 times in the dataset.,163,False,True,False,False
536,Smt Jaya Bachchan,NA - Installing hand pumps,Normal/Others,Uttar Pradesh,Sitting Rajya Sabha,DISTRICT MAGISTRATE BHADOHI_IDA,2024-02-27,63275.0,Unsanctioned,Rajya Sabha,8.0,LOW,"Near-duplicate match: contextual_near_duplicate (Index: 353, score: 0.55, text sim: 1.00).",164,False,False,False,False
537,Smt Jaya Bachchan,NA - Installing hand pumps,Normal/Others,Uttar Pradesh,Sitting Rajya Sabha,DISTRICT MAGISTRATE BHADOHI_IDA,2024-02-27,63275.0,Unsanctioned,Rajya Sabha,32.5,MEDIUM,Exact duplicate detected. This record occurs 8 times in the dataset.,158,False,True,False,False
538,Smt Jaya Bachchan,NA - Installing hand pumps,Normal/Others,Uttar Pradesh,Sitting Rajya Sabha,DISTRICT MAGISTRATE BHADOHI_IDA,2024-02-27,63275.0,Unsanctioned,Rajya Sabha,32.5,MEDIUM,Exact duplicate detected. This record occurs 8 times in the dataset.,158,False,True,False,False
539,Smt Jaya Bachchan,NA - Installing hand pumps,Normal/Others,Uttar Pradesh,Sitting Rajya Sabha,DISTRICT MAGISTRATE BHADOHI_IDA,2024-02-27,63275.0,Unsanctioned,Rajya Sabha,32.5,MEDIUM,Exact duplicate detected. This record occurs 8 times in the dataset.,158,False,True,False,False
540,Smt Jaya Bachchan,NA - Installing hand pumps,Normal/Others,Uttar Pradesh,Sitting Rajya Sabha,DISTRICT MAGISTRATE BHADOHI_IDA,2024-02-27,63275.0,Unsanctioned,Rajya Sabha,43.0,MEDIUM,Exact duplicate detected. This record occurs 19 times in the dataset.,147,False,True,False,False
541,Smt Jaya Bachchan,NA - Installing hand pumps,Normal/Others,Uttar Pradesh,Sitting Rajya Sabha,DISTRICT MAGISTRATE BHADOHI_IDA,2024-02-27,63275.0,Unsanctioned,Rajya Sabha,43.0,MEDIUM,Exact duplicate detected. This record occurs 19 times in the dataset.,147,False,True,False,False
542,Mahesh Jethmalani (Nominated Rajya Sabha),NA - Construction of community centers and community halls,Normal/Others,Delhi,Nominated Rajya Sabha,DISTRICT COLLECTOR BIKANER_IDA,2024-02-27,800000.0,Unsanctioned,Rajya Sabha,18.0,LOW,Allocation is 12.6x the median of comparable house works (excluding current).,6,True,False,False,False
543,Mahesh Jethmalani (Nominated Rajya Sabha),NA - Construction of community centers and community halls,Normal/Others,Delhi,Nominated Rajya Sabha,DISTRICT COLLECTOR BIKANER_IDA,2024-02-27,800000.0,Unsanctioned,Rajya Sabha,18.0,LOW,Allocation is 12.6x the median of comparable house works (excluding current).,6,True,False,False,False
544,Mahesh Jethmalani (Nominated Rajya Sabha),NA - Construction of community centers and community halls,Normal/Others,Delhi,Nominated Rajya Sabha,DISTRICT COLLECTOR BIKANER_IDA,2024-02-27,1000000.0,Unsanctioned,Rajya Sabha,18.0,LOW,Allocation is 15.8x the median of comparable house works (excluding current).,6,True,False,False,False
545,Mahesh Jethmalani (Nominated Rajya Sabha),NA - Construction of boundary walls of existing public and community buildings,Normal/Others,Delhi,Nominated Rajya Sabha,DISTRICT COLLECTOR BIKANER_IDA,2024-02-26,1000000.0,Unsanctioned,Rajya Sabha,10.0,LOW,Allocation is 15.8x the median of comparable house works (excluding current).,1,True,False,False,False
546,Mahesh Jethmalani (Nominated Rajya Sabha),NA - Construction of community centers and community halls,Normal/Others,Delhi,Nominated Rajya Sabha,DISTRICT COLLECTOR BIKANER_IDA,2024-02-26,900000.0,Unsanctioned,Rajya Sabha,18.0,LOW,Allocation is 14.2x the median of comparable house works (excluding current).,6,True,False,False,False
547,Mahesh Jethmalani (Nominated Rajya Sabha),NA - Construction of additional rooms and halls in the existing public and community building,Normal/Others,Delhi,Nominated Rajya Sabha,DISTRICT COLLECTOR BIKANER_IDA,2024-02-26,800000.0,Unsanctioned,Rajya Sabha,10.0,LOW,Allocation is 12.6x the median of comparable house works (excluding current).,1,True,False,False,False
548,Mahesh Jethmalani (Nominated Rajya Sabha),NA - Construction of community centers and community halls,Normal/Others,Delhi,Nominated Rajya Sabha,DISTRICT COLLECTOR BIKANER_IDA,2024-02-26,700000.0,Unsanctioned,Rajya Sabha,18.0,LOW,Allocation is 11.1x the median of comparable house works (excluding current).,6,True,False,False,False
549,Gajendra Singh Patel,NA - Construction of community centers and community halls,Normal/Others,Madhya Pradesh,KHARGONE(ST),DISTRICT COLLECTOR KHARGONE_IDA,2024-02-26,500000.0,Unsanctioned,Lok Sabha,4.0,LOW,"Near-duplicate match: template_match (Index: 712, score: 0.30, text sim: 1.00).",1,False,False,False,False
550,Mahesh Jethmalani (Nominated Rajya Sabha),NA - Providing drains and gutters for public drainage,Normal/Others,Delhi,Nominated Rajya Sabha,DISTRICT COLLECTOR BIKANER_IDA,2024-02-26,3000000.0,Unsanctioned,Rajya Sabha,17.5,LOW,"Allocation is an outlier relative to state works (Z-score: 19.08, excluding current).",13,True,False,False,False
551,Smt PT Usha (NRS),NA - Construction of buildings for crèches and anganwadies,Normal/Others,Kerala,Nominated Rajya Sabha,DISTRICT COLLECTOR PATHANAMTHITTA_IDA,2024-02-26,1800000.0,Unsanctioned,Rajya Sabha,17.5,LOW,"Allocation is an outlier relative to house works (Z-score: 3.16, excluding current).",4,True,False,False,False
552,Mahesh Jethmalani (Nominated Rajya Sabha),NA - Construction of community centers and community halls,Normal/Others,Delhi,Nominated Rajya Sabha,DISTRICT COLLECTOR BIKANER_IDA,2024-02-26,1000000.0,Unsanctioned,Rajya Sabha,18.0,LOW,Allocation is 15.8x the median of comparable house works (excluding current).,6,True,False,False,False
553,Shri Tapir Gao,NA - Construction of public irrigation facilities,Normal/Others,Arunachal Pradesh,ARUNACHAL EAST,Deputy Commisioner Siang_IDA,2024-02-26,200000.0,Unsanctioned,Lok Sabha,0.0,LOW,,0,False,False,False,False
554,Mahesh Jethmalani (Nominated Rajya Sabha),NA - Crematoriums or structures on burial/ cremation ground for public convenience,Normal/Others,Delhi,Nominated Rajya Sabha,DISTRICT COLLECTOR BIKANER_IDA,2024-02-26,800000.0,Unsanctioned,Rajya Sabha,10.0,LOW,Allocation is 12.6x the median of comparable house works (excluding current).,1,True,False,False,False
555,SH G V L Narasimha Rao,NA - Purchase of non-conventional energy system and devices for community use,Normal/Others,Uttar Pradesh,Sitting Rajya Sabha,DISTRICT MAGISTRAE GAUTAMBUDHNAGAR_IDA,2024-02-26,720000.0,Unsanctioned,Rajya Sabha,24.0,MEDIUM,"Suspicious near-duplicate overlap: Same constituency, similar amount, and date proximity (Index: 482, score: 0.71).",6,True,False,True,False
556,Shri Sakaldeep Rajbhar,NA - Construction of rooms and halls in school and colleges,Normal/Others,Uttar Pradesh,Sitting Rajya Sabha,DISTRICT MAGISTRATE SANT KABIR NAGAR_IDA,2024-02-26,1000000.0,Unsanctioned,Rajya Sabha,25.5,MEDIUM,"Allocation is an outlier relative to state works (Z-score: 3.09, excluding current).",7,True,False,False,False
557,Kum Agatha K Sangma,"WS/MP694/2023-2024/115471 - Purchase of ambulances (Four, three and two wheelers)",Normal/Others,Meghalaya,TURA,DEPUTY COMMISSIONER WEST GARO HILLS_IDA,2024-02-26,1800000.0,Ongoing,Lok Sabha,17.5,LOW,"Allocation is an outlier relative to house works (Z-score: 3.26, excluding current).",4,True,False,False,False
558,Kum Agatha K Sangma,"NA - Construction of roads, link roads, pathways or any other road with or without drainage system",Normal/Others,Meghalaya,TURA,DEPUTY COMMISSIONER SOUTH WEST GARO HILLS AMPATI_IDA,2024-02-26,200000.0,Unsanctioned,Lok Sabha,0.0,LOW,,0,False,False,False,False
559,Smt Mangal Suresh Angadi,"NA - Construction of roads, link roads, pathways or any other road with or without drainage system",Normal/Others,Karnataka,BELGAUM,DEPUTY COMMISSIONER BELGAUM_IDA,2024-02-26,500000.0,Unsanctioned,Lok Sabha,4.0,LOW,"Near-duplicate match: template_match (Index: 66, score: 0.18, text sim: 1.00).",26,False,False,False,False
560,Saptagiri Sankar Ulaka,NA - Construction of culverts and bridges,Normal/Others,Odisha,KORAPUT(ST),District Collector Koraput_IDA,2024-02-25,250000.0,Unsanctioned,Lok Sabha,21.0,MEDIUM,"Suspicious near-duplicate overlap: Same constituency, similar amount, and date proximity (Index: 563, score: 0.87).",3,False,True,True,False
561,Saptagiri Sankar Ulaka,"NA - Construction of roads, link roads, pathways or any other road with or without drainage system",Normal/Others,Odisha,KORAPUT(ST),District Collector Koraput_IDA,2024-02-25,500000.0,Unsanctioned,Lok Sabha,8.0,LOW,"Near-duplicate match: contextual_near_duplicate (Index: 562, score: 0.54, text sim: 1.00).",32,False,False,False,False
562,Saptagiri Sankar Ulaka,"NA - Construction of roads, link roads, pathways or any other road with or without drainage system",Normal/Others,Odisha,KORAPUT(ST),District Collector Koraput_IDA,2024-02-25,300000.0,Unsanctioned,Lok Sabha,8.0,LOW,"Near-duplicate match: contextual_near_duplicate (Index: 561, score: 0.54, text sim: 1.00).",32,False,False,False,False
563,Saptagiri Sankar Ulaka,NA - Construction of culverts and bridges,Normal/Others,Odisha,KORAPUT(ST),District Collector Koraput_IDA,2024-02-25,250000.0,Unsanctioned,Lok Sabha,14.0,LOW,"Suspicious near-duplicate overlap: Same constituency, similar amount, and date proximity (Index: 560, score: 0.87).",3,False,False,True,False
564,Saptagiri Sankar Ulaka,NA - Installing tube-wells and borewells,Normal/Others,Odisha,KORAPUT(ST),District Collector Koraput_IDA,2024-02-25,200000.0,Unsanctioned,Lok Sabha,10.0,LOW,Allocation is 3.2x the median of comparable work_type works (excluding current).,1,True,False,False,False
565,Saptagiri Sankar Ulaka,NA - Construction of culverts and bridges,Normal/Others,Odisha,KORAPUT(ST),District Collector Koraput_IDA,2024-02-25,300000.0,Unsanctioned,Lok Sabha,14.0,LOW,"Suspicious near-duplicate overlap: Same constituency, similar amount, and date proximity (Index: 560, score: 0.84).",3,False,False,True,False
566,Saptagiri Sankar Ulaka,NA - Construction of culverts and bridges,Normal/Others,Odisha,KORAPUT(ST),District Collector Koraput_IDA,2024-02-25,250000.0,Unsanctioned,Lok Sabha,21.0,MEDIUM,"Suspicious near-duplicate overlap: Same constituency, similar amount, and date proximity (Index: 563, score: 0.87).",3,False,True,True,False
567,Smt Rajashree Mallick,NA - Construction of community centers and community halls,Normal/Others,Odisha,JAGATSINGHPUR(SC),DISTRICT COLLECTOR JAGATSINGHPUR_IDA,2024-02-25,200000.0,Unsanctioned,Lok Sabha,8.0,LOW,"Near-duplicate match: contextual_near_duplicate (Index: 578, score: 0.55, text sim: 1.00).",34,False,False,False,False
568,Saptagiri Sankar Ulaka,NA - Construction of community centers and community halls,Normal/Others,Odisha,KORAPUT(ST),District Collector Koraput_IDA,2024-02-25,500000.0,Unsanctioned,Lok Sabha,4.0,LOW,"Near-duplicate match: template_match (Index: 55, score: 0.27, text sim: 1.00).",34,False,False,False,False
569,Smt Rajashree Mallick,"NA - Construction of roads, link roads, pathways or any other road with or without drainage system",Normal/Others,Odisha,JAGATSINGHPUR(SC),DISTRICT COLLECTOR JAGATSINGHPUR_IDA,2024-02-25,150000.0,Unsanctioned,Lok Sabha,8.0,LOW,"Near-duplicate match: contextual_near_duplicate (Index: 573, score: 0.53, text sim: 1.00).",32,False,False,False,False
570,Smt Rajashree Mallick,NA - Lighting of public spaces,Normal/Others,Odisha,JAGATSINGHPUR(SC),DISTRICT COLLECTOR JAGATSINGHPUR_IDA,2024-02-25,150000.0,Unsanctioned,Lok Sabha,8.0,LOW,"Near-duplicate match: contextual_near_duplicate (Index: 574, score: 0.55, text sim: 1.00).",17,False,False,False,False
571,Saptagiri Sankar Ulaka,"NA - Construction of roads, link roads, pathways or any other road with or without drainage system",Normal/Others,Odisha,KORAPUT(ST),District Collector Koraput_IDA,2024-02-25,250000.0,Unsanctioned,Lok Sabha,8.0,LOW,"Near-duplicate match: contextual_near_duplicate (Index: 561, score: 0.53, text sim: 1.00).",32,False,False,False,False
572,Smt Rajashree Mallick,NA - Construction of rooms and halls in school and colleges,Normal/Others,Odisha,JAGATSINGHPUR(SC),DISTRICT COLLECTOR JAGATSINGHPUR_IDA,2024-02-25,200000.0,Unsanctioned,Lok Sabha,8.0,LOW,"Near-duplicate match: contextual_near_duplicate (Index: 690, score: 0.40, text sim: 1.00).",4,False,False,False,False
573,Smt Rajashree Mallick,"NA - Construction of roads, link roads, pathways or any other road with or without drainage system",Normal/Others,Odisha,JAGATSINGHPUR(SC),DISTRICT COLLECTOR JAGATSINGHPUR_IDA,2024-02-25,300000.0,Unsanctioned,Lok Sabha,8.0,LOW,"Near-duplicate match: contextual_near_duplicate (Index: 569, score: 0.53, text sim: 1.00).",32,False,False,False,False
574,Smt Rajashree Mallick,NA - Lighting of public spaces,Normal/Others,Odisha,JAGATSINGHPUR(SC),DISTRICT COLLECTOR JAGATSINGHPUR_IDA,2024-02-25,100000.0,Unsanctioned,Lok Sabha,8.0,LOW,"Near-duplicate match: contextual_near_duplicate (Index: 570, score: 0.55, text sim: 1.00).",17,False,False,False,False
575,Smt Rajashree Mallick,NA - Lighting of public spaces,Normal/Others,Odisha,JAGATSINGHPUR(SC),DISTRICT COLLECTOR JAGATSINGHPUR_IDA,2024-02-25,100000.0,Unsanctioned,Lok Sabha,8.0,LOW,"Near-duplicate match: contextual_near_duplicate (Index: 570, score: 0.55, text sim: 1.00).",17,False,False,False,False
576,Smt Rajashree Mallick,NA - Lighting of public spaces,Normal/Others,Odisha,JAGATSINGHPUR(SC),DISTRICT COLLECTOR JAGATSINGHPUR_IDA,2024-02-25,150000.0,Unsanctioned,Lok Sabha,8.0,LOW,"Near-duplicate match: contextual_near_duplicate (Index: 570, score: 0.60, text sim: 1.00).",17,False,False,False,False
577,Smt Rajashree Mallick,"NA - Construction of roads, link roads, pathways or any other road with or without drainage system",Normal/Others,Odisha,JAGATSINGHPUR(SC),DISTRICT COLLECTOR JAGATSINGHPUR_IDA,2024-02-25,150000.0,Unsanctioned,Lok Sabha,8.0,LOW,"Near-duplicate match: contextual_near_duplicate (Index: 569, score: 0.60, text sim: 1.00).",32,False,False,False,False
578,Smt Rajashree Mallick,NA - Construction of community centers and community halls,Normal/Others,Odisha,JAGATSINGHPUR(SC),DISTRICT COLLECTOR JAGATSINGHPUR_IDA,2024-02-25,300000.0,Unsanctioned,Lok Sabha,8.0,LOW,"Near-duplicate match: contextual_near_duplicate (Index: 567, score: 0.55, text sim: 1.00).",34,False,False,False,False
579,Smt Rajashree Mallick,"NA - Construction of roads, link roads, pathways or any other road with or without drainage system",Normal/Others,Odisha,JAGATSINGHPUR(SC),DISTRICT COLLECTOR JAGATSINGHPUR_IDA,2024-02-25,200000.0,Unsanctioned,Lok Sabha,8.0,LOW,"Near-duplicate match: contextual_near_duplicate (Index: 569, score: 0.56, text sim: 1.00).",32,False,False,False,False
580,Smt Rajashree Mallick,NA - Lighting of public spaces,Normal/Others,Odisha,JAGATSINGHPUR(SC),DISTRICT COLLECTOR JAGATSINGHPUR_IDA,2024-02-25,200000.0,Unsanctioned,Lok Sabha,8.0,LOW,"Near-duplicate match: contextual_near_duplicate (Index: 570, score: 0.56, text sim: 1.00).",17,False,False,False,False
581,Smt Rajashree Mallick,NA - Construction of community centers and community halls,Normal/Others,Odisha,JAGATSINGHPUR(SC),DISTRICT COLLECTOR JAGATSINGHPUR_IDA,2024-02-25,300000.0,Unsanctioned,Lok Sabha,8.0,LOW,"Near-duplicate match: contextual_near_duplicate (Index: 567, score: 0.55, text sim: 1.00).",34,False,False,False,False
582,Smt Rajashree Mallick,"NA - Construction of roads, link roads, pathways or any other road with or without drainage system",Normal/Others,Odisha,JAGATSINGHPUR(SC),DISTRICT COLLECTOR JAGATSINGHPUR_IDA,2024-02-25,300000.0,Unsanctioned,Lok Sabha,8.0,LOW,"Near-duplicate match: contextual_near_duplicate (Index: 569, score: 0.53, text sim: 1.00).",32,False,False,False,False
583,Smt Rajashree Mallick,"NA - Construction of roads, link roads, pathways or any other road with or without drainage system",Normal/Others,Odisha,JAGATSINGHPUR(SC),DISTRICT COLLECTOR JAGATSINGHPUR_IDA,2024-02-25,200000.0,Unsanctioned,Lok Sabha,8.0,LOW,"Near-duplicate match: contextual_near_duplicate (Index: 569, score: 0.56, text sim: 1.00).",32,False,False,False,False
584,Smt Rajashree Mallick,NA - Construction of community centers and community halls,Normal/Others,Odisha,JAGATSINGHPUR(SC),DISTRICT COLLECTOR JAGATSINGHPUR_IDA,2024-02-25,200000.0,Unsanctioned,Lok Sabha,8.0,LOW,"Near-duplicate match: contextual_near_duplicate (Index: 567, score: 0.60, text sim: 1.00).",34,False,False,False,False
585,Smt Rajashree Mallick,"NA - Construction of roads, link roads, pathways or any other road with or without drainage system",Normal/Others,Odisha,JAGATSINGHPUR(SC),DISTRICT COLLECTOR JAGATSINGHPUR_IDA,2024-02-25,200000.0,Unsanctioned,Lok Sabha,8.0,LOW,"Near-duplicate match: contextual_near_duplicate (Index: 569, score: 0.56, text sim: 1.00).",32,False,False,False,False
586,Smt Rajashree Mallick,"NA - Construction of roads, link roads, pathways or any other road with or without drainage system",Normal/Others,Odisha,JAGATSINGHPUR(SC),DISTRICT COLLECTOR JAGATSINGHPUR_IDA,2024-02-25,150000.0,Unsanctioned,Lok Sabha,8.0,LOW,"Near-duplicate match: contextual_near_duplicate (Index: 569, score: 0.60, text sim: 1.00).",32,False,False,False,False
587,Smt Rajashree Mallick,NA - Construction of community centers and community halls,Normal/Others,Odisha,JAGATSINGHPUR(SC),DISTRICT COLLECTOR JAGATSINGHPUR_IDA,2024-02-25,400000.0,Unsanctioned,Lok Sabha,25.5,MEDIUM,"Allocation is an outlier relative to mp_name works (Z-score: 3.10, excluding current).",37,True,False,False,False
588,Girish Chandra,NA - Lighting of public spaces,Normal/Others,Uttar Pradesh,NAGINA(SC),DISTRICT MAGISTRATE BIJNOR_IDA,2024-02-25,174000.0,Unsanctioned,Lok Sabha,18.0,LOW,Allocation is 2.7x the median of comparable state works (excluding current).,17,True,False,False,False
589,Smt Rajashree Mallick,NA - Construction of boundary walls of existing public and community buildings,Normal/Others,Odisha,JAGATSINGHPUR(SC),DISTRICT COLLECTOR JAGATSINGHPUR_IDA,2024-02-25,100000.0,Unsanctioned,Lok Sabha,8.0,LOW,"Near-duplicate match: contextual_near_duplicate (Index: 50, score: 0.40, text sim: 1.00).",8,False,False,False,False
590,Smt Rajashree Mallick,NA - Lighting of public spaces,Normal/Others,Odisha,JAGATSINGHPUR(SC),DISTRICT COLLECTOR JAGATSINGHPUR_IDA,2024-02-25,100000.0,Unsanctioned,Lok Sabha,15.0,LOW,"Near-duplicate match: contextual_near_duplicate (Index: 570, score: 0.50, text sim: 1.00).",17,False,True,False,False
591,Anurag Singh Thakur,"NA - Construction of roads, link roads, pathways or any other road with or without drainage system",Normal/Others,Himachal Pradesh,HAMIRPUR_HP,DEPUTY COMMISSIONER BILASPUR_IDA,2024-02-25,100000.0,Unsanctioned,Lok Sabha,15.0,LOW,"Near-duplicate match: contextual_near_duplicate (Index: 592, score: 0.47, text sim: 1.00).",5,False,True,False,False
592,Anurag Singh Thakur,"NA - Construction of roads, link roads, pathways or any other road with or without drainage system",Normal/Others,Himachal Pradesh,HAMIRPUR_HP,DEPUTY COMMISSIOENR UNA_IDA,2024-02-25,200000.0,Unsanctioned,Lok Sabha,8.0,LOW,"Near-duplicate match: contextual_near_duplicate (Index: 591, score: 0.47, text sim: 1.00).",5,False,False,False,False
593,Anurag Singh Thakur,"NA - Construction of roads, link roads, pathways or any other road with or without drainage system",Normal/Others,Himachal Pradesh,HAMIRPUR_HP,DEPUTY COMMISSIOENR UNA_IDA,2024-02-25,200000.0,Unsanctioned,Lok Sabha,8.0,LOW,"Near-duplicate match: contextual_near_duplicate (Index: 591, score: 0.47, text sim: 1.00).",5,False,False,False,False
594,Anurag Singh Thakur,"NA - Construction of roads, link roads, pathways or any other road with or without drainage system",Normal/Others,Himachal Pradesh,HAMIRPUR_HP,DEPUTY COMMISSIOENR UNA_IDA,2024-02-25,200000.0,Unsanctioned,Lok Sabha,8.0,LOW,"Near-duplicate match: contextual_near_duplicate (Index: 591, score: 0.47, text sim: 1.00).",5,False,False,False,False
595,Anurag Singh Thakur,NA - Construction of community centers and community halls,Normal/Others,Himachal Pradesh,HAMIRPUR_HP,DEPUTY COMMISSIOENR UNA_IDA,2024-02-25,300000.0,Unsanctioned,Lok Sabha,25.5,MEDIUM,"Allocation is an outlier relative to state works (Z-score: 2.56, excluding current).",5,True,False,False,False
596,Anurag Singh Thakur,NA - Crematoriums or structures on burial/ cremation ground for public convenience,Normal/Others,Himachal Pradesh,HAMIRPUR_HP,DEPUTY COMMISSIONER MANDI_IDA,2024-02-25,150000.0,Unsanctioned,Lok Sabha,14.0,LOW,"Suspicious near-duplicate overlap: Same constituency, similar amount, and date proximity (Index: 597, score: 0.75).",2,False,False,True,False
597,Anurag Singh Thakur,NA - Crematoriums or structures on burial/ cremation ground for public convenience,Normal/Others,Himachal Pradesh,HAMIRPUR_HP,DEPUTY COMMISSIONER MANDI_IDA,2024-02-25,100000.0,Unsanctioned,Lok Sabha,14.0,LOW,"Suspicious near-duplicate overlap: Same constituency, similar amount, and date proximity (Index: 596, score: 0.75).",2,False,False,True,False
598,Anurag Singh Thakur,"NA - Construction of roads, link roads, pathways or any other road with or without drainage system",Normal/Others,Himachal Pradesh,HAMIRPUR_HP,DEPUTY COMMISSIONER MANDI_IDA,2024-02-25,20000.0,Unsanctioned,Lok Sabha,8.0,LOW,"Near-duplicate match: contextual_near_duplicate (Index: 591, score: 0.43, text sim: 1.00).",5,False,False,False,False
599,Anurag Singh Thakur,NA - Construction of community centers and community halls,Normal/Others,Himachal Pradesh,HAMIRPUR_HP,DEPUTY COMMISSIONER MANDI_IDA,2024-02-25,150000.0,Unsanctioned,Lok Sabha,8.0,LOW,"Near-duplicate match: contextual_near_duplicate (Index: 595, score: 0.47, text sim: 1.00).",1,False,False,False,False
600,Smt Rajashree Mallick,NA - Lighting of public spaces,Normal/Others,Odisha,JAGATSINGHPUR(SC),DISTRICT COLLECTOR JAGATSINGHPUR_IDA,2024-02-25,100000.0,Unsanctioned,Lok Sabha,15.0,LOW,"Near-duplicate match: contextual_near_duplicate (Index: 570, score: 0.50, text sim: 1.00).",17,False,True,False,False
601,Smt Rajashree Mallick,NA - Lighting of public spaces,Normal/Others,Odisha,JAGATSINGHPUR(SC),DISTRICT COLLECTOR JAGATSINGHPUR_IDA,2024-02-25,100000.0,Unsanctioned,Lok Sabha,15.0,LOW,"Near-duplicate match: contextual_near_duplicate (Index: 570, score: 0.50, text sim: 1.00).",17,False,True,False,False
602,Smt Rajashree Mallick,"NA - Construction of roads, link roads, pathways or any other road with or without drainage system",Normal/Others,Odisha,JAGATSINGHPUR(SC),DISTRICT COLLECTOR JAGATSINGHPUR_IDA,2024-02-25,300000.0,Unsanctioned,Lok Sabha,8.0,LOW,"Near-duplicate match: contextual_near_duplicate (Index: 569, score: 0.47, text sim: 1.00).",32,False,False,False,False
603,Smt Rajashree Mallick,NA - Lighting of public spaces,Normal/Others,Odisha,JAGATSINGHPUR(SC),DISTRICT COLLECTOR JAGATSINGHPUR_IDA,2024-02-25,100000.0,Unsanctioned,Lok Sabha,15.0,LOW,"Near-duplicate match: contextual_near_duplicate (Index: 570, score: 0.50, text sim: 1.00).",17,False,True,False,False
604,Smt Rajashree Mallick,NA - Lighting of public spaces,Normal/Others,Odisha,JAGATSINGHPUR(SC),DISTRICT COLLECTOR JAGATSINGHPUR_IDA,2024-02-25,150000.0,Unsanctioned,Lok Sabha,8.0,LOW,"Near-duplicate match: contextual_near_duplicate (Index: 570, score: 0.60, text sim: 1.00).",17,False,False,False,False
605,Smt Rajashree Mallick,NA - Construction of community centers and community halls,Normal/Others,Odisha,JAGATSINGHPUR(SC),DISTRICT COLLECTOR JAGATSINGHPUR_IDA,2024-02-25,100000.0,Unsanctioned,Lok Sabha,8.0,LOW,"Near-duplicate match: contextual_near_duplicate (Index: 567, score: 0.53, text sim: 1.00).",34,False,False,False,False
606,Smt Rajashree Mallick,NA - Construction of community centers and community halls,Normal/Others,Odisha,JAGATSINGHPUR(SC),DISTRICT COLLECTOR JAGATSINGHPUR_IDA,2024-02-25,200000.0,Unsanctioned,Lok Sabha,8.0,LOW,"Near-duplicate match: contextual_near_duplicate (Index: 567, score: 0.60, text sim: 1.00).",34,False,False,False,False
607,Smt Rajashree Mallick,"NA - Construction of roads, link roads, pathways or any other road with or without drainage system",Normal/Others,Odisha,JAGATSINGHPUR(SC),DISTRICT COLLECTOR JAGATSINGHPUR_IDA,2024-02-25,200000.0,Unsanctioned,Lok Sabha,8.0,LOW,"Near-duplicate match: contextual_near_duplicate (Index: 569, score: 0.56, text sim: 1.00).",32,False,False,False,False
608,Vijay Kumar Hansdak,NA - construction of staircase/ stair ghat for public convenience,Normal/Others,Jharkhand,RAJMAHAL(ST),Deputy Commissioner Pakur_IDA,2024-02-25,201000.0,Unsanctioned,Lok Sabha,14.0,LOW,"Suspicious near-duplicate overlap: Same constituency, similar amount, and date proximity (Index: 614, score: 0.84).",1,False,False,True,False
609,Vijay Kumar Hansdak,"NA - Construction of roads, link roads, pathways or any other road with or without drainage system",Normal/Others,Jharkhand,RAJMAHAL(ST),Deputy Commissioner Pakur_IDA,2024-02-25,201000.0,Unsanctioned,Lok Sabha,4.0,LOW,"Near-duplicate match: template_match (Index: 106, score: 0.20, text sim: 1.00).",2,False,False,False,False
610,Vijay Kumar Hansdak,NA - Construction of boundary walls of existing public and community buildings,Normal/Others,Jharkhand,RAJMAHAL(ST),Deputy Commissioner Pakur_IDA,2024-02-25,250000.0,Unsanctioned,Lok Sabha,14.0,LOW,"Suspicious near-duplicate overlap: Same constituency, similar amount, and date proximity (Index: 611, score: 0.77).",2,False,False,True,False
611,Vijay Kumar Hansdak,NA - Construction of boundary walls of existing public and community buildings,Normal/Others,Jharkhand,RAJMAHAL(ST),Deputy Commissioner Pakur_IDA,2024-02-25,201000.0,Unsanctioned,Lok Sabha,14.0,LOW,"Suspicious near-duplicate overlap: Same constituency, similar amount, and date proximity (Index: 610, score: 0.77).",2,False,False,True,False
612,Vijay Kumar Hansdak,NA - Construction of boundary walls of existing public and community buildings,Normal/Others,Jharkhand,RAJMAHAL(ST),Deputy Commissioner Pakur_IDA,2024-02-25,201000.0,Unsanctioned,Lok Sabha,14.0,LOW,"Suspicious near-duplicate overlap: Same constituency, similar amount, and date proximity (Index: 610, score: 0.77).",2,False,False,True,False
613,Vijay Kumar Hansdak,NA - Construction of public irrigation facilities,Normal/Others,Jharkhand,RAJMAHAL(ST),Deputy Commissioner Pakur_IDA,2024-02-25,201000.0,Unsanctioned,Lok Sabha,10.0,LOW,Allocation is 2.0x the median of comparable work_type works (excluding current).,1,True,False,False,False
614,Vijay Kumar Hansdak,NA - construction of staircase/ stair ghat for public convenience,Normal/Others,Jharkhand,RAJMAHAL(ST),Deputy Commissioner Pakur_IDA,2024-02-25,201000.0,Unsanctioned,Lok Sabha,14.0,LOW,"Suspicious near-duplicate overlap: Same constituency, similar amount, and date proximity (Index: 608, score: 0.84).",1,False,False,True,False
615,Smt Rajashree Mallick,NA - Construction of community centers and community halls,Normal/Others,Odisha,JAGATSINGHPUR(SC),DISTRICT COLLECTOR JAGATSINGHPUR_IDA,2024-02-25,300000.0,Unsanctioned,Lok Sabha,8.0,LOW,"Near-duplicate match: contextual_near_duplicate (Index: 567, score: 0.55, text sim: 1.00).",34,False,False,False,False
616,Smt Rajashree Mallick,NA - Construction of community centers and community halls,Normal/Others,Odisha,JAGATSINGHPUR(SC),DISTRICT COLLECTOR JAGATSINGHPUR_IDA,2024-02-25,200000.0,Unsanctioned,Lok Sabha,8.0,LOW,"Near-duplicate match: contextual_near_duplicate (Index: 567, score: 0.60, text sim: 1.00).",34,False,False,False,False
617,Smt Rajashree Mallick,NA - Construction of community centers and community halls,Normal/Others,Odisha,JAGATSINGHPUR(SC),DISTRICT COLLECTOR JAGATSINGHPUR_IDA,2024-02-25,150000.0,Unsanctioned,Lok Sabha,8.0,LOW,"Near-duplicate match: contextual_near_duplicate (Index: 567, score: 0.56, text sim: 1.00).",34,False,False,False,False
618,Smt Pramila Bisoyi,NA - Construction of community centers and community halls,Normal/Others,Odisha,ASKA,DISTRICT COLLECTOR GANJAM_IDA,2024-02-25,700000.0,Unsanctioned,Lok Sabha,18.0,LOW,Allocation is 2.3x the median of comparable state works (excluding current).,38,True,False,False,False
619,Smt Pramila Bisoyi,NA - Construction of community centers and community halls,Normal/Others,Odisha,ASKA,DISTRICT COLLECTOR GANJAM_IDA,2024-02-25,400000.0,Unsanctioned,Lok Sabha,8.0,LOW,"Near-duplicate match: contextual_near_duplicate (Index: 618, score: 0.54, text sim: 1.00).",34,False,False,False,False
620,Shri Sant Balbir Singh,NA - Construction of community centers and community halls,Normal/Others,Punjab,Sitting Rajya Sabha,DEPUTY COMMISSIONER SANGRUR_IDA,2024-02-25,500000.0,Unsanctioned,Rajya Sabha,18.0,LOW,Allocation is 7.9x the median of comparable house works (excluding current).,5,True,False,False,False
621,Smt Pramila Bisoyi,NA - Construction of community centers and community halls,Normal/Others,Odisha,ASKA,DISTRICT COLLECTOR GANJAM_IDA,2024-02-25,500000.0,Unsanctioned,Lok Sabha,8.0,LOW,"Near-duplicate match: contextual_near_duplicate (Index: 618, score: 0.51, text sim: 1.00).",34,False,False,False,False
622,Hemant Tukaram Godse,"NA - Construction of roads, link roads, pathways or any other road with or without drainage system",Normal/Others,Maharashtra,NASHIK,DISTRICT COLLECTOR NASHIK_IDA,2024-02-25,993000.0,Unsanctioned,Lok Sabha,18.0,LOW,Allocation is 2.3x the median of comparable house works (excluding current).,24,True,False,False,False
623,Hemant Tukaram Godse,NA - Construction of culverts and bridges,Normal/Others,Maharashtra,NASHIK,DISTRICT COLLECTOR NASHIK_IDA,2024-02-25,994000.0,Unsanctioned,Lok Sabha,10.0,LOW,Allocation is 2.3x the median of comparable house works (excluding current).,1,True,False,False,False
624,Hemant Tukaram Godse,NA - Street lights,Normal/Others,Maharashtra,NASHIK,DISTRICT COLLECTOR NASHIK_IDA,2024-02-25,998000.0,Unsanctioned,Lok Sabha,18.0,LOW,Allocation is 2.3x the median of comparable house works (excluding current).,5,True,False,False,False
625,Hemant Tukaram Godse,NA - Crematoriums or structures on burial/ cremation ground for public convenience,Normal/Others,Maharashtra,NASHIK,DISTRICT COLLECTOR NASHIK_IDA,2024-02-25,992000.0,Unsanctioned,Lok Sabha,24.0,MEDIUM,"Suspicious near-duplicate overlap: Same constituency, similar amount, and date proximity (Index: 640, score: 0.76).",4,True,False,True,False
626,Hemant Tukaram Godse,NA - Construction of community centers and community halls,Normal/Others,Maharashtra,NASHIK,DISTRICT COLLECTOR NASHIK_IDA,2024-02-25,1491000.0,Unsanctioned,Lok Sabha,18.0,LOW,Allocation amount is in the top 5% globally (percentile: 97.0%).,17,True,False,False,False
627,Hemant Tukaram Godse,"NA - Construction of roads, link roads, pathways or any other road with or without drainage system",Normal/Others,Maharashtra,NASHIK,DISTRICT COLLECTOR NASHIK_IDA,2024-02-25,994000.0,Unsanctioned,Lok Sabha,18.0,LOW,Allocation is 2.3x the median of comparable house works (excluding current).,24,True,False,False,False
628,Hemant Tukaram Godse,"NA - Construction of roads, link roads, pathways or any other road with or without drainage system",Normal/Others,Maharashtra,NASHIK,DISTRICT COLLECTOR NASHIK_IDA,2024-02-25,1491000.0,Unsanctioned,Lok Sabha,25.5,MEDIUM,"Allocation is an outlier relative to work_type works (Z-score: 3.10, excluding current).",27,True,False,False,False
629,Vinayak Bhaurao Raut,"NA - Construction of roads, link roads, pathways or any other road with or without drainage system",Normal/Others,Maharashtra,RATNAGIRI-SINDHUDURG,DISTRICT COLLECTOR SINDHUDURG_IDA,2024-02-25,987000.0,Unsanctioned,Lok Sabha,18.0,LOW,Allocation is 2.3x the median of comparable house works (excluding current).,24,True,False,False,False
630,Hemant Tukaram Godse,NA - Construction of community centers and community halls,Normal/Others,Maharashtra,NASHIK,DISTRICT COLLECTOR NASHIK_IDA,2024-02-25,994000.0,Unsanctioned,Lok Sabha,18.0,LOW,Allocation is 2.3x the median of comparable house works (excluding current).,15,True,False,False,False
631,Vinayak Bhaurao Raut,NA - Construction of community centers and community halls,Normal/Others,Maharashtra,RATNAGIRI-SINDHUDURG,DISTRICT COLLECTOR SINDHUDURG_IDA,2024-02-25,2000000.0,Unsanctioned,Lok Sabha,25.5,MEDIUM,"Allocation is an outlier relative to house works (Z-score: 3.76, excluding current).",25,True,False,False,False
632,Vinayak Bhaurao Raut,NA - Construction of flood control embankments,Normal/Others,Maharashtra,RATNAGIRI-SINDHUDURG,DISTRICT COLLECTOR SINDHUDURG_IDA,2024-02-25,1000000.0,Unsanctioned,Lok Sabha,10.0,LOW,Allocation is 2.3x the median of comparable house works (excluding current).,2,True,False,False,False
633,Vinayak Bhaurao Raut,NA - Construction of community centers and community halls,Normal/Others,Maharashtra,RATNAGIRI-SINDHUDURG,DISTRICT COLLECTOR SINDHUDURG_IDA,2024-02-25,500000.0,Unsanctioned,Lok Sabha,8.0,LOW,"Near-duplicate match: contextual_near_duplicate (Index: 631, score: 0.49, text sim: 1.00).",14,False,False,False,False
634,Girish Chandra,NA - Lighting of public spaces,Normal/Others,Uttar Pradesh,NAGINA(SC),DISTRICT MAGISTRATE BIJNOR_IDA,2024-02-25,174000.0,Unsanctioned,Lok Sabha,18.0,LOW,Allocation is 2.7x the median of comparable state works (excluding current).,17,True,False,False,False
635,Shyam Singh Yadav,NA - Lighting of public spaces,Normal/Others,Uttar Pradesh,JAUNPUR,DISTRICT MAGISTRATE JAUNPUR_IDA,2024-02-25,1750000.0,Unsanctioned,Lok Sabha,25.5,MEDIUM,"Allocation is an outlier relative to state works (Z-score: 6.22, excluding current).",23,True,False,False,False
636,Shyam Singh Yadav,NA - Lighting of public spaces,Normal/Others,Uttar Pradesh,JAUNPUR,DISTRICT MAGISTRATE JAUNPUR_IDA,2024-02-25,240000.0,Unsanctioned,Lok Sabha,18.0,LOW,Allocation is 3.8x the median of comparable state works (excluding current).,17,True,False,False,False
637,Hemant Tukaram Godse,NA - Construction of community centers and community halls,Normal/Others,Maharashtra,NASHIK,DISTRICT COLLECTOR NASHIK_IDA,2024-02-25,994000.0,Unsanctioned,Lok Sabha,18.0,LOW,Allocation is 2.3x the median of comparable house works (excluding current).,15,True,False,False,False
638,Hemant Tukaram Godse,NA - Construction of community centers and community halls,Normal/Others,Maharashtra,NASHIK,DISTRICT COLLECTOR NASHIK_IDA,2024-02-25,992000.0,Unsanctioned,Lok Sabha,18.0,LOW,Allocation is 2.3x the median of comparable house works (excluding current).,15,True,False,False,False
639,Ram Shiromani,NA - Construction of night shelters for homeless,Normal/Others,Uttar Pradesh,SHRAWASTI,DISTRICT MAGISTRATE BALRAMPUR_IDA,2024-02-25,338618.0,Unsanctioned,Lok Sabha,10.0,LOW,Allocation is 5.4x the median of comparable state works (excluding current).,2,True,False,False,False
640,Hemant Tukaram Godse,NA - Crematoriums or structures on burial/ cremation ground for public convenience,Normal/Others,Maharashtra,NASHIK,DISTRICT COLLECTOR NASHIK_IDA,2024-02-25,697000.0,Unsanctioned,Lok Sabha,14.0,LOW,"Suspicious near-duplicate overlap: Same constituency, similar amount, and date proximity (Index: 625, score: 0.76).",3,False,False,True,False
641,Girish Chandra,NA - Lighting of public spaces,Normal/Others,Uttar Pradesh,NAGINA(SC),DISTRICT MAGISTRATE BIJNOR_IDA,2024-02-25,174000.0,Unsanctioned,Lok Sabha,18.0,LOW,Allocation is 2.7x the median of comparable state works (excluding current).,17,True,False,False,False
642,Girish Chandra,NA - Lighting of public spaces,Normal/Others,Uttar Pradesh,NAGINA(SC),DISTRICT MAGISTRATE BIJNOR_IDA,2024-02-25,174000.0,Unsanctioned,Lok Sabha,18.0,LOW,Allocation is 2.7x the median of comparable state works (excluding current).,17,True,False,False,False
643,Rajveer Raju Bhaiya Singh,NA - Construction of bus-sheds or bus-stops,Normal/Others,Uttar Pradesh,ETAH,DISTRICT MAGISTRATE KASGANJ KANSHIRAMNAGAR_IDA,2024-02-25,538600.0,Unsanctioned,Lok Sabha,10.0,LOW,Allocation is 8.5x the median of comparable state works (excluding current).,1,True,False,False,False
644,Vinayak Bhaurao Raut,"NA - Construction of roads, link roads, pathways or any other road with or without drainage system",Normal/Others,Maharashtra,RATNAGIRI-SINDHUDURG,DISTRICT COLLECTOR SINDHUDURG_IDA,2024-02-25,999000.0,Unsanctioned,Lok Sabha,18.0,LOW,Allocation is 2.3x the median of comparable house works (excluding current).,24,True,False,False,False
645,Vinayak Bhaurao Raut,NA - Construction of water tanks,Normal/Others,Maharashtra,RATNAGIRI-SINDHUDURG,DISTRICT COLLECTOR SINDHUDURG_IDA,2024-02-25,200000.0,Unsanctioned,Lok Sabha,10.0,LOW,Allocation is 3.2x the median of comparable work_type works (excluding current).,1,True,False,False,False
646,Hemant Tukaram Godse,NA - Crematoriums or structures on burial/ cremation ground for public convenience,Normal/Others,Maharashtra,NASHIK,DISTRICT COLLECTOR NASHIK_IDA,2024-02-25,195800.0,Unsanctioned,Lok Sabha,8.0,LOW,"Near-duplicate match: contextual_near_duplicate (Index: 625, score: 0.68, text sim: 1.00).",3,False,False,False,False
647,Heena Vijaykumar Gavit,NA - Construction of community centers and community halls,Normal/Others,Maharashtra,NANDURBAR(ST),DISTRICT COLLECTOR NANDURBAR_IDA,2024-02-25,1000000.0,Unsanctioned,Lok Sabha,18.0,LOW,Allocation is 2.3x the median of comparable house works (excluding current).,15,True,False,False,False
648,Hemant Tukaram Godse,NA - Construction of community centers and community halls,Normal/Others,Maharashtra,NASHIK,DISTRICT COLLECTOR NASHIK_IDA,2024-02-25,989000.0,Unsanctioned,Lok Sabha,18.0,LOW,Allocation is 2.3x the median of comparable house works (excluding current).,15,True,False,False,False
649,Hemant Tukaram Godse,"NA - Construction of roads, link roads, pathways or any other road with or without drainage system",Normal/Others,Maharashtra,NASHIK,DISTRICT COLLECTOR NASHIK_IDA,2024-02-25,700000.0,Unsanctioned,Lok Sabha,8.0,LOW,"Near-duplicate match: contextual_near_duplicate (Index: 622, score: 0.56, text sim: 1.00).",23,False,False,False,False
650,Heena Vijaykumar Gavit,NA - Construction of community centers and community halls,Normal/Others,Maharashtra,NANDURBAR(ST),DISTRICT COLLECTOR DHULE_IDA,2024-02-25,1000000.0,Unsanctioned,Lok Sabha,18.0,LOW,Allocation is 2.3x the median of comparable house works (excluding current).,15,True,False,False,False
651,Hemant Tukaram Godse,"NA - Construction of roads, link roads, pathways or any other road with or without drainage system",Normal/Others,Maharashtra,NASHIK,DISTRICT COLLECTOR NASHIK_IDA,2024-02-25,995000.0,Unsanctioned,Lok Sabha,18.0,LOW,Allocation is 2.3x the median of comparable house works (excluding current).,24,True,False,False,False
652,Heena Vijaykumar Gavit,NA - Construction of community centers and community halls,Normal/Others,Maharashtra,NANDURBAR(ST),DISTRICT COLLECTOR NANDURBAR_IDA,2024-02-25,3500000.0,Unsanctioned,Lok Sabha,25.5,MEDIUM,"Allocation is an outlier relative to state works (Z-score: 7.13, excluding current).",21,True,False,False,False
653,Hemant Tukaram Godse,NA - Street lights,Normal/Others,Maharashtra,NASHIK,DISTRICT COLLECTOR NASHIK_IDA,2024-02-25,248000.0,Unsanctioned,Lok Sabha,8.0,LOW,"Near-duplicate match: contextual_near_duplicate (Index: 624, score: 0.55, text sim: 1.00).",3,False,False,False,False
654,Hemant Tukaram Godse,NA - Street lights,Normal/Others,Maharashtra,NASHIK,DISTRICT COLLECTOR NASHIK_IDA,2024-02-25,248000.0,Unsanctioned,Lok Sabha,8.0,LOW,"Near-duplicate match: contextual_near_duplicate (Index: 624, score: 0.55, text sim: 1.00).",3,False,False,False,False
655,Sonia Gandhi,NA - Installing hand pumps,Normal/Others,Uttar Pradesh,RAE BARELI,DISTRICT MAGISTRATE RAE BARELI_IDA,2024-02-25,48790.0,Unsanctioned,Lok Sabha,4.0,LOW,"Near-duplicate match: template_match (Index: 353, score: 0.25, text sim: 1.00).",164,False,False,False,False
656,Smt Mangal Suresh Angadi,NA - Construction of buildings for community cultural activities,Normal/Others,Karnataka,BELGAUM,DEPUTY COMMISSIONER BELGAUM_IDA,2024-02-25,500000.0,Unsanctioned,Lok Sabha,14.0,LOW,"Suspicious near-duplicate overlap: Same constituency, similar amount, and date proximity (Index: 675, score: 0.77).",1,False,False,True,False
657,Smt Pramila Bisoyi,"NA - Construction of roads, link roads, pathways or any other road with or without drainage system",Normal/Others,Odisha,ASKA,DISTRICT COLLECTOR GANJAM_IDA,2024-02-25,240000.0,Unsanctioned,Lok Sabha,8.0,LOW,"Near-duplicate match: contextual_near_duplicate (Index: 669, score: 0.52, text sim: 1.00).",32,False,False,False,False
658,Smt Pramila Bisoyi,NA - Construction of community centers and community halls,Normal/Others,Odisha,ASKA,DISTRICT COLLECTOR GANJAM_IDA,2024-02-25,2000000.0,Unsanctioned,Lok Sabha,25.5,MEDIUM,"Allocation is an outlier relative to state works (Z-score: 3.61, excluding current).",46,True,False,False,False
659,Smt Pramila Bisoyi,NA - Construction of community centers and community halls,Normal/Others,Odisha,ASKA,DISTRICT COLLECTOR GANJAM_IDA,2024-02-25,900000.0,Unsanctioned,Lok Sabha,18.0,LOW,Allocation is 3.0x the median of comparable state works (excluding current).,39,True,False,False,False
660,Smt Pramila Bisoyi,NA - Construction of community centers and community halls,Normal/Others,Odisha,ASKA,DISTRICT COLLECTOR GANJAM_IDA,2024-02-25,400000.0,Unsanctioned,Lok Sabha,8.0,LOW,"Near-duplicate match: contextual_near_duplicate (Index: 618, score: 0.45, text sim: 1.00).",34,False,False,False,False
661,Smt Pramila Bisoyi,NA - Construction of community centers and community halls,Normal/Others,Odisha,ASKA,DISTRICT COLLECTOR GANJAM_IDA,2024-02-25,300000.0,Unsanctioned,Lok Sabha,8.0,LOW,"Near-duplicate match: contextual_near_duplicate (Index: 618, score: 0.43, text sim: 1.00).",34,False,False,False,False
662,Smt Pramila Bisoyi,NA - Construction of community centers and community halls,Normal/Others,Odisha,ASKA,DISTRICT COLLECTOR GANJAM_IDA,2024-02-25,300000.0,Unsanctioned,Lok Sabha,8.0,LOW,"Near-duplicate match: contextual_near_duplicate (Index: 618, score: 0.43, text sim: 1.00).",34,False,False,False,False
663,Smt Pramila Bisoyi,NA - Crematoriums or structures on burial/ cremation ground for public convenience,Normal/Others,Odisha,ASKA,DISTRICT COLLECTOR GANJAM_IDA,2024-02-25,300000.0,Unsanctioned,Lok Sabha,0.0,LOW,,0,False,False,False,False
664,Smt Pramila Bisoyi,NA - Construction of community centers and community halls,Normal/Others,Odisha,ASKA,DISTRICT COLLECTOR GANJAM_IDA,2024-02-25,2000000.0,Unsanctioned,Lok Sabha,25.5,MEDIUM,"Allocation is an outlier relative to state works (Z-score: 3.61, excluding current).",46,True,False,False,False
665,Smt Poonamben Hematbhai Maadam,NA - Construction of community centers and community halls,Normal/Others,Gujarat,JAMNAGAR,DISTRICT COLLECTOR JAMNAGAR_IDA,2024-02-25,400000.0,Unsanctioned,Lok Sabha,0.0,LOW,,0,False,False,False,False
666,Smt Pramila Bisoyi,NA - Construction of community centers and community halls,Normal/Others,Odisha,ASKA,DISTRICT COLLECTOR GANJAM_IDA,2024-02-25,300000.0,Unsanctioned,Lok Sabha,8.0,LOW,"Near-duplicate match: contextual_near_duplicate (Index: 618, score: 0.46, text sim: 1.00).",34,False,False,False,False
667,Shri Chandra Sekhar Sahu,NA - Construction of public irrigation facilities,Normal/Others,Odisha,BERHAMPUR,DISTRICT COLLECTOR GANJAM_IDA,2024-02-25,500000.0,Unsanctioned,Lok Sabha,17.0,LOW,Allocation is 5.0x the median of comparable work_type works (excluding current).,2,True,True,False,False
668,Shri Chandra Sekhar Sahu,NA - Construction of public irrigation facilities,Normal/Others,Odisha,BERHAMPUR,DISTRICT COLLECTOR GANJAM_IDA,2024-02-25,500000.0,Unsanctioned,Lok Sabha,17.0,LOW,Allocation is 5.0x the median of comparable work_type works (excluding current).,2,True,True,False,False
669,Smt Pramila Bisoyi,"NA - Construction of roads, link roads, pathways or any other road with or without drainage system",Repair and Renovation,Odisha,ASKA,DISTRICT COLLECTOR GANJAM_IDA,2024-02-25,300000.0,Unsanctioned,Lok Sabha,8.0,LOW,"Near-duplicate match: contextual_near_duplicate (Index: 657, score: 0.52, text sim: 1.00).",32,False,False,False,False
670,Smt Pramila Bisoyi,NA - Construction of community centers and community halls,Normal/Others,Odisha,ASKA,DISTRICT COLLECTOR GANJAM_IDA,2024-02-25,500000.0,Unsanctioned,Lok Sabha,8.0,LOW,"Near-duplicate match: contextual_near_duplicate (Index: 618, score: 0.51, text sim: 1.00).",34,False,False,False,False
671,Smt Pramila Bisoyi,NA - Construction of community centers and community halls,Normal/Others,Odisha,ASKA,DISTRICT COLLECTOR GANJAM_IDA,2024-02-25,200000.0,Unsanctioned,Lok Sabha,8.0,LOW,"Near-duplicate match: contextual_near_duplicate (Index: 618, score: 0.44, text sim: 1.00).",34,False,False,False,False
672,Smt Pramila Bisoyi,NA - Construction of community centers and community halls,Normal/Others,Odisha,ASKA,DISTRICT COLLECTOR GANJAM_IDA,2024-02-25,500000.0,Unsanctioned,Lok Sabha,8.0,LOW,"Near-duplicate match: contextual_near_duplicate (Index: 618, score: 0.56, text sim: 1.00).",34,False,False,False,False
673,Smt Pramila Bisoyi,NA - Construction of community centers and community halls,Normal/Others,Odisha,ASKA,DISTRICT COLLECTOR GANJAM_IDA,2024-02-25,300000.0,Unsanctioned,Lok Sabha,8.0,LOW,"Near-duplicate match: contextual_near_duplicate (Index: 618, score: 0.46, text sim: 1.00).",34,False,False,False,False
674,Smt Pramila Bisoyi,NA - Construction of community centers and community halls,Normal/Others,Odisha,ASKA,DISTRICT COLLECTOR GANJAM_IDA,2024-02-25,300000.0,Unsanctioned,Lok Sabha,8.0,LOW,"Near-duplicate match: contextual_near_duplicate (Index: 618, score: 0.46, text sim: 1.00).",34,False,False,False,False
675,Smt Mangal Suresh Angadi,NA - Construction of buildings for community cultural activities,Normal/Others,Karnataka,BELGAUM,DEPUTY COMMISSIONER BELGAUM_IDA,2024-02-25,500000.0,Unsanctioned,Lok Sabha,14.0,LOW,"Suspicious near-duplicate overlap: Same constituency, similar amount, and date proximity (Index: 656, score: 0.77).",1,False,False,True,False
676,Ram Shiromani,NA - Installing community drinking water plants,Normal/Others,Uttar Pradesh,SHRAWASTI,DISTRICT MAGISTRATE SHRAVASTI_IDA,2024-02-25,626000.0,Unsanctioned,Lok Sabha,17.5,LOW,"Allocation is an outlier relative to work_type works (Z-score: 4.46, excluding current).",5,True,False,False,False
677,Ram Shiromani,NA - Development of public parks,Normal/Others,Uttar Pradesh,SHRAWASTI,DISTRICT MAGISTRATE BALRAMPUR_IDA,2024-02-25,497000.0,Unsanctioned,Lok Sabha,10.0,LOW,Allocation is 7.9x the median of comparable state works (excluding current).,2,True,False,False,False
678,Vinayak Bhaurao Raut,"NA - Construction of roads, link roads, pathways or any other road with or without drainage system",Normal/Others,Maharashtra,RATNAGIRI-SINDHUDURG,DISTRICT COLLECTOR SINDHUDURG_IDA,2024-02-25,1000000.0,Unsanctioned,Lok Sabha,18.0,LOW,Allocation is 2.3x the median of comparable house works (excluding current).,24,True,False,False,False
679,Anurag Singh Thakur,NA - Crematoriums or structures on burial/ cremation ground for public convenience,Normal/Others,Himachal Pradesh,HAMIRPUR_HP,DEPUTY COMMISSIONER HAMIRPUR_IDA,2024-02-25,200000.0,Unsanctioned,Lok Sabha,14.0,LOW,"Suspicious near-duplicate overlap: Same constituency, similar amount, and date proximity (Index: 596, score: 0.72).",2,False,False,True,False
680,SHRI Devender Paul Vats,NA - Purchase of mobile water tankers,Normal/Others,Haryana,Sitting Rajya Sabha,Deputy Commissioner Jind_IDA,2024-02-25,155000.0,Unsanctioned,Rajya Sabha,18.0,LOW,Allocation is 2.4x the median of comparable house works (excluding current).,4,True,False,False,False
681,Brijendra Singh,NA - Purchase of mobile water tankers,Normal/Others,Haryana,HISAR,DEPUTY COMMISSIONER HISSAR_IDA,2024-02-25,155000.0,Unsanctioned,Lok Sabha,18.0,LOW,Allocation is 2.4x the median of comparable work_type works (excluding current).,2,True,False,False,False
682,Ram Shiromani,"NA - Construction of roads, link roads, pathways or any other road with or without drainage system",Normal/Others,Uttar Pradesh,SHRAWASTI,DISTRICT MAGISTRATE BALRAMPUR_IDA,2024-02-25,833000.0,Unsanctioned,Lok Sabha,21.5,MEDIUM,"Allocation is an outlier relative to mp_name works (Z-score: 2.63, excluding current).",9,True,False,False,False
683,Ram Shiromani,NA - Lighting of public spaces,Normal/Others,Uttar Pradesh,SHRAWASTI,DISTRICT MAGISTRATE BALRAMPUR_IDA,2024-02-25,258000.0,Unsanctioned,Lok Sabha,18.0,LOW,Allocation is 4.1x the median of comparable state works (excluding current).,17,True,False,False,False
684,Smt Pramila Bisoyi,NA - Construction of community centers and community halls,Normal/Others,Odisha,ASKA,DISTRICT COLLECTOR GANJAM_IDA,2024-02-25,300000.0,Unsanctioned,Lok Sabha,8.0,LOW,"Near-duplicate match: contextual_near_duplicate (Index: 618, score: 0.46, text sim: 1.00).",34,False,False,False,False
685,Ram Shiromani,NA - Lighting of public spaces,Normal/Others,Uttar Pradesh,SHRAWASTI,DISTRICT MAGISTRATE BALRAMPUR_IDA,2024-02-25,258000.0,Unsanctioned,Lok Sabha,25.0,MEDIUM,Allocation is 4.1x the median of comparable state works (excluding current).,17,True,True,False,False
686,Ram Shiromani,NA - Lighting of public spaces,Normal/Others,Uttar Pradesh,SHRAWASTI,DISTRICT MAGISTRATE BALRAMPUR_IDA,2024-02-25,258000.0,Unsanctioned,Lok Sabha,25.0,MEDIUM,Allocation is 4.1x the median of comparable state works (excluding current).,17,True,True,False,False
687,Ram Shiromani,NA - Lighting of public spaces,Normal/Others,Uttar Pradesh,SHRAWASTI,DISTRICT MAGISTRATE BALRAMPUR_IDA,2024-02-25,23578.0,Unsanctioned,Lok Sabha,8.0,LOW,"Near-duplicate match: contextual_near_duplicate (Index: 683, score: 0.51, text sim: 1.00).",16,False,False,False,False
688,Ram Shiromani,NA - Lighting of public spaces,Normal/Others,Uttar Pradesh,SHRAWASTI,DISTRICT MAGISTRATE BALRAMPUR_IDA,2024-02-25,23578.0,Unsanctioned,Lok Sabha,8.0,LOW,"Near-duplicate match: contextual_near_duplicate (Index: 683, score: 0.41, text sim: 1.00).",16,False,False,False,False
689,Girish Chandra,NA - Lighting of public spaces,Normal/Others,Uttar Pradesh,NAGINA(SC),DISTRICT MAGISTRATE BIJNOR_IDA,2024-02-25,174000.0,Unsanctioned,Lok Sabha,18.0,LOW,Allocation is 2.7x the median of comparable state works (excluding current).,17,True,False,False,False
690,Smt Pramila Bisoyi,NA - Construction of rooms and halls in school and colleges,Normal/Others,Odisha,ASKA,DISTRICT COLLECTOR GANJAM_IDA,2024-02-25,300000.0,Unsanctioned,Lok Sabha,8.0,LOW,"Near-duplicate match: contextual_near_duplicate (Index: 317, score: 0.45, text sim: 1.00).",4,False,False,False,False
691,Anurag Singh Thakur,"NA - Construction of roads, link roads, pathways or any other road with or without drainage system",Normal/Others,Himachal Pradesh,HAMIRPUR_HP,DEPUTY COMMISSIONER BILASPUR_IDA,2024-02-25,100000.0,Unsanctioned,Lok Sabha,15.0,LOW,"Near-duplicate match: contextual_near_duplicate (Index: 592, score: 0.47, text sim: 1.00).",5,False,True,False,False
692,Mala Rajya Laxmi Shah,NA - Construction of footpaths and pedestrian ways,Normal/Others,Uttarakhand,TEHRI GARHWAL,DISTRICT COLLECTOR UTTARKASHI_IDA,2024-02-25,60000.0,Unsanctioned,Lok Sabha,14.0,LOW,"Suspicious near-duplicate overlap: Same constituency, similar amount, and date proximity (Index: 695, score: 0.75).",11,False,False,True,False
693,Smt Jaya Bachchan,NA - Lighting of public spaces,Normal/Others,Uttar Pradesh,Sitting Rajya Sabha,DISTRICT MAGISTRATE BHADOHI_IDA,2024-02-25,543036.0,Unsanctioned,Rajya Sabha,25.5,MEDIUM,"Allocation is an outlier relative to mp_name works (Z-score: 7.37, excluding current).",32,True,False,False,False
694,Mala Rajya Laxmi Shah,NA - Construction of flood control embankments,Normal/Others,Uttarakhand,TEHRI GARHWAL,DISTRICT COLLECTOR UTTARKASHI_IDA,2024-02-25,70000.0,Unsanctioned,Lok Sabha,14.0,LOW,"Suspicious near-duplicate overlap: Same constituency, similar amount, and date proximity (Index: 703, score: 0.71).",11,False,False,True,False
695,Mala Rajya Laxmi Shah,NA - Construction of footpaths and pedestrian ways,Normal/Others,Uttarakhand,TEHRI GARHWAL,DISTRICT COLLECTOR UTTARKASHI_IDA,2024-02-25,60000.0,Unsanctioned,Lok Sabha,14.0,LOW,"Suspicious near-duplicate overlap: Same constituency, similar amount, and date proximity (Index: 692, score: 0.75).",11,False,False,True,False
696,Mala Rajya Laxmi Shah,NA - Construction of common work sheds/ common covered sitting area,Normal/Others,Uttarakhand,TEHRI GARHWAL,DISTRICT COLLECTOR UTTARKASHI_IDA,2024-02-25,50000.0,Unsanctioned,Lok Sabha,14.0,LOW,"Suspicious near-duplicate overlap: Same constituency, similar amount, and date proximity (Index: 707, score: 0.81).",2,False,False,True,False
697,Mala Rajya Laxmi Shah,NA - Construction of footpaths and pedestrian ways,Normal/Others,Uttarakhand,TEHRI GARHWAL,DISTRICT COLLECTOR UTTARKASHI_IDA,2024-02-25,50000.0,Unsanctioned,Lok Sabha,14.0,LOW,"Suspicious near-duplicate overlap: Same constituency, similar amount, and date proximity (Index: 692, score: 0.76).",11,False,False,True,False
698,Mala Rajya Laxmi Shah,NA - Construction of rooms and halls in school and colleges,Normal/Others,Uttarakhand,TEHRI GARHWAL,DISTRICT COLLECTOR UTTARKASHI_IDA,2024-02-25,200000.0,Unsanctioned,Lok Sabha,18.0,LOW,Allocation is 2.9x the median of comparable state works (excluding current).,5,True,False,False,False
699,Mala Rajya Laxmi Shah,NA - Construction of flood control embankments,Normal/Others,Uttarakhand,TEHRI GARHWAL,DISTRICT COLLECTOR UTTARKASHI_IDA,2024-02-25,200000.0,Unsanctioned,Lok Sabha,24.0,MEDIUM,"Suspicious near-duplicate overlap: Same constituency, similar amount, and date proximity (Index: 704, score: 0.73).",15,True,False,True,False
700,Mala Rajya Laxmi Shah,NA - Construction of public irrigation facilities,Repair and Renovation,Uttarakhand,TEHRI GARHWAL,DISTRICT COLLECTOR UTTARKASHI_IDA,2024-02-25,70000.0,Unsanctioned,Lok Sabha,14.0,LOW,"Suspicious near-duplicate overlap: Same constituency, similar amount, and date proximity (Index: 719, score: 0.76).",2,False,False,True,False
701,Mala Rajya Laxmi Shah,NA - Providing supply pipelines for drinking water,Normal/Others,Uttarakhand,TEHRI GARHWAL,DISTRICT COLLECTOR UTTARKASHI_IDA,2024-02-25,60000.0,Unsanctioned,Lok Sabha,14.0,LOW,"Suspicious near-duplicate overlap: Same constituency, similar amount, and date proximity (Index: 724, score: 0.75).",2,False,False,True,False
702,Mala Rajya Laxmi Shah,NA - Construction of flood control embankments,Normal/Others,Uttarakhand,TEHRI GARHWAL,DISTRICT COLLECTOR UTTARKASHI_IDA,2024-02-25,100000.0,Unsanctioned,Lok Sabha,14.0,LOW,"Suspicious near-duplicate overlap: Same constituency, similar amount, and date proximity (Index: 703, score: 0.76).",11,False,False,True,False
703,Mala Rajya Laxmi Shah,NA - Construction of flood control embankments,Normal/Others,Uttarakhand,TEHRI GARHWAL,DISTRICT COLLECTOR UTTARKASHI_IDA,2024-02-25,60000.0,Unsanctioned,Lok Sabha,14.0,LOW,"Suspicious near-duplicate overlap: Same constituency, similar amount, and date proximity (Index: 694, score: 0.71).",11,False,False,True,False
704,Mala Rajya Laxmi Shah,NA - Construction of flood control embankments,Normal/Others,Uttarakhand,TEHRI GARHWAL,DISTRICT COLLECTOR UTTARKASHI_IDA,2024-02-25,80000.0,Unsanctioned,Lok Sabha,14.0,LOW,"Suspicious near-duplicate overlap: Same constituency, similar amount, and date proximity (Index: 694, score: 0.71).",11,False,False,True,False
705,Mala Rajya Laxmi Shah,NA - Construction of flood control embankments,Normal/Others,Uttarakhand,TEHRI GARHWAL,DISTRICT COLLECTOR UTTARKASHI_IDA,2024-02-25,60000.0,Unsanctioned,Lok Sabha,14.0,LOW,"Suspicious near-duplicate overlap: Same constituency, similar amount, and date proximity (Index: 694, score: 0.71).",11,False,False,True,False
706,Mala Rajya Laxmi Shah,NA - Construction of footpaths and pedestrian ways,Normal/Others,Uttarakhand,TEHRI GARHWAL,DISTRICT COLLECTOR UTTARKASHI_IDA,2024-02-25,60000.0,Unsanctioned,Lok Sabha,14.0,LOW,"Suspicious near-duplicate overlap: Same constituency, similar amount, and date proximity (Index: 692, score: 0.78).",11,False,False,True,False
707,Mala Rajya Laxmi Shah,NA - Construction of common work sheds/ common covered sitting area,Normal/Others,Uttarakhand,TEHRI GARHWAL,DISTRICT COLLECTOR UTTARKASHI_IDA,2024-02-25,100000.0,Unsanctioned,Lok Sabha,14.0,LOW,"Suspicious near-duplicate overlap: Same constituency, similar amount, and date proximity (Index: 696, score: 0.81).",2,False,False,True,False
708,Mala Rajya Laxmi Shah,NA - Construction of footpaths and pedestrian ways,Normal/Others,Uttarakhand,TEHRI GARHWAL,DISTRICT COLLECTOR UTTARKASHI_IDA,2024-02-25,50000.0,Unsanctioned,Lok Sabha,14.0,LOW,"Suspicious near-duplicate overlap: Same constituency, similar amount, and date proximity (Index: 692, score: 0.73).",11,False,False,True,False
709,Mala Rajya Laxmi Shah,NA - Construction of common work sheds/ common covered sitting area,Normal/Others,Uttarakhand,TEHRI GARHWAL,DISTRICT COLLECTOR UTTARKASHI_IDA,2024-02-25,60000.0,Unsanctioned,Lok Sabha,14.0,LOW,"Suspicious near-duplicate overlap: Same constituency, similar amount, and date proximity (Index: 696, score: 0.81).",2,False,False,True,False
710,Mala Rajya Laxmi Shah,NA - Construction of footpaths and pedestrian ways,Normal/Others,Uttarakhand,TEHRI GARHWAL,DISTRICT COLLECTOR UTTARKASHI_IDA,2024-02-25,80000.0,Unsanctioned,Lok Sabha,14.0,LOW,"Suspicious near-duplicate overlap: Same constituency, similar amount, and date proximity (Index: 692, score: 0.71).",11,False,False,True,False
711,Mala Rajya Laxmi Shah,NA - Crematoriums or structures on burial/ cremation ground for public convenience,Normal/Others,Uttarakhand,TEHRI GARHWAL,DISTRICT COLLECTOR UTTARKASHI_IDA,2024-02-25,80000.0,Unsanctioned,Lok Sabha,14.0,LOW,"Suspicious near-duplicate overlap: Same constituency, similar amount, and date proximity (Index: 713, score: 0.75).",4,False,False,True,False
712,Faggan Singh Kulaste,NA - Construction of community centers and community halls,Normal/Others,Madhya Pradesh,MANDLA(ST),District Collector Dindori_IDA,2024-02-25,500000.0,Unsanctioned,Lok Sabha,4.0,LOW,"Near-duplicate match: template_match (Index: 549, score: 0.30, text sim: 1.00).",1,False,False,False,False
713,Mala Rajya Laxmi Shah,NA - Crematoriums or structures on burial/ cremation ground for public convenience,Normal/Others,Uttarakhand,TEHRI GARHWAL,DISTRICT COLLECTOR UTTARKASHI_IDA,2024-02-25,80000.0,Unsanctioned,Lok Sabha,14.0,LOW,"Suspicious near-duplicate overlap: Same constituency, similar amount, and date proximity (Index: 711, score: 0.75).",4,False,False,True,False
714,Mala Rajya Laxmi Shah,NA - Crematoriums or structures on burial/ cremation ground for public convenience,Normal/Others,Uttarakhand,TEHRI GARHWAL,DISTRICT COLLECTOR UTTARKASHI_IDA,2024-02-25,60000.0,Unsanctioned,Lok Sabha,14.0,LOW,"Suspicious near-duplicate overlap: Same constituency, similar amount, and date proximity (Index: 711, score: 0.72).",4,False,False,True,False
715,Mala Rajya Laxmi Shah,NA - Construction of footpaths and pedestrian ways,Normal/Others,Uttarakhand,TEHRI GARHWAL,DISTRICT COLLECTOR UTTARKASHI_IDA,2024-02-25,60000.0,Unsanctioned,Lok Sabha,14.0,LOW,"Suspicious near-duplicate overlap: Same constituency, similar amount, and date proximity (Index: 692, score: 0.78).",11,False,False,True,False
716,Mala Rajya Laxmi Shah,NA - Crematoriums or structures on burial/ cremation ground for public convenience,Normal/Others,Uttarakhand,TEHRI GARHWAL,DISTRICT COLLECTOR UTTARKASHI_IDA,2024-02-25,80000.0,Unsanctioned,Lok Sabha,14.0,LOW,"Suspicious near-duplicate overlap: Same constituency, similar amount, and date proximity (Index: 711, score: 0.75).",4,False,False,True,False
717,Mala Rajya Laxmi Shah,NA - Construction of footpaths and pedestrian ways,Normal/Others,Uttarakhand,TEHRI GARHWAL,DISTRICT COLLECTOR UTTARKASHI_IDA,2024-02-25,100000.0,Unsanctioned,Lok Sabha,14.0,LOW,"Suspicious near-duplicate overlap: Same constituency, similar amount, and date proximity (Index: 692, score: 0.72).",11,False,False,True,False
718,Mala Rajya Laxmi Shah,NA - Construction of flood control embankments,Normal/Others,Uttarakhand,TEHRI GARHWAL,DISTRICT COLLECTOR UTTARKASHI_IDA,2024-02-25,100000.0,Unsanctioned,Lok Sabha,14.0,LOW,"Suspicious near-duplicate overlap: Same constituency, similar amount, and date proximity (Index: 702, score: 0.77).",11,False,False,True,False
719,Mala Rajya Laxmi Shah,NA - Construction of public irrigation facilities,Normal/Others,Uttarakhand,TEHRI GARHWAL,DISTRICT COLLECTOR UTTARKASHI_IDA,2024-02-25,100000.0,Unsanctioned,Lok Sabha,14.0,LOW,"Suspicious near-duplicate overlap: Same constituency, similar amount, and date proximity (Index: 700, score: 0.76).",2,False,False,True,False
720,Mala Rajya Laxmi Shah,NA - Development of playfields and sports grounds,Normal/Others,Uttarakhand,TEHRI GARHWAL,DISTRICT COLLECTOR UTTARKASHI_IDA,2024-02-25,500000.0,Unsanctioned,Lok Sabha,25.5,MEDIUM,"Allocation is an outlier relative to state works (Z-score: 5.72, excluding current).",11,True,False,False,False
721,Mala Rajya Laxmi Shah,NA - Construction of flood control embankments,Normal/Others,Uttarakhand,TEHRI GARHWAL,DISTRICT COLLECTOR UTTARKASHI_IDA,2024-02-25,100000.0,Unsanctioned,Lok Sabha,14.0,LOW,"Suspicious near-duplicate overlap: Same constituency, similar amount, and date proximity (Index: 694, score: 0.72).",11,False,False,True,False
722,Mala Rajya Laxmi Shah,NA - Construction of footpaths and pedestrian ways,Normal/Others,Uttarakhand,TEHRI GARHWAL,DISTRICT COLLECTOR UTTARKASHI_IDA,2024-02-25,50000.0,Unsanctioned,Lok Sabha,14.0,LOW,"Suspicious near-duplicate overlap: Same constituency, similar amount, and date proximity (Index: 692, score: 0.76).",11,False,False,True,False
723,Mala Rajya Laxmi Shah,NA - Construction of flood control embankments,Normal/Others,Uttarakhand,TEHRI GARHWAL,DISTRICT COLLECTOR UTTARKASHI_IDA,2024-02-25,100000.0,Unsanctioned,Lok Sabha,14.0,LOW,"Suspicious near-duplicate overlap: Same constituency, similar amount, and date proximity (Index: 699, score: 0.74).",11,False,False,True,False
724,Mala Rajya Laxmi Shah,NA - Providing supply pipelines for drinking water,Normal/Others,Uttarakhand,TEHRI GARHWAL,DISTRICT COLLECTOR UTTARKASHI_IDA,2024-02-25,150000.0,Unsanctioned,Lok Sabha,24.0,MEDIUM,"Suspicious near-duplicate overlap: Same constituency, similar amount, and date proximity (Index: 701, score: 0.75).",7,True,False,True,False
725,Mala Rajya Laxmi Shah,NA - Construction of rooms and halls in school and colleges,Repair and Renovation,Uttarakhand,TEHRI GARHWAL,DISTRICT COLLECTOR UTTARKASHI_IDA,2024-02-25,100000.0,Unsanctioned,Lok Sabha,8.0,LOW,"Near-duplicate match: contextual_near_duplicate (Index: 698, score: 0.68, text sim: 1.00).",1,False,False,False,False
726,Mala Rajya Laxmi Shah,NA - Construction of flood control embankments,Normal/Others,Uttarakhand,TEHRI GARHWAL,DISTRICT COLLECTOR UTTARKASHI_IDA,2024-02-25,60000.0,Unsanctioned,Lok Sabha,14.0,LOW,"Suspicious near-duplicate overlap: Same constituency, similar amount, and date proximity (Index: 694, score: 0.71).",11,False,False,True,False
727,Mala Rajya Laxmi Shah,NA - Development of playfields and sports grounds,Normal/Others,Uttarakhand,TEHRI GARHWAL,DISTRICT COLLECTOR UTTARKASHI_IDA,2024-02-25,60000.0,Unsanctioned,Lok Sabha,14.0,LOW,"Suspicious near-duplicate overlap: Same constituency, similar amount, and date proximity (Index: 728, score: 0.77).",2,False,False,True,False
728,Mala Rajya Laxmi Shah,NA - Development of playfields and sports grounds,Normal/Others,Uttarakhand,TEHRI GARHWAL,DISTRICT COLLECTOR UTTARKASHI_IDA,2024-02-25,50000.0,Unsanctioned,Lok Sabha,14.0,LOW,"Suspicious near-duplicate overlap: Same constituency, similar amount, and date proximity (Index: 727, score: 0.77).",2,False,False,True,False
729,Mala Rajya Laxmi Shah,NA - Crematoriums or structures on burial/ cremation ground for public convenience,Normal/Others,Uttarakhand,TEHRI GARHWAL,DISTRICT COLLECTOR UTTARKASHI_IDA,2024-02-25,50000.0,Unsanctioned,Lok Sabha,14.0,LOW,"Suspicious near-duplicate overlap: Same constituency, similar amount, and date proximity (Index: 711, score: 0.75).",4,False,False,True,False
730,Mala Rajya Laxmi Shah,NA - Construction of footpaths and pedestrian ways,Normal/Others,Uttarakhand,TEHRI GARHWAL,DISTRICT COLLECTOR UTTARKASHI_IDA,2024-02-25,60000.0,Unsanctioned,Lok Sabha,14.0,LOW,"Suspicious near-duplicate overlap: Same constituency, similar amount, and date proximity (Index: 692, score: 0.78).",11,False,False,True,False
731,Ajay Tamta,"NA - Construction of roads, link roads, pathways or any other road with or without drainage system",Normal/Others,Uttarakhand,ALMORA(SC),DISTRICT MAGISTRATE ALMORA_IDA,2024-02-25,500000.0,Unsanctioned,Lok Sabha,17.5,LOW,"Allocation is an outlier relative to state works (Z-score: 5.72, excluding current).",2,True,False,False,False
732,Mala Rajya Laxmi Shah,NA - Development of playground,Normal/Others,Uttarakhand,TEHRI GARHWAL,DISTRICT COLLECTOR UTTARKASHI_IDA,2024-02-25,80000.0,Unsanctioned,Lok Sabha,0.0,LOW,,0,False,False,False,False
733,Mala Rajya Laxmi Shah,NA - Construction of footpaths and pedestrian ways,Normal/Others,Uttarakhand,TEHRI GARHWAL,DISTRICT COLLECTOR UTTARKASHI_IDA,2024-02-25,80000.0,Unsanctioned,Lok Sabha,14.0,LOW,"Suspicious near-duplicate overlap: Same constituency, similar amount, and date proximity (Index: 692, score: 0.75).",11,False,False,True,False
734,Mala Rajya Laxmi Shah,NA - Construction of public irrigation facilities,Normal/Others,Uttarakhand,TEHRI GARHWAL,DISTRICT COLLECTOR UTTARKASHI_IDA,2024-02-25,50000.0,Unsanctioned,Lok Sabha,14.0,LOW,"Suspicious near-duplicate overlap: Same constituency, similar amount, and date proximity (Index: 700, score: 0.77).",2,False,False,True,False
735,Mala Rajya Laxmi Shah,NA - Construction of flood control embankments,Normal/Others,Uttarakhand,TEHRI GARHWAL,DISTRICT COLLECTOR UTTARKASHI_IDA,2024-02-25,80000.0,Unsanctioned,Lok Sabha,14.0,LOW,"Suspicious near-duplicate overlap: Same constituency, similar amount, and date proximity (Index: 694, score: 0.71).",11,False,False,True,False
736,Mala Rajya Laxmi Shah,NA - Construction of flood control embankments,Normal/Others,Uttarakhand,TEHRI GARHWAL,DISTRICT COLLECTOR UTTARKASHI_IDA,2024-02-25,80000.0,Unsanctioned,Lok Sabha,14.0,LOW,"Suspicious near-duplicate overlap: Same constituency, similar amount, and date proximity (Index: 694, score: 0.75).",11,False,False,True,False
737,Mala Rajya Laxmi Shah,NA - Providing supply pipelines for drinking water,Normal/Others,Uttarakhand,TEHRI GARHWAL,DISTRICT COLLECTOR UTTARKASHI_IDA,2024-02-25,60000.0,Unsanctioned,Lok Sabha,14.0,LOW,"Suspicious near-duplicate overlap: Same constituency, similar amount, and date proximity (Index: 701, score: 0.84).",2,False,False,True,False
738,Mala Rajya Laxmi Shah,NA - Construction of footpaths and pedestrian ways,Normal/Others,Uttarakhand,TEHRI GARHWAL,DISTRICT COLLECTOR UTTARKASHI_IDA,2024-02-25,50000.0,Unsanctioned,Lok Sabha,14.0,LOW,"Suspicious near-duplicate overlap: Same constituency, similar amount, and date proximity (Index: 692, score: 0.76).",11,False,False,True,False
739,Smt Jaya Bachchan,NA - Lighting of public spaces,Normal/Others,Uttar Pradesh,Sitting Rajya Sabha,DISTRICT MAGISTRATE BHADOHI_IDA,2024-02-25,543036.0,Unsanctioned,Rajya Sabha,25.5,MEDIUM,"Allocation is an outlier relative to mp_name works (Z-score: 7.37, excluding current).",32,True,False,False,False
740,Smt Jaya Bachchan,NA - Lighting of public spaces,Normal/Others,Uttar Pradesh,Sitting Rajya Sabha,DISTRICT MAGISTRATE BHADOHI_IDA,2024-02-25,543036.0,Unsanctioned,Rajya Sabha,25.5,MEDIUM,"Allocation is an outlier relative to mp_name works (Z-score: 7.37, excluding current).",32,True,False,False,False
741,Smt Jaya Bachchan,NA - Lighting of public spaces,Normal/Others,Uttar Pradesh,Sitting Rajya Sabha,DISTRICT MAGISTRATE BHADOHI_IDA,2024-02-25,543036.0,Unsanctioned,Rajya Sabha,25.5,MEDIUM,"Allocation is an outlier relative to mp_name works (Z-score: 7.37, excluding current).",32,True,False,False,False
