mp_name,work,category,state,constituency,ida,city,ward,block,village,recommended_date,allocation_amount,ida_approval,status,house,allocation_amount_is_missing,original_row_index,exact_duplicate_group_id,duplicate_occurrence_count
Manoj Rajoria,NA - Installing community drinking water plants,Normal/Others,Rajasthan,KARAULI-DHOLPUR(SC),DISTRICT COLLECTOR DHOLPUR_IDA,,,Rajakhera,Nadauli,2024-03-04,100000.0,Action Pending,Unsanctioned,Lok Sabha,False,0,bae6262d028046f9491a6b710b330c84,1
Mr Gopal Jee Thakur,NA - Street lights,Normal/Others,Bihar,DARBHANGA,DISTRICT MAGISTRATE DARBANGA_IDA,,,Manigachhi,Jagdishpur,2024-03-04,487000.0,Action Pending,Unsanctioned,Lok Sabha,False,1,3f9fa1d04019777aeffb5afbdc42abe8,1
Manoj Rajoria,"NA - Construction of roads, link roads, pathways or any other road with or without drainage system",Normal/Others,Rajasthan,KARAULI-DHOLPUR(SC),DISTRICT COLLECTOR DHOLPUR_IDA,,,Sepau,Kaithri,2024-03-04,500000.0,Action Pending,Unsanctioned,Lok Sabha,False,2,ca5d5e8da71b05d6600360e167c7c0cc,1
Mr Gopal Jee Thakur,NA - Street lights,Normal/Others,Bihar,DARBHANGA,DISTRICT MAGISTRATE DARBANGA_IDA,,,Manigachhi,Chandaur,2024-03-04,487000.0,Action Pending,Unsanctioned,Lok Sabha,False,3,07f8da7d69458f84e8e89564ef22eaca,1
Mr Gopal Jee Thakur,NA - Street lights,Normal/Others,Bihar,DARBHANGA,DISTRICT MAGISTRATE DARBANGA_IDA,,,Manigachhi,Kotma,2024-03-04,487000.0,Action Pending,Unsanctioned,Lok Sabha,False,4,0a3618113dd79a2c52c3499bbef3e1b8,1
Mr Gopal Jee Thakur,NA - Street lights,Normal/Others,Bihar,DARBHANGA,DISTRICT MAGISTRATE DARBANGA_IDA,,,Manigachhi,Lehara,2024-03-04,487000.0,Action Pending,Unsanctioned,Lok Sabha,False,5,946f528f7d2bfd3b0b037d78163342cc,1
Mr Gopal Jee Thakur,NA - Street lights,Normal/Others,Bihar,DARBHANGA,DISTRICT MAGISTRATE DARBANGA_IDA,,,Manigachhi,Belaur,2024-03-04,487000.0,Action Pending,Unsanctioned,Lok Sabha,False,6,82747796bcb142bd933b9ee106bd2f58,1
Mr Gopal Jee Thakur,NA - Street lights,Normal/Others,Bihar,DARBHANGA,DISTRICT MAGISTRATE DARBANGA_IDA,,,Manigachhi,Raghopur,2024-03-04,487000.0,Action Pending,Unsanctioned,Lok Sabha,False,7,92a5238e658f82d5db48ddcac5f8d7a6,4
Mr Gopal Jee Thakur,NA - Street lights,Normal/Others,Bihar,DARBHANGA,DISTRICT MAGISTRATE DARBANGA_IDA,,,Manigachhi,Raghopur,2024-03-04,487000.0,Action Pending,Unsanctioned,Lok Sabha,False,8,92a5238e658f82d5db48ddcac5f8d7a6,4
Mr Gopal Jee Thakur,NA - Street lights,Normal/Others,Bihar,DARBHANGA,DISTRICT MAGISTRATE DARBANGA_IDA,,,Manigachhi,Barhampura,2024-03-04,487000.0,Action Pending,Unsanctioned,Lok Sabha,False,9,06648abbc2921e3186e17bffbbd0af4e,1
Mr Gopal Jee Thakur,NA - Street lights,Normal/Others,Bihar,DARBHANGA,DISTRICT MAGISTRATE DARBANGA_IDA,,,Manigachhi,Tatuar,2024-03-04,487000.0,Action Pending,Unsanctioned,Lok Sabha,False,10,0decf1610f5c48c7e10799b79f2357bd,1
Mr Gopal Jee Thakur,NA - Street lights,Normal/Others,Bihar,DARBHANGA,DISTRICT MAGISTRATE DARBANGA_IDA,,,Manigachhi,Raghopur,2024-03-04,487000.0,Action Pending,Unsanctioned,Lok Sabha,False,11,92a5238e658f82d5db48ddcac5f8d7a6,4
Mr Gopal Jee Thakur,NA - Street lights,Normal/Others,Bihar,DARBHANGA,DISTRICT MAGISTRATE DARBANGA_IDA,,,Tardih,Kokraha,2024-03-04,487000.0,Action Pending,Unsanctioned,Lok Sabha,False,12,70837998dda51943c97897fe609dca31,1
Mr Gopal Jee Thakur,NA - Street lights,Normal/Others,Bihar,DARBHANGA,DISTRICT MAGISTRATE DARBANGA_IDA,,,Darbhanga,Siso,2024-03-04,487000.0,Action Pending,Unsanctioned,Lok Sabha,False,13,042322adc195e48b12d981852a1a90d5,1
Mr Gopal Jee Thakur,NA - Street lights,Normal/Others,Bihar,DARBHANGA,DISTRICT MAGISTRATE DARBANGA_IDA,,,Darbhanga,Sara Mahamad,2024-03-04,487000.0,Action Pending,Unsanctioned,Lok Sabha,False,14,22892e16ba21d5ae15ac2fece9564c00,1
Mr Gopal Jee Thakur,NA - Street lights,Normal/Others,Bihar,DARBHANGA,DISTRICT MAGISTRATE DARBANGA_IDA,,,Darbhanga,Basdeopur,2024-03-04,487000.0,Action Pending,Unsanctioned,Lok Sabha,False,15,291e116cf5412f0404584e64f8f019d9,1
Mr Gopal Jee Thakur,NA - Street lights,Normal/Others,Bihar,DARBHANGA,DISTRICT MAGISTRATE DARBANGA_IDA,,,Darbhanga,Shahbazpur,2024-03-04,487000.0,Action Pending,Unsanctioned,Lok Sabha,False,16,3cb6cdb32cde2050d3aab5c2c13a734a,1
Mr Gopal Jee Thakur,NA - Street lights,Normal/Others,Bihar,DARBHANGA,DISTRICT MAGISTRATE DARBANGA_IDA,,,Darbhanga,Khutwara,2024-03-04,487000.0,Action Pending,Unsanctioned,Lok Sabha,False,17,9b81ce9a3e8f96c20d667e269d7973bf,1
Pradyut Bordoloi,NA - Setting up public non-conventional energy plants,Normal/Others,Assam,NOWGONG,DEPUTY COMMISSIONER NOWGONG_IDA,,,Nagaon,Town Nagaon,2024-03-04,500000.0,Action Pending,Unsanctioned,Lok Sabha,False,18,fd3ca49c77ad6ef4a811efd43ca7d467,1
Pradyut Bordoloi,NA - Construction of boundary walls of existing public and community buildings,Normal/Others,Assam,NOWGONG,DEPUTY COMMISSIONER NOWGONG_IDA,,,Nagaon,Majarati,2024-03-04,300000.0,Action Pending,Unsanctioned,Lok Sabha,False,19,993fae8e5c1dd8a0b4598358ae38e695,1
Pradyut Bordoloi,NA - Construction of community centers and community halls,Normal/Others,Assam,NOWGONG,DEPUTY COMMISSIONER NOWGONG_IDA,,,Nagaon,Town Nagaon,2024-03-04,500000.0,Action Pending,Unsanctioned,Lok Sabha,False,20,3a745285ead9b665e707961238fd2634,1
Pradyut Bordoloi,NA - Construction of boundary walls of existing public and community buildings,Normal/Others,Assam,NOWGONG,DEPUTY COMMISSIONER NOWGONG_IDA,,,Nagaon,Barbheti,2024-03-04,300000.0,Action Pending,Unsanctioned,Lok Sabha,False,21,80c535f7cbef6638c7cc457fcd2c88df,1
Manoj Rajoria,NA - Installing community drinking water plants,Normal/Others,Rajasthan,KARAULI-DHOLPUR(SC),DISTRICT COLLECTOR DHOLPUR_IDA,,,Sepau,Kookara,2024-03-04,600000.0,Action Pending,Unsanctioned,Lok Sabha,False,22,1218a5c267fed578ffe8588c5cbd082a,1
Mr Gopal Jee Thakur,NA - Street lights,Normal/Others,Bihar,DARBHANGA,DISTRICT MAGISTRATE DARBANGA_IDA,,,Manigachhi,Raghopur,2024-03-04,487000.0,Action Pending,Unsanctioned,Lok Sabha,False,23,92a5238e658f82d5db48ddcac5f8d7a6,4
Manoj Rajoria,NA - Installing community drinking water plants,Normal/Others,Rajasthan,KARAULI-DHOLPUR(SC),DISTRICT COLLECTOR DHOLPUR_IDA,,,Sepau,Sepau 2,2024-03-04,100000.0,Action Pending,Unsanctioned,Lok Sabha,False,24,b93b18de32f2cf002aba695cb735266a,1
Manoj Rajoria,NA - Installing community drinking water plants,Normal/Others,Rajasthan,KARAULI-DHOLPUR(SC),DISTRICT COLLECTOR DHOLPUR_IDA,,,Bari,Norha,2024-03-04,600000.0,Action Pending,Unsanctioned,Lok Sabha,False,25,fa349ace5edf7b8265f674809c036989,1
Manoj Rajoria,"NA - Construction of roads, link roads, pathways or any other road with or without drainage system",Normal/Others,Rajasthan,KARAULI-DHOLPUR(SC),DISTRICT COLLECTOR DHOLPUR_IDA,,,Rajakhera,Rahsena,2024-03-04,1000000.0,Action Pending,Unsanctioned,Lok Sabha,False,26,981b26cb3ee378931885ca02afe42c28,1
Mr Gopal Jee Thakur,"NA - Construction of roads, link roads, pathways or any other road with or without drainage system",Normal/Others,Bihar,DARBHANGA,DISTRICT MAGISTRATE DARBANGA_IDA,,,DARBHANGA,Dularpur,2024-03-04,499000.0,Action Pending,Unsanctioned,Lok Sabha,False,27,1689e9495ea3a5a8198e7a1cbcd0b3a0,1
Manoj Rajoria,NA - Installing community drinking water plants,Normal/Others,Rajasthan,KARAULI-DHOLPUR(SC),DISTRICT COLLECTOR DHOLPUR_IDA,Dhaulpur,Dhaulpur (M) - Ward No.10,,,2024-03-04,150000.0,Action Pending,Unsanctioned,Lok Sabha,False,28,13ea81d5c88a31de2e0cc8f4838b8114,1
Mr Gopal Jee Thakur,NA - Street lights,Normal/Others,Bihar,DARBHANGA,DISTRICT MAGISTRATE DARBANGA_IDA,Benipur,Benipur (M) - Ward No. 07,,,2024-03-04,487000.0,Action Pending,Unsanctioned,Lok Sabha,False,29,61adc0c9c291b967caf7030728649fcf,2
Mr Gopal Jee Thakur,NA - Street lights,Normal/Others,Bihar,DARBHANGA,DISTRICT MAGISTRATE DARBANGA_IDA,Benipur,Benipur (M) - Ward No. 29,,,2024-03-04,487000.0,Action Pending,Unsanctioned,Lok Sabha,False,30,60da97aee4d2beae35c9402fccc72b43,1
Mr Gopal Jee Thakur,NA - Street lights,Normal/Others,Bihar,DARBHANGA,DISTRICT MAGISTRATE DARBANGA_IDA,Benipur,Benipur (M) - Ward No. 10,,,2024-03-04,487000.0,Action Pending,Unsanctioned,Lok Sabha,False,31,3839451b1b6cf88a898dbbfec1283ffa,1
Mr Gopal Jee Thakur,NA - Street lights,Normal/Others,Bihar,DARBHANGA,DISTRICT MAGISTRATE DARBANGA_IDA,Benipur,Benipur (M) - Ward No. 07,,,2024-03-04,487000.0,Action Pending,Unsanctioned,Lok Sabha,False,32,61adc0c9c291b967caf7030728649fcf,2
Manoj Rajoria,NA - Construction of community centers and community halls,Normal/Others,Rajasthan,KARAULI-DHOLPUR(SC),DISTRICT COLLECTOR DHOLPUR_IDA,,,Mania,Marha Bhau,2024-03-04,600000.0,Action Pending,Unsanctioned,Lok Sabha,False,33,319ba4db3a3be04c4665401134191546,1
Manoj Rajoria,NA - Construction of community centers and community halls,Normal/Others,Rajasthan,KARAULI-DHOLPUR(SC),DISTRICT COLLECTOR DHOLPUR_IDA,,,Sepau,Sakhwara,2024-03-04,700000.0,Action Pending,Unsanctioned,Lok Sabha,False,34,b2894a9262276ffc297f22dbbd0acbe7,1
Shri Bhartruhari Mahtab,NA - Construction of buildings for community cultural activities,Normal/Others,Odisha,CUTTACK,DISTRICT COLLECTOR CUTTACK_IDA,,,Cuttack Sadar,Kalapada,2024-03-03,500000.0,Action Pending,Unsanctioned,Lok Sabha,False,35,caa2424f3cf0d555223ad1d5e12a04e6,1
Shivkumar Chanabasappa Udasi,NA - Construction of additional rooms and halls in the existing public and community building,Normal/Others,Karnataka,HAVERI,DEPUTY COMMISSIONER HAVERI_IDA,,,Haveri,Venkatapur,2024-03-03,500000.0,Action Pending,Unsanctioned,Lok Sabha,False,36,47957e73977d16355523ccc2529afef0,1
Shri Abdul Khaleque,"NA - Construction of roads, link roads, pathways or any other road with or without drainage system",Normal/Others,Assam,BARPETA,DEPUTY COMMISSIONER BARPETA_IDA,,,Barpeta,Hajipara,2024-03-03,300000.0,Action Pending,Unsanctioned,Lok Sabha,False,37,b572ac011bb3f4534e13aec3804a5773,1
Shri Abdul Khaleque,"NA - Construction of roads, link roads, pathways or any other road with or without drainage system",Normal/Others,Assam,BARPETA,DEPUTY COMMISSIONER BARPETA_IDA,,,Kalgachia,Pachim Moinbari,2024-03-03,500000.0,Action Pending,Unsanctioned,Lok Sabha,False,38,d5bf28eb174082182e19cdec1b48d32c,1
Gaddam Ranjith Reddy,NA - Lighting of public spaces,Normal/Others,Telangana,CHELVELLA,DISTRICT COLLECTOR VIKARABAD_IDA,,,Basheerabad,Neelapalle,2024-03-03,170000.0,Action Pending,Unsanctioned,Lok Sabha,False,39,645bf1dd87f44c61e3696624e411d61c,1
Gaddam Ranjith Reddy,NA - Lighting of public spaces,Normal/Others,Telangana,CHELVELLA,DISTRICT COLLECTOR VIKARABAD_IDA,,,Basheerabad,Navalga,2024-03-03,170000.0,Action Pending,Unsanctioned,Lok Sabha,False,40,b0f0c5c634e9b39e7744a5deac8bdbb4,1
Gaddam Ranjith Reddy,NA - Lighting of public spaces,Normal/Others,Telangana,CHELVELLA,DISTRICT COLLECTOR VIKARABAD_IDA,,,Basheerabad,Navandgi (Ct),2024-03-03,510000.0,Action Pending,Unsanctioned,Lok Sabha,False,41,5f998541f1fc716d61a25a47e9422b72,1
Gaddam Ranjith Reddy,NA - Lighting of public spaces,Normal/Others,Telangana,CHELVELLA,DISTRICT COLLECTOR VIKARABAD_IDA,,,Basheerabad,Jalalpur,2024-03-03,510000.0,Action Pending,Unsanctioned,Lok Sabha,False,42,95a9e0b9718a1b592f9e7667f1037260,1
Dr Sukanta Majumdar,NA - Street lights,Normal/Others,West Bengal,BALURGHAT,DISTRICT MAGISTRATE DINAJPUR DAKSHIN_IDA,Balurghat,Baidyanathpara (OG) - Ward No.25,,,2024-03-03,35000.0,Action Pending,Unsanctioned,Lok Sabha,False,43,51ee8b80271bbbcfe80d2e1517774a7a,5
Shri Bhartruhari Mahtab,NA - Construction of buildings for community cultural activities,Normal/Others,Odisha,CUTTACK,DISTRICT COLLECTOR CUTTACK_IDA,,,Kishannagar,Bankol,2024-03-03,200000.0,Action Pending,Unsanctioned,Lok Sabha,False,44,5c34385f8c7b2acdcdf664d23d2ee975,1
Shri Bhartruhari Mahtab,"NA - Construction of roads, link roads, pathways or any other road with or without drainage system",Normal/Others,Odisha,CUTTACK,DISTRICT COLLECTOR CUTTACK_IDA,,,Kishannagar,Hulipur,2024-03-03,250000.0,Action Pending,Unsanctioned,Lok Sabha,False,45,fa4eccd820f310bf7b676c267897bea5,1
Shri Bhartruhari Mahtab,NA - Construction of buildings for community cultural activities,Normal/Others,Odisha,CUTTACK,DISTRICT COLLECTOR CUTTACK_IDA,,,Kandarpur,Nimeisapur,2024-03-03,300000.0,Action Pending,Unsanctioned,Lok Sabha,False,46,242d39e685b5799d890415eb58d49e81,1
Shri Bhartruhari Mahtab,NA - Construction of buildings for community cultural activities,Normal/Others,Odisha,CUTTACK,DISTRICT COLLECTOR CUTTACK_IDA,,,Kishannagar,Bankol,2024-03-03,120000.0,Action Pending,Unsanctioned,Lok Sabha,False,47,b9ac7461afdd41091ec748780cca86c1,1
Shri Bhartruhari Mahtab,NA - Lighting of public spaces,Normal/Others,Odisha,CUTTACK,DISTRICT COLLECTOR CUTTACK_IDA,,,Kishannagar,Radhanagar,2024-03-03,100000.0,Action Pending,Unsanctioned,Lok Sabha,False,48,6b823e3fc2780188e6a80fbb6cafd8af,1
Shri Bhartruhari Mahtab,NA - Construction of buildings for community cultural activities,Normal/Others,Odisha,CUTTACK,DISTRICT COLLECTOR CUTTACK_IDA,,,Badamba,Maniabandha,2024-03-03,300000.0,Action Pending,Unsanctioned,Lok Sabha,False,49,58bdd904da4ba21b4855d360b0eaa5dc,1
Shri Mahesh Sahoo,NA - Construction of boundary walls of existing public and community buildings,Normal/Others,Odisha,DHENKANAL,DISTRICT COLLECTORANGUL_IDA,,,Palalahada,Chasagurujanga,2024-03-03,300000.0,Action Pending,Unsanctioned,Lok Sabha,False,50,8baa3a804c7c20b371b9a07aa0321320,1
Shri Mahesh Sahoo,NA - Construction of boundary walls of existing public and community buildings,Normal/Others,Odisha,DHENKANAL,DISTRICT COLLECTORANGUL_IDA,,,Palalahada,Chasagurujanga,2024-03-03,500000.0,Action Pending,Unsanctioned,Lok Sabha,False,51,49ba57defb595b55576ab8ddd4a64bc4,1
Shri Mahesh Sahoo,NA - Construction of New Building,Normal/Others,Odisha,DHENKANAL,DISTRICT COLLECTORANGUL_IDA,,,Khamar,Khamar,2024-03-03,500000.0,Action Pending,Unsanctioned,Lok Sabha,False,52,2a9a385c201c40985c7b72b6ee5f7aa9,1
Shri Mahesh Sahoo,"NA - Construction of roads, link roads, pathways or any other road with or without drainage system",Normal/Others,Odisha,DHENKANAL,DISTRICT COLLECTORANGUL_IDA,,,Khamar,Khemala,2024-03-03,300000.0,Action Pending,Unsanctioned,Lok Sabha,False,53,69cc124a45085e89a5f8a1b9d05ada61,1
Shri Mahesh Sahoo,NA - Construction of boundary walls of existing public and community buildings,Normal/Others,Odisha,DHENKANAL,DISTRICT COLLECTORANGUL_IDA,,,Khamar,Sankhamur,2024-03-03,300000.0,Action Pending,Unsanctioned,Lok Sabha,False,54,839c4f68960f15b45a4cbcbf41a6e799,1
Shri Mahesh Sahoo,NA - Construction of community centers and community halls,Normal/Others,Odisha,DHENKANAL,DISTRICT COLLECTORANGUL_IDA,,,Palalahada,Pabitrapur,2024-03-03,400000.0,Action Pending,Unsanctioned,Lok Sabha,False,55,1e12c79dc582aaf4798a61eeb0117898,1
Shri Mahesh Sahoo,NA - Construction of community centers and community halls,Normal/Others,Odisha,DHENKANAL,DISTRICT COLLECTORANGUL_IDA,,,Palalahada,Batisuan,2024-03-03,400000.0,Action Pending,Unsanctioned,Lok Sabha,False,56,ea9ebf1fdee9dd5ced4be9cbee5e96e9,1
Rahul Kaswan,NA - Construction of rooms and halls in school and colleges,Normal/Others,Rajasthan,CHURU,DISTRICT COLLECTOR CHURU_IDA,,,Bhanipura,Sawar,2024-03-03,850000.0,Action Pending,Unsanctioned,Lok Sabha,False,57,a13b3c12b8a05e557a559b53fb94277a,1
Rahul Kaswan,NA - Construction of additional rooms and halls in the existing public and community building,Normal/Others,Rajasthan,CHURU,DISTRICT COLLECTOR CHURU_IDA,,,Bhanipura,Rajasar Panwaran,2024-03-03,650000.0,Action Pending,Unsanctioned,Lok Sabha,False,58,b6dcf86e5ddaee7ab71c05443d809c74,1
Shri Bhartruhari Mahtab,NA - Construction of buildings for community cultural activities,Normal/Others,Odisha,CUTTACK,DISTRICT COLLECTOR CUTTACK_IDA,,,Kandarpur,Gatiroutpatana (Part) Dihasahi,2024-03-03,500000.0,Action Pending,Unsanctioned,Lok Sabha,False,59,0080cea953924f178a958f0bc9a561e2,1
Shivkumar Chanabasappa Udasi,NA - Construction of bus-sheds or bus-stops,Normal/Others,Karnataka,HAVERI,DEPUTY COMMISSIONER HAVERI_IDA,,,Haveri,Devagiri,2024-03-03,500000.0,Action Pending,Unsanctioned,Lok Sabha,False,60,32814128f2f92926932676a60649413f,2
Dr Sukanta Majumdar,NA - Street lights,Normal/Others,West Bengal,BALURGHAT,DISTRICT MAGISTRATE DINAJPUR DAKSHIN_IDA,Balurghat,Baidyanathpara (OG) - Ward No.25,,,2024-03-03,35000.0,Action Pending,Unsanctioned,Lok Sabha,False,61,51ee8b80271bbbcfe80d2e1517774a7a,5
Dr Sukanta Majumdar,NA - Street lights,Normal/Others,West Bengal,BALURGHAT,DISTRICT MAGISTRATE DINAJPUR DAKSHIN_IDA,Balurghat,Baidyanathpara (OG) - Ward No.25,,,2024-03-03,35000.0,Action Pending,Unsanctioned,Lok Sabha,False,62,51ee8b80271bbbcfe80d2e1517774a7a,5
Dr Sukanta Majumdar,NA - Street lights,Normal/Others,West Bengal,BALURGHAT,DISTRICT MAGISTRATE DINAJPUR DAKSHIN_IDA,Balurghat,Baidyanathpara (OG) - Ward No.25,,,2024-03-03,35000.0,Action Pending,Unsanctioned,Lok Sabha,False,63,51ee8b80271bbbcfe80d2e1517774a7a,5
Shri Dilip Ghosh,NA - Construction of rooms and halls in school and colleges,Normal/Others,West Bengal,MEDINIPUR,DISTRICT MAGISTRATE PASCHIM MEDINIPUR_IDA,Medinipur,Medinipur (M) - Ward No.9,,,2024-03-03,1800000.0,Action Pending,Unsanctioned,Lok Sabha,False,64,8b2e6823281d293269b1a6abb097bcfa,1
Shri Dilip Ghosh,NA - Construction of rooms and halls in school and colleges,Normal/Others,West Bengal,MEDINIPUR,DISTRICT MAGISTRATE PASCHIM MEDINIPUR_IDA,Kharagpur,Kharagpur (M) - Ward No.23,,,2024-03-03,952002.0,Action Pending,Unsanctioned,Lok Sabha,False,65,1708fd32a7e3ee2f509fc952838460dd,1
Shivkumar Chanabasappa Udasi,"NA - Construction of roads, link roads, pathways or any other road with or without drainage system",Normal/Others,Karnataka,HAVERI,DEPUTY COMMISSIONER HAVERI_IDA,,,Haveri,Karjagi,2024-03-03,150000.0,Action Pending,Unsanctioned,Lok Sabha,False,66,4ed699677854d496da7f85f0f30345ba,1
Adhir Ranjan Chowdhury,NA - Installing community drinking water plants,Normal/Others,West Bengal,BAHARAMPUR,DISTRICT MAGISTRATE MURSHIDABAD_IDA,Berhampore,Baharampur (M) - Ward No.22,,,2024-03-03,1085000.0,Action Pending,Unsanctioned,Lok Sabha,False,67,972fcc8d6712ad2eb0acfa129760a878,1
Shivkumar Chanabasappa Udasi,NA - Construction of additional rooms and halls in the existing public and community building,Normal/Others,Karnataka,HAVERI,DEPUTY COMMISSIONER HAVERI_IDA,,,Savanur,Hiremugadur,2024-03-03,500000.0,Action Pending,Unsanctioned,Lok Sabha,False,68,0648a246c17083dcb76bd1e6cd2bd345,1
Shivkumar Chanabasappa Udasi,NA - Crematoriums or structures on burial/ cremation ground for public convenience,Normal/Others,Karnataka,HAVERI,DEPUTY COMMISSIONER HAVERI_IDA,Hirekerur,Hirekerur (TP) - Ward No.7,,,2024-03-03,200000.0,Action Pending,Unsanctioned,Lok Sabha,False,69,60d30ac4e1d7a0a65edf1d17f12b3dff,1
Shri Mahesh Sahoo,NA - Construction of boundary walls of existing public and community buildings,Normal/Others,Odisha,DHENKANAL,DISTRICT COLLECTORANGUL_IDA,,,Khamar,Raghunathpur,2024-03-03,500000.0,Action Pending,Unsanctioned,Lok Sabha,False,70,036954f7d73b6db16feedfcc42ad07f7,1
Shivkumar Chanabasappa Udasi,"NA - Construction of roads, link roads, pathways or any other road with or without drainage system",Normal/Others,Karnataka,HAVERI,DEPUTY COMMISSIONER HAVERI_IDA,Haveri,Haveri (Cmc) - Ward No.1,,,2024-03-03,500000.0,Action Pending,Unsanctioned,Lok Sabha,False,71,a941b781517c75a2f3dcf09dc3c7a5c9,2
Rahul Kaswan,NA - Improvement of electricity distribution infrastructure,Normal/Others,Rajasthan,CHURU,DISTRICT COLLECTOR CHURU_IDA,,,Churu,Gajsar,2024-03-03,185000.0,Action Pending,Unsanctioned,Lok Sabha,False,72,4b02513a455aff748d0d7c1e04b55527,1
Shivkumar Chanabasappa Udasi,NA - Construction of bus-sheds or bus-stops,Normal/Others,Karnataka,HAVERI,DEPUTY COMMISSIONER HAVERI_IDA,,,Haveri,Devagiri Yellapur,2024-03-03,500000.0,Action Pending,Unsanctioned,Lok Sabha,False,73,a2339f76cf81c3ddbeaa72439b4b35c5,1
Shivkumar Chanabasappa Udasi,NA - Construction of bus-sheds or bus-stops,Normal/Others,Karnataka,HAVERI,DEPUTY COMMISSIONER HAVERI_IDA,,,Haveri,Devagiri,2024-03-03,500000.0,Action Pending,Unsanctioned,Lok Sabha,False,74,32814128f2f92926932676a60649413f,2
Gaddam Ranjith Reddy,NA - Lighting of public spaces,Normal/Others,Telangana,CHELVELLA,DISTRICT COLLECTOR VIKARABAD_IDA,,,Yelal,Bennur,2024-03-03,170000.0,Action Pending,Unsanctioned,Lok Sabha,False,75,d932d82b5f263f01aad41e15f93f1c02,1
Rahul Kaswan,NA - Construction of additional rooms and halls in the existing public and community building,Normal/Others,Rajasthan,CHURU,DISTRICT COLLECTOR CHURU_IDA,,,Taranagar,Buchawas,2024-03-03,650000.0,Action Pending,Unsanctioned,Lok Sabha,False,76,f024c920380e5623374ed5ab3d64fd64,1
Dr Sukanta Majumdar,NA - Street lights,Normal/Others,West Bengal,BALURGHAT,DISTRICT MAGISTRATE DINAJPUR DAKSHIN_IDA,Balurghat,Baidyanathpara (OG) - Ward No.25,,,2024-03-03,35000.0,Action Pending,Unsanctioned,Lok Sabha,False,77,51ee8b80271bbbcfe80d2e1517774a7a,5
Rahul Kaswan,NA - Construction of additional rooms and halls in the existing public and community building,Normal/Others,Rajasthan,CHURU,DISTRICT COLLECTOR CHURU_IDA,,,Sardarshahar,Patlisar Purohitan,2024-03-03,650000.0,Action Pending,Unsanctioned,Lok Sabha,False,78,9a5f46557cbe81f3a9461753fc63c51a,1
Rahul Kaswan,NA - Construction of boundary walls of existing public and community buildings,Normal/Others,Rajasthan,CHURU,DISTRICT COLLECTOR CHURU_IDA,,,Ratangarh,Parihara,2024-03-03,1000000.0,Action Pending,Unsanctioned,Lok Sabha,False,79,a5970cffb32cb14245173209aad0b503,1
Shivkumar Chanabasappa Udasi,NA - Construction of rooms and halls in school and colleges,Normal/Others,Karnataka,HAVERI,DEPUTY COMMISSIONER HAVERI_IDA,,,Haveri,Kallihal,2024-03-03,500000.0,Action Pending,Unsanctioned,Lok Sabha,False,80,fbf779a1fd632a3ddd7bd82bb5f1294c,1
Shri Mahesh Sahoo,NA - Construction of boundary walls of existing public and community buildings,Normal/Others,Odisha,DHENKANAL,DISTRICT COLLECTORANGUL_IDA,,,Khamar,Sankhamur,2024-03-03,400000.0,Action Pending,Unsanctioned,Lok Sabha,False,81,233a4879216a708ee4deab44f49f18c5,1
Shri Mahesh Sahoo,"NA - Construction of roads, link roads, pathways or any other road with or without drainage system",Normal/Others,Odisha,DHENKANAL,DISTRICT COLLECTORANGUL_IDA,,,Palalahada,Pechamundi,2024-03-03,300000.0,Action Pending,Unsanctioned,Lok Sabha,False,82,f3ae72c42370148912470f6e0ecee81f,1
Gaddam Ranjith Reddy,"NA - Construction of roads, link roads, pathways or any other road with or without drainage system",Normal/Others,Telangana,CHELVELLA,DISTRICT COLLECTOR RANGAREDDY_IDA,,,Chevella,Mudimyal,2024-03-03,500000.0,Action Pending,Unsanctioned,Lok Sabha,False,83,251fde99e2d34350aa720047ed6400f2,1
Smt Ranjeeta Koli,"NA - Construction of roads, link roads, pathways or any other road with or without drainage system",Normal/Others,Rajasthan,BHARATPUR(SC),DISTRICT COLLECTOR BHARATPUR_IDA,,,Bharatpur,Garhi Zalimsingh,2024-03-03,400000.0,Action Pending,Unsanctioned,Lok Sabha,False,84,403be3e820a27b5af5c23905464bb373,1
Rahul Kaswan,NA - Improvement of electricity distribution infrastructure,Normal/Others,Rajasthan,CHURU,DISTRICT COLLECTOR CHURU_IDA,,,Ratangarh,Menasar,2024-03-03,200000.0,Action Pending,Unsanctioned,Lok Sabha,False,85,9d61558652d817233a94b20dec84d987,1
Rahul Kaswan,NA - Construction of rooms and halls in school and colleges,Normal/Others,Rajasthan,CHURU,DISTRICT COLLECTOR CHURU_IDA,,,Ratangarh,Chainpura,2024-03-03,850000.0,Action Pending,Unsanctioned,Lok Sabha,False,86,8fa1532c30c58a8111b19f4c9e30dfbe,1
Rahul Kaswan,NA - Development of playfields and sports grounds,Normal/Others,Rajasthan,CHURU,DISTRICT COLLECTOR CHURU_IDA,,,Ratangarh,Gogasar,2024-03-03,500000.0,Action Pending,Unsanctioned,Lok Sabha,False,87,9ad9b2f538570d88e9df889e00919746,1
Smt Ranjeeta Koli,"NA - Construction of roads, link roads, pathways or any other road with or without drainage system",Normal/Others,Rajasthan,BHARATPUR(SC),DISTRICT COLLECTOR ALWAR_IDA,,,Kathumar,Titpuri,2024-03-03,700000.0,Action Pending,Unsanctioned,Lok Sabha,False,88,4d5df1d47b67c62fcc875542e53d7036,1
Smt Ranjeeta Koli,"NA - Construction of roads, link roads, pathways or any other road with or without drainage system",Normal/Others,Rajasthan,BHARATPUR(SC),DISTRICT COLLECTOR ALWAR_IDA,,,Kathumar,Maithna,2024-03-03,400000.0,Action Pending,Unsanctioned,Lok Sabha,False,89,93295ffa315f7ddef414f8e8fd62e60c,1
Smt Ranjeeta Koli,"NA - Construction of roads, link roads, pathways or any other road with or without drainage system",Normal/Others,Rajasthan,BHARATPUR(SC),DISTRICT COLLECTOR ALWAR_IDA,,,Kathumar,Pisai,2024-03-03,600000.0,Action Pending,Unsanctioned,Lok Sabha,False,90,9d5768d9399b61e519491d2975d93a0c,1
Smt Ranjeeta Koli,NA - Crematoriums or structures on burial/ cremation ground for public convenience,Normal/Others,Rajasthan,BHARATPUR(SC),DISTRICT COLLECTOR BHARATPUR_IDA,,,Nadbai,Gadauli,2024-03-03,300000.0,Action Pending,Unsanctioned,Lok Sabha,False,91,5314b8815ce3651f7eacfc9da13150d5,1
Smt Ranjeeta Koli,"NA - Construction of roads, link roads, pathways or any other road with or without drainage system",Normal/Others,Rajasthan,BHARATPUR(SC),DISTRICT COLLECTOR BHARATPUR_IDA,,,Nadbai,Gadauli,2024-03-03,500000.0,Action Pending,Unsanctioned,Lok Sabha,False,92,0df16f4216aa40a7130af7f41f47498d,1
Rahul Kaswan,NA - Improvement of electricity distribution infrastructure,Normal/Others,Rajasthan,CHURU,DISTRICT COLLECTOR CHURU_IDA,,,Rajgarh,Bas Mundi,2024-03-03,488000.0,Action Pending,Unsanctioned,Lok Sabha,False,93,6e736ab5dbc702669288f4612b56ebf3,1
Sukhbir Singh Jaunapuria,"NA - Construction of roads, link roads, pathways or any other road with or without drainage system",Normal/Others,Rajasthan,TONK-SAWAI MADHOPUR,DISTRICT COLLECTOR SAWAI MADHOPUR_IDA,,,Sawai Madhopur,Rawanjna Chaur,2024-03-03,250000.0,Action Pending,Unsanctioned,Lok Sabha,False,94,5c743b30e18baef0ef75e536099a9df4,1
Sukhbir Singh Jaunapuria,NA - Construction of community centers and community halls,Normal/Others,Rajasthan,TONK-SAWAI MADHOPUR,DISTRICT COLLECTOR TONK_IDA,,,Peeplu,Janwali,2024-03-03,500000.0,Action Pending,Unsanctioned,Lok Sabha,False,95,f9a0e799cd220e02e30c8867794faf28,1
Devji Mansingram Patel,NA - Purchase of other aids / devices required for P/ M/ V/ H impaired for differently abled persons,Normal/Others,Rajasthan,JALORE,DISTRICT COLLECTOR Sanchor_IDA,,,Sanchore,Kilawa,2024-03-03,110000.0,Action Pending,Unsanctioned,Lok Sabha,False,96,e09fb9bd80eab135f3942f7ef678fcff,1
Devji Mansingram Patel,NA - Street lights,Normal/Others,Rajasthan,JALORE,DISTRICT COLLECTOR Sanchor_IDA,,,Bagora,Bagora,2024-03-03,400000.0,Action Pending,Unsanctioned,Lok Sabha,False,97,fa1f701feef858e82ab1abde98401269,1
Devji Mansingram Patel,NA - Construction of common work sheds/ common covered sitting area,Normal/Others,Rajasthan,JALORE,DISTRICT COLLECTOR Sanchor_IDA,,,Raniwara,Doongri,2024-03-03,500000.0,Action Pending,Unsanctioned,Lok Sabha,False,98,bcda6793b4fe38446d3797de75c6bb07,1
Rahul Kaswan,NA - Development of playfields and sports grounds,Normal/Others,Rajasthan,CHURU,DISTRICT COLLECTOR CHURU_IDA,,,Taranagar,Poonras,2024-03-03,650000.0,Action Pending,Unsanctioned,Lok Sabha,False,99,b0da0c802200930c1de41599e7fac6d2,1
Rahul Kaswan,NA - Construction of rooms and halls in school and colleges,Normal/Others,Rajasthan,CHURU,DISTRICT COLLECTOR CHURU_IDA,,,Bidasar,Parewara,2024-03-03,850000.0,Action Pending,Unsanctioned,Lok Sabha,False,100,2db1105ac111d1b51f0cd4301ac69d26,1
Rahul Kaswan,NA - Construction of rooms and halls in school and colleges,Normal/Others,Rajasthan,CHURU,DISTRICT COLLECTOR CHURU_IDA,,,Taranagar,Kharathwasiya,2024-03-03,700000.0,Action Pending,Unsanctioned,Lok Sabha,False,101,5f904f27d0b873ebec17822eeceafa9b,1
Rahul Kaswan,NA - Improvement of electricity distribution infrastructure,Normal/Others,Rajasthan,CHURU,DISTRICT COLLECTOR CHURU_IDA,,,Ratangarh,Menasar,2024-03-03,142000.0,Action Pending,Unsanctioned,Lok Sabha,False,102,7a5b26881a24ecd77ce5146466a74944,1
Rahul Kaswan,NA - Construction of rooms and halls in school and colleges,Normal/Others,Rajasthan,CHURU,DISTRICT COLLECTOR CHURU_IDA,,,Ratangarh,Ladhasar,2024-03-03,850000.0,Action Pending,Unsanctioned,Lok Sabha,False,103,162819491e2aeef6ac11ae1ceb7da3ac,1
Rahul Kaswan,NA - Construction of rooms and halls in school and colleges,Normal/Others,Rajasthan,CHURU,DISTRICT COLLECTOR CHURU_IDA,,,Sardarshahar,Bhojoosar Upadhiiyan,2024-03-03,850000.0,Action Pending,Unsanctioned,Lok Sabha,False,104,8066868242478cf405acc0640cd78a0f,1
SHRI Rajeev Chandrashekhar,"NA - Construction of roads, link roads, pathways or any other road with or without drainage system",Normal/Others,Karnataka,Sitting Rajya Sabha,DEPUTY COMMISSIONER BANGALORE URBAN_IDA,,,Anekal,Indlawadi,2024-03-03,500000.0,Action Pending,Unsanctioned,Rajya Sabha,False,105,96c8ea14f2510b80fbdbbcdec005a40b,7
SH Dhiraj Prasad Sahu,"NA - Construction of roads, link roads, pathways or any other road with or without drainage system",Normal/Others,Jharkhand,Sitting Rajya Sabha,DEPUTY COMMISSIONER LOHARDAGA_IDA,,,Lohardaga,Nigni,2024-03-03,600000.0,Action Pending,Unsanctioned,Rajya Sabha,False,106,3f94196d2c538a4307e07b7a132e8d18,1
SH Dhiraj Prasad Sahu,"NA - Construction of roads, link roads, pathways or any other road with or without drainage system",Normal/Others,Jharkhand,Sitting Rajya Sabha,DEPUTY COMMISSIONER GUMLA_IDA,,,Ghaghra,Adar,2024-03-03,750000.0,Action Pending,Unsanctioned,Rajya Sabha,False,107,64065a8165b5c9cd27ef1fa09b503e3b,1
SH Dhiraj Prasad Sahu,NA - Construction of culverts and bridges,Normal/Others,Jharkhand,Sitting Rajya Sabha,DEPUTY COMMISSIONER GUMLA_IDA,,,Ghaghra,Adar,2024-03-03,500000.0,Action Pending,Unsanctioned,Rajya Sabha,False,108,e2155ee4ca7325957dab5753b03422f1,1
SH Dhiraj Prasad Sahu,NA - Construction of buildings for community cultural activities,Normal/Others,Jharkhand,Sitting Rajya Sabha,DEPUTY COMMISSIONER GUMLA_IDA,,,Ghaghra,Adar,2024-03-03,600000.0,Action Pending,Unsanctioned,Rajya Sabha,False,109,a7c858859e58b3dc44b904e9a99118d8,1
Dr Sikander Kumar,NA - Lighting of public spaces,Normal/Others,Himachal Pradesh,Sitting Rajya Sabha,DEPUTY COMMISSIONER HAMIRPUR_IDA,,,Nadaun,Dhaneta (17/7),2024-03-03,16300.0,Action Pending,Unsanctioned,Rajya Sabha,False,110,efe6136c37cf065b6cb3102082401812,1
SHRI Rajeev Chandrashekhar,"NA - Construction of roads, link roads, pathways or any other road with or without drainage system",Normal/Others,Karnataka,Sitting Rajya Sabha,DEPUTY COMMISSIONER BANGALORE URBAN_IDA,,,Anekal,Karpur,2024-03-03,500000.0,Action Pending,Unsanctioned,Rajya Sabha,False,111,6bbcf599c928b7797d8eccdfe6ae21c7,3
SHRI Rajeev Chandrashekhar,"NA - Construction of roads, link roads, pathways or any other road with or without drainage system",Normal/Others,Karnataka,Sitting Rajya Sabha,DEPUTY COMMISSIONER BANGALORE URBAN_IDA,,,Anekal,Indlawadi,2024-03-03,500000.0,Action Pending,Unsanctioned,Rajya Sabha,False,112,96c8ea14f2510b80fbdbbcdec005a40b,7
Smt Ranjeeta Koli,"NA - Construction of roads, link roads, pathways or any other road with or without drainage system",Normal/Others,Rajasthan,BHARATPUR(SC),DISTRICT COLLECTOR BHARATPUR_IDA,,,Bharatpur,Jharoli,2024-03-03,500000.0,Action Pending,Unsanctioned,Lok Sabha,False,113,0b876f7cf61a6cb8abe36f8ba03ce2e8,1
Rahul Kaswan,NA - Improvement of electricity distribution infrastructure,Normal/Others,Rajasthan,CHURU,DISTRICT COLLECTOR CHURU_IDA,,,Rajgarh,Bhuwari,2024-03-03,280000.0,Action Pending,Unsanctioned,Lok Sabha,False,114,2aab69af444e0d462d2cdf515dba9783,1
Smt Ranjeeta Koli,"NA - Construction of roads, link roads, pathways or any other road with or without drainage system",Normal/Others,Rajasthan,BHARATPUR(SC),DISTRICT COLLECTOR BHARATPUR_IDA,,,Bharatpur,Nagla Gopal ( Rural ),2024-03-03,750000.0,Action Pending,Unsanctioned,Lok Sabha,False,115,f6b3d43632ac3f04e4879d9e8220b44b,1
SHRI Rajeev Chandrashekhar,"NA - Construction of roads, link roads, pathways or any other road with or without drainage system",Normal/Others,Karnataka,Sitting Rajya Sabha,DEPUTY COMMISSIONER BANGALORE URBAN_IDA,,,Anekal,Karpur,2024-03-03,500000.0,Action Pending,Unsanctioned,Rajya Sabha,False,116,6bbcf599c928b7797d8eccdfe6ae21c7,3
SHRI Rajeev Chandrashekhar,"NA - Construction of roads, link roads, pathways or any other road with or without drainage system",Normal/Others,Karnataka,Sitting Rajya Sabha,DEPUTY COMMISSIONER BANGALORE URBAN_IDA,,,Anekal,Bhovi Palya (Shanthi Pur),2024-03-03,500000.0,Action Pending,Unsanctioned,Rajya Sabha,False,117,ae6d05249b001514be6f997bad56b276,10
SHRI Rajeev Chandrashekhar,"NA - Construction of roads, link roads, pathways or any other road with or without drainage system",Normal/Others,Karnataka,Sitting Rajya Sabha,DEPUTY COMMISSIONER BANGALORE URBAN_IDA,,,Anekal,Bhovi Palya (Shanthi Pur),2024-03-03,500000.0,Action Pending,Unsanctioned,Rajya Sabha,False,118,ae6d05249b001514be6f997bad56b276,10
Rahul Kaswan,NA - Construction of rooms and halls in school and colleges,Normal/Others,Rajasthan,CHURU,DISTRICT COLLECTOR CHURU_IDA,,,Sardarshahar,Gajoosar,2024-03-03,850000.0,Action Pending,Unsanctioned,Lok Sabha,False,119,c6e97cb7afdb695c71acf33a9c811539,1
SHRI Rajeev Chandrashekhar,"NA - Construction of roads, link roads, pathways or any other road with or without drainage system",Normal/Others,Karnataka,Sitting Rajya Sabha,DEPUTY COMMISSIONER BANGALORE URBAN_IDA,,,Anekal,Bhovi Palya (Shanthi Pur),2024-03-03,500000.0,Action Pending,Unsanctioned,Rajya Sabha,False,120,ae6d05249b001514be6f997bad56b276,10
Rahul Kaswan,NA - Construction of rooms and halls in school and colleges,Normal/Others,Rajasthan,CHURU,DISTRICT COLLECTOR CHURU_IDA,,,Sardarshahar,Bhojrasar,2024-03-03,1000000.0,Action Pending,Unsanctioned,Lok Sabha,False,121,4e3ec6e182f0bf1dfd41c9000be0c43e,1
Smt Ranjeeta Koli,"NA - Construction of roads, link roads, pathways or any other road with or without drainage system",Normal/Others,Rajasthan,BHARATPUR(SC),DISTRICT COLLECTOR BHARATPUR_IDA,,,Bharatpur,Garhi Zalimsingh,2024-03-03,600000.0,Action Pending,Unsanctioned,Lok Sabha,False,122,54e75cac11fcd394fb00d01f906fb4ce,1
Smt Ranjeeta Koli,"NA - Construction of roads, link roads, pathways or any other road with or without drainage system",Normal/Others,Rajasthan,BHARATPUR(SC),DISTRICT COLLECTOR BHARATPUR_IDA,,,Nadbai,Dahra,2024-03-03,500000.0,Action Pending,Unsanctioned,Lok Sabha,False,123,0d264e5a6f9d9984686402d5ea2d0d04,1
Shri Mahesh Sahoo,NA - Construction of buildings for community cultural activities,Normal/Others,Odisha,DHENKANAL,DISTRICT COLLECTORANGUL_IDA,,,Palalahada,Palalahada (Ct),2024-03-03,200000.0,Action Pending,Unsanctioned,Lok Sabha,False,124,866419ae4b1de649d00f63d9f0b7f473,1
SHRI Rajeev Chandrashekhar,"NA - Construction of roads, link roads, pathways or any other road with or without drainage system",Normal/Others,Karnataka,Sitting Rajya Sabha,DEPUTY COMMISSIONER BANGALORE URBAN_IDA,,,Anekal,Indlawadi,2024-03-03,500000.0,Action Pending,Unsanctioned,Rajya Sabha,False,125,96c8ea14f2510b80fbdbbcdec005a40b,7
Shivkumar Chanabasappa Udasi,NA - Construction of additional rooms and halls in the existing public and community building,Normal/Others,Karnataka,HAVERI,DEPUTY COMMISSIONER HAVERI_IDA,Haveri,Haveri (Cmc) - Ward No.1,,,2024-03-03,500000.0,Action Pending,Unsanctioned,Lok Sabha,False,126,ea520f9f5bbde141c2c1a788d24a927d,1
Shri Bhartruhari Mahtab,NA - Lighting of public spaces,Normal/Others,Odisha,CUTTACK,DISTRICT COLLECTOR CUTTACK_IDA,,,Kishannagar,Sompur,2024-03-03,150000.0,Action Pending,Unsanctioned,Lok Sabha,False,127,3945eafe91f33b250640769a2d0cddaf,1
Shri Bhartruhari Mahtab,NA - Construction of buildings for community cultural activities,Normal/Others,Odisha,CUTTACK,DISTRICT COLLECTOR CUTTACK_IDA,,,Kishannagar,Mallipur,2024-03-03,400000.0,Action Pending,Unsanctioned,Lok Sabha,False,128,933c8eaac3bf4dad3116c6a9e489298b,1
Shri Bhartruhari Mahtab,NA - Construction of buildings for community cultural activities,Normal/Others,Odisha,CUTTACK,DISTRICT COLLECTOR CUTTACK_IDA,,,Kishannagar,Sadhusahi,2024-03-03,200000.0,Action Pending,Unsanctioned,Lok Sabha,False,129,51f0ccc7e283304f46c2cff19d2b2daf,2
Shri Bhartruhari Mahtab,NA - Construction of buildings for community cultural activities,Normal/Others,Odisha,CUTTACK,DISTRICT COLLECTOR CUTTACK_IDA,,,Kishannagar,Brahmanbhuin,2024-03-03,200000.0,Action Pending,Unsanctioned,Lok Sabha,False,130,4bbfafad78889e07dbc2a9217ca6cf2e,2
Shri Bhartruhari Mahtab,NA - Providing drains and gutters for public drainage,Normal/Others,Odisha,CUTTACK,DISTRICT COLLECTOR CUTTACK_IDA,,,Kishannagar,Sadhusahi,2024-03-03,200000.0,Action Pending,Unsanctioned,Lok Sabha,False,131,1364daf15bc58ef3991e55b500c01eeb,1
Shri Bhartruhari Mahtab,NA - Construction of buildings for community cultural activities,Normal/Others,Odisha,CUTTACK,DISTRICT COLLECTOR CUTTACK_IDA,,,Kishannagar,Brahmanbhuin,2024-03-03,300000.0,Action Pending,Unsanctioned,Lok Sabha,False,132,9b18415140dd5e0048bb2710d2b4bfc3,1
Shri Bhartruhari Mahtab,NA - Construction of buildings for community cultural activities,Normal/Others,Odisha,CUTTACK,DISTRICT COLLECTOR CUTTACK_IDA,,,Kishannagar,Brahmanbhuin,2024-03-03,200000.0,Action Pending,Unsanctioned,Lok Sabha,False,133,4bbfafad78889e07dbc2a9217ca6cf2e,2
Shri Bhartruhari Mahtab,NA - Construction of buildings for community cultural activities,Normal/Others,Odisha,CUTTACK,DISTRICT COLLECTOR CUTTACK_IDA,,,Kishannagar,Sadhusahi,2024-03-03,200000.0,Action Pending,Unsanctioned,Lok Sabha,False,134,51f0ccc7e283304f46c2cff19d2b2daf,2
Shri Bhartruhari Mahtab,NA - Construction of buildings for community cultural activities,Normal/Others,Odisha,CUTTACK,DISTRICT COLLECTOR CUTTACK_IDA,,,Kishannagar,Mallipur,2024-03-03,100000.0,Action Pending,Unsanctioned,Lok Sabha,False,135,705a7588aaacc8cff9794757f07b9c53,1
Shri Bhartruhari Mahtab,NA - Construction of buildings for community cultural activities,Normal/Others,Odisha,CUTTACK,DISTRICT COLLECTOR CUTTACK_IDA,,,Kishannagar,Khentalo,2024-03-03,100000.0,Action Pending,Unsanctioned,Lok Sabha,False,136,8679c17880a34f63e26d4a26b20c9ac5,1
Shri Mahesh Sahoo,NA - Construction of community centers and community halls,Normal/Others,Odisha,DHENKANAL,DISTRICT COLLECTORANGUL_IDA,,,Anugul,Inkarabandha,2024-03-03,500000.0,Action Pending,Unsanctioned,Lok Sabha,False,137,7267412905541dcca3c8da7b81b701a1,1
Shri Mahesh Sahoo,NA - Construction of community centers and community halls,Normal/Others,Odisha,DHENKANAL,DISTRICT COLLECTORANGUL_IDA,,,Kaniha,Kamarei,2024-03-03,400000.0,Action Pending,Unsanctioned,Lok Sabha,False,138,4bad4220ec0b5284ba80e441f6d454e0,1
Shri Mahesh Sahoo,NA - Construction of community centers and community halls,Normal/Others,Odisha,DHENKANAL,DISTRICT COLLECTORANGUL_IDA,,,Bantala,Dhokata,2024-03-03,500000.0,Action Pending,Unsanctioned,Lok Sabha,False,139,186c9b4229e9d66d7a2d513ebbcf769a,1
Shri Mahesh Sahoo,"NA - Construction of roads, link roads, pathways or any other road with or without drainage system",Normal/Others,Odisha,DHENKANAL,DISTRICT COLLECTORANGUL_IDA,,,Rengali Damsite,Bajrakot,2024-03-03,300000.0,Action Pending,Unsanctioned,Lok Sabha,False,140,78e80fad9f0d53311b54c4a3d450c5c2,1
Shri Mahesh Sahoo,NA - Construction of New Building,Normal/Others,Odisha,DHENKANAL,DISTRICT COLLECTORANGUL_IDA,,,Rengali Damsite,Rengali (Part),2024-03-03,300000.0,Action Pending,Unsanctioned,Lok Sabha,False,141,5c5389665fbf97cabeb59a53ef86bb45,1
Shri Mahesh Sahoo,NA - Construction of community centers and community halls,Normal/Others,Odisha,DHENKANAL,DISTRICT COLLECTORANGUL_IDA,,,Talcher Sadar,Brajanathapur,2024-03-03,300000.0,Action Pending,Unsanctioned,Lok Sabha,False,142,cd4b90a41694f30b7d960d65a6fea81a,1
Shivkumar Chanabasappa Udasi,NA - Lighting of public spaces,Normal/Others,Karnataka,HAVERI,DEPUTY COMMISSIONER HAVERI_IDA,,,Ranibennur,Antaravalli,2024-03-03,500000.0,Action Pending,Unsanctioned,Lok Sabha,False,143,54c4e91912f6003e602ae23254ee3c87,1
Rahul Kaswan,NA - Construction of additional rooms and halls in the existing public and community building,Normal/Others,Rajasthan,CHURU,DISTRICT COLLECTOR CHURU_IDA,,,Sardarshahar,Sawai Bari,2024-03-03,650000.0,Action Pending,Unsanctioned,Lok Sabha,False,144,c6e9b29b9245e694c031c8a086a513be,1
Rahul Kaswan,NA - Construction of rooms and halls in school and colleges,Normal/Others,Rajasthan,CHURU,DISTRICT COLLECTOR CHURU_IDA,,,Churu,Sahnali Chhoti,2024-03-03,1000000.0,Action Pending,Unsanctioned,Lok Sabha,False,145,64b49deed5a2a07709b88325a06a689e,1
SHRI Rajeev Chandrashekhar,"NA - Construction of roads, link roads, pathways or any other road with or without drainage system",Normal/Others,Karnataka,Sitting Rajya Sabha,DEPUTY COMMISSIONER BANGALORE URBAN_IDA,,,Anekal,Indlawadi,2024-03-03,500000.0,Action Pending,Unsanctioned,Rajya Sabha,False,146,96c8ea14f2510b80fbdbbcdec005a40b,7
SHRI Rajeev Chandrashekhar,"NA - Construction of roads, link roads, pathways or any other road with or without drainage system",Normal/Others,Karnataka,Sitting Rajya Sabha,DEPUTY COMMISSIONER BANGALORE URBAN_IDA,,,Anekal,Indlawadi,2024-03-03,500000.0,Action Pending,Unsanctioned,Rajya Sabha,False,147,96c8ea14f2510b80fbdbbcdec005a40b,7
SHRI Rajeev Chandrashekhar,"NA - Construction of roads, link roads, pathways or any other road with or without drainage system",Normal/Others,Karnataka,Sitting Rajya Sabha,DEPUTY COMMISSIONER BANGALORE URBAN_IDA,,,Anekal,Bhovi Palya (Shanthi Pur),2024-03-03,500000.0,Action Pending,Unsanctioned,Rajya Sabha,False,148,ae6d05249b001514be6f997bad56b276,10
SHRI Rajeev Chandrashekhar,"NA - Construction of roads, link roads, pathways or any other road with or without drainage system",Normal/Others,Karnataka,Sitting Rajya Sabha,DEPUTY COMMISSIONER BANGALORE URBAN_IDA,,,Anekal,Bhovi Palya (Shanthi Pur),2024-03-03,500000.0,Action Pending,Unsanctioned,Rajya Sabha,False,149,ae6d05249b001514be6f997bad56b276,10
SHRI Rajeev Chandrashekhar,"NA - Construction of roads, link roads, pathways or any other road with or without drainage system",Normal/Others,Karnataka,Sitting Rajya Sabha,DEPUTY COMMISSIONER BANGALORE URBAN_IDA,,,Anekal,Bhovi Palya (Shanthi Pur),2024-03-03,500000.0,Action Pending,Unsanctioned,Rajya Sabha,False,150,ae6d05249b001514be6f997bad56b276,10
SHRI Rajeev Chandrashekhar,"NA - Construction of roads, link roads, pathways or any other road with or without drainage system",Normal/Others,Karnataka,Sitting Rajya Sabha,DEPUTY COMMISSIONER BANGALORE URBAN_IDA,,,Anekal,Bhovi Palya (Shanthi Pur),2024-03-03,500000.0,Action Pending,Unsanctioned,Rajya Sabha,False,151,ae6d05249b001514be6f997bad56b276,10
SHRI Rajeev Chandrashekhar,"NA - Construction of roads, link roads, pathways or any other road with or without drainage system",Normal/Others,Karnataka,Sitting Rajya Sabha,DEPUTY COMMISSIONER BANGALORE URBAN_IDA,,,Anekal,Bhovi Palya (Shanthi Pur),2024-03-03,500000.0,Action Pending,Unsanctioned,Rajya Sabha,False,152,ae6d05249b001514be6f997bad56b276,10
SHRI Rajeev Chandrashekhar,"NA - Construction of roads, link roads, pathways or any other road with or without drainage system",Normal/Others,Karnataka,Sitting Rajya Sabha,DEPUTY COMMISSIONER BANGALORE URBAN_IDA,,,Anekal,Bhovi Palya (Shanthi Pur),2024-03-03,500000.0,Action Pending,Unsanctioned,Rajya Sabha,False,153,ae6d05249b001514be6f997bad56b276,10
SHRI Rajeev Chandrashekhar,"NA - Construction of roads, link roads, pathways or any other road with or without drainage system",Normal/Others,Karnataka,Sitting Rajya Sabha,DEPUTY COMMISSIONER BANGALORE URBAN_IDA,,,Anekal,Indlawadi,2024-03-03,500000.0,Action Pending,Unsanctioned,Rajya Sabha,False,154,96c8ea14f2510b80fbdbbcdec005a40b,7
Rahul Kaswan,NA - Construction of rooms and halls in school and colleges,Normal/Others,Rajasthan,CHURU,DISTRICT COLLECTOR CHURU_IDA,,,Churu,Ghanghoo,2024-03-03,1000000.0,Action Pending,Unsanctioned,Lok Sabha,False,155,61ddb86065842f8cda25abb6ec08e1bc,1
SHRI Rajeev Chandrashekhar,"NA - Construction of roads, link roads, pathways or any other road with or without drainage system",Normal/Others,Karnataka,Sitting Rajya Sabha,DEPUTY COMMISSIONER BANGALORE URBAN_IDA,,,Anekal,Bhovi Palya (Shanthi Pur),2024-03-03,500000.0,Action Pending,Unsanctioned,Rajya Sabha,False,156,ae6d05249b001514be6f997bad56b276,10
SHRI Rajeev Chandrashekhar,"NA - Construction of roads, link roads, pathways or any other road with or without drainage system",Normal/Others,Karnataka,Sitting Rajya Sabha,DEPUTY COMMISSIONER BANGALORE URBAN_IDA,,,Anekal,Karpur,2024-03-03,500000.0,Action Pending,Unsanctioned,Rajya Sabha,False,157,6bbcf599c928b7797d8eccdfe6ae21c7,3
Shivkumar Chanabasappa Udasi,NA - Construction of additional rooms and halls in the existing public and community building,Normal/Others,Karnataka,HAVERI,DEPUTY COMMISSIONER HAVERI_IDA,,,Hirekerur,Satenahalli,2024-03-03,500000.0,Action Pending,Unsanctioned,Lok Sabha,False,158,c9ca097be911851f6e0feef082b0bed2,1
Smt Ranjeeta Koli,"NA - Construction of roads, link roads, pathways or any other road with or without drainage system",Normal/Others,Rajasthan,BHARATPUR(SC),DISTRICT COLLECTOR BHARATPUR_IDA,,,Nadbai,Dahra,2024-03-03,300000.0,Action Pending,Unsanctioned,Lok Sabha,False,159,83c01b4655984bd51b3af699e123a312,1
Smt Ranjeeta Koli,"NA - Construction of roads, link roads, pathways or any other road with or without drainage system",Normal/Others,Rajasthan,BHARATPUR(SC),DISTRICT COLLECTOR BHARATPUR_IDA,,,Nadbai,Kareeli,2024-03-03,300000.0,Action Pending,Unsanctioned,Lok Sabha,False,160,833f8c41af3a1141bc4a7f6fad1c70c8,1
Smt Ranjeeta Koli,"NA - Construction of roads, link roads, pathways or any other road with or without drainage system",Normal/Others,Rajasthan,BHARATPUR(SC),DISTRICT COLLECTOR BHARATPUR_IDA,,,Nadbai,Nagla Kurwariya,2024-03-03,500000.0,Action Pending,Unsanctioned,Lok Sabha,False,161,a5b2037f8df896997fcb280be3ddd4e7,1
Rahul Kaswan,NA - Construction of rooms and halls in school and colleges,Normal/Others,Rajasthan,CHURU,DISTRICT COLLECTOR CHURU_IDA,,,Sujangarh,Mundra,2024-03-03,1000000.0,Action Pending,Unsanctioned,Lok Sabha,False,162,40df5c3a7ef9d0ed9c981fae7c3d2d8e,1
Gaddam Ranjith Reddy,NA - Lighting of public spaces,Normal/Others,Telangana,CHELVELLA,DISTRICT COLLECTOR VIKARABAD_IDA,,,Basheerabad,Bahadurpur,2024-03-03,170000.0,Action Pending,Unsanctioned,Lok Sabha,False,163,9ccc09fa7a5b235dcec051f8ad1e7fd0,1
SHRI Rajeev Chandrashekhar,"NA - Construction of roads, link roads, pathways or any other road with or without drainage system",Normal/Others,Karnataka,Sitting Rajya Sabha,DEPUTY COMMISSIONER BANGALORE URBAN_IDA,,,Anekal,Indlawadi,2024-03-03,500000.0,Action Pending,Unsanctioned,Rajya Sabha,False,164,96c8ea14f2510b80fbdbbcdec005a40b,7
Gaddam Ranjith Reddy,"NA - Construction of roads, link roads, pathways or any other road with or without drainage system",Normal/Others,Telangana,CHELVELLA,DISTRICT COLLECTOR RANGAREDDY_IDA,,,Chevella,Chevella,2024-03-03,800000.0,Action Pending,Unsanctioned,Lok Sabha,False,165,9bc332b942efaae311d74bc100b9a640,1
Kani K Navas,NA - Lighting of public spaces,Normal/Others,Tamil Nadu,RAMANATHAPURAM,DISTRICT COLLECTOR RAMANATHAPURAM_IDA,,,Mudukulathur,Keeranur,2024-03-03,430000.0,Action Pending,Unsanctioned,Lok Sabha,False,166,cbc14f5d74ca5a6e96e418690d8abafe,2
Kani K Navas,NA - Lighting of public spaces,Normal/Others,Tamil Nadu,RAMANATHAPURAM,DISTRICT COLLECTOR RAMANATHAPURAM_IDA,,,Paramakudi,Kulathur,2024-03-03,430000.0,Action Pending,Unsanctioned,Lok Sabha,False,167,09c7d1a49aadbc0e28d1fbb108024ff1,1
Kani K Navas,NA - Lighting of public spaces,Normal/Others,Tamil Nadu,RAMANATHAPURAM,DISTRICT COLLECTOR RAMANATHAPURAM_IDA,,,Paramakudi,Nagaram,2024-03-03,430000.0,Action Pending,Unsanctioned,Lok Sabha,False,168,548648bee4650f763bd3ade610d52327,1
Kani K Navas,NA - Lighting of public spaces,Normal/Others,Tamil Nadu,RAMANATHAPURAM,DISTRICT COLLECTOR RAMANATHAPURAM_IDA,,,Kamuthi,Sengappadai,2024-03-03,430000.0,Action Pending,Unsanctioned,Lok Sabha,False,169,343861ca38e61b434dce3e8212bc1121,1
Kani K Navas,NA - Construction of bus-sheds or bus-stops,Normal/Others,Tamil Nadu,RAMANATHAPURAM,DISTRICT COLLECTOR RAMANATHAPURAM_IDA,,,Mudukulathur,Ulaiyur,2024-03-03,500000.0,Action Pending,Unsanctioned,Lok Sabha,False,170,8e50d018ddd3759a73f109a07a826589,1
Kani K Navas,NA - Construction of New Building,Normal/Others,Tamil Nadu,RAMANATHAPURAM,DISTRICT COLLECTOR RAMANATHAPURAM_IDA,,,Mudukulathur,Pirabakkalur,2024-03-03,1000000.0,Action Pending,Unsanctioned,Lok Sabha,False,171,d136bd7c077611cd2dac78c96877bb68,1
Kani K Navas,NA - Lighting of public spaces,Normal/Others,Tamil Nadu,RAMANATHAPURAM,DISTRICT COLLECTOR RAMANATHAPURAM_IDA,,,Mudukulathur,Melakodumalur,2024-03-03,430000.0,Action Pending,Unsanctioned,Lok Sabha,False,172,3ea4b4d86ccdacac19c857e9ee9a342c,1
Kani K Navas,NA - Construction of New Building,Normal/Others,Tamil Nadu,RAMANATHAPURAM,DISTRICT COLLECTOR RAMANATHAPURAM_IDA,,,Mudukulathur,Keeranur,2024-03-03,700000.0,Action Pending,Unsanctioned,Lok Sabha,False,173,e995ca2acf617b394f62eac2058761ad,1
Kani K Navas,NA - Lighting of public spaces,Normal/Others,Tamil Nadu,RAMANATHAPURAM,DISTRICT COLLECTOR RAMANATHAPURAM_IDA,Kamuthi,Kamuthi (TP) - Ward No.1,,,2024-03-03,430000.0,Action Pending,Unsanctioned,Lok Sabha,False,174,5f26c68674bd4713f45ee1d9ce7abb81,1
Kani K Navas,NA - Lighting of public spaces,Normal/Others,Tamil Nadu,RAMANATHAPURAM,DISTRICT COLLECTOR RAMANATHAPURAM_IDA,,,Mudukulathur,Keeranur,2024-03-03,430000.0,Action Pending,Unsanctioned,Lok Sabha,False,175,cbc14f5d74ca5a6e96e418690d8abafe,2
Kani K Navas,NA - Lighting of public spaces,Normal/Others,Tamil Nadu,RAMANATHAPURAM,DISTRICT COLLECTOR RAMANATHAPURAM_IDA,,,Mudukulathur,Karumal,2024-03-03,430000.0,Action Pending,Unsanctioned,Lok Sabha,False,176,77df5771e3761f2cec774fd6f9d3131d,1
P Raveendranath Kumar,"NA - Purchase of prosthetics, wheel chairs, tricycles (manual or motorized), elect scooties, hearing aids",Normal/Others,Tamil Nadu,THENI,DISTRICT COLLECTOR MADURAI_IDA,Usilampatti,Usilampatti (M) - Ward No.19,,,2024-03-03,83500.0,Action Pending,Unsanctioned,Lok Sabha,False,177,0a1af9184f9fde1bc05971a6dac266f0,1
P Raveendranath Kumar,"NA - Purchase of prosthetics, wheel chairs, tricycles (manual or motorized), elect scooties, hearing aids",Normal/Others,Tamil Nadu,THENI,DISTRICT COLLECTOR MADURAI_IDA,,,Madurai North,Thenur Bit 1,2024-03-03,83500.0,Action Pending,Unsanctioned,Lok Sabha,False,178,1091ccbcad13cf3510bf23d497a09f97,1
SHRI K R Suresh Reddy,"NA - Construction of roads, link roads, pathways or any other road with or without drainage system",Normal/Others,Telangana,Sitting Rajya Sabha,District Collector Warangal_IDA,,,Chennaraopet,Chennaraopet,2024-03-03,500000.0,Action Pending,Unsanctioned,Rajya Sabha,False,179,756625d82c2994ac772c50f96c7f5433,4
P Raveendranath Kumar,NA - Street lights,Normal/Others,Tamil Nadu,THENI,DISTRICT COLLECTOR THENI_IDA,Bodinayakanur,Bodinayakanur (M) - Ward No.21,,,2024-03-03,650000.0,Action Pending,Unsanctioned,Lok Sabha,False,180,f5c1e128263df391a71e6d0f1848ac0a,1
Kani K Navas,NA - Construction of bus-sheds or bus-stops,Normal/Others,Tamil Nadu,RAMANATHAPURAM,DISTRICT COLLECTOR RAMANATHAPURAM_IDA,,,Paramakudi,S.Andakkudi,2024-03-03,800000.0,Action Pending,Unsanctioned,Lok Sabha,False,181,e48409e4260c8e4da39e6d9d32b40a07,1
Kani K Navas,NA - Lighting of public spaces,Normal/Others,Tamil Nadu,RAMANATHAPURAM,DISTRICT COLLECTOR RAMANATHAPURAM_IDA,,,Paramakudi,Melaparthibanur (Ct),2024-03-03,430000.0,Action Pending,Unsanctioned,Lok Sabha,False,182,f15314b2627bc916f2bd5bf6f6e1727e,1
Kani K Navas,NA - Lighting of public spaces,Normal/Others,Tamil Nadu,RAMANATHAPURAM,DISTRICT COLLECTOR RAMANATHAPURAM_IDA,,,Paramakudi,Pambur,2024-03-03,430000.0,Action Pending,Unsanctioned,Lok Sabha,False,183,b927783ce365b52aafe632c2b9f8dbda,1
Kani K Navas,NA - Lighting of public spaces,Normal/Others,Tamil Nadu,RAMANATHAPURAM,DISTRICT COLLECTOR RAMANATHAPURAM_IDA,,,Ramanathapuram,Pandamangalam,2024-03-03,430000.0,Action Pending,Unsanctioned,Lok Sabha,False,184,1e9c8c986e39b166a48767e84e76699d,1
Kani K Navas,NA - Lighting of public spaces,Normal/Others,Tamil Nadu,RAMANATHAPURAM,DISTRICT COLLECTOR RAMANATHAPURAM_IDA,,,Ramanathapuram,Sakkarakottai (Ct),2024-03-03,430000.0,Action Pending,Unsanctioned,Lok Sabha,False,185,d0b0e937941729da7c78afc43bc9dac6,1
Kani K Navas,NA - Lighting of public spaces,Normal/Others,Tamil Nadu,RAMANATHAPURAM,DISTRICT COLLECTOR RAMANATHAPURAM_IDA,,,Ramanathapuram,Kusavankudi,2024-03-03,430000.0,Action Pending,Unsanctioned,Lok Sabha,False,186,dad57b3d89e32256e2afbe07b6b6b3ca,1
Kani K Navas,NA - Lighting of public spaces,Normal/Others,Tamil Nadu,RAMANATHAPURAM,DISTRICT COLLECTOR RAMANATHAPURAM_IDA,,,Rajasingamangalam,Ariyankottai,2024-03-03,430000.0,Action Pending,Unsanctioned,Lok Sabha,False,187,d06798b7ee20a1a514f5c27874fb8c3c,1
Kani K Navas,NA - Lighting of public spaces,Normal/Others,Tamil Nadu,RAMANATHAPURAM,DISTRICT COLLECTOR RAMANATHAPURAM_IDA,,,Rajasingamangalam,Sholandur,2024-03-03,430000.0,Action Pending,Unsanctioned,Lok Sabha,False,188,5e0e9fe36cba883f3a5a593d1e2ac14e,1
Kani K Navas,NA - Construction of bus-sheds or bus-stops,Normal/Others,Tamil Nadu,RAMANATHAPURAM,DISTRICT COLLECTOR RAMANATHAPURAM_IDA,,,Rajasingamangalam,Tiruppalaikkudi,2024-03-03,700000.0,Action Pending,Unsanctioned,Lok Sabha,False,189,2cbc02502706e06a5044a7abde3ffad4,1
Kani K Navas,NA - Lighting of public spaces,Normal/Others,Tamil Nadu,RAMANATHAPURAM,DISTRICT COLLECTOR RAMANATHAPURAM_IDA,,,Rajasingamangalam,Thumbadakkakottai,2024-03-03,430000.0,Action Pending,Unsanctioned,Lok Sabha,False,190,5c7aaed8068cd08abe7a2fbdfbcaa6d8,1
Kani K Navas,NA - Lighting of public spaces,Normal/Others,Tamil Nadu,RAMANATHAPURAM,DISTRICT COLLECTOR RAMANATHAPURAM_IDA,,,Kilakarai,Kalimankundu,2024-03-03,430000.0,Action Pending,Unsanctioned,Lok Sabha,False,191,ddab437061c796a08c4dcf66ba1c5cde,1
Kani K Navas,NA - Lighting of public spaces,Normal/Others,Tamil Nadu,RAMANATHAPURAM,DISTRICT COLLECTOR RAMANATHAPURAM_IDA,,,Kilakarai,Kulapatham,2024-03-03,430000.0,Action Pending,Unsanctioned,Lok Sabha,False,192,30dc81dc211f73dd7f9fbf742297c9d1,1
Kani K Navas,NA - Lighting of public spaces,Normal/Others,Tamil Nadu,RAMANATHAPURAM,DISTRICT COLLECTOR RAMANATHAPURAM_IDA,,,Kilakarai,Mallal,2024-03-03,430000.0,Action Pending,Unsanctioned,Lok Sabha,False,193,57ec63e47b3ff22f9c142aab79fde0da,1
Kani K Navas,NA - Construction of New Building,Normal/Others,Tamil Nadu,RAMANATHAPURAM,DISTRICT COLLECTOR RAMANATHAPURAM_IDA,,,Kilakarai,Vannankundu,2024-03-03,1500000.0,Action Pending,Unsanctioned,Lok Sabha,False,194,805549271ec08e757e50b87700d8703d,1
Kani K Navas,NA - Lighting of public spaces,Normal/Others,Tamil Nadu,RAMANATHAPURAM,DISTRICT COLLECTOR RAMANATHAPURAM_IDA,,,Tiruvadanai,Nambuthalai,2024-03-03,430000.0,Action Pending,Unsanctioned,Lok Sabha,False,195,850e1112197174fb9d11436935f6d2d5,1
Kani K Navas,NA - Lighting of public spaces,Normal/Others,Tamil Nadu,RAMANATHAPURAM,DISTRICT COLLECTOR RAMANATHAPURAM_IDA,,,Tiruvadanai,Pattamangalam,2024-03-03,430000.0,Action Pending,Unsanctioned,Lok Sabha,False,196,5bd6bb8439e9fb2149c1912aa01c322b,1
Kani K Navas,NA - Lighting of public spaces,Normal/Others,Tamil Nadu,RAMANATHAPURAM,DISTRICT COLLECTOR RAMANATHAPURAM_IDA,,,Tiruvadanai,Pudupattinam,2024-03-03,430000.0,Action Pending,Unsanctioned,Lok Sabha,False,197,d2b3a9f70427deb65d559b27d57571b1,1
P Raveendranath Kumar,NA - Street lights,Normal/Others,Tamil Nadu,THENI,DISTRICT COLLECTOR THENI_IDA,Bodinayakanur,Bodinayakanur (M) - Ward No.9,,,2024-03-03,650000.0,Action Pending,Unsanctioned,Lok Sabha,False,198,996761be6f58850d9c3005fea45fc5ac,1
P Raveendranath Kumar,NA - Construction of flood control embankments,Normal/Others,Tamil Nadu,THENI,DISTRICT COLLECTOR THENI_IDA,,,Periyakulam,Keelavadagarai,2024-03-03,1000000.0,Action Pending,Unsanctioned,Lok Sabha,False,199,0fdab9fe05d632c21a82ba64db9e1ba7,2
P Raveendranath Kumar,NA - Construction of flood control embankments,Normal/Others,Tamil Nadu,THENI,DISTRICT COLLECTOR THENI_IDA,,,Periyakulam,Keelavadagarai,2024-03-03,1000000.0,Action Pending,Unsanctioned,Lok Sabha,False,200,0fdab9fe05d632c21a82ba64db9e1ba7,2
Dr Ashok Bajpai,WS/MP179/2023-2024/119588 - Development of public parks,Normal/Others,Uttar Pradesh,Sitting Rajya Sabha,DISTRICT MAGISTRAE LUCKNOW_IDA,Lucknow,Lucknow (M Corp.) - Ward No.1,,,2024-03-03,289000.0,Approved by IDA,Unsanctioned,Rajya Sabha,False,201,99686088d797d91f09d907440d8c5274,1
Sunil Dattatray Tatkare,NA - Construction of community centers and community halls,Normal/Others,Maharashtra,RAIGAD,District Collector Ratnagiri_IDA,,,Khed,Posare Kh.,2024-03-03,800000.0,Action Pending,Unsanctioned,Lok Sabha,False,202,0a0da6c0f5a4f0ba50312ce441cd5bb7,1
Sunil Dattatray Tatkare,NA - Construction of community centers and community halls,Normal/Others,Maharashtra,RAIGAD,District Collector Ratnagiri_IDA,,,Khed,Shiv Kh.,2024-03-03,700000.0,Action Pending,Unsanctioned,Lok Sabha,False,203,3066579c7b57ace84121a62946674702,1
Mohammad Akbar Lone,NA - Installing tube-wells and borewells,Normal/Others,Jammu And Kashmir,BARAMULLAH,Deputy Commissioner Bandipora_IDA,,,Sonawari,Hilalabad,2024-03-03,275000.0,Action Pending,Unsanctioned,Lok Sabha,False,204,fe2b72254108e12b3aef0af25137fcac,1
Mohammad Akbar Lone,NA - Street lights,Normal/Others,Jammu And Kashmir,BARAMULLAH,Deputy Commissioner Bandipora_IDA,,,Hajin,Gund I Prang,2024-03-03,100000.0,Action Pending,Unsanctioned,Lok Sabha,False,205,b5b262d65e0d8aa2158ef26f6ce8986c,1
Mohammad Akbar Lone,NA - Street lights,Normal/Others,Jammu And Kashmir,BARAMULLAH,Deputy Commissioner Bandipora_IDA,,,Hajin,Naidkhai,2024-03-03,100000.0,Action Pending,Unsanctioned,Lok Sabha,False,206,aeb999e95172f1172d27b1d8002d009d,1
Sunil Dattatray Tatkare,"NA - Construction of roads, link roads, pathways or any other road with or without drainage system",Normal/Others,Maharashtra,RAIGAD,District Collector Ratnagiri_IDA,,,Dapoli,Kangavai,2024-03-03,1000000.0,Action Pending,Unsanctioned,Lok Sabha,False,207,a9dea0da804fd4b66fb8f9f1c4144b43,1
Bharti Pravin Pawar,NA - Construction of community centers and community halls,Normal/Others,Maharashtra,DINDORI(ST),DISTRICT COLLECTOR NASHIK_IDA,Dindori,Dindori (Mu Cl) - Ward No.04,,,2024-03-03,1494000.0,Action Pending,Unsanctioned,Lok Sabha,False,208,bcfed9ee928459fbcbe6d97b6492163d,1
Bharti Pravin Pawar,NA - Construction of community centers and community halls,Normal/Others,Maharashtra,DINDORI(ST),DISTRICT COLLECTOR NASHIK_IDA,,,Nandgaon,Amode,2024-03-03,997000.0,Action Pending,Unsanctioned,Lok Sabha,False,209,33a049256a4a8abb1f37810f1d07c224,1
Bharti Pravin Pawar,"NA - Construction of roads, link roads, pathways or any other road with or without drainage system",Normal/Others,Maharashtra,DINDORI(ST),DISTRICT COLLECTOR NASHIK_IDA,,,Nandgaon,Wakhari,2024-03-03,998000.0,Action Pending,Unsanctioned,Lok Sabha,False,210,ffb25090b83a2b5bd6fd0e40f1bef6d7,1
Bharti Pravin Pawar,"NA - Construction of roads, link roads, pathways or any other road with or without drainage system",Normal/Others,Maharashtra,DINDORI(ST),DISTRICT COLLECTOR NASHIK_IDA,,,Yevla,Nagde,2024-03-03,900000.0,Action Pending,Unsanctioned,Lok Sabha,False,211,83de4e6e23a11d74e788e252d0cdc90d,1
Guman Singh Damor,NA - Development of public parks,Normal/Others,Madhya Pradesh,RATLAM(ST),District Collector Alirajpur_IDA,Jobat,Jawaharlal Nehru Ward,,,2024-03-03,500000.0,Action Pending,Unsanctioned,Lok Sabha,False,212,66bb1cdd41940c1c794bfc5223dd6441,1
Bharti Pravin Pawar,"NA - Construction of roads, link roads, pathways or any other road with or without drainage system",Normal/Others,Maharashtra,DINDORI(ST),DISTRICT COLLECTOR NASHIK_IDA,,,Yevla,Mamdapur,2024-03-03,500000.0,Action Pending,Unsanctioned,Lok Sabha,False,213,51cf972b2cab6ab0cdf274035cccba7d,1
Shivkumar Chanabasappa Udasi,NA - Construction of additional rooms and halls in the existing public and community building,Normal/Others,Karnataka,HAVERI,DEPUTY COMMISSIONER HAVERI_IDA,,,Ranibennur,Hirebidari,2024-03-03,500000.0,Action Pending,Unsanctioned,Lok Sabha,False,214,6e8b300f33612f220d1cfacbdc67cbe8,1
Shivkumar Chanabasappa Udasi,NA - Construction of additional rooms and halls in the existing public and community building,Normal/Others,Karnataka,HAVERI,DEPUTY COMMISSIONER HAVERI_IDA,,,Savanur,Jallapur,2024-03-03,500000.0,Action Pending,Unsanctioned,Lok Sabha,False,215,3175fa7959c4a2171bedbe0a01665c23,1
Dr Ashok Bajpai,NA - Construction of rooms and halls in school and colleges,Normal/Others,Uttar Pradesh,Sitting Rajya Sabha,DISTRICT MAGISTRATE SANT KABIR NAGAR_IDA,,,Mehdawal,Khajuria,2024-03-03,500000.0,Action Pending,Unsanctioned,Rajya Sabha,False,216,a0edfa0b9359c9b170c09654a9f1d5a4,1
SHRI K R Suresh Reddy,"NA - Construction of roads, link roads, pathways or any other road with or without drainage system",Normal/Others,Telangana,Sitting Rajya Sabha,District Collector Warangal_IDA,,,Chennaraopet,Chennaraopet,2024-03-03,500000.0,Action Pending,Unsanctioned,Rajya Sabha,False,217,756625d82c2994ac772c50f96c7f5433,4
Bharti Pravin Pawar,"NA - Construction of roads, link roads, pathways or any other road with or without drainage system",Normal/Others,Maharashtra,DINDORI(ST),DISTRICT COLLECTOR NASHIK_IDA,,,Yevla,Rajapur,2024-03-03,1000000.0,Action Pending,Unsanctioned,Lok Sabha,False,218,c352de1d107c87a6a12d84cf3b3f08dc,1
Bharti Pravin Pawar,"NA - Construction of roads, link roads, pathways or any other road with or without drainage system",Normal/Others,Maharashtra,DINDORI(ST),DISTRICT COLLECTOR NASHIK_IDA,,,Deola,Vithewadi,2024-03-03,994000.0,Action Pending,Unsanctioned,Lok Sabha,False,219,d6ac836c1b9d1174b4adf6ff28eed44a,1
Bharti Pravin Pawar,"NA - Construction of roads, link roads, pathways or any other road with or without drainage system",Normal/Others,Maharashtra,DINDORI(ST),DISTRICT COLLECTOR NASHIK_IDA,,,Kalwan,Bhusani,2024-03-03,995000.0,Action Pending,Unsanctioned,Lok Sabha,False,220,611c40af39be812b860961274eb84ac8,1
Bharti Pravin Pawar,"NA - Construction of roads, link roads, pathways or any other road with or without drainage system",Normal/Others,Maharashtra,DINDORI(ST),DISTRICT COLLECTOR NASHIK_IDA,,,Kalwan,Bhadvan,2024-03-03,994000.0,Action Pending,Unsanctioned,Lok Sabha,False,221,885b0d6b1830400e9e65844e6655152e,1
Bharti Pravin Pawar,"NA - Construction of roads, link roads, pathways or any other road with or without drainage system",Normal/Others,Maharashtra,DINDORI(ST),DISTRICT COLLECTOR NASHIK_IDA,,,Kalwan,Bagadu,2024-03-03,995000.0,Action Pending,Unsanctioned,Lok Sabha,False,222,43b18d64890e3964f4ef814cdf863df6,1
Bharti Pravin Pawar,"NA - Construction of roads, link roads, pathways or any other road with or without drainage system",Normal/Others,Maharashtra,DINDORI(ST),DISTRICT COLLECTOR NASHIK_IDA,,,Kalwan,Pilakos,2024-03-03,994000.0,Action Pending,Unsanctioned,Lok Sabha,False,223,799ea59ca3d6411819478500af000945,1
Bharti Pravin Pawar,"NA - Construction of roads, link roads, pathways or any other road with or without drainage system",Normal/Others,Maharashtra,DINDORI(ST),DISTRICT COLLECTOR NASHIK_IDA,,,Kalwan,Nakode,2024-03-03,995000.0,Action Pending,Unsanctioned,Lok Sabha,False,224,d03a4b7c2c82bd47acc35a1d68e9a43f,1
Shivkumar Chanabasappa Udasi,NA - Construction of bus-sheds or bus-stops,Normal/Others,Karnataka,HAVERI,DEPUTY COMMISSIONER HAVERI_IDA,,,Ranibennur,Sunakalbidari,2024-03-03,500000.0,Action Pending,Unsanctioned,Lok Sabha,False,225,f37dc086b0c7da3995fdc71c3df1ee83,1
Shivkumar Chanabasappa Udasi,"NA - Construction of roads, link roads, pathways or any other road with or without drainage system",Normal/Others,Karnataka,HAVERI,DEPUTY COMMISSIONER HAVERI_IDA,,,Savanur,Kalakoti,2024-03-03,300000.0,Action Pending,Unsanctioned,Lok Sabha,False,226,7b1c9acca9c5ffa23627bb9508e6090a,1
Shivkumar Chanabasappa Udasi,"NA - Construction of roads, link roads, pathways or any other road with or without drainage system",Normal/Others,Karnataka,HAVERI,DEPUTY COMMISSIONER HAVERI_IDA,,,Haveri,Konana Tambigi,2024-03-03,500000.0,Action Pending,Unsanctioned,Lok Sabha,False,227,553bf8e5fb13d93c5b83cdabe799c74b,1
Shivkumar Chanabasappa Udasi,NA - Construction of additional rooms and halls in the existing public and community building,Normal/Others,Karnataka,HAVERI,DEPUTY COMMISSIONER HAVERI_IDA,,,Haveri,Karjagi,2024-03-03,500000.0,Action Pending,Unsanctioned,Lok Sabha,False,228,8f2cdf102c7ae6777feefb150657da04,1
Shivkumar Chanabasappa Udasi,NA - Lighting of public spaces,Normal/Others,Karnataka,HAVERI,DEPUTY COMMISSIONER HAVERI_IDA,,,Ranibennur,Kajjari,2024-03-03,300000.0,Action Pending,Unsanctioned,Lok Sabha,False,229,d5dee9b0da54a07b59c1240ad9e95565,1
Shivkumar Chanabasappa Udasi,NA - Construction of additional rooms and halls in the existing public and community building,Normal/Others,Karnataka,HAVERI,DEPUTY COMMISSIONER HAVERI_IDA,,,Ranibennur,Yellapur T.Honnatti,2024-03-03,300000.0,Action Pending,Unsanctioned,Lok Sabha,False,230,fbc95bb4a7b0dfa6926bd50feeb8fb74,1
SHRI K R Suresh Reddy,"NA - Construction of roads, link roads, pathways or any other road with or without drainage system",Normal/Others,Telangana,Sitting Rajya Sabha,District Collector Warangal_IDA,,,Chennaraopet,Chennaraopet,2024-03-03,500000.0,Action Pending,Unsanctioned,Rajya Sabha,False,231,756625d82c2994ac772c50f96c7f5433,4
Gaddam Ranjith Reddy,"NA - Construction of roads, link roads, pathways or any other road with or without drainage system",Normal/Others,Telangana,CHELVELLA,DISTRICT COLLECTOR RANGAREDDY_IDA,,,Chevella,Chevella,2024-03-03,1000000.0,Action Pending,Unsanctioned,Lok Sabha,False,232,ebc636813c2ede9ff18e714639cc6261,1
Kani K Navas,NA - Lighting of public spaces,Normal/Others,Tamil Nadu,RAMANATHAPURAM,DISTRICT COLLECTOR RAMANATHAPURAM_IDA,,,Tiruvadanai,Tiruvetriyur,2024-03-03,430000.0,Action Pending,Unsanctioned,Lok Sabha,False,233,f85ec193e64583b8dfaba90c4df24967,1
Kani K Navas,NA - Purchase of furniture and fixtures for educational purposes,Normal/Others,Tamil Nadu,RAMANATHAPURAM,DISTRICT COLLECTOR RAMANATHAPURAM_IDA,Mandapam,Mandapam (TP) - Ward No.1,,,2024-03-03,99000.0,Action Pending,Unsanctioned,Lok Sabha,False,234,07002b15ad2d190a12de5d10338b22cc,1
Bharti Pravin Pawar,"NA - Construction of roads, link roads, pathways or any other road with or without drainage system",Normal/Others,Maharashtra,DINDORI(ST),DISTRICT COLLECTOR NASHIK_IDA,,,Dindori,Jaulakevani,2024-03-03,1493000.0,Action Pending,Unsanctioned,Lok Sabha,False,235,63b8df9d2ec4ecbf7e4c6c4768dd178a,1
SHRI K R Suresh Reddy,NA - Construction of public irrigation facilities,Normal/Others,Telangana,Sitting Rajya Sabha,DISTRICT COLLECTOR NIZAMABAD_IDA,,,Bheemgal,Bejjora,2024-03-03,1500000.0,Action Pending,Unsanctioned,Rajya Sabha,False,236,cd8edca23d74cb871f29077d915d842e,1
SHRI K R Suresh Reddy,NA - Construction of community centers and community halls,Normal/Others,Telangana,Sitting Rajya Sabha,DISTRICT COLLECTOR NIZAMABAD_IDA,,,Mugpal,Borgaon (P),2024-03-03,1500000.0,Action Pending,Unsanctioned,Rajya Sabha,False,237,dd69eb808452be81325589c414a121a1,1
Alok Kumar Suman,"NA - Purchase of IT systems, including hardware and software for educational purposes",Normal/Others,Bihar,GOPALGANJ (SC),DISTRICT PLANNING OFFICER GOPALGANJ_IDA,,,Kuchaikote,Bikrampur,2024-03-03,250000.0,Action Pending,Unsanctioned,Lok Sabha,False,238,b1e0861d77ea41d4b460412bace6dbf3,1
Alok Kumar Suman,"NA - Construction of roads, link roads, pathways or any other road with or without drainage system",Normal/Others,Bihar,GOPALGANJ (SC),DISTRICT PLANNING OFFICER GOPALGANJ_IDA,,,Uchkagaon,Sankhe Khas,2024-03-03,300000.0,Action Pending,Unsanctioned,Lok Sabha,False,239,97fccf271be86310442005d7336e5d72,1
SHRI K R Suresh Reddy,"NA - Construction of roads, link roads, pathways or any other road with or without drainage system",Normal/Others,Telangana,Sitting Rajya Sabha,District Collector Warangal_IDA,,,Chennaraopet,Chennaraopet,2024-03-03,500000.0,Action Pending,Unsanctioned,Rajya Sabha,False,240,756625d82c2994ac772c50f96c7f5433,4
Shivkumar Chanabasappa Udasi,NA - Construction of community centers and community halls,Normal/Others,Karnataka,HAVERI,DEPUTY COMMISSIONER HAVERI_IDA,,,Ranibennur,Karur,2024-03-03,500000.0,Action Pending,Unsanctioned,Lok Sabha,False,241,cf7081822f1d19d8aa3c0ae7b3c139f9,1
Bharti Pravin Pawar,"NA - Construction of roads, link roads, pathways or any other road with or without drainage system",Normal/Others,Maharashtra,DINDORI(ST),DISTRICT COLLECTOR NASHIK_IDA,,,Dindori,Umrale Bk.,2024-03-03,995000.0,Action Pending,Unsanctioned,Lok Sabha,False,242,db092f9920992323d08257c6b6a93367,1
Kani K Navas,NA - Installing community drinking water plants,Normal/Others,Tamil Nadu,RAMANATHAPURAM,DISTRICT COLLECTOR RAMANATHAPURAM_IDA,Mudukulathur,Mudukulathur (TP) - Ward No.1,,,2024-03-03,600000.0,Action Pending,Unsanctioned,Lok Sabha,False,243,6ad2bde37393ed74ee8d13c0a32dcda2,2
Bharti Pravin Pawar,NA - Crematoriums or structures on burial/ cremation ground for public convenience,Normal/Others,Maharashtra,DINDORI(ST),DISTRICT COLLECTOR NASHIK_IDA,,,Peth,Borwath,2024-03-03,994000.0,Action Pending,Unsanctioned,Lok Sabha,False,244,648ca15b6fdb168da438f4f2b08cbb32,1
Bharti Pravin Pawar,"NA - Construction of roads, link roads, pathways or any other road with or without drainage system",Normal/Others,Maharashtra,DINDORI(ST),DISTRICT COLLECTOR NASHIK_IDA,,,Malegaon,Malagaon,2024-03-03,994000.0,Action Pending,Unsanctioned,Lok Sabha,False,245,134a34d71508eef291783551e3a6273e,1
Bharti Pravin Pawar,"NA - Construction of roads, link roads, pathways or any other road with or without drainage system",Normal/Others,Maharashtra,DINDORI(ST),DISTRICT COLLECTOR NASHIK_IDA,,,Surgana,Hadkaichond,2024-03-03,992000.0,Action Pending,Unsanctioned,Lok Sabha,False,246,f8b2f04c9ffecc37df26a84b212434f4,1
Bharti Pravin Pawar,NA - Construction of community centers and community halls,Normal/Others,Maharashtra,DINDORI(ST),DISTRICT COLLECTOR NASHIK_IDA,,,Kalwan,Sptashrungi Gad,2024-03-03,1488000.0,Action Pending,Unsanctioned,Lok Sabha,False,247,f8c2de11219a19f0efc114b17cb131ca,1
Bharti Pravin Pawar,NA - Street lights,Normal/Others,Maharashtra,DINDORI(ST),DISTRICT COLLECTOR NASHIK_IDA,,,Malegaon,Sherul,2024-03-03,500000.0,Action Pending,Unsanctioned,Lok Sabha,False,248,38fed997000c7a538bbb706efdd12da0,1
Kuruva Gorantla Madhav,NA - Crematoriums or structures on burial/ cremation ground for public convenience,Normal/Others,Andhra Pradesh,HINDUPUR,DISTRICT COLLECTOR SRI SATHYA SAI_IDA,,,Tadimarri,Kunukuntla,2024-03-03,500000.0,Action Pending,Unsanctioned,Lok Sabha,False,249,5f67e1fc70632092075dd6b9821b8a3f,1
Shivkumar Chanabasappa Udasi,"NA - Construction of roads, link roads, pathways or any other road with or without drainage system",Normal/Others,Karnataka,HAVERI,DEPUTY COMMISSIONER HAVERI_IDA,Hirekerur,Hirekerur (TP) - Ward No.8,,,2024-03-03,500000.0,Action Pending,Unsanctioned,Lok Sabha,False,250,bd2c3f295df2e257b63b128a8885c343,1
Shivkumar Chanabasappa Udasi,"NA - Construction of roads, link roads, pathways or any other road with or without drainage system",Normal/Others,Karnataka,HAVERI,DEPUTY COMMISSIONER HAVERI_IDA,Haveri,Haveri (Cmc) - Ward No.1,,,2024-03-03,500000.0,Action Pending,Unsanctioned,Lok Sabha,False,251,a941b781517c75a2f3dcf09dc3c7a5c9,2
Shivkumar Chanabasappa Udasi,NA - Lighting of public spaces,Normal/Others,Karnataka,HAVERI,DEPUTY COMMISSIONER HAVERI_IDA,Ranibennur,Ranibennur (Cmc) - Ward No.22,,,2024-03-03,500000.0,Action Pending,Unsanctioned,Lok Sabha,False,252,aac0170f6924a0327eb3fb79d24d089c,1
Shivkumar Chanabasappa Udasi,NA - Construction of additional rooms and halls in the existing public and community building,Normal/Others,Karnataka,HAVERI,DEPUTY COMMISSIONER HAVERI_IDA,Haveri,Haveri (Cmc) - Ward No.7,,,2024-03-03,500000.0,Action Pending,Unsanctioned,Lok Sabha,False,253,bcd3106c23a41adc3bd5cbafabd8a448,1
Shivkumar Chanabasappa Udasi,NA - Lighting of public spaces,Normal/Others,Karnataka,HAVERI,DEPUTY COMMISSIONER HAVERI_IDA,,,Ranibennur,Nagenahalli,2024-03-03,500000.0,Action Pending,Unsanctioned,Lok Sabha,False,254,f94f848431809f02975e05d706ac536d,1
Shivkumar Chanabasappa Udasi,NA - Lighting of public spaces,Normal/Others,Karnataka,HAVERI,DEPUTY COMMISSIONER HAVERI_IDA,,,Ranibennur,Danoagihalli (Dandigihalli),2024-03-03,500000.0,Action Pending,Unsanctioned,Lok Sabha,False,255,e99bd6a5fb8b98467bbfadd6a7094b4f,1
Shivkumar Chanabasappa Udasi,NA - Installing community drinking water plants,Normal/Others,Karnataka,HAVERI,DEPUTY COMMISSIONER HAVERI_IDA,,,Savanur,Kalasur,2024-03-03,200000.0,Action Pending,Unsanctioned,Lok Sabha,False,256,d8c20d16a5fee156be7ad15d81f04d82,1
Shivkumar Chanabasappa Udasi,NA - Construction of additional rooms and halls in the existing public and community building,Normal/Others,Karnataka,HAVERI,DEPUTY COMMISSIONER HAVERI_IDA,,,Savanur,Huvinshigli,2024-03-03,500000.0,Action Pending,Unsanctioned,Lok Sabha,False,257,4e1abe6a568041678de6b8e385c106df,1
Shivkumar Chanabasappa Udasi,NA - Construction of additional rooms and halls in the existing public and community building,Normal/Others,Karnataka,HAVERI,DEPUTY COMMISSIONER HAVERI_IDA,,,Hangal,Kalkeri,2024-03-03,500000.0,Action Pending,Unsanctioned,Lok Sabha,False,258,472d53cd47dad4f2925be15a0d89cce1,1
Shivkumar Chanabasappa Udasi,"NA - Purchase of smart boards, visual display units and projectors",Normal/Others,Karnataka,HAVERI,DEPUTY COMMISSIONER HAVERI_IDA,,,Byadgi,Motebennur,2024-03-03,500000.0,Action Pending,Unsanctioned,Lok Sabha,False,259,22fe70c040f8cb3591aef3bb6692185f,1
Dr Sikander Kumar,NA - Lighting of public spaces,Normal/Others,Himachal Pradesh,Sitting Rajya Sabha,DEPUTY COMMISSIONER HAMIRPUR_IDA,,,Kangoo,Malag (26/20),2024-03-03,32600.0,Action Pending,Unsanctioned,Rajya Sabha,False,260,4d3ea971a657af51fe5ca8b8b4e94048,1
Gaddam Ranjith Reddy,NA - Providing drains and gutters for public drainage,Normal/Others,Telangana,CHELVELLA,DISTRICT COLLECTOR RANGAREDDY_IDA,,,Chevella,Chevella,2024-03-03,500000.0,Action Pending,Unsanctioned,Lok Sabha,False,261,611ffa024b41ebf2e40b09f5d98180e8,2
Gaddam Ranjith Reddy,NA - Providing drains and gutters for public drainage,Normal/Others,Telangana,CHELVELLA,DISTRICT COLLECTOR RANGAREDDY_IDA,,,Chevella,Chevella,2024-03-03,500000.0,Action Pending,Unsanctioned,Lok Sabha,False,262,611ffa024b41ebf2e40b09f5d98180e8,2
Gaddam Ranjith Reddy,"NA - Construction of roads, link roads, pathways or any other road with or without drainage system",Normal/Others,Telangana,CHELVELLA,DISTRICT COLLECTOR RANGAREDDY_IDA,,,Shankarpalle,Mahalingapuram,2024-03-03,500000.0,Action Pending,Unsanctioned,Lok Sabha,False,263,864020eac0be5b2b26dcc092168fc797,2
Gaddam Ranjith Reddy,"NA - Construction of roads, link roads, pathways or any other road with or without drainage system",Normal/Others,Telangana,CHELVELLA,DISTRICT COLLECTOR RANGAREDDY_IDA,,,Shankarpalle,Mahalingapuram,2024-03-03,500000.0,Action Pending,Unsanctioned,Lok Sabha,False,264,864020eac0be5b2b26dcc092168fc797,2
Gaddam Ranjith Reddy,"NA - Construction of roads, link roads, pathways or any other road with or without drainage system",Normal/Others,Telangana,CHELVELLA,DISTRICT COLLECTOR RANGAREDDY_IDA,,,Shamshabad,Shankarapur,2024-03-03,1000000.0,Action Pending,Unsanctioned,Lok Sabha,False,265,12e03519c9af88ad316fb3f95c0c1fa9,1
Gaddam Ranjith Reddy,"NA - Construction of roads, link roads, pathways or any other road with or without drainage system",Normal/Others,Telangana,CHELVELLA,DISTRICT COLLECTOR RANGAREDDY_IDA,,,Shamshabad,Cherlaguda,2024-03-03,1000000.0,Action Pending,Unsanctioned,Lok Sabha,False,266,979a7bc8c7081027afd90b7e0c44d9df,1
Kuruva Gorantla Madhav,"NA - Construction of roads, link roads, pathways or any other road with or without drainage system",Normal/Others,Andhra Pradesh,HINDUPUR,DISTRICT COLLECTOR SRI SATHYA SAI_IDA,,,Ramagiri,Nasanakota,2024-03-03,500000.0,Action Pending,Unsanctioned,Lok Sabha,False,267,2e4352c3ec411282155950be853d5fb7,2
Kuruva Gorantla Madhav,"NA - Construction of roads, link roads, pathways or any other road with or without drainage system",Normal/Others,Andhra Pradesh,HINDUPUR,DISTRICT COLLECTOR SRI SATHYA SAI_IDA,,,Ramagiri,Nasanakota,2024-03-03,500000.0,Action Pending,Unsanctioned,Lok Sabha,False,268,2e4352c3ec411282155950be853d5fb7,2
Beesetti Venkata Satyavathi,NA - Installing tube-wells and borewells,Normal/Others,Andhra Pradesh,ANAKAPALLE,DISTRICT COLLECTOR ANAKAPALLI_IDA,,,Chodavaram,Gajapathinagaram,2024-03-03,220000.0,Action Pending,Unsanctioned,Lok Sabha,False,269,0ede52a377680671e0ad55dd0731c874,1
Beesetti Venkata Satyavathi,NA - Construction of buildings for multi-gym,Normal/Others,Andhra Pradesh,ANAKAPALLE,DISTRICT COLLECTOR ANAKAPALLI_IDA,,,Chodavaram,Govada,2024-03-03,500000.0,Action Pending,Unsanctioned,Lok Sabha,False,270,c6ffde354264e173e952ed75d285d440,1
Kani K Navas,NA - Installing community drinking water plants,Normal/Others,Tamil Nadu,RAMANATHAPURAM,DISTRICT COLLECTOR RAMANATHAPURAM_IDA,Mudukulathur,Mudukulathur (TP) - Ward No.1,,,2024-03-03,600000.0,Action Pending,Unsanctioned,Lok Sabha,False,271,6ad2bde37393ed74ee8d13c0a32dcda2,2
Kani K Navas,"NA - Construction of roads, link roads, pathways or any other road with or without drainage system",Normal/Others,Tamil Nadu,RAMANATHAPURAM,DISTRICT COLLECTOR RAMANATHAPURAM_IDA,Mudukulathur,Mudukulathur (TP) - Ward No.1,,,2024-03-03,250000.0,Action Pending,Unsanctioned,Lok Sabha,False,272,b7c24c7e1a76cd832e03c3f787258137,1
Kani K Navas,NA - Lighting of public spaces,Normal/Others,Tamil Nadu,RAMANATHAPURAM,DISTRICT COLLECTOR RAMANATHAPURAM_IDA,R.S.Mangalam,R.S.Mangalam (TP) - Ward No.1,,,2024-03-03,430000.0,Action Pending,Unsanctioned,Lok Sabha,False,273,652f46e5ab8e66871bafd3e29727278e,1
Kani K Navas,NA - Lighting of public spaces,Normal/Others,Tamil Nadu,RAMANATHAPURAM,DISTRICT COLLECTOR RAMANATHAPURAM_IDA,Sayalgudi,Sayalgudi (TP) - Ward No.1,,,2024-03-03,430000.0,Action Pending,Unsanctioned,Lok Sabha,False,274,d615cf48de2809835e6a70af6da42cb3,1
Kani K Navas,NA - Lighting of public spaces,Normal/Others,Tamil Nadu,RAMANATHAPURAM,DISTRICT COLLECTOR RAMANATHAPURAM_IDA,Thondi,Thondi (TP) - Ward No.5,,,2024-03-03,430000.0,Action Pending,Unsanctioned,Lok Sabha,False,275,deef41d46e7e4fbd70960913b143af7f,1
Kani K Navas,NA - Lighting of public spaces,Normal/Others,Tamil Nadu,RAMANATHAPURAM,DISTRICT COLLECTOR RAMANATHAPURAM_IDA,Paramakudi,Paramakudi (M) - Ward No.2,,,2024-03-03,430000.0,Action Pending,Unsanctioned,Lok Sabha,False,276,a4314ec12c5d4925c3f0a8289458daf5,1
Kani K Navas,NA - Lighting of public spaces,Normal/Others,Tamil Nadu,RAMANATHAPURAM,DISTRICT COLLECTOR RAMANATHAPURAM_IDA,Paramakudi,Paramakudi (M) - Ward No.24,,,2024-03-03,430000.0,Action Pending,Unsanctioned,Lok Sabha,False,277,92945674e9454c6037c0e5dc9e568a1e,1
Kani K Navas,NA - Lighting of public spaces,Normal/Others,Tamil Nadu,RAMANATHAPURAM,DISTRICT COLLECTOR RAMANATHAPURAM_IDA,Paramakudi,Paramakudi (M) - Ward No.16,,,2024-03-03,430000.0,Action Pending,Unsanctioned,Lok Sabha,False,278,0ce852ba8a1be97d35eab7d7fee38843,1
Kani K Navas,NA - Lighting of public spaces,Normal/Others,Tamil Nadu,RAMANATHAPURAM,DISTRICT COLLECTOR RAMANATHAPURAM_IDA,Ramanathapuram,Ramanathapuram (M) - Ward No.11,,,2024-03-03,430000.0,Action Pending,Unsanctioned,Lok Sabha,False,279,daff83240e61cd0d9950e3eab16e6753,1
Kani K Navas,NA - Lighting of public spaces,Normal/Others,Tamil Nadu,RAMANATHAPURAM,DISTRICT COLLECTOR RAMANATHAPURAM_IDA,Ramanathapuram,Ramanathapuram (M) - Ward No.30,,,2024-03-03,430000.0,Action Pending,Unsanctioned,Lok Sabha,False,280,a62dfe73d31e5fda5cca4d44a2bef0fa,1
Kani K Navas,NA - Lighting of public spaces,Normal/Others,Tamil Nadu,RAMANATHAPURAM,DISTRICT COLLECTOR RAMANATHAPURAM_IDA,Rameswaram,Rameswaram (M) - Ward No.18,,,2024-03-03,430000.0,Action Pending,Unsanctioned,Lok Sabha,False,281,2bd400022842c98e4fbc41f88be54798,1
Kani K Navas,NA - Construction of New Building,Normal/Others,Tamil Nadu,RAMANATHAPURAM,DISTRICT COLLECTOR PUDUKKOTTAI_IDA,,,Avudayarkoil,Theeyattur,2024-03-03,700000.0,Action Pending,Unsanctioned,Lok Sabha,False,282,18d40af7bab1d1ca6ec70582d86e1ed1,1
Kani K Navas,NA - Lighting of public spaces,Normal/Others,Tamil Nadu,RAMANATHAPURAM,DISTRICT COLLECTOR PUDUKKOTTAI_IDA,,,Avudayarkoil,Kalabam,2024-03-03,400000.0,Action Pending,Unsanctioned,Lok Sabha,False,283,9add67f3076a839b6923a6c82d742145,1
Kani K Navas,NA - Construction of community centers and community halls,Normal/Others,Tamil Nadu,RAMANATHAPURAM,DISTRICT COLLECTOR PUDUKKOTTAI_IDA,,,Avudayarkoil,Kanur,2024-03-03,2000000.0,Action Pending,Unsanctioned,Lok Sabha,False,284,3d18219c05a4f780c6a74880d394c001,1
Kani K Navas,NA - Construction of New Building,Normal/Others,Tamil Nadu,RAMANATHAPURAM,DISTRICT COLLECTOR PUDUKKOTTAI_IDA,,,Aranthangi,Amanji,2024-03-03,800000.0,Action Pending,Unsanctioned,Lok Sabha,False,285,51bae225acf563605e35ff9d8997b3d4,1
Kani K Navas,NA - Lighting of public spaces,Normal/Others,Tamil Nadu,RAMANATHAPURAM,DISTRICT COLLECTOR PUDUKKOTTAI_IDA,,,Aranthangi,Nakkudi,2024-03-03,400000.0,Action Pending,Unsanctioned,Lok Sabha,False,286,5adc80f84e379fa9197d5b5e5de8b183,1
Kani K Navas,NA - Lighting of public spaces,Normal/Others,Tamil Nadu,RAMANATHAPURAM,DISTRICT COLLECTOR PUDUKKOTTAI_IDA,,,Manamelkudi,Karakathikkottai,2024-03-03,400000.0,Action Pending,Unsanctioned,Lok Sabha,False,287,263d479872db13fb40c34693bcffc7d6,1
Bharti Pravin Pawar,"NA - Construction of roads, link roads, pathways or any other road with or without drainage system",Normal/Others,Maharashtra,DINDORI(ST),DISTRICT COLLECTOR NASHIK_IDA,,,Kalwan,Narul,2024-03-03,995000.0,Action Pending,Unsanctioned,Lok Sabha,False,288,23fd69dbef4d1a3c57f6a46c12348596,1
Kani K Navas,NA - Lighting of public spaces,Normal/Others,Tamil Nadu,RAMANATHAPURAM,DISTRICT COLLECTOR PUDUKKOTTAI_IDA,,,Manamelkudi,Vettivayal,2024-03-03,430000.0,Action Pending,Unsanctioned,Lok Sabha,False,289,4701f5b7946d3cc2cc05886e10ac72a1,1
Kani K Navas,NA - Lighting of public spaces,Normal/Others,Tamil Nadu,RAMANATHAPURAM,DISTRICT COLLECTOR PUDUKKOTTAI_IDA,,,Manamelkudi,Panavayal,2024-03-03,430000.0,Action Pending,Unsanctioned,Lok Sabha,False,290,7f9f0fcd55119acdb71191cfe746745f,1
Kani K Navas,"NA - Construction of roads, link roads, pathways or any other road with or without drainage system",Normal/Others,Tamil Nadu,RAMANATHAPURAM,DISTRICT COLLECTOR PUDUKKOTTAI_IDA,,,Manamelkudi,Vichur,2024-03-03,200000.0,Action Pending,Unsanctioned,Lok Sabha,False,291,8014f5072f609eabf190a9914762a40d,1
Kani K Navas,"NA - Construction of roads, link roads, pathways or any other road with or without drainage system",Normal/Others,Tamil Nadu,RAMANATHAPURAM,DISTRICT COLLECTOR PUDUKKOTTAI_IDA,,,Manamelkudi,Ammapattinam (Ct),2024-03-03,350000.0,Action Pending,Unsanctioned,Lok Sabha,False,292,43efd2e0b014c905f54c20effd24d6cc,1
Kani K Navas,"NA - Construction of roads, link roads, pathways or any other road with or without drainage system",Normal/Others,Tamil Nadu,RAMANATHAPURAM,DISTRICT COLLECTOR PUDUKKOTTAI_IDA,,,Manamelkudi,Ammapattinam (Ct),2024-03-03,640000.0,Action Pending,Unsanctioned,Lok Sabha,False,293,95ff9afbf81fb3b1fad86e06928f9942,1
Kani K Navas,NA - Construction of New Building,Normal/Others,Tamil Nadu,RAMANATHAPURAM,DISTRICT COLLECTOR PUDUKKOTTAI_IDA,,,Manamelkudi,Manamelkudi (Part),2024-03-03,800000.0,Action Pending,Unsanctioned,Lok Sabha,False,294,99ca3d6eee2a8ac5e497e78f617998ff,1
Kani K Navas,NA - Construction of bus-sheds or bus-stops,Normal/Others,Tamil Nadu,RAMANATHAPURAM,DISTRICT COLLECTOR PUDUKKOTTAI_IDA,Aranthangi,Aranthangi (M) - Ward No.6,,,2024-03-03,600000.0,Action Pending,Unsanctioned,Lok Sabha,False,295,4c4fad82bf0d7f7bea44d234e4806ac2,1
Kani K Navas,NA - Lighting of public spaces,Normal/Others,Tamil Nadu,RAMANATHAPURAM,DISTRICT COLLECTOR PUDUKKOTTAI_IDA,Aranthangi,Aranthangi (M) - Ward No.1,,,2024-03-03,500000.0,Action Pending,Unsanctioned,Lok Sabha,False,296,399a7c86a777e409392a19b2adb5655a,3
Kani K Navas,NA - Lighting of public spaces,Normal/Others,Tamil Nadu,RAMANATHAPURAM,DISTRICT COLLECTOR PUDUKKOTTAI_IDA,Aranthangi,Aranthangi (M) - Ward No.1,,,2024-03-03,500000.0,Action Pending,Unsanctioned,Lok Sabha,False,297,399a7c86a777e409392a19b2adb5655a,3
Kani K Navas,NA - Lighting of public spaces,Normal/Others,Tamil Nadu,RAMANATHAPURAM,DISTRICT COLLECTOR PUDUKKOTTAI_IDA,Aranthangi,Aranthangi (M) - Ward No.1,,,2024-03-03,500000.0,Action Pending,Unsanctioned,Lok Sabha,False,298,399a7c86a777e409392a19b2adb5655a,3
Kani K Navas,NA - Construction of bus-sheds or bus-stops,Normal/Others,Tamil Nadu,RAMANATHAPURAM,DISTRICT COLLECTOR PUDUKKOTTAI_IDA,,,Aranthangi,Urvani,2024-03-03,700000.0,Action Pending,Unsanctioned,Lok Sabha,False,299,74096faba72f76b3791b3ffa2852e352,1
Dr Sikander Kumar,NA - Lighting of public spaces,Normal/Others,Himachal Pradesh,Sitting Rajya Sabha,DEPUTY COMMISSIONER HAMIRPUR_IDA,,,Nadaun,Badhera (17/14),2024-03-03,57050.0,Action Pending,Unsanctioned,Rajya Sabha,False,300,7aa1b75a3698b18a783fdc5901716c06,1
Manoj Rajoria,NA - Construction of public libraries and reading rooms,Normal/Others,Rajasthan,KARAULI-DHOLPUR(SC),DISTRICT COLLECTOR KARAULI_IDA,,,Karauli,Karauli,2024-03-02,2000000.0,Action Pending,Unsanctioned,Lok Sabha,False,301,6e3aebfeb4b2ca1db951f695f61ca048,1
Dr Ashok Bajpai,"WS/MP179/2023-2024/119127 - Construction of roads, link roads, pathways or any other road with or without drainage system",Normal/Others,Uttar Pradesh,Sitting Rajya Sabha,DISTRICT MAGISTRAE LUCKNOW_IDA,Lucknow,Lucknow (M Corp.) - Ward No.16,,,2024-03-02,1426000.0,Approved by IDA,Unsanctioned,Rajya Sabha,False,302,0922ae37c64be2818d75ab610ed4baf1,1
Manoj Rajoria,NA - Installing community drinking water plants,Normal/Others,Rajasthan,KARAULI-DHOLPUR(SC),DISTRICT COLLECTOR KARAULI_IDA,,,Mandrayal,Makanpur,2024-03-02,350000.0,Action Pending,Unsanctioned,Lok Sabha,False,303,643ad636079d2ebb7496d712606ec42d,1
Bishweswar Tudu,"NA - Construction of roads, link roads, pathways or any other road with or without drainage system",Normal/Others,Odisha,MAYURBHANJ (ST),DISTRICT COLLECTOR MAYURBHANJ_IDA,,,Bangiriposi,Jaganathkhunta,2024-03-02,400000.0,Action Pending,Unsanctioned,Lok Sabha,False,304,5ab6eb1dc1ee21b9f28b16ff47885afd,1
Bishweswar Tudu,"NA - Construction of roads, link roads, pathways or any other road with or without drainage system",Normal/Others,Odisha,MAYURBHANJ (ST),DISTRICT COLLECTOR MAYURBHANJ_IDA,,,Rairangpur,Mundhathakura,2024-03-02,400000.0,Action Pending,Unsanctioned,Lok Sabha,False,305,d656e1ad2bb6d64535e9eee6f69deda1,1
Shri Abdul Khaleque,NA - Construction of boundary walls of existing public and community buildings,Normal/Others,Assam,BARPETA,Deputy Commissioner Bongaigaon_IDA,,,Bongaigaon (Pt),Nankargaon,2024-03-02,400000.0,Action Pending,Unsanctioned,Lok Sabha,False,306,d5dbf92ad90530049c26604c8dcb91a0,1
Bishweswar Tudu,"NA - Construction of roads, link roads, pathways or any other road with or without drainage system",Normal/Others,Odisha,MAYURBHANJ (ST),DISTRICT COLLECTOR MAYURBHANJ_IDA,,,Bisoi,Sanmanada,2024-03-02,400000.0,Action Pending,Unsanctioned,Lok Sabha,False,307,1bc88ec663f468d528436701dfced940,1
Bishweswar Tudu,NA - Establishing public ground water recharging facilities,Normal/Others,Odisha,MAYURBHANJ (ST),DISTRICT COLLECTOR MAYURBHANJ_IDA,,,Bangiriposi,Bhulanpur,2024-03-02,200000.0,Action Pending,Unsanctioned,Lok Sabha,False,308,e6f8431f3f6195701e49165370da6504,1
Gaddam Ranjith Reddy,NA - Lighting of public spaces,Normal/Others,Telangana,CHELVELLA,DISTRICT COLLECTOR VIKARABAD_IDA,,,Yelal,Agnoor,2024-03-02,170000.0,Action Pending,Unsanctioned,Lok Sabha,False,309,5f96fe524cd6b6edb924f50b2b9fc9ae,1
Gaddam Ranjith Reddy,NA - Lighting of public spaces,Normal/Others,Telangana,CHELVELLA,DISTRICT COLLECTOR VIKARABAD_IDA,,,Yelal,Banapur,2024-03-02,170000.0,Action Pending,Unsanctioned,Lok Sabha,False,310,76d18dd05def80866f3eced6e3ad0865,1
Gaddam Ranjith Reddy,NA - Lighting of public spaces,Normal/Others,Telangana,CHELVELLA,DISTRICT COLLECTOR VIKARABAD_IDA,,,Yelal,Doulapur,2024-03-02,170000.0,Action Pending,Unsanctioned,Lok Sabha,False,311,55fa53ad6eeaa1f1d9665ec4fa05a3b8,1
Gaddam Ranjith Reddy,NA - Lighting of public spaces,Normal/Others,Telangana,CHELVELLA,DISTRICT COLLECTOR VIKARABAD_IDA,,,Yelal,Rasnam,2024-03-02,170000.0,Action Pending,Unsanctioned,Lok Sabha,False,312,9fc6ad2d5770a41caaa91a8d14ed6226,1
Gaddam Ranjith Reddy,NA - Lighting of public spaces,Normal/Others,Telangana,CHELVELLA,DISTRICT COLLECTOR VIKARABAD_IDA,,,Yelal,Kokat,2024-03-02,340000.0,Action Pending,Unsanctioned,Lok Sabha,False,313,1d94f8628a1b0643c340c19b2220b042,1
Bishweswar Tudu,"NA - Construction of roads, link roads, pathways or any other road with or without drainage system",Normal/Others,Odisha,MAYURBHANJ (ST),DISTRICT COLLECTOR MAYURBHANJ_IDA,,,Raruan,Ekaghari,2024-03-02,400000.0,Action Pending,Unsanctioned,Lok Sabha,False,314,307d1879c941f51e0751d448f953e039,1
Bishweswar Tudu,"NA - Construction of roads, link roads, pathways or any other road with or without drainage system",Normal/Others,Odisha,MAYURBHANJ (ST),DISTRICT COLLECTOR MAYURBHANJ_IDA,,,Kaptipada,Baniagan,2024-03-02,400000.0,Action Pending,Unsanctioned,Lok Sabha,False,315,b6ebbabcd03f542335604f6f2620d3fc,1
Bishweswar Tudu,"NA - Construction of roads, link roads, pathways or any other road with or without drainage system",Normal/Others,Odisha,MAYURBHANJ (ST),DISTRICT COLLECTOR MAYURBHANJ_IDA,,,Suliapada,Bhaliasul,2024-03-02,400000.0,Action Pending,Unsanctioned,Lok Sabha,False,316,22adc5d0dcb21a87f3f04ff63c5f905b,1
Bishweswar Tudu,NA - Construction of rooms and halls in school and colleges,Normal/Others,Odisha,MAYURBHANJ (ST),DISTRICT COLLECTOR MAYURBHANJ_IDA,,,Jharpokharia,Sirsa,2024-03-02,300000.0,Action Pending,Unsanctioned,Lok Sabha,False,317,ebbaa19a9edcc6b23b1b6f8e1c8bb8f8,1
Bishweswar Tudu,NA - Construction of rooms and halls in school and colleges,Normal/Others,Odisha,MAYURBHANJ (ST),DISTRICT COLLECTOR MAYURBHANJ_IDA,,,Bisoi,Bisoi,2024-03-02,400000.0,Action Pending,Unsanctioned,Lok Sabha,False,318,58f3dd0b7363e28f61ab5121d14e3207,1
Bishweswar Tudu,"NA - Construction of roads, link roads, pathways or any other road with or without drainage system",Normal/Others,Odisha,MAYURBHANJ (ST),DISTRICT COLLECTOR MAYURBHANJ_IDA,,,Baripada Sadar,Sindurgoura,2024-03-02,400000.0,Action Pending,Unsanctioned,Lok Sabha,False,319,01079a4dc067efc53cfa05d5f7d6574a,1
Bishweswar Tudu,NA - Construction of buildings for community cultural activities,Normal/Others,Odisha,MAYURBHANJ (ST),DISTRICT COLLECTOR MAYURBHANJ_IDA,,,Rasagobindapur,Tambakhuri,2024-03-02,300000.0,Action Pending,Unsanctioned,Lok Sabha,False,320,2d7904847891af3b2f32ad0e698b1be4,1
Bishweswar Tudu,NA - Construction of boundary walls of existing public and community buildings,Normal/Others,Odisha,MAYURBHANJ (ST),DISTRICT COLLECTOR MAYURBHANJ_IDA,,,Rasagobindapur,Sanmundia,2024-03-02,400000.0,Action Pending,Unsanctioned,Lok Sabha,False,321,eb92c78324506e99c3443ca1efbb235b,1
Bishweswar Tudu,NA - Installation of fixed weighing scale machine for agriculture and horticulture produce,Normal/Others,Odisha,MAYURBHANJ (ST),DISTRICT COLLECTOR MAYURBHANJ_IDA,,,Raruan,Kanika,2024-03-02,400000.0,Action Pending,Unsanctioned,Lok Sabha,False,322,8dca4f75caeed6f08246d39984f1fcae,1
Bishweswar Tudu,NA - Construction of boundary walls of existing public and community buildings,Normal/Others,Odisha,MAYURBHANJ (ST),DISTRICT COLLECTOR MAYURBHANJ_IDA,,,Rairangpur Town,Nagbhan (Og),2024-03-02,400000.0,Action Pending,Unsanctioned,Lok Sabha,False,323,13516229a269efdac84e2eca25550acc,1
Bishweswar Tudu,NA - Purchase of mobile sanitation equipment,Normal/Others,Odisha,MAYURBHANJ (ST),DISTRICT COLLECTOR MAYURBHANJ_IDA,,,Raruan,Khiching,2024-03-02,200000.0,Action Pending,Unsanctioned,Lok Sabha,False,324,df65e5c7fc16f034d8024927b767b69e,1
Bishweswar Tudu,NA - Construction of buildings for community cultural activities,Normal/Others,Odisha,MAYURBHANJ (ST),DISTRICT COLLECTOR MAYURBHANJ_IDA,,,Jharpokharia,Saraskana,2024-03-02,500000.0,Action Pending,Unsanctioned,Lok Sabha,False,325,62ebb40ef255eba13f96ba8521a6116d,1
Bishweswar Tudu,NA - Construction of buildings for community cultural activities,Normal/Others,Odisha,MAYURBHANJ (ST),DISTRICT COLLECTOR MAYURBHANJ_IDA,,,Jharpokharia,Jharpokharia,2024-03-02,500000.0,Action Pending,Unsanctioned,Lok Sabha,False,326,71ad5a6596cce0ce1f4c1bd2d5bc470a,1
Bishweswar Tudu,NA - Construction of buildings for crèches and anganwadies,Normal/Others,Odisha,MAYURBHANJ (ST),DISTRICT COLLECTOR MAYURBHANJ_IDA,,,Badampahar,Dhangdimuta,2024-03-02,400000.0,Action Pending,Unsanctioned,Lok Sabha,False,327,6ad32d1cb2918f39a27b1443b945baaf,1
Bishweswar Tudu,"NA - Construction of roads, link roads, pathways or any other road with or without drainage system",Normal/Others,Odisha,MAYURBHANJ (ST),DISTRICT COLLECTOR MAYURBHANJ_IDA,,,Muruda,Panchabhaya,2024-03-02,400000.0,Action Pending,Unsanctioned,Lok Sabha,False,328,cfe7335fe4d2a2302c03abad511f80ab,1
Bishweswar Tudu,NA - Street lights,Normal/Others,Odisha,MAYURBHANJ (ST),DISTRICT COLLECTOR MAYURBHANJ_IDA,,,Bisoi,Majhigan,2024-03-02,100000.0,Action Pending,Unsanctioned,Lok Sabha,False,329,99cf050bd413c43690e4f6424b479fd5,1
Smt Mamata Mohanta,NA - Lighting of public spaces,Normal/Others,Odisha,Sitting Rajya Sabha,DISTRICT COLLECTOR MAYURBHANJ_IDA,,,Jharpokharia,Ghiajodi,2024-03-02,350000.0,Action Pending,Unsanctioned,Rajya Sabha,False,330,78d74bc57c449a1c10a3843ed3128f43,1
Smt Mamata Mohanta,NA - Lighting of public spaces,Normal/Others,Odisha,Sitting Rajya Sabha,DISTRICT COLLECTOR MAYURBHANJ_IDA,,,Jharpokharia,Belbaria,2024-03-02,350000.0,Action Pending,Unsanctioned,Rajya Sabha,False,331,cf7d8de6ddbd1256bdda371913acbf8c,1
Smt Mamata Mohanta,"NA - Construction of roads, link roads, pathways or any other road with or without drainage system",Normal/Others,Odisha,Sitting Rajya Sabha,DISTRICT COLLECTOR MAYURBHANJ_IDA,,,Jharpokharia,Pahadpur,2024-03-02,300000.0,Action Pending,Unsanctioned,Rajya Sabha,False,332,5b0caad385f0962017b1130cfb0d4731,1
Smt Mamata Mohanta,NA - Construction of public toilets and bathrooms,Normal/Others,Odisha,Sitting Rajya Sabha,DISTRICT COLLECTOR MAYURBHANJ_IDA,,,Jharpokharia,Rajaloka,2024-03-02,400000.0,Action Pending,Unsanctioned,Rajya Sabha,False,333,3bd4d8033d3ac6476472b5202f75fe33,1
Dr Amar Patnaik,NA - Construction of community centers and community halls,Normal/Others,Odisha,Sitting Rajya Sabha,DISTRICT COLLECTOR KHORDHA_IDA,,,Balianta,Budhalo,2024-03-02,200000.0,Action Pending,Unsanctioned,Rajya Sabha,False,334,c9d11342cab7b545c1763586590948cd,1
Dr Amar Patnaik,NA - Construction of boundary walls of existing public and community buildings,Normal/Others,Odisha,Sitting Rajya Sabha,DISTRICT COLLECTOR KHORDHA_IDA,,,Balianta,Budhalo,2024-03-02,200000.0,Action Pending,Unsanctioned,Rajya Sabha,False,335,29607a0cf50bc238561a284aaf01a2b3,1
Bishweswar Tudu,NA - Construction of community centers and community halls,Normal/Others,Odisha,MAYURBHANJ (ST),DISTRICT COLLECTOR MAYURBHANJ_IDA,,,Kaptipada,Chakradharpur,2024-03-02,400000.0,Action Pending,Unsanctioned,Lok Sabha,False,336,7b746498e255921322db8aa301f142b8,1
Sunil Kumar Soni,NA - Construction of community centers and community halls,Normal/Others,Chhattisgarh,RAIPUR,DISTRICT COLLECTOR RAIPUR_IDA,Raipur,Rajeev Gandhi Ward,,,2024-03-02,500000.0,Action Pending,Unsanctioned,Lok Sabha,False,337,f0bdb93562cc9d94c7af896c6fd13d79,1
Smt Mamata Mohanta,"NA - Construction of roads, link roads, pathways or any other road with or without drainage system",Normal/Others,Odisha,Sitting Rajya Sabha,DISTRICT COLLECTOR MAYURBHANJ_IDA,,,Jharpokharia,Kendumundi,2024-03-02,300000.0,Action Pending,Unsanctioned,Rajya Sabha,False,338,d8c5c138da1b6a37c487adb1b997c5b8,1
Smt Mamata Mohanta,NA - Lighting of public spaces,Normal/Others,Odisha,Sitting Rajya Sabha,DISTRICT COLLECTOR MAYURBHANJ_IDA,,,Jharpokharia,Jharpokharia,2024-03-02,350000.0,Action Pending,Unsanctioned,Rajya Sabha,False,339,7635ff77a23e3b8be6a3db064b680d15,1
Smt Mamata Mohanta,NA - Lighting of public spaces,Normal/Others,Odisha,Sitting Rajya Sabha,DISTRICT COLLECTOR MAYURBHANJ_IDA,,,Jharpokharia,Saragada,2024-03-02,350000.0,Action Pending,Unsanctioned,Rajya Sabha,False,340,657668a6c2650a4e1c78855bd0b48284,1
Smt Mamata Mohanta,NA - Lighting of public spaces,Normal/Others,Odisha,Sitting Rajya Sabha,DISTRICT COLLECTOR MAYURBHANJ_IDA,,,Jharpokharia,Umadeipur,2024-03-02,350000.0,Action Pending,Unsanctioned,Rajya Sabha,False,341,47c4d918f6dfcb1fe028907b8dfc759a,1
Smt Mamata Mohanta,NA - Providing drains and gutters for public drainage,Normal/Others,Odisha,Sitting Rajya Sabha,DISTRICT COLLECTOR MAYURBHANJ_IDA,,,Jharpokharia,Baghajhampa,2024-03-02,300000.0,Action Pending,Unsanctioned,Rajya Sabha,False,342,c3c8782a470df10e04a566bfa61ae8cd,1
Smt Mamata Mohanta,NA - Lighting of public spaces,Normal/Others,Odisha,Sitting Rajya Sabha,DISTRICT COLLECTOR MAYURBHANJ_IDA,,,Jharpokharia,Sansanadi,2024-03-02,350000.0,Action Pending,Unsanctioned,Rajya Sabha,False,343,acfa9db8da06f32cfcb071a1dc49c156,1
Smt Mamata Mohanta,NA - Street lights,Normal/Others,Odisha,Sitting Rajya Sabha,DISTRICT COLLECTOR MAYURBHANJ_IDA,,,Jharpokharia,Kanimahuli,2024-03-02,1000000.0,Action Pending,Unsanctioned,Rajya Sabha,False,344,70335cbab320e65bd5b612d87c6f6bfa,1
Smt Mamata Mohanta,"NA - Construction of roads, link roads, pathways or any other road with or without drainage system",Normal/Others,Odisha,Sitting Rajya Sabha,DISTRICT COLLECTOR MAYURBHANJ_IDA,,,Jharpokharia,Kanimahuli,2024-03-02,700000.0,Action Pending,Unsanctioned,Rajya Sabha,False,345,a18973feba4676c853a4fd6ec69a18cd,1
Smt Mamata Mohanta,NA - Providing drains and gutters for public drainage,Normal/Others,Odisha,Sitting Rajya Sabha,DISTRICT COLLECTOR MAYURBHANJ_IDA,,,Jharpokharia,Kanimahuli,2024-03-02,300000.0,Action Pending,Unsanctioned,Rajya Sabha,False,346,5f872d1882c78f0c02b293b8086b410e,1
Smt Mamata Mohanta,"NA - Construction of roads, link roads, pathways or any other road with or without drainage system",Normal/Others,Odisha,Sitting Rajya Sabha,DISTRICT COLLECTOR MAYURBHANJ_IDA,,,Jharpokharia,Umadeipur,2024-03-02,300000.0,Action Pending,Unsanctioned,Rajya Sabha,False,347,e7445f134eb0de642b4bccf2c2562370,1
Smt Mamata Mohanta,"NA - Construction of roads, link roads, pathways or any other road with or without drainage system",Normal/Others,Odisha,Sitting Rajya Sabha,DISTRICT COLLECTOR MAYURBHANJ_IDA,,,Bisoi,Nangalkatapokharia,2024-03-02,1000000.0,Action Pending,Unsanctioned,Rajya Sabha,False,348,a14327dc909f4ecc5deb2a6ad12ad7b1,1
Smt Mamata Mohanta,NA - Street lights,Normal/Others,Odisha,Sitting Rajya Sabha,DISTRICT COLLECTOR MAYURBHANJ_IDA,,,Bisoi,Kitabeda,2024-03-02,1000000.0,Action Pending,Unsanctioned,Rajya Sabha,False,349,d1746c21a559bc95e75a6535d0f89727,1
Bishweswar Tudu,NA - Street lights,Normal/Others,Odisha,MAYURBHANJ (ST),DISTRICT COLLECTOR MAYURBHANJ_IDA,,,Rasagobindapur,Amarada,2024-03-02,50000.0,Action Pending,Unsanctioned,Lok Sabha,False,350,c23d98b7bef85bacfd8a11eb5e63ed5d,1
Bishweswar Tudu,NA - Construction of buildings for community cultural activities,Normal/Others,Odisha,MAYURBHANJ (ST),DISTRICT COLLECTOR MAYURBHANJ_IDA,Baripada,Baripada (M) - Ward No.3,,,2024-03-02,300000.0,Action Pending,Unsanctioned,Lok Sabha,False,351,a6312b15f9e6f7032fdab9e9b99e1d1e,1
Bishweswar Tudu,"NA - Construction of roads, link roads, pathways or any other road with or without drainage system",Normal/Others,Odisha,MAYURBHANJ (ST),DISTRICT COLLECTOR MAYURBHANJ_IDA,Rairangpur,Rairangpur (M) - Ward No.10,,,2024-03-02,400000.0,Action Pending,Unsanctioned,Lok Sabha,False,352,a624706597087b7e5c4bc3c77595b01a,1
Smt Jaya Bachchan,NA - Installing hand pumps,Normal/Others,Uttar Pradesh,Sitting Rajya Sabha,DISTRICT MAGISTRATE BHADOHI_IDA,,,Gyanpur,Tulapur Rohi,2024-03-01,63275.0,Action Pending,Unsanctioned,Rajya Sabha,False,353,3504c2c6855908879a0aed2ac991a7d2,4
Sushil Kumar Rinku,NA - Construction of additional rooms and halls in the existing public and community building,Normal/Others,Punjab,JALANDHAR(SC),DEPUTY COMMISSIONER JALANDHAR_IDA,,,Adampur,Dhadda (6),2024-03-01,200000.0,Action Pending,Unsanctioned,Lok Sabha,False,354,bd61bc1fa48099ac65e917ed9e0f43d8,1
Smt Jaya Bachchan,NA - Installing hand pumps,Normal/Others,Uttar Pradesh,Sitting Rajya Sabha,DISTRICT MAGISTRATE BHADOHI_IDA,,,Gyanpur,Sagar Raipur,2024-03-01,63275.0,Action Pending,Unsanctioned,Rajya Sabha,False,355,0234bfec8df8ec0b6c785c3e8133aa91,7
Smt Jaya Bachchan,NA - Installing hand pumps,Normal/Others,Uttar Pradesh,Sitting Rajya Sabha,DISTRICT MAGISTRATE BHADOHI_IDA,,,Gyanpur,Sagar Raipur,2024-03-01,63275.0,Action Pending,Unsanctioned,Rajya Sabha,False,356,0234bfec8df8ec0b6c785c3e8133aa91,7
Smt Jaya Bachchan,NA - Installing hand pumps,Normal/Others,Uttar Pradesh,Sitting Rajya Sabha,DISTRICT MAGISTRATE BHADOHI_IDA,,,Gyanpur,Sagar Raipur,2024-03-01,63275.0,Action Pending,Unsanctioned,Rajya Sabha,False,357,0234bfec8df8ec0b6c785c3e8133aa91,7
SHRI Sudhanshu Trivedi,"WS/MP199/2023-2024/117757 - Construction of roads, link roads, pathways or any other road with or without drainage system",Normal/Others,Uttar Pradesh,Sitting Rajya Sabha,DISTRICT MAGISTRAE LUCKNOW_IDA,Lucknow,Lucknow (M Corp.) - Ward No.36,,,2024-03-01,1650000.0,Approved by IDA,Unsanctioned,Rajya Sabha,False,358,7b4ae01391dc7515d089edb9a5f13705,1
Smt Jaya Bachchan,NA - Installing hand pumps,Normal/Others,Uttar Pradesh,Sitting Rajya Sabha,DISTRICT MAGISTRATE BHADOHI_IDA,,,Aurai,Dhamahapur,2024-03-01,63275.0,Action Pending,Unsanctioned,Rajya Sabha,False,359,f50fa9bdc63cf68bb39e14c1c2423b44,2
Smt Jaya Bachchan,NA - Installing hand pumps,Normal/Others,Uttar Pradesh,Sitting Rajya Sabha,DISTRICT MAGISTRATE BHADOHI_IDA,,,Gyanpur,Tulapur Rohi,2024-03-01,63275.0,Action Pending,Unsanctioned,Rajya Sabha,False,360,3504c2c6855908879a0aed2ac991a7d2,4
Smt Jaya Bachchan,NA - Installing hand pumps,Normal/Others,Uttar Pradesh,Sitting Rajya Sabha,DISTRICT MAGISTRATE BHADOHI_IDA,,,Gyanpur,Tulapur Rohi,2024-03-01,63275.0,Action Pending,Unsanctioned,Rajya Sabha,False,361,3504c2c6855908879a0aed2ac991a7d2,4
Smt Jaya Bachchan,NA - Installing hand pumps,Normal/Others,Uttar Pradesh,Sitting Rajya Sabha,DISTRICT MAGISTRATE BHADOHI_IDA,,,Gyanpur,Tulapur Rohi,2024-03-01,63275.0,Action Pending,Unsanctioned,Rajya Sabha,False,362,3504c2c6855908879a0aed2ac991a7d2,4
Smt Jaya Bachchan,NA - Installing hand pumps,Normal/Others,Uttar Pradesh,Sitting Rajya Sabha,DISTRICT MAGISTRATE BHADOHI_IDA,,,Gyanpur,Tulsipur,2024-03-01,63275.0,Action Pending,Unsanctioned,Rajya Sabha,False,363,f8200b3a0c3ea3c945aa57f0a3f76d66,1
Smt Jaya Bachchan,NA - Installing hand pumps,Normal/Others,Uttar Pradesh,Sitting Rajya Sabha,DISTRICT MAGISTRATE BHADOHI_IDA,,,Gyanpur,Golekkhara,2024-03-01,63275.0,Action Pending,Unsanctioned,Rajya Sabha,False,364,a76cda6689d4817cc000c940ff173f36,1
Smt Jaya Bachchan,NA - Installing hand pumps,Normal/Others,Uttar Pradesh,Sitting Rajya Sabha,DISTRICT MAGISTRATE BHADOHI_IDA,,,Gyanpur,Sagar Raipur,2024-03-01,63275.0,Action Pending,Unsanctioned,Rajya Sabha,False,365,0234bfec8df8ec0b6c785c3e8133aa91,7
Smt Jaya Bachchan,NA - Installing hand pumps,Normal/Others,Uttar Pradesh,Sitting Rajya Sabha,DISTRICT MAGISTRATE BHADOHI_IDA,,,Gyanpur,Sagar Raipur,2024-03-01,63275.0,Action Pending,Unsanctioned,Rajya Sabha,False,366,0234bfec8df8ec0b6c785c3e8133aa91,7
Smt Jaya Bachchan,NA - Installing hand pumps,Normal/Others,Uttar Pradesh,Sitting Rajya Sabha,DISTRICT MAGISTRATE BHADOHI_IDA,,,Aurai,Savara Raghunathpur,2024-03-01,63275.0,Action Pending,Unsanctioned,Rajya Sabha,False,367,7cbf054a35b7430a6243bfcfb97687b4,2
Smt Jaya Bachchan,NA - Installing hand pumps,Normal/Others,Uttar Pradesh,Sitting Rajya Sabha,DISTRICT MAGISTRATE BHADOHI_IDA,,,Aurai,Dhamahapur,2024-03-01,63275.0,Action Pending,Unsanctioned,Rajya Sabha,False,368,f50fa9bdc63cf68bb39e14c1c2423b44,2
Smt Jaya Bachchan,NA - Installing hand pumps,Normal/Others,Uttar Pradesh,Sitting Rajya Sabha,DISTRICT MAGISTRATE BHADOHI_IDA,,,Gyanpur,Sagar Raipur,2024-03-01,63275.0,Action Pending,Unsanctioned,Rajya Sabha,False,369,0234bfec8df8ec0b6c785c3e8133aa91,7
Smt Jaya Bachchan,NA - Installing hand pumps,Normal/Others,Uttar Pradesh,Sitting Rajya Sabha,DISTRICT MAGISTRATE BHADOHI_IDA,,,Bhadohi,Nawada Kala,2024-03-01,63275.0,Action Pending,Unsanctioned,Rajya Sabha,False,370,473e71ac22a6b7921aa8155ab79e4620,1
Smt Jaya Bachchan,NA - Installing hand pumps,Normal/Others,Uttar Pradesh,Sitting Rajya Sabha,DISTRICT MAGISTRATE BHADOHI_IDA,,,Gyanpur,Sagar Raipur,2024-03-01,63275.0,Action Pending,Unsanctioned,Rajya Sabha,False,371,0234bfec8df8ec0b6c785c3e8133aa91,7
Smt Jaya Bachchan,NA - Installing hand pumps,Normal/Others,Uttar Pradesh,Sitting Rajya Sabha,DISTRICT MAGISTRATE BHADOHI_IDA,,,Bhadohi,Duhiya,2024-03-01,63275.0,Action Pending,Unsanctioned,Rajya Sabha,False,372,24555453594427f075118ed2a62641b2,1
Smt Jaya Bachchan,NA - Installing hand pumps,Normal/Others,Uttar Pradesh,Sitting Rajya Sabha,DISTRICT MAGISTRATE BHADOHI_IDA,,,Aurai,Khamariya 1,2024-03-01,63275.0,Action Pending,Unsanctioned,Rajya Sabha,False,373,883cc683b52a1eaa9cc3a42464cb6731,1
SHRI Sudhanshu Trivedi,"WS/MP199/2023-2024/117759 - Construction of roads, link roads, pathways or any other road with or without drainage system",Normal/Others,Uttar Pradesh,Sitting Rajya Sabha,DISTRICT MAGISTRAE LUCKNOW_IDA,Lucknow,Lucknow (M Corp.) - Ward No.43,,,2024-03-01,663000.0,Approved by IDA,Unsanctioned,Rajya Sabha,False,374,00004d68269d9ba894f8885d12d8f069,1
SHRI Sudhanshu Trivedi,"WS/MP199/2023-2024/117760 - Construction of roads, link roads, pathways or any other road with or without drainage system",Normal/Others,Uttar Pradesh,Sitting Rajya Sabha,DISTRICT MAGISTRAE LUCKNOW_IDA,Lucknow,Lucknow (M Corp.) - Ward No.100,,,2024-03-01,698000.0,Approved by IDA,Unsanctioned,Rajya Sabha,False,375,69a07aaefc2e764521dc06c3f00856fb,1
Smt Jaya Bachchan,NA - Installing hand pumps,Normal/Others,Uttar Pradesh,Sitting Rajya Sabha,DISTRICT MAGISTRATE BHADOHI_IDA,,,Bhadohi,Kapuripur,2024-03-01,63275.0,Action Pending,Unsanctioned,Rajya Sabha,False,376,749a9a26586c9e31b285d5196c4abba7,1
Smt Jaya Bachchan,NA - Installing hand pumps,Normal/Others,Uttar Pradesh,Sitting Rajya Sabha,DISTRICT MAGISTRATE BHADOHI_IDA,,,Bhadohi,Kador,2024-03-01,63275.0,Action Pending,Unsanctioned,Rajya Sabha,False,377,416e39cbc6989427459fb84fbb6ebac3,1
Smt Jaya Bachchan,NA - Installing hand pumps,Normal/Others,Uttar Pradesh,Sitting Rajya Sabha,DISTRICT MAGISTRATE BHADOHI_IDA,,,Bhadohi,Haripatti,2024-03-01,63275.0,Action Pending,Unsanctioned,Rajya Sabha,False,378,8f04d6bfec548251c2817d2fea42bb7e,1
Smt Jaya Bachchan,NA - Installing hand pumps,Normal/Others,Uttar Pradesh,Sitting Rajya Sabha,DISTRICT MAGISTRATE BHADOHI_IDA,,,Bhadohi,Chak Banwari,2024-03-01,63275.0,Action Pending,Unsanctioned,Rajya Sabha,False,379,882e26c04c5c94a9948a5713f20bbf09,1
Smt Jaya Bachchan,NA - Installing hand pumps,Normal/Others,Uttar Pradesh,Sitting Rajya Sabha,DISTRICT MAGISTRATE BHADOHI_IDA,,,Gyanpur,Mailauna,2024-03-01,63275.0,Action Pending,Unsanctioned,Rajya Sabha,False,380,59e43679a0ddd5117a3b249360f2a84e,1
SHRI Sudhanshu Trivedi,"WS/MP199/2023-2024/117758 - Construction of roads, link roads, pathways or any other road with or without drainage system",Normal/Others,Uttar Pradesh,Sitting Rajya Sabha,DISTRICT MAGISTRAE LUCKNOW_IDA,Lucknow,Lucknow (M Corp.) - Ward No.43,,,2024-03-01,1054000.0,Approved by IDA,Unsanctioned,Rajya Sabha,False,381,07b66d420d5ed6fa58519289c9541cba,1
Smt Jaya Bachchan,NA - Installing hand pumps,Normal/Others,Uttar Pradesh,Sitting Rajya Sabha,DISTRICT MAGISTRATE BHADOHI_IDA,,,Bhadohi,Gopipur,2024-03-01,63275.0,Action Pending,Unsanctioned,Rajya Sabha,False,382,6ff747f64f70d7aaaf3943cb75470b31,1
Smt Jaya Bachchan,NA - Installing hand pumps,Normal/Others,Uttar Pradesh,Sitting Rajya Sabha,DISTRICT MAGISTRATE BHADOHI_IDA,,,Gyanpur,Khedopur N. Koirauna,2024-03-01,63275.0,Action Pending,Unsanctioned,Rajya Sabha,False,383,e174d3afed7f866e439712a6738f00fb,4
Smt Jaya Bachchan,NA - Installing hand pumps,Normal/Others,Uttar Pradesh,Sitting Rajya Sabha,DISTRICT MAGISTRATE BHADOHI_IDA,,,Gyanpur,Khedopur N. Koirauna,2024-03-01,63275.0,Action Pending,Unsanctioned,Rajya Sabha,False,384,e174d3afed7f866e439712a6738f00fb,4
Smt Jaya Bachchan,NA - Installing hand pumps,Normal/Others,Uttar Pradesh,Sitting Rajya Sabha,DISTRICT MAGISTRATE BHADOHI_IDA,,,Gyanpur,Khedopur N. Koirauna,2024-03-01,63275.0,Action Pending,Unsanctioned,Rajya Sabha,False,385,e174d3afed7f866e439712a6738f00fb,4
Smt Jaya Bachchan,NA - Installing hand pumps,Normal/Others,Uttar Pradesh,Sitting Rajya Sabha,DISTRICT MAGISTRATE BHADOHI_IDA,,,Gyanpur,Khedopur N. Koirauna,2024-03-01,63275.0,Action Pending,Unsanctioned,Rajya Sabha,False,386,e174d3afed7f866e439712a6738f00fb,4
Smt Jaya Bachchan,NA - Installing hand pumps,Normal/Others,Uttar Pradesh,Sitting Rajya Sabha,DISTRICT MAGISTRATE BHADOHI_IDA,,,Aurai,Ghosiyna,2024-03-01,63275.0,Action Pending,Unsanctioned,Rajya Sabha,False,387,34c80569aa56b8daf58f8b54873617b6,1
Smt Jaya Bachchan,NA - Installing hand pumps,Normal/Others,Uttar Pradesh,Sitting Rajya Sabha,DISTRICT MAGISTRATE BHADOHI_IDA,,,Bhadohi,Parshottampur,2024-03-01,63275.0,Action Pending,Unsanctioned,Rajya Sabha,False,388,15d1b00eb94207e356889ba765b0586b,1
Smt Jaya Bachchan,NA - Installing hand pumps,Normal/Others,Uttar Pradesh,Sitting Rajya Sabha,DISTRICT MAGISTRATE BHADOHI_IDA,,,Aurai,Chandrapura,2024-03-01,63275.0,Action Pending,Unsanctioned,Rajya Sabha,False,389,b9f08bb7b6fd95eaffbe3d2670309ccc,1
Smt Jaya Bachchan,NA - Installing hand pumps,Normal/Others,Uttar Pradesh,Sitting Rajya Sabha,DISTRICT MAGISTRATE BHADOHI_IDA,,,Aurai,Bejavan,2024-03-01,63275.0,Action Pending,Unsanctioned,Rajya Sabha,False,390,080e4f5ac8bbd061b798ebebc1d95d93,2
Smt Jaya Bachchan,NA - Installing hand pumps,Normal/Others,Uttar Pradesh,Sitting Rajya Sabha,DISTRICT MAGISTRATE BHADOHI_IDA,,,Aurai,Newad,2024-03-01,63275.0,Action Pending,Unsanctioned,Rajya Sabha,False,391,168270fa7146a96965785d5135f1e0f0,1
Smt Jaya Bachchan,NA - Installing hand pumps,Normal/Others,Uttar Pradesh,Sitting Rajya Sabha,DISTRICT MAGISTRATE BHADOHI_IDA,,,Aurai,Aurangabad,2024-03-01,63275.0,Action Pending,Unsanctioned,Rajya Sabha,False,392,977f29af62eed2943980145a281b10d8,1
Smt Jaya Bachchan,NA - Installing hand pumps,Normal/Others,Uttar Pradesh,Sitting Rajya Sabha,DISTRICT MAGISTRATE BHADOHI_IDA,,,Aurai,Narathua,2024-03-01,63275.0,Action Pending,Unsanctioned,Rajya Sabha,False,393,9e382acea55695ea8a45869ede26be84,1
Smt Jaya Bachchan,NA - Installing hand pumps,Normal/Others,Uttar Pradesh,Sitting Rajya Sabha,DISTRICT MAGISTRATE BHADOHI_IDA,,,Aurai,Madhopur,2024-03-01,63275.0,Action Pending,Unsanctioned,Rajya Sabha,False,394,38b40968f7f7cab099307af0ba6fe3bf,1
Sonal Mansingh (NRS),NA - Construction of rooms and halls in school and colleges,Normal/Others,Gujarat,Nominated Rajya Sabha,DISTRICT PLANNING OFFICER SIWAN_IDA,,,Siwan,Sarsar,2024-03-01,1000000.0,Action Pending,Unsanctioned,Rajya Sabha,False,395,b56ac9ba48aa89cc012fba4533555eeb,1
Smt Jaya Bachchan,NA - Installing hand pumps,Normal/Others,Uttar Pradesh,Sitting Rajya Sabha,DISTRICT MAGISTRATE BHADOHI_IDA,,,Aurai,Bejavan,2024-03-01,63275.0,Action Pending,Unsanctioned,Rajya Sabha,False,396,080e4f5ac8bbd061b798ebebc1d95d93,2
Smt Jaya Bachchan,NA - Installing hand pumps,Normal/Others,Uttar Pradesh,Sitting Rajya Sabha,DISTRICT MAGISTRATE BHADOHI_IDA,,,Aurai,Heera Chak,2024-03-01,63275.0,Action Pending,Unsanctioned,Rajya Sabha,False,397,fde8e39042f9f674ccf2dbee24c05a05,3
Smt Jaya Bachchan,NA - Installing hand pumps,Normal/Others,Uttar Pradesh,Sitting Rajya Sabha,DISTRICT MAGISTRATE BHADOHI_IDA,,,Aurai,Jathi,2024-03-01,63275.0,Action Pending,Unsanctioned,Rajya Sabha,False,398,768e56f6eaf2790d91d6e9e2a3d45fce,1
Smt Jaya Bachchan,NA - Installing hand pumps,Normal/Others,Uttar Pradesh,Sitting Rajya Sabha,DISTRICT MAGISTRATE BHADOHI_IDA,,,Aurai,Heera Chak,2024-03-01,63275.0,Action Pending,Unsanctioned,Rajya Sabha,False,399,fde8e39042f9f674ccf2dbee24c05a05,3
Smt Jaya Bachchan,NA - Installing hand pumps,Normal/Others,Uttar Pradesh,Sitting Rajya Sabha,DISTRICT MAGISTRATE BHADOHI_IDA,,,Aurai,Bhawanipur,2024-03-01,63275.0,Action Pending,Unsanctioned,Rajya Sabha,False,400,171e5bbaaabe6acdbedc9a852bd74380,2
Smt Jaya Bachchan,NA - Installing hand pumps,Normal/Others,Uttar Pradesh,Sitting Rajya Sabha,DISTRICT MAGISTRATE BHADOHI_IDA,,,Aurai,Bhawanipur,2024-03-01,63275.0,Action Pending,Unsanctioned,Rajya Sabha,False,401,171e5bbaaabe6acdbedc9a852bd74380,2
Smt Rama Devi,NA - Renovation of ponds and lakes,Normal/Others,Bihar,SHEOHAR,DISTRICT PLANNING OFFICER SEOHAR_IDA,,,Tariani Chowk,Pachra Bansi,2024-03-01,650000.0,Action Pending,Unsanctioned,Lok Sabha,False,402,ddbc84d4f35987fddb8121304b9c891f,1
Prabhubhai Nagarbhai Vasava,NA - Fitting of Sitting RCC Benches in Public Places,Normal/Others,Gujarat,BARDOLI(ST),District collector Tapi_IDA,Vyara,Vyara (M) - Ward No.1,,,2024-03-01,450000.0,Action Pending,Unsanctioned,Lok Sabha,False,403,c4cb9a6af1ca74b0e4f7d8e57c35ba82,1
Prabhubhai Nagarbhai Vasava,NA - Fitting of Sitting RCC Benches in Public Places,Normal/Others,Gujarat,BARDOLI(ST),District collector Tapi_IDA,Songadh,Songadh (M) - Ward No.1,,,2024-03-01,450000.0,Action Pending,Unsanctioned,Lok Sabha,False,404,70af60bac365e2601d353a86beb609ce,1
Smt Jaya Bachchan,NA - Installing hand pumps,Normal/Others,Uttar Pradesh,Sitting Rajya Sabha,DISTRICT MAGISTRATE BHADOHI_IDA,,,Aurai,Khetalpur,2024-03-01,63275.0,Action Pending,Unsanctioned,Rajya Sabha,False,405,148285d89881de6cecfadeafe819b264,1
Smt Jaya Bachchan,NA - Installing hand pumps,Normal/Others,Uttar Pradesh,Sitting Rajya Sabha,DISTRICT MAGISTRATE BHADOHI_IDA,,,Aurai,Natawa,2024-03-01,63275.0,Action Pending,Unsanctioned,Rajya Sabha,False,406,dc741f2f150ebf79579a6b0c4f001655,1
Smt Jaya Bachchan,NA - Installing hand pumps,Normal/Others,Uttar Pradesh,Sitting Rajya Sabha,DISTRICT MAGISTRATE BHADOHI_IDA,,,Aurai,Faudipur,2024-03-01,63275.0,Action Pending,Unsanctioned,Rajya Sabha,False,407,49768a661d469fd8f9fca064941de187,1
Smt Jaya Bachchan,NA - Installing hand pumps,Normal/Others,Uttar Pradesh,Sitting Rajya Sabha,DISTRICT MAGISTRATE BHADOHI_IDA,,,Aurai,Chagaura,2024-03-01,63275.0,Action Pending,Unsanctioned,Rajya Sabha,False,408,855b1540a44b1725b46253b551d44902,3
Smt Jaya Bachchan,NA - Installing hand pumps,Normal/Others,Uttar Pradesh,Sitting Rajya Sabha,DISTRICT MAGISTRATE BHADOHI_IDA,,,Aurai,Bandi Patti,2024-03-01,63275.0,Action Pending,Unsanctioned,Rajya Sabha,False,409,7833abf66b8bfb860e5d303366b64a29,1
Smt Jaya Bachchan,NA - Installing hand pumps,Normal/Others,Uttar Pradesh,Sitting Rajya Sabha,DISTRICT MAGISTRATE BHADOHI_IDA,,,Aurai,Kathari,2024-03-01,63275.0,Action Pending,Unsanctioned,Rajya Sabha,False,410,1e13a23bf165d65abef27e912a0224c7,4
Smt Jaya Bachchan,NA - Installing hand pumps,Normal/Others,Uttar Pradesh,Sitting Rajya Sabha,DISTRICT MAGISTRATE BHADOHI_IDA,,,Aurai,Kathari,2024-03-01,63275.0,Action Pending,Unsanctioned,Rajya Sabha,False,411,1e13a23bf165d65abef27e912a0224c7,4
Smt Jaya Bachchan,NA - Installing hand pumps,Normal/Others,Uttar Pradesh,Sitting Rajya Sabha,DISTRICT MAGISTRATE BHADOHI_IDA,,,Aurai,Kathari,2024-03-01,63275.0,Action Pending,Unsanctioned,Rajya Sabha,False,412,1e13a23bf165d65abef27e912a0224c7,4
Smt Jaya Bachchan,NA - Installing hand pumps,Normal/Others,Uttar Pradesh,Sitting Rajya Sabha,DISTRICT MAGISTRATE BHADOHI_IDA,,,Aurai,Kathari,2024-03-01,63275.0,Action Pending,Unsanctioned,Rajya Sabha,False,413,1e13a23bf165d65abef27e912a0224c7,4
Smt Jaya Bachchan,NA - Installing hand pumps,Normal/Others,Uttar Pradesh,Sitting Rajya Sabha,DISTRICT MAGISTRATE BHADOHI_IDA,,,Aurai,Kurauna,2024-03-01,63275.0,Action Pending,Unsanctioned,Rajya Sabha,False,414,d8ce63da508682d39235c6981d7faeff,1
Smt Jaya Bachchan,NA - Installing hand pumps,Normal/Others,Uttar Pradesh,Sitting Rajya Sabha,DISTRICT MAGISTRATE BHADOHI_IDA,,,Aurai,Savara Raghunathpur,2024-03-01,63275.0,Action Pending,Unsanctioned,Rajya Sabha,False,415,7cbf054a35b7430a6243bfcfb97687b4,2
Smt Jaya Bachchan,NA - Installing hand pumps,Normal/Others,Uttar Pradesh,Sitting Rajya Sabha,DISTRICT MAGISTRATE BHADOHI_IDA,,,Aurai,Udaikaranpur,2024-03-01,63275.0,Action Pending,Unsanctioned,Rajya Sabha,False,416,8a4af9d3c9e8bf647a10178285d3b120,1
Smt Jaya Bachchan,NA - Installing hand pumps,Normal/Others,Uttar Pradesh,Sitting Rajya Sabha,DISTRICT MAGISTRATE BHADOHI_IDA,,,Aurai,Ugapur,2024-03-01,63275.0,Action Pending,Unsanctioned,Rajya Sabha,False,417,d88cd823c535bfd7e03a6b35dc02b947,2
Smt Jaya Bachchan,NA - Installing hand pumps,Normal/Others,Uttar Pradesh,Sitting Rajya Sabha,DISTRICT MAGISTRATE BHADOHI_IDA,,,Aurai,Ugapur,2024-03-01,63275.0,Action Pending,Unsanctioned,Rajya Sabha,False,418,d88cd823c535bfd7e03a6b35dc02b947,2
Smt Jaya Bachchan,NA - Installing hand pumps,Normal/Others,Uttar Pradesh,Sitting Rajya Sabha,DISTRICT MAGISTRATE BHADOHI_IDA,,,Aurai,Heera Chak,2024-03-01,63275.0,Action Pending,Unsanctioned,Rajya Sabha,False,419,fde8e39042f9f674ccf2dbee24c05a05,3
Smt Jaya Bachchan,NA - Installing hand pumps,Normal/Others,Uttar Pradesh,Sitting Rajya Sabha,DISTRICT MAGISTRATE BHADOHI_IDA,,,Aurai,Chagaura,2024-03-01,63275.0,Action Pending,Unsanctioned,Rajya Sabha,False,420,855b1540a44b1725b46253b551d44902,3
Smt Jaya Bachchan,NA - Installing hand pumps,Normal/Others,Uttar Pradesh,Sitting Rajya Sabha,DISTRICT MAGISTRATE BHADOHI_IDA,,,Aurai,Chagaura,2024-03-01,63275.0,Action Pending,Unsanctioned,Rajya Sabha,False,421,855b1540a44b1725b46253b551d44902,3
Smt Jaya Bachchan,NA - Installing hand pumps,Normal/Others,Uttar Pradesh,Sitting Rajya Sabha,DISTRICT MAGISTRATE BHADOHI_IDA,,,Gyanpur,Lakshman Patti,2024-02-29,63275.0,Action Pending,Unsanctioned,Rajya Sabha,False,422,4314f6138535c7bd3e4d5854fcf8f01f,3
Smt Jaya Bachchan,NA - Installing hand pumps,Normal/Others,Uttar Pradesh,Sitting Rajya Sabha,DISTRICT MAGISTRATE BHADOHI_IDA,,,Bhadohi,Balibhadrapur,2024-02-29,63275.0,Action Pending,Unsanctioned,Rajya Sabha,False,423,19e3154f64a86fa490faf992c4e6624c,1
SHRI Anil Agarwal,NA - Lighting of public spaces,Normal/Others,Uttar Pradesh,Sitting Rajya Sabha,DISTRICT MAGISTRAE MATHURA_IDA,Mathura-Vrindavan,Mathura (MB) - Ward No.1,,,2024-02-29,2000000.0,Action Pending,Unsanctioned,Rajya Sabha,False,424,20ed819707baab46a5a2b66170bbe166,1
Smt Jaya Bachchan,NA - Installing hand pumps,Normal/Others,Uttar Pradesh,Sitting Rajya Sabha,DISTRICT MAGISTRATE BHADOHI_IDA,,,Bhadohi,Jamunipur Badfaros,2024-02-29,63275.0,Action Pending,Unsanctioned,Rajya Sabha,False,425,7ffcf82bce39923540db09e075b57afe,1
Smt Jaya Bachchan,NA - Installing hand pumps,Normal/Others,Uttar Pradesh,Sitting Rajya Sabha,DISTRICT MAGISTRATE BHADOHI_IDA,,,Gyanpur,Lakshman Patti,2024-02-29,63275.0,Action Pending,Unsanctioned,Rajya Sabha,False,426,4314f6138535c7bd3e4d5854fcf8f01f,3
Smt Jaya Bachchan,NA - Installing hand pumps,Normal/Others,Uttar Pradesh,Sitting Rajya Sabha,DISTRICT MAGISTRATE BHADOHI_IDA,,,Bhadohi,Saroi,2024-02-29,63275.0,Action Pending,Unsanctioned,Rajya Sabha,False,427,a207c5a828712ad7d828206e42863779,4
Smt Jaya Bachchan,NA - Installing hand pumps,Normal/Others,Uttar Pradesh,Sitting Rajya Sabha,DISTRICT MAGISTRATE BHADOHI_IDA,,,Aurai,Uchetha,2024-02-29,63275.0,Action Pending,Unsanctioned,Rajya Sabha,False,428,27d2c1d48540db4b0b545912b238a09b,2
Smt Jaya Bachchan,NA - Installing hand pumps,Normal/Others,Uttar Pradesh,Sitting Rajya Sabha,DISTRICT MAGISTRATE BHADOHI_IDA,,,Aurai,Uchetha,2024-02-29,63275.0,Action Pending,Unsanctioned,Rajya Sabha,False,429,27d2c1d48540db4b0b545912b238a09b,2
Smt Jaya Bachchan,NA - Installing hand pumps,Normal/Others,Uttar Pradesh,Sitting Rajya Sabha,DISTRICT MAGISTRATE BHADOHI_IDA,,,Bhadohi,Deeh Koiran,2024-02-29,63275.0,Action Pending,Unsanctioned,Rajya Sabha,False,430,2c45a91e7d0f9b370ba00aa112273994,8
Smt Jaya Bachchan,NA - Installing hand pumps,Normal/Others,Uttar Pradesh,Sitting Rajya Sabha,DISTRICT MAGISTRATE BHADOHI_IDA,,,Bhadohi,Deeh Koiran,2024-02-29,63275.0,Action Pending,Unsanctioned,Rajya Sabha,False,431,2c45a91e7d0f9b370ba00aa112273994,8
Smt Jaya Bachchan,NA - Installing hand pumps,Normal/Others,Uttar Pradesh,Sitting Rajya Sabha,DISTRICT MAGISTRATE BHADOHI_IDA,,,Bhadohi,Deeh Koiran,2024-02-29,63275.0,Action Pending,Unsanctioned,Rajya Sabha,False,432,2c45a91e7d0f9b370ba00aa112273994,8
Smt Jaya Bachchan,NA - Installing hand pumps,Normal/Others,Uttar Pradesh,Sitting Rajya Sabha,DISTRICT MAGISTRATE BHADOHI_IDA,,,Bhadohi,Deeh Koiran,2024-02-29,63275.0,Action Pending,Unsanctioned,Rajya Sabha,False,433,2c45a91e7d0f9b370ba00aa112273994,8
Smt Jaya Bachchan,NA - Installing hand pumps,Normal/Others,Uttar Pradesh,Sitting Rajya Sabha,DISTRICT MAGISTRATE BHADOHI_IDA,,,Bhadohi,Deeh Koiran,2024-02-29,63275.0,Action Pending,Unsanctioned,Rajya Sabha,False,434,2c45a91e7d0f9b370ba00aa112273994,8
Smt Jaya Bachchan,NA - Installing hand pumps,Normal/Others,Uttar Pradesh,Sitting Rajya Sabha,DISTRICT MAGISTRATE BHADOHI_IDA,,,Bhadohi,Deeh Koiran,2024-02-29,63275.0,Action Pending,Unsanctioned,Rajya Sabha,False,435,2c45a91e7d0f9b370ba00aa112273994,8
Smt Jaya Bachchan,NA - Installing hand pumps,Normal/Others,Uttar Pradesh,Sitting Rajya Sabha,DISTRICT MAGISTRATE BHADOHI_IDA,,,Bhadohi,Deeh Koiran,2024-02-29,63275.0,Action Pending,Unsanctioned,Rajya Sabha,False,436,2c45a91e7d0f9b370ba00aa112273994,8
Smt Jaya Bachchan,NA - Installing hand pumps,Normal/Others,Uttar Pradesh,Sitting Rajya Sabha,DISTRICT MAGISTRATE BHADOHI_IDA,,,Bhadohi,Saraiya,2024-02-29,63275.0,Action Pending,Unsanctioned,Rajya Sabha,False,437,e6e2840a34ae61ba187534b08af8551e,1
Smt Jaya Bachchan,NA - Installing hand pumps,Normal/Others,Uttar Pradesh,Sitting Rajya Sabha,DISTRICT MAGISTRATE BHADOHI_IDA,,,Bhadohi,Saroi,2024-02-29,63275.0,Action Pending,Unsanctioned,Rajya Sabha,False,438,a207c5a828712ad7d828206e42863779,4
Smt Jaya Bachchan,NA - Installing hand pumps,Normal/Others,Uttar Pradesh,Sitting Rajya Sabha,DISTRICT MAGISTRATE BHADOHI_IDA,,,Gyanpur,Gaharpur,2024-02-29,63275.0,Action Pending,Unsanctioned,Rajya Sabha,False,439,b805c99956dab2ba8afdeca9eb44882a,1
Smt Jaya Bachchan,NA - Installing hand pumps,Normal/Others,Uttar Pradesh,Sitting Rajya Sabha,DISTRICT MAGISTRATE BHADOHI_IDA,,,Bhadohi,Saroi,2024-02-29,63275.0,Action Pending,Unsanctioned,Rajya Sabha,False,440,a207c5a828712ad7d828206e42863779,4
Smt Jaya Bachchan,NA - Installing hand pumps,Normal/Others,Uttar Pradesh,Sitting Rajya Sabha,DISTRICT MAGISTRATE BHADOHI_IDA,,,Bhadohi,Saroi,2024-02-29,63275.0,Action Pending,Unsanctioned,Rajya Sabha,False,441,a207c5a828712ad7d828206e42863779,4
Smt Jaya Bachchan,NA - Installing hand pumps,Normal/Others,Uttar Pradesh,Sitting Rajya Sabha,DISTRICT MAGISTRATE BHADOHI_IDA,,,Bhadohi,Sabarpur,2024-02-29,63275.0,Action Pending,Unsanctioned,Rajya Sabha,False,442,0529e094dc4a77fcd04c7fba081cf96f,1
Smt Jaya Bachchan,NA - Installing hand pumps,Normal/Others,Uttar Pradesh,Sitting Rajya Sabha,DISTRICT MAGISTRATE BHADOHI_IDA,,,Aurai,Sabalpur,2024-02-29,63275.0,Action Pending,Unsanctioned,Rajya Sabha,False,443,b6c6e3e068cfcf69675eacc5ef76d703,1
Hasnain Masoodi,NA - Installing tube-wells and borewells,Normal/Others,Jammu And Kashmir,ANANTNAG,Deputy Commissioner Pulwama_IDA,,,Pulwama,Bander Pora,2024-02-29,200000.0,Action Pending,Unsanctioned,Lok Sabha,False,444,f145b1d2e5eefbb33aa0ce00dda08d5e,1
P Raveendranath Kumar,NA - Construction of community centers and community halls,Normal/Others,Tamil Nadu,THENI,DISTRICT COLLECTOR MADURAI_IDA,Usilampatti,Usilampatti (M) - Ward No.10,,,2024-02-29,2500000.0,Action Pending,Unsanctioned,Lok Sabha,False,445,5ee3e9282cf807bc4e93982bb8a007e5,1
Kani K Navas,NA - Construction of rooms and halls in school and colleges,Normal/Others,Tamil Nadu,RAMANATHAPURAM,DISTRICT COLLECTOR VIRUDHUNAGAR_IDA,,,Aruppukkottai,Podampatti,2024-02-29,2500000.0,Action Pending,Unsanctioned,Lok Sabha,False,446,a12b4f0ff4db9abd00d105b09a09b964,1
Kani K Navas,NA - Lighting of public spaces,Normal/Others,Tamil Nadu,RAMANATHAPURAM,DISTRICT COLLECTOR VIRUDHUNAGAR_IDA,,,Aruppukkottai,Poolangal,2024-02-29,1000000.0,Action Pending,Unsanctioned,Lok Sabha,False,447,bb70708a9f2b67f54be1a1c21a81b111,1
Kani K Navas,NA - Lighting of public spaces,Normal/Others,Tamil Nadu,RAMANATHAPURAM,DISTRICT COLLECTOR VIRUDHUNAGAR_IDA,,,Aruppukkottai,Thummuchinnampatti,2024-02-29,1000000.0,Action Pending,Unsanctioned,Lok Sabha,False,448,4110d00527422153af217152ed6af043,1
P Raveendranath Kumar,"NA - Purchase of ambulances (Four, three and two wheelers)",Normal/Others,Tamil Nadu,THENI,DISTRICT COLLECTOR THENI_IDA,Theni-Allinagaram,Theni Allinagaram (M) - Ward No.32,,,2024-02-29,3000000.0,Action Pending,Unsanctioned,Lok Sabha,False,449,75aedf4630b11f27306835c042bf1ecc,1
Smt Jaya Bachchan,NA - Installing hand pumps,Normal/Others,Uttar Pradesh,Sitting Rajya Sabha,DISTRICT MAGISTRATE BHADOHI_IDA,,,Bhadohi,Dudwa Dharampur,2024-02-29,63275.0,Action Pending,Unsanctioned,Rajya Sabha,False,450,f3ad96db3ad770406fa597d989535871,1
Smt Jaya Bachchan,NA - Installing hand pumps,Normal/Others,Uttar Pradesh,Sitting Rajya Sabha,DISTRICT MAGISTRATE BHADOHI_IDA,,,Bhadohi,Darunha,2024-02-29,63275.0,Action Pending,Unsanctioned,Rajya Sabha,False,451,f1993c7a790e5db49b72417aa0a8863a,1
Smt Jaya Bachchan,NA - Installing hand pumps,Normal/Others,Uttar Pradesh,Sitting Rajya Sabha,DISTRICT MAGISTRATE BHADOHI_IDA,,,Aurai,Dattipur,2024-02-29,63275.0,Action Pending,Unsanctioned,Rajya Sabha,False,452,714059cab64192a676066e733b216507,2
Smt Jaya Bachchan,NA - Installing hand pumps,Normal/Others,Uttar Pradesh,Sitting Rajya Sabha,DISTRICT MAGISTRATE BHADOHI_IDA,,,Aurai,Dattipur,2024-02-29,63275.0,Action Pending,Unsanctioned,Rajya Sabha,False,453,714059cab64192a676066e733b216507,2
Smt Jaya Bachchan,NA - Installing hand pumps,Normal/Others,Uttar Pradesh,Sitting Rajya Sabha,DISTRICT MAGISTRATE BHADOHI_IDA,,,Gyanpur,Nathaipur,2024-02-29,63275.0,Action Pending,Unsanctioned,Rajya Sabha,False,454,8504830cd33322b854cc8a301b816929,4
Smt Jaya Bachchan,NA - Installing hand pumps,Normal/Others,Uttar Pradesh,Sitting Rajya Sabha,DISTRICT MAGISTRATE BHADOHI_IDA,,,Gyanpur,Nathaipur,2024-02-29,63275.0,Action Pending,Unsanctioned,Rajya Sabha,False,455,8504830cd33322b854cc8a301b816929,4
Smt Jaya Bachchan,NA - Installing hand pumps,Normal/Others,Uttar Pradesh,Sitting Rajya Sabha,DISTRICT MAGISTRATE BHADOHI_IDA,,,Gyanpur,Nathaipur,2024-02-29,63275.0,Action Pending,Unsanctioned,Rajya Sabha,False,456,8504830cd33322b854cc8a301b816929,4
Smt Jaya Bachchan,NA - Installing hand pumps,Normal/Others,Uttar Pradesh,Sitting Rajya Sabha,DISTRICT MAGISTRATE BHADOHI_IDA,,,Gyanpur,Nathaipur,2024-02-29,63275.0,Action Pending,Unsanctioned,Rajya Sabha,False,457,8504830cd33322b854cc8a301b816929,4
Smt Jaya Bachchan,NA - Installing hand pumps,Normal/Others,Uttar Pradesh,Sitting Rajya Sabha,DISTRICT MAGISTRATE BHADOHI_IDA,,,Gyanpur,Jorai,2024-02-29,63275.0,Action Pending,Unsanctioned,Rajya Sabha,False,458,30bcfac4289593030ac34ba3a1681ae4,1
Smt Jaya Bachchan,NA - Installing hand pumps,Normal/Others,Uttar Pradesh,Sitting Rajya Sabha,DISTRICT MAGISTRATE BHADOHI_IDA,,,Gyanpur,Kansapur,2024-02-29,63275.0,Action Pending,Unsanctioned,Rajya Sabha,False,459,49e94c88444a47804ec05fd4bcdd5074,2
Smt Jaya Bachchan,NA - Installing hand pumps,Normal/Others,Uttar Pradesh,Sitting Rajya Sabha,DISTRICT MAGISTRATE BHADOHI_IDA,,,Gyanpur,Kansapur,2024-02-29,63275.0,Action Pending,Unsanctioned,Rajya Sabha,False,460,49e94c88444a47804ec05fd4bcdd5074,2
Smt Jaya Bachchan,NA - Installing hand pumps,Normal/Others,Uttar Pradesh,Sitting Rajya Sabha,DISTRICT MAGISTRATE BHADOHI_IDA,,,Aurai,Chakaura,2024-02-29,63275.0,Action Pending,Unsanctioned,Rajya Sabha,False,461,757bc968c825cd77021905d432052a2a,1
Smt Jaya Bachchan,NA - Installing hand pumps,Normal/Others,Uttar Pradesh,Sitting Rajya Sabha,DISTRICT MAGISTRATE BHADOHI_IDA,,,Aurai,Samhi Bhatani,2024-02-29,63275.0,Action Pending,Unsanctioned,Rajya Sabha,False,462,74eb1a956901907df0ce3d14ea9f1c0f,2
Smt Jaya Bachchan,NA - Installing hand pumps,Normal/Others,Uttar Pradesh,Sitting Rajya Sabha,DISTRICT MAGISTRATE BHADOHI_IDA,,,Aurai,Samhi Bhatani,2024-02-29,63275.0,Action Pending,Unsanctioned,Rajya Sabha,False,463,74eb1a956901907df0ce3d14ea9f1c0f,2
Smt Jaya Bachchan,NA - Installing hand pumps,Normal/Others,Uttar Pradesh,Sitting Rajya Sabha,DISTRICT MAGISTRATE BHADOHI_IDA,,,Bhadohi,Payagpur,2024-02-29,63275.0,Action Pending,Unsanctioned,Rajya Sabha,False,464,3eb889351c93b831a292557d0cf77f94,1
Smt Jaya Bachchan,NA - Installing hand pumps,Normal/Others,Uttar Pradesh,Sitting Rajya Sabha,DISTRICT MAGISTRATE BHADOHI_IDA,,,Gyanpur,Pakri Kala,2024-02-29,63275.0,Action Pending,Unsanctioned,Rajya Sabha,False,465,b5b5e53cdb9fe3151238cc56e11919f7,1
Smt Jaya Bachchan,NA - Installing hand pumps,Normal/Others,Uttar Pradesh,Sitting Rajya Sabha,DISTRICT MAGISTRATE BHADOHI_IDA,,,Gyanpur,Bhuraki Town,2024-02-29,63275.0,Action Pending,Unsanctioned,Rajya Sabha,False,466,9330b637b66f1d953daa1f45465cc327,1
Smt Jaya Bachchan,NA - Installing hand pumps,Normal/Others,Uttar Pradesh,Sitting Rajya Sabha,DISTRICT MAGISTRATE BHADOHI_IDA,,,Gyanpur,Lakshman Patti,2024-02-29,63275.0,Action Pending,Unsanctioned,Rajya Sabha,False,467,4314f6138535c7bd3e4d5854fcf8f01f,3
Smt Jaya Bachchan,NA - Installing hand pumps,Normal/Others,Uttar Pradesh,Sitting Rajya Sabha,DISTRICT MAGISTRATE BHADOHI_IDA,,,Gyanpur,Vedpur,2024-02-29,63275.0,Action Pending,Unsanctioned,Rajya Sabha,False,468,50a3322c6f6fe41cf07c7c2b0d4820b4,1
Smt Jaya Bachchan,NA - Installing hand pumps,Normal/Others,Uttar Pradesh,Sitting Rajya Sabha,DISTRICT MAGISTRATE BHADOHI_IDA,,,Gyanpur,Poore Bahuriya,2024-02-29,63275.0,Action Pending,Unsanctioned,Rajya Sabha,False,469,51f5964691044bfd2d2eebb9eb5faa4e,1
Smt Jaya Bachchan,NA - Installing hand pumps,Normal/Others,Uttar Pradesh,Sitting Rajya Sabha,DISTRICT MAGISTRATE BHADOHI_IDA,,,Bhadohi,Ajaypur,2024-02-29,63275.0,Action Pending,Unsanctioned,Rajya Sabha,False,470,4161f0c4b97ba6a6bba74934c96528aa,2
Smt Jaya Bachchan,NA - Installing hand pumps,Normal/Others,Uttar Pradesh,Sitting Rajya Sabha,DISTRICT MAGISTRATE BHADOHI_IDA,,,Bhadohi,Ajaypur,2024-02-29,63275.0,Action Pending,Unsanctioned,Rajya Sabha,False,471,4161f0c4b97ba6a6bba74934c96528aa,2
Smt Jaya Bachchan,NA - Installing hand pumps,Normal/Others,Uttar Pradesh,Sitting Rajya Sabha,DISTRICT MAGISTRATE BHADOHI_IDA,,,Bhadohi,Lakhanpur Urf Abhyan,2024-02-29,63275.0,Action Pending,Unsanctioned,Rajya Sabha,False,472,52f58a8f3a6345611c5afa1b12ade1ba,1
Smt Jaya Bachchan,NA - Installing hand pumps,Normal/Others,Uttar Pradesh,Sitting Rajya Sabha,DISTRICT MAGISTRATE BHADOHI_IDA,,,Bhadohi,Phatupur Dargah,2024-02-29,63275.0,Action Pending,Unsanctioned,Rajya Sabha,False,473,226aac2dea35149b07f965090531d82f,2
Smt Jaya Bachchan,NA - Installing hand pumps,Normal/Others,Uttar Pradesh,Sitting Rajya Sabha,DISTRICT MAGISTRATE BHADOHI_IDA,,,Bhadohi,Phatupur Dargah,2024-02-29,63275.0,Action Pending,Unsanctioned,Rajya Sabha,False,474,226aac2dea35149b07f965090531d82f,2
Smt Jaya Bachchan,NA - Installing hand pumps,Normal/Others,Uttar Pradesh,Sitting Rajya Sabha,DISTRICT MAGISTRATE BHADOHI_IDA,,,Bhadohi,Deeh Koiran,2024-02-29,63275.0,Action Pending,Unsanctioned,Rajya Sabha,False,475,2c45a91e7d0f9b370ba00aa112273994,8
SHRI Shaktisinh Gohil,NA - Construction of rooms and halls in school and colleges,Normal/Others,Gujarat,Sitting Rajya Sabha,DISTRICT COLLECTOR BHAVNAGAR_IDA,,,Talaja,Trapaj,2024-02-28,500000.0,Action Pending,Unsanctioned,Rajya Sabha,False,476,fb0366d973e0d52d316b232c63a81ffe,1
SHRI Deepak Prakash,NA - Construction of community centers and community halls,Normal/Others,Jharkhand,Sitting Rajya Sabha,DEPUTY COMMISSIONER RANCHI_IDA,Ranchi,Ranchi (M Corp.) - Ward No.34,,,2024-02-28,1450000.0,Action Pending,Unsanctioned,Rajya Sabha,False,477,2ec9accc610c1ca8c55f29b23b397859,1
SH G V L Narasimha Rao,"NA - Construction of roads, link roads, pathways or any other road with or without drainage system",Normal/Others,Uttar Pradesh,Sitting Rajya Sabha,DISTRICT MAGISTRAE VARANASI_IDA,,,Sadar,Susuwahi (Ct),2024-02-28,569000.0,Action Pending,Unsanctioned,Rajya Sabha,False,478,8f92899985d907b0aaba0330cd9e813d,1
SH G V L Narasimha Rao,"NA - Construction of roads, link roads, pathways or any other road with or without drainage system",Normal/Others,Uttar Pradesh,Sitting Rajya Sabha,DISTRICT MAGISTRAE VARANASI_IDA,,,Sadar,Pahariya,2024-02-28,622000.0,Action Pending,Unsanctioned,Rajya Sabha,False,479,dc58d4dbfb2dc0306402dd91f757b9b6,1
Dr Amar Patnaik,NA - Construction of rooms and halls in school and colleges,Normal/Others,Odisha,Sitting Rajya Sabha,DISTRICT COLLECTOR KHORDHA_IDA,Bhubaneswar,Bhubaneswar (M Corp.) -Ward No.56,,,2024-02-28,5000000.0,Action Pending,Unsanctioned,Rajya Sabha,False,480,83b7e5a9c0517457cf000b12af57548d,1
P Raveendranath Kumar,NA - Street lights,Normal/Others,Tamil Nadu,THENI,DISTRICT COLLECTOR THENI_IDA,Melachokkanathapuram,Melachokkanathapuram (TP) - Ward No.1,,,2024-02-28,1000000.0,Action Pending,Unsanctioned,Lok Sabha,False,481,9e7a74c28d8a9018e07f9ec12f1968f2,1
SH G V L Narasimha Rao,NA - Purchase of non-conventional energy system and devices for community use,Normal/Others,Uttar Pradesh,Sitting Rajya Sabha,DISTRICT MAGISTRAE VARANASI_IDA,,,Rajatalab,Chhateri Manapur,2024-02-28,119126.0,Action Pending,Unsanctioned,Rajya Sabha,False,482,ce38413b9770701873e78ff9ba2b1107,1
Smt Jaya Bachchan,NA - Installing hand pumps,Normal/Others,Uttar Pradesh,Sitting Rajya Sabha,DISTRICT MAGISTRATE BHADOHI_IDA,,,Bhadohi,Harirampur,2024-02-28,63275.0,Action Pending,Unsanctioned,Rajya Sabha,False,483,1550f632ba95163cc9150a8cbbbd378e,4
Smt Jaya Bachchan,NA - Installing hand pumps,Normal/Others,Uttar Pradesh,Sitting Rajya Sabha,DISTRICT MAGISTRATE BHADOHI_IDA,,,Bhadohi,Harirampur,2024-02-28,63275.0,Action Pending,Unsanctioned,Rajya Sabha,False,484,1550f632ba95163cc9150a8cbbbd378e,4
Smt Jaya Bachchan,NA - Installing hand pumps,Normal/Others,Uttar Pradesh,Sitting Rajya Sabha,DISTRICT MAGISTRATE BHADOHI_IDA,,,Bhadohi,Harirampur,2024-02-28,63275.0,Action Pending,Unsanctioned,Rajya Sabha,False,485,1550f632ba95163cc9150a8cbbbd378e,4
Smt Jaya Bachchan,NA - Installing hand pumps,Normal/Others,Uttar Pradesh,Sitting Rajya Sabha,DISTRICT MAGISTRATE BHADOHI_IDA,,,Bhadohi,Harirampur,2024-02-28,63275.0,Action Pending,Unsanctioned,Rajya Sabha,False,486,1550f632ba95163cc9150a8cbbbd378e,4
Smt Jaya Bachchan,NA - Installing hand pumps,Normal/Others,Uttar Pradesh,Sitting Rajya Sabha,DISTRICT MAGISTRATE BHADOHI_IDA,,,Bhadohi,Bhakuda,2024-02-28,63275.0,Action Pending,Unsanctioned,Rajya Sabha,False,487,15859434bcbdd20584d4dea2b3cf5c55,1
Smt Jaya Bachchan,NA - Installing hand pumps,Normal/Others,Uttar Pradesh,Sitting Rajya Sabha,DISTRICT MAGISTRATE BHADOHI_IDA,,,Aurai,Bhagwati Daspur,2024-02-28,63275.0,Action Pending,Unsanctioned,Rajya Sabha,False,488,32e65437b7b75ca50e14f9cbe84e4192,2
Smt Jaya Bachchan,NA - Installing hand pumps,Normal/Others,Uttar Pradesh,Sitting Rajya Sabha,DISTRICT MAGISTRATE BHADOHI_IDA,,,Aurai,Bhagwati Daspur,2024-02-28,63275.0,Action Pending,Unsanctioned,Rajya Sabha,False,489,32e65437b7b75ca50e14f9cbe84e4192,2
Smt Jaya Bachchan,NA - Installing hand pumps,Normal/Others,Uttar Pradesh,Sitting Rajya Sabha,DISTRICT MAGISTRATE BHADOHI_IDA,,,Aurai,Bhagwanpur Kanehari,2024-02-28,63275.0,Action Pending,Unsanctioned,Rajya Sabha,False,490,3653d924274e2c74975f996714391509,1
Smt Jaya Bachchan,NA - Installing hand pumps,Normal/Others,Uttar Pradesh,Sitting Rajya Sabha,DISTRICT MAGISTRATE BHADOHI_IDA,,,Bhadohi,Paraspur Bejhawniya,2024-02-28,63275.0,Action Pending,Unsanctioned,Rajya Sabha,False,491,c899e374ea2a0fe122abde0ff8ae5e7b,2
Smt Jaya Bachchan,NA - Installing hand pumps,Normal/Others,Uttar Pradesh,Sitting Rajya Sabha,DISTRICT MAGISTRATE BHADOHI_IDA,,,Bhadohi,Paraspur Bejhawniya,2024-02-28,63275.0,Action Pending,Unsanctioned,Rajya Sabha,False,492,c899e374ea2a0fe122abde0ff8ae5e7b,2
Smt Jaya Bachchan,NA - Installing hand pumps,Normal/Others,Uttar Pradesh,Sitting Rajya Sabha,DISTRICT MAGISTRATE BHADOHI_IDA,,,Bhadohi,Pajapatipur,2024-02-28,63275.0,Action Pending,Unsanctioned,Rajya Sabha,False,493,7c1fe3c4393ce70a15ababc26a2aa920,1
Smt Jaya Bachchan,NA - Installing hand pumps,Normal/Others,Uttar Pradesh,Sitting Rajya Sabha,DISTRICT MAGISTRATE BHADOHI_IDA,,,Bhadohi,Raghopur,2024-02-28,63275.0,Action Pending,Unsanctioned,Rajya Sabha,False,494,98cbc8f0261721a5ecb579d2ca4acd4e,1
Smt Jaya Bachchan,NA - Installing hand pumps,Normal/Others,Uttar Pradesh,Sitting Rajya Sabha,DISTRICT MAGISTRATE BHADOHI_IDA,,,Bhadohi,Rampur Z.Saroi,2024-02-28,63275.0,Action Pending,Unsanctioned,Rajya Sabha,False,495,04baadb547e68ddf6df462a5ecae9c07,1
SH G V L Narasimha Rao,NA - Purchase of non-conventional energy system and devices for community use,Normal/Others,Uttar Pradesh,Sitting Rajya Sabha,DISTRICT MAGISTRAE VARANASI_IDA,,,Rajatalab,Deura Chak,2024-02-28,119126.0,Action Pending,Unsanctioned,Rajya Sabha,False,496,9fdcc7f51b059e1a0c5e67a54ffd4959,1
Smt Jaya Bachchan,NA - Installing hand pumps,Normal/Others,Uttar Pradesh,Sitting Rajya Sabha,DISTRICT MAGISTRATE BHADOHI_IDA,,,Bhadohi,Ramraipur,2024-02-28,63275.0,Action Pending,Unsanctioned,Rajya Sabha,False,497,70c22bfdb3aa472999fed616cb3e5072,2
Smt Jaya Bachchan,NA - Installing hand pumps,Normal/Others,Uttar Pradesh,Sitting Rajya Sabha,DISTRICT MAGISTRATE BHADOHI_IDA,,,Bhadohi,Ramraipur,2024-02-28,63275.0,Action Pending,Unsanctioned,Rajya Sabha,False,498,70c22bfdb3aa472999fed616cb3e5072,2
Smt Jaya Bachchan,NA - Installing hand pumps,Normal/Others,Uttar Pradesh,Sitting Rajya Sabha,DISTRICT MAGISTRATE BHADOHI_IDA,,,Bhadohi,Raimalpur,2024-02-28,63275.0,Action Pending,Unsanctioned,Rajya Sabha,False,499,634fc3a593f3502d7c59a02701ea7714,2
Smt Jaya Bachchan,NA - Installing hand pumps,Normal/Others,Uttar Pradesh,Sitting Rajya Sabha,DISTRICT MAGISTRATE BHADOHI_IDA,,,Bhadohi,Raimalpur,2024-02-28,63275.0,Action Pending,Unsanctioned,Rajya Sabha,False,500,634fc3a593f3502d7c59a02701ea7714,2
Hemant Tukaram Godse,"WS/MP669/2023-2024/116796 - Purchase of IT systems, including hardware and software for educational purposes",Normal/Others,Maharashtra,NASHIK,DISTRICT COLLECTOR NASHIK_IDA,,,Sinnar,Naigaon,2024-02-28,49909.0,Approved by IDA,,Lok Sabha,False,501,6aa38017f953531986c94a92372f4bea,1
Smt Jaya Bachchan,NA - Installing hand pumps,Normal/Others,Uttar Pradesh,Sitting Rajya Sabha,DISTRICT MAGISTRATE BHADOHI_IDA,,,Bhadohi,Hariyawan,2024-02-27,63275.0,Action Pending,Unsanctioned,Rajya Sabha,False,502,6f0401d49dd252583bf8c2ee3630f6b5,19
Smt Jaya Bachchan,NA - Installing hand pumps,Normal/Others,Uttar Pradesh,Sitting Rajya Sabha,DISTRICT MAGISTRATE BHADOHI_IDA,,,Bhadohi,Hariyawan,2024-02-27,63275.0,Action Pending,Unsanctioned,Rajya Sabha,False,503,6f0401d49dd252583bf8c2ee3630f6b5,19
Smt Jaya Bachchan,NA - Installing hand pumps,Normal/Others,Uttar Pradesh,Sitting Rajya Sabha,DISTRICT MAGISTRATE BHADOHI_IDA,,,Bhadohi,Hariyawan,2024-02-27,63275.0,Action Pending,Unsanctioned,Rajya Sabha,False,504,6f0401d49dd252583bf8c2ee3630f6b5,19
Smt Jaya Bachchan,NA - Installing hand pumps,Normal/Others,Uttar Pradesh,Sitting Rajya Sabha,DISTRICT MAGISTRATE BHADOHI_IDA,,,Bhadohi,Pipris,2024-02-27,63275.0,Action Pending,Unsanctioned,Rajya Sabha,False,505,a1e57efa6796d5da3eff925bed838e59,8
Smt Jaya Bachchan,NA - Installing hand pumps,Normal/Others,Uttar Pradesh,Sitting Rajya Sabha,DISTRICT MAGISTRATE BHADOHI_IDA,,,Aurai,Ubhwa Mafi,2024-02-27,63275.0,Action Pending,Unsanctioned,Rajya Sabha,False,506,0581d2cb730e1169f2669f5b6646c98b,1
Smt Jaya Bachchan,NA - Installing hand pumps,Normal/Others,Uttar Pradesh,Sitting Rajya Sabha,DISTRICT MAGISTRATE BHADOHI_IDA,,,Bhadohi,Hariyawan,2024-02-27,63275.0,Action Pending,Unsanctioned,Rajya Sabha,False,507,6f0401d49dd252583bf8c2ee3630f6b5,19
Smt Jaya Bachchan,NA - Installing hand pumps,Normal/Others,Uttar Pradesh,Sitting Rajya Sabha,DISTRICT MAGISTRATE BHADOHI_IDA,,,Bhadohi,Hariyawan,2024-02-27,63275.0,Action Pending,Unsanctioned,Rajya Sabha,False,508,6f0401d49dd252583bf8c2ee3630f6b5,19
Smt Jaya Bachchan,NA - Installing hand pumps,Normal/Others,Uttar Pradesh,Sitting Rajya Sabha,DISTRICT MAGISTRATE BHADOHI_IDA,,,Bhadohi,Hariyawan,2024-02-27,63275.0,Action Pending,Unsanctioned,Rajya Sabha,False,509,6f0401d49dd252583bf8c2ee3630f6b5,19
Smt Jaya Bachchan,NA - Installing hand pumps,Normal/Others,Uttar Pradesh,Sitting Rajya Sabha,DISTRICT MAGISTRATE BHADOHI_IDA,,,Bhadohi,Hariyawan,2024-02-27,63275.0,Action Pending,Unsanctioned,Rajya Sabha,False,510,6f0401d49dd252583bf8c2ee3630f6b5,19
Smt Jaya Bachchan,NA - Installing hand pumps,Normal/Others,Uttar Pradesh,Sitting Rajya Sabha,DISTRICT MAGISTRATE BHADOHI_IDA,,,Bhadohi,Hariyawan,2024-02-27,63275.0,Action Pending,Unsanctioned,Rajya Sabha,False,511,6f0401d49dd252583bf8c2ee3630f6b5,19
Smt Jaya Bachchan,NA - Installing hand pumps,Normal/Others,Uttar Pradesh,Sitting Rajya Sabha,DISTRICT MAGISTRATE BHADOHI_IDA,,,Bhadohi,Hariyawan,2024-02-27,63275.0,Action Pending,Unsanctioned,Rajya Sabha,False,512,6f0401d49dd252583bf8c2ee3630f6b5,19
Smt Jaya Bachchan,NA - Installing hand pumps,Normal/Others,Uttar Pradesh,Sitting Rajya Sabha,DISTRICT MAGISTRATE BHADOHI_IDA,,,Bhadohi,Hariyawan,2024-02-27,63275.0,Action Pending,Unsanctioned,Rajya Sabha,False,513,6f0401d49dd252583bf8c2ee3630f6b5,19
Smt Jaya Bachchan,NA - Installing hand pumps,Normal/Others,Uttar Pradesh,Sitting Rajya Sabha,DISTRICT MAGISTRATE BHADOHI_IDA,,,Bhadohi,Hariyawan,2024-02-27,63275.0,Action Pending,Unsanctioned,Rajya Sabha,False,514,6f0401d49dd252583bf8c2ee3630f6b5,19
Smt Jaya Bachchan,NA - Installing hand pumps,Normal/Others,Uttar Pradesh,Sitting Rajya Sabha,DISTRICT MAGISTRATE BHADOHI_IDA,,,Bhadohi,Hariyawan,2024-02-27,63275.0,Action Pending,Unsanctioned,Rajya Sabha,False,515,6f0401d49dd252583bf8c2ee3630f6b5,19
Smt Jaya Bachchan,NA - Installing hand pumps,Normal/Others,Uttar Pradesh,Sitting Rajya Sabha,DISTRICT MAGISTRATE BHADOHI_IDA,,,Bhadohi,Hariyawan,2024-02-27,63275.0,Action Pending,Unsanctioned,Rajya Sabha,False,516,6f0401d49dd252583bf8c2ee3630f6b5,19
Smt Jaya Bachchan,NA - Installing hand pumps,Normal/Others,Uttar Pradesh,Sitting Rajya Sabha,DISTRICT MAGISTRATE BHADOHI_IDA,,,Bhadohi,Hariyawan,2024-02-27,63275.0,Action Pending,Unsanctioned,Rajya Sabha,False,517,6f0401d49dd252583bf8c2ee3630f6b5,19
Smt Jaya Bachchan,NA - Installing hand pumps,Normal/Others,Uttar Pradesh,Sitting Rajya Sabha,DISTRICT MAGISTRATE BHADOHI_IDA,,,Bhadohi,Hariyawan,2024-02-27,63275.0,Action Pending,Unsanctioned,Rajya Sabha,False,518,6f0401d49dd252583bf8c2ee3630f6b5,19
Smt Jaya Bachchan,NA - Installing hand pumps,Normal/Others,Uttar Pradesh,Sitting Rajya Sabha,DISTRICT MAGISTRATE BHADOHI_IDA,,,Bhadohi,Hariyawan,2024-02-27,63275.0,Action Pending,Unsanctioned,Rajya Sabha,False,519,6f0401d49dd252583bf8c2ee3630f6b5,19
Smt Jaya Bachchan,NA - Installing hand pumps,Normal/Others,Uttar Pradesh,Sitting Rajya Sabha,DISTRICT MAGISTRATE BHADOHI_IDA,,,Bhadohi,Hariyawan,2024-02-27,63275.0,Action Pending,Unsanctioned,Rajya Sabha,False,520,6f0401d49dd252583bf8c2ee3630f6b5,19
Smt Jaya Bachchan,NA - Installing hand pumps,Normal/Others,Uttar Pradesh,Sitting Rajya Sabha,DISTRICT MAGISTRATE BHADOHI_IDA,,,Bhadohi,Pipris,2024-02-27,63275.0,Action Pending,Unsanctioned,Rajya Sabha,False,521,a1e57efa6796d5da3eff925bed838e59,8
Smt Jaya Bachchan,NA - Installing hand pumps,Normal/Others,Uttar Pradesh,Sitting Rajya Sabha,DISTRICT MAGISTRATE BHADOHI_IDA,,,Bhadohi,Pipris,2024-02-27,63275.0,Action Pending,Unsanctioned,Rajya Sabha,False,522,a1e57efa6796d5da3eff925bed838e59,8
Smt Jaya Bachchan,NA - Installing hand pumps,Normal/Others,Uttar Pradesh,Sitting Rajya Sabha,DISTRICT MAGISTRATE BHADOHI_IDA,,,Bhadohi,Pipris,2024-02-27,63275.0,Action Pending,Unsanctioned,Rajya Sabha,False,523,a1e57efa6796d5da3eff925bed838e59,8
Smt Jaya Bachchan,NA - Installing hand pumps,Normal/Others,Uttar Pradesh,Sitting Rajya Sabha,DISTRICT MAGISTRATE BHADOHI_IDA,,,Bhadohi,Pipris,2024-02-27,63275.0,Action Pending,Unsanctioned,Rajya Sabha,False,524,a1e57efa6796d5da3eff925bed838e59,8
Smt Jaya Bachchan,NA - Installing hand pumps,Normal/Others,Uttar Pradesh,Sitting Rajya Sabha,DISTRICT MAGISTRATE BHADOHI_IDA,,,Bhadohi,Bardaha,2024-02-27,63275.0,Action Pending,Unsanctioned,Rajya Sabha,False,525,218d23e0fbff6851e78bc1507f9052ae,1
Smt Jaya Bachchan,NA - Installing hand pumps,Normal/Others,Uttar Pradesh,Sitting Rajya Sabha,DISTRICT MAGISTRATE BHADOHI_IDA,,,Bhadohi,Mathurapur,2024-02-27,63275.0,Action Pending,Unsanctioned,Rajya Sabha,False,526,b86d45c71d44a309ddf48388cd04b9ad,1
Smt Jaya Bachchan,NA - Installing hand pumps,Normal/Others,Uttar Pradesh,Sitting Rajya Sabha,DISTRICT MAGISTRATE BHADOHI_IDA,,,Bhadohi,Jameen Shor Urf Shekhpur,2024-02-27,63275.0,Action Pending,Unsanctioned,Rajya Sabha,False,527,33887a1110c64218ab26df6ed7f4cfbd,1
Smt Jaya Bachchan,NA - Installing hand pumps,Normal/Others,Uttar Pradesh,Sitting Rajya Sabha,DISTRICT MAGISTRATE BHADOHI_IDA,,,Aurai,Bishapur,2024-02-27,63275.0,Action Pending,Unsanctioned,Rajya Sabha,False,528,10a73105d9ccdeaaa03b097b1a4056f0,1
Smt Jaya Bachchan,NA - Installing hand pumps,Normal/Others,Uttar Pradesh,Sitting Rajya Sabha,DISTRICT MAGISTRATE BHADOHI_IDA,,,Bhadohi,Kom,2024-02-27,63275.0,Action Pending,Unsanctioned,Rajya Sabha,False,529,57a3c7ab46b1d90fd3842267c14f99c5,4
Smt Jaya Bachchan,NA - Installing hand pumps,Normal/Others,Uttar Pradesh,Sitting Rajya Sabha,DISTRICT MAGISTRATE BHADOHI_IDA,,,Bhadohi,Kom,2024-02-27,63275.0,Action Pending,Unsanctioned,Rajya Sabha,False,530,57a3c7ab46b1d90fd3842267c14f99c5,4
Smt Jaya Bachchan,NA - Installing hand pumps,Normal/Others,Uttar Pradesh,Sitting Rajya Sabha,DISTRICT MAGISTRATE BHADOHI_IDA,,,Bhadohi,Kom,2024-02-27,63275.0,Action Pending,Unsanctioned,Rajya Sabha,False,531,57a3c7ab46b1d90fd3842267c14f99c5,4
Smt Jaya Bachchan,NA - Installing hand pumps,Normal/Others,Uttar Pradesh,Sitting Rajya Sabha,DISTRICT MAGISTRATE BHADOHI_IDA,,,Bhadohi,Kom,2024-02-27,63275.0,Action Pending,Unsanctioned,Rajya Sabha,False,532,57a3c7ab46b1d90fd3842267c14f99c5,4
Smt Jaya Bachchan,NA - Installing hand pumps,Normal/Others,Uttar Pradesh,Sitting Rajya Sabha,DISTRICT MAGISTRATE BHADOHI_IDA,,,Bhadohi,Musilahpur Or Musilatpur,2024-02-27,63275.0,Action Pending,Unsanctioned,Rajya Sabha,False,533,d9e56d5f6b3801c1d89ace773e6016c0,3
Smt Jaya Bachchan,NA - Installing hand pumps,Normal/Others,Uttar Pradesh,Sitting Rajya Sabha,DISTRICT MAGISTRATE BHADOHI_IDA,,,Bhadohi,Musilahpur Or Musilatpur,2024-02-27,63275.0,Action Pending,Unsanctioned,Rajya Sabha,False,534,d9e56d5f6b3801c1d89ace773e6016c0,3
Smt Jaya Bachchan,NA - Installing hand pumps,Normal/Others,Uttar Pradesh,Sitting Rajya Sabha,DISTRICT MAGISTRATE BHADOHI_IDA,,,Bhadohi,Musilahpur Or Musilatpur,2024-02-27,63275.0,Action Pending,Unsanctioned,Rajya Sabha,False,535,d9e56d5f6b3801c1d89ace773e6016c0,3
Smt Jaya Bachchan,NA - Installing hand pumps,Normal/Others,Uttar Pradesh,Sitting Rajya Sabha,DISTRICT MAGISTRATE BHADOHI_IDA,,,Bhadohi,Bhikharipur,2024-02-27,63275.0,Action Pending,Unsanctioned,Rajya Sabha,False,536,585d1ba0807a334b2e44ea4b87a154b2,1
Smt Jaya Bachchan,NA - Installing hand pumps,Normal/Others,Uttar Pradesh,Sitting Rajya Sabha,DISTRICT MAGISTRATE BHADOHI_IDA,,,Bhadohi,Pipris,2024-02-27,63275.0,Action Pending,Unsanctioned,Rajya Sabha,False,537,a1e57efa6796d5da3eff925bed838e59,8
Smt Jaya Bachchan,NA - Installing hand pumps,Normal/Others,Uttar Pradesh,Sitting Rajya Sabha,DISTRICT MAGISTRATE BHADOHI_IDA,,,Bhadohi,Pipris,2024-02-27,63275.0,Action Pending,Unsanctioned,Rajya Sabha,False,538,a1e57efa6796d5da3eff925bed838e59,8
Smt Jaya Bachchan,NA - Installing hand pumps,Normal/Others,Uttar Pradesh,Sitting Rajya Sabha,DISTRICT MAGISTRATE BHADOHI_IDA,,,Bhadohi,Pipris,2024-02-27,63275.0,Action Pending,Unsanctioned,Rajya Sabha,False,539,a1e57efa6796d5da3eff925bed838e59,8
Smt Jaya Bachchan,NA - Installing hand pumps,Normal/Others,Uttar Pradesh,Sitting Rajya Sabha,DISTRICT MAGISTRATE BHADOHI_IDA,,,Bhadohi,Hariyawan,2024-02-27,63275.0,Action Pending,Unsanctioned,Rajya Sabha,False,540,6f0401d49dd252583bf8c2ee3630f6b5,19
Smt Jaya Bachchan,NA - Installing hand pumps,Normal/Others,Uttar Pradesh,Sitting Rajya Sabha,DISTRICT MAGISTRATE BHADOHI_IDA,,,Bhadohi,Hariyawan,2024-02-27,63275.0,Action Pending,Unsanctioned,Rajya Sabha,False,541,6f0401d49dd252583bf8c2ee3630f6b5,19
Mahesh Jethmalani (Nominated Rajya Sabha),NA - Construction of community centers and community halls,Normal/Others,Delhi,Nominated Rajya Sabha,DISTRICT COLLECTOR BIKANER_IDA,,,Kolayat,Diyatara,2024-02-27,800000.0,Action Pending,Unsanctioned,Rajya Sabha,False,542,6a385441e2dc1a4f14f64fa25f16d396,1
Mahesh Jethmalani (Nominated Rajya Sabha),NA - Construction of community centers and community halls,Normal/Others,Delhi,Nominated Rajya Sabha,DISTRICT COLLECTOR BIKANER_IDA,,,Bajju,Phulasar Chhota,2024-02-27,800000.0,Action Pending,Unsanctioned,Rajya Sabha,False,543,02c111505a6b35397d5bab5c2e9c315f,1
Mahesh Jethmalani (Nominated Rajya Sabha),NA - Construction of community centers and community halls,Normal/Others,Delhi,Nominated Rajya Sabha,DISTRICT COLLECTOR BIKANER_IDA,,,Khajuwala,34 Kyd,2024-02-27,1000000.0,Action Pending,Unsanctioned,Rajya Sabha,False,544,91178a0689c4da71fb2b1e41df29057e,1
Mahesh Jethmalani (Nominated Rajya Sabha),NA - Construction of boundary walls of existing public and community buildings,Normal/Others,Delhi,Nominated Rajya Sabha,DISTRICT COLLECTOR BIKANER_IDA,,,Lunkaransar,Kakadwala,2024-02-26,1000000.0,Action Pending,Unsanctioned,Rajya Sabha,False,545,2a51b6b8e3b122d4b40b2e9d0fe4d7df,1
Mahesh Jethmalani (Nominated Rajya Sabha),NA - Construction of community centers and community halls,Normal/Others,Delhi,Nominated Rajya Sabha,DISTRICT COLLECTOR BIKANER_IDA,Bikaner,Bikaner (M Ci) - Ward No.60,,,2024-02-26,900000.0,Action Pending,Unsanctioned,Rajya Sabha,False,546,3f1ce5fc5299fde94e1a3ec8f06f21ba,1
Mahesh Jethmalani (Nominated Rajya Sabha),NA - Construction of additional rooms and halls in the existing public and community building,Normal/Others,Delhi,Nominated Rajya Sabha,DISTRICT COLLECTOR BIKANER_IDA,Nokha,Nokha (M) - Ward No.29,,,2024-02-26,800000.0,Action Pending,Unsanctioned,Rajya Sabha,False,547,a7506d0334e4ce3d2b34af3f8d77ad9d,1
Mahesh Jethmalani (Nominated Rajya Sabha),NA - Construction of community centers and community halls,Normal/Others,Delhi,Nominated Rajya Sabha,DISTRICT COLLECTOR BIKANER_IDA,,,Kolayat,Hirai Ki Dhani,2024-02-26,700000.0,Action Pending,Unsanctioned,Rajya Sabha,False,548,c1287356a6314d6f9f36ffafa99e93df,1
Gajendra Singh Patel,NA - Construction of community centers and community halls,Normal/Others,Madhya Pradesh,KHARGONE(ST),DISTRICT COLLECTOR KHARGONE_IDA,Khargone,Shree Ram Mandir Ward,,,2024-02-26,500000.0,Action Pending,Unsanctioned,Lok Sabha,False,549,65321e664b2130cc8eed40dd1ab02945,1
Mahesh Jethmalani (Nominated Rajya Sabha),NA - Providing drains and gutters for public drainage,Normal/Others,Delhi,Nominated Rajya Sabha,DISTRICT COLLECTOR BIKANER_IDA,,,Bikaner,Napasar,2024-02-26,3000000.0,Action Pending,Unsanctioned,Rajya Sabha,False,550,e35b146ea3fab43203d8596af2fe40d8,1
Smt PT Usha (NRS),NA - Construction of buildings for crèches and anganwadies,Normal/Others,Kerala,Nominated Rajya Sabha,DISTRICT COLLECTOR PATHANAMTHITTA_IDA,,,Adoor,Thumpamon,2024-02-26,1800000.0,Action Pending,Unsanctioned,Rajya Sabha,False,551,d9bf02e6935e8d6bb91cde46dccb0671,1
Mahesh Jethmalani (Nominated Rajya Sabha),NA - Construction of community centers and community halls,Normal/Others,Delhi,Nominated Rajya Sabha,DISTRICT COLLECTOR BIKANER_IDA,Bikaner,Bikaner (M Ci) - Ward No.59,,,2024-02-26,1000000.0,Action Pending,Unsanctioned,Rajya Sabha,False,552,716eec532fdc63cb2989619eed8d2f1f,1
Shri Tapir Gao,NA - Construction of public irrigation facilities,Normal/Others,Arunachal Pradesh,ARUNACHAL EAST,Deputy Commisioner Siang_IDA,,,Pangin Eac,Lokpeng,2024-02-26,200000.0,Action Pending,Unsanctioned,Lok Sabha,False,553,b2219d2f104e2086283b6f60c728e1ad,1
Mahesh Jethmalani (Nominated Rajya Sabha),NA - Crematoriums or structures on burial/ cremation ground for public convenience,Normal/Others,Delhi,Nominated Rajya Sabha,DISTRICT COLLECTOR BIKANER_IDA,,,Nokha,Raisar,2024-02-26,800000.0,Action Pending,Unsanctioned,Rajya Sabha,False,554,380988681300724c1e70fff5ebd315fa,1
SH G V L Narasimha Rao,NA - Purchase of non-conventional energy system and devices for community use,Normal/Others,Uttar Pradesh,Sitting Rajya Sabha,DISTRICT MAGISTRAE GAUTAMBUDHNAGAR_IDA,,,Dadri,Achheja,2024-02-26,720000.0,Action Pending,Unsanctioned,Rajya Sabha,False,555,8f4467bc0afeab8e9188feaf00d5e82d,1
Shri Sakaldeep Rajbhar,NA - Construction of rooms and halls in school and colleges,Normal/Others,Uttar Pradesh,Sitting Rajya Sabha,DISTRICT MAGISTRATE SANT KABIR NAGAR_IDA,Hariharpur,Hariharpur (NP) - Ward No.8,,,2024-02-26,1000000.0,Action Pending,Unsanctioned,Rajya Sabha,False,556,96793309137de82015e3b6c0ea315a75,1
Kum Agatha K Sangma,"WS/MP694/2023-2024/115471 - Purchase of ambulances (Four, three and two wheelers)",Normal/Others,Meghalaya,TURA,DEPUTY COMMISSIONER WEST GARO HILLS_IDA,Tura Municipal Board,Ward No. 10,,,2024-02-26,1800000.0,Approved by IDA,Ongoing,Lok Sabha,False,557,2a83642592b8f5ecf14410dffca93e50,1
Kum Agatha K Sangma,"NA - Construction of roads, link roads, pathways or any other road with or without drainage system",Normal/Others,Meghalaya,TURA,DEPUTY COMMISSIONER SOUTH WEST GARO HILLS AMPATI_IDA,,,Betasing,Chondonpara,2024-02-26,200000.0,Action Pending,Unsanctioned,Lok Sabha,False,558,db7d3b4ad94a3041fd394455d496c9a2,1
Smt Mangal Suresh Angadi,"NA - Construction of roads, link roads, pathways or any other road with or without drainage system",Normal/Others,Karnataka,BELGAUM,DEPUTY COMMISSIONER BELGAUM_IDA,Munavalli,Ward-8,,,2024-02-26,500000.0,Action Pending,Unsanctioned,Lok Sabha,False,559,aebae1220e96b3171e1e5d4ccb275b28,1
Saptagiri Sankar Ulaka,NA - Construction of culverts and bridges,Normal/Others,Odisha,KORAPUT(ST),District Collector Koraput_IDA,,,Dasamantapur,Dasamantapur,2024-02-25,250000.0,Action Pending,Unsanctioned,Lok Sabha,False,560,bcd2d0008f22ad1609ecc625ad3cc7a1,2
Saptagiri Sankar Ulaka,"NA - Construction of roads, link roads, pathways or any other road with or without drainage system",Normal/Others,Odisha,KORAPUT(ST),District Collector Koraput_IDA,,,Koraput,Mangara,2024-02-25,500000.0,Action Pending,Unsanctioned,Lok Sabha,False,561,edc11684748797295286c5d4bfcdbe90,1
Saptagiri Sankar Ulaka,"NA - Construction of roads, link roads, pathways or any other road with or without drainage system",Normal/Others,Odisha,KORAPUT(ST),District Collector Koraput_IDA,,,Koraput,Devighat,2024-02-25,300000.0,Action Pending,Unsanctioned,Lok Sabha,False,562,92e73ce77c9c8af8cd49745e92c718a8,1
Saptagiri Sankar Ulaka,NA - Construction of culverts and bridges,Normal/Others,Odisha,KORAPUT(ST),District Collector Koraput_IDA,,,Dasamantapur,Lulla,2024-02-25,250000.0,Action Pending,Unsanctioned,Lok Sabha,False,563,7ba54e8e6ec51953fdffa630ad1c361f,1
Saptagiri Sankar Ulaka,NA - Installing tube-wells and borewells,Normal/Others,Odisha,KORAPUT(ST),District Collector Koraput_IDA,,,Koraput,Jhadiguda,2024-02-25,200000.0,Action Pending,Unsanctioned,Lok Sabha,False,564,b3c5f9be96a38877c55a5e9f9fe73bdf,1
Saptagiri Sankar Ulaka,NA - Construction of culverts and bridges,Normal/Others,Odisha,KORAPUT(ST),District Collector Koraput_IDA,,,Dasamantapur,Murkar,2024-02-25,300000.0,Action Pending,Unsanctioned,Lok Sabha,False,565,b36593cd4649e1ca9212713b70059102,1
Saptagiri Sankar Ulaka,NA - Construction of culverts and bridges,Normal/Others,Odisha,KORAPUT(ST),District Collector Koraput_IDA,,,Dasamantapur,Dasamantapur,2024-02-25,250000.0,Action Pending,Unsanctioned,Lok Sabha,False,566,bcd2d0008f22ad1609ecc625ad3cc7a1,2
Smt Rajashree Mallick,NA - Construction of community centers and community halls,Normal/Others,Odisha,JAGATSINGHPUR(SC),DISTRICT COLLECTOR JAGATSINGHPUR_IDA,,,Biridi,Ukundara,2024-02-25,200000.0,Action Pending,Unsanctioned,Lok Sabha,False,567,94652a8e6c7d645613c4140efcf65dea,1
Saptagiri Sankar Ulaka,NA - Construction of community centers and community halls,Normal/Others,Odisha,KORAPUT(ST),District Collector Koraput_IDA,,,Lakshmipur,Tayaput,2024-02-25,500000.0,Action Pending,Unsanctioned,Lok Sabha,False,568,c7658515d6937de31db0e887d2d1d3d4,1
Smt Rajashree Mallick,"NA - Construction of roads, link roads, pathways or any other road with or without drainage system",Normal/Others,Odisha,JAGATSINGHPUR(SC),DISTRICT COLLECTOR JAGATSINGHPUR_IDA,,,Biridi,Talpatak,2024-02-25,150000.0,Action Pending,Unsanctioned,Lok Sabha,False,569,bf98cf4b124c2b39ab9739f190c13844,1
Smt Rajashree Mallick,NA - Lighting of public spaces,Normal/Others,Odisha,JAGATSINGHPUR(SC),DISTRICT COLLECTOR JAGATSINGHPUR_IDA,,,Biridi,Sankharisahi,2024-02-25,150000.0,Action Pending,Unsanctioned,Lok Sabha,False,570,7af195f8234fab9922f747e8f4f214d1,1
Saptagiri Sankar Ulaka,"NA - Construction of roads, link roads, pathways or any other road with or without drainage system",Normal/Others,Odisha,KORAPUT(ST),District Collector Koraput_IDA,,,Koraput,Tola,2024-02-25,250000.0,Action Pending,Unsanctioned,Lok Sabha,False,571,de8b44c7cf6440b87970a87d1ef42b44,1
Smt Rajashree Mallick,NA - Construction of rooms and halls in school and colleges,Normal/Others,Odisha,JAGATSINGHPUR(SC),DISTRICT COLLECTOR JAGATSINGHPUR_IDA,,,Biridi,Talpatak,2024-02-25,200000.0,Action Pending,Unsanctioned,Lok Sabha,False,572,a5b78b91574d5a149c1adeeeb5c4aaf2,1
Smt Rajashree Mallick,"NA - Construction of roads, link roads, pathways or any other road with or without drainage system",Normal/Others,Odisha,JAGATSINGHPUR(SC),DISTRICT COLLECTOR JAGATSINGHPUR_IDA,,,Biridi,Sareisasan,2024-02-25,300000.0,Action Pending,Unsanctioned,Lok Sabha,False,573,06772af002c6311e2ab24c0f48f785f7,1
Smt Rajashree Mallick,NA - Lighting of public spaces,Normal/Others,Odisha,JAGATSINGHPUR(SC),DISTRICT COLLECTOR JAGATSINGHPUR_IDA,,,Biridi,Baredia,2024-02-25,100000.0,Action Pending,Unsanctioned,Lok Sabha,False,574,779163b6113430cad790b112ba8bee83,1
Smt Rajashree Mallick,NA - Lighting of public spaces,Normal/Others,Odisha,JAGATSINGHPUR(SC),DISTRICT COLLECTOR JAGATSINGHPUR_IDA,,,Biridi,Dihasahibiri,2024-02-25,100000.0,Action Pending,Unsanctioned,Lok Sabha,False,575,a7f93245322f53c34e7e0fc15a1a89c9,1
Smt Rajashree Mallick,NA - Lighting of public spaces,Normal/Others,Odisha,JAGATSINGHPUR(SC),DISTRICT COLLECTOR JAGATSINGHPUR_IDA,,,Biridi,Batimira,2024-02-25,150000.0,Action Pending,Unsanctioned,Lok Sabha,False,576,8c4138b47b6977f870b5497b892b5a49,1
Smt Rajashree Mallick,"NA - Construction of roads, link roads, pathways or any other road with or without drainage system",Normal/Others,Odisha,JAGATSINGHPUR(SC),DISTRICT COLLECTOR JAGATSINGHPUR_IDA,,,Biridi,Sarasudha,2024-02-25,150000.0,Action Pending,Unsanctioned,Lok Sabha,False,577,5a2dbb160341655d0e1b4d8ffa2d09dd,1
Smt Rajashree Mallick,NA - Construction of community centers and community halls,Normal/Others,Odisha,JAGATSINGHPUR(SC),DISTRICT COLLECTOR JAGATSINGHPUR_IDA,,,Biridi,Adhangamajurai,2024-02-25,300000.0,Action Pending,Unsanctioned,Lok Sabha,False,578,0165e4ac4c39074fefb5b490ade9de93,1
Smt Rajashree Mallick,"NA - Construction of roads, link roads, pathways or any other road with or without drainage system",Normal/Others,Odisha,JAGATSINGHPUR(SC),DISTRICT COLLECTOR JAGATSINGHPUR_IDA,,,Biridi,Sivapur,2024-02-25,200000.0,Action Pending,Unsanctioned,Lok Sabha,False,579,b2ed9aa3d8292301e8af2ecc1c2b76ba,1
Smt Rajashree Mallick,NA - Lighting of public spaces,Normal/Others,Odisha,JAGATSINGHPUR(SC),DISTRICT COLLECTOR JAGATSINGHPUR_IDA,,,Biridi,Baredia,2024-02-25,200000.0,Action Pending,Unsanctioned,Lok Sabha,False,580,98893be1989e64c68333313214516969,1
Smt Rajashree Mallick,NA - Construction of community centers and community halls,Normal/Others,Odisha,JAGATSINGHPUR(SC),DISTRICT COLLECTOR JAGATSINGHPUR_IDA,,,Biridi,Balia,2024-02-25,300000.0,Action Pending,Unsanctioned,Lok Sabha,False,581,3b49fd96736640be2ca41c29e95ab18b,1
Smt Rajashree Mallick,"NA - Construction of roads, link roads, pathways or any other road with or without drainage system",Normal/Others,Odisha,JAGATSINGHPUR(SC),DISTRICT COLLECTOR JAGATSINGHPUR_IDA,,,Biridi,Alipada,2024-02-25,300000.0,Action Pending,Unsanctioned,Lok Sabha,False,582,f1e16c18377fc679f66f639c5409e344,1
Smt Rajashree Mallick,"NA - Construction of roads, link roads, pathways or any other road with or without drainage system",Normal/Others,Odisha,JAGATSINGHPUR(SC),DISTRICT COLLECTOR JAGATSINGHPUR_IDA,,,Biridi,Manguli,2024-02-25,200000.0,Action Pending,Unsanctioned,Lok Sabha,False,583,8366db73205daaaa90956409b1b04b11,1
Smt Rajashree Mallick,NA - Construction of community centers and community halls,Normal/Others,Odisha,JAGATSINGHPUR(SC),DISTRICT COLLECTOR JAGATSINGHPUR_IDA,,,Biridi,Adhangagarha,2024-02-25,200000.0,Action Pending,Unsanctioned,Lok Sabha,False,584,c4b0d60287a9683b693d93e3bd60e596,1
Smt Rajashree Mallick,"NA - Construction of roads, link roads, pathways or any other road with or without drainage system",Normal/Others,Odisha,JAGATSINGHPUR(SC),DISTRICT COLLECTOR JAGATSINGHPUR_IDA,,,Biridi,Basandara,2024-02-25,200000.0,Action Pending,Unsanctioned,Lok Sabha,False,585,8daf65e6d9a4e9c53ed7cbee6c8b9309,1
Smt Rajashree Mallick,"NA - Construction of roads, link roads, pathways or any other road with or without drainage system",Normal/Others,Odisha,JAGATSINGHPUR(SC),DISTRICT COLLECTOR JAGATSINGHPUR_IDA,,,Biridi,Nuagan,2024-02-25,150000.0,Action Pending,Unsanctioned,Lok Sabha,False,586,d879152ae7681c6658f5b5d68b425012,1
Smt Rajashree Mallick,NA - Construction of community centers and community halls,Normal/Others,Odisha,JAGATSINGHPUR(SC),DISTRICT COLLECTOR JAGATSINGHPUR_IDA,,,Biridi,Maindipur,2024-02-25,400000.0,Action Pending,Unsanctioned,Lok Sabha,False,587,1e2f594410ee9318c403d76277a3b9cf,1
Girish Chandra,NA - Lighting of public spaces,Normal/Others,Uttar Pradesh,NAGINA(SC),DISTRICT MAGISTRATE BIJNOR_IDA,Nagina,Nagina (MB) - Ward No.3,,,2024-02-25,174000.0,Action Pending,Unsanctioned,Lok Sabha,False,588,eaf0dbc3346fd450c4739d479d607106,1
Smt Rajashree Mallick,NA - Construction of boundary walls of existing public and community buildings,Normal/Others,Odisha,JAGATSINGHPUR(SC),DISTRICT COLLECTOR JAGATSINGHPUR_IDA,,,Biridi,Daradasasan,2024-02-25,100000.0,Action Pending,Unsanctioned,Lok Sabha,False,589,a2166f18b6080f90323970d44c0cb9b8,1
Smt Rajashree Mallick,NA - Lighting of public spaces,Normal/Others,Odisha,JAGATSINGHPUR(SC),DISTRICT COLLECTOR JAGATSINGHPUR_IDA,,,Jagatsinghapur,Badakorakor,2024-02-25,100000.0,Action Pending,Unsanctioned,Lok Sabha,False,590,ec65e0aa30ce890b710d0cd7fbe1bc64,2
Anurag Singh Thakur,"NA - Construction of roads, link roads, pathways or any other road with or without drainage system",Normal/Others,Himachal Pradesh,HAMIRPUR_HP,DEPUTY COMMISSIONER BILASPUR_IDA,,,Ghumarwin,Sandyar (234),2024-02-25,100000.0,Action Pending,Unsanctioned,Lok Sabha,False,591,016291e4743bc006d58a1d8c56700c65,2
Anurag Singh Thakur,"NA - Construction of roads, link roads, pathways or any other road with or without drainage system",Normal/Others,Himachal Pradesh,HAMIRPUR_HP,DEPUTY COMMISSIOENR UNA_IDA,,,Amb,Sunhi (73),2024-02-25,200000.0,Action Pending,Unsanctioned,Lok Sabha,False,592,cf70a317c78682a624fa63f5af62a976,1
Anurag Singh Thakur,"NA - Construction of roads, link roads, pathways or any other road with or without drainage system",Normal/Others,Himachal Pradesh,HAMIRPUR_HP,DEPUTY COMMISSIOENR UNA_IDA,,,Bharwain,Bhatehr Khas (13/1),2024-02-25,200000.0,Action Pending,Unsanctioned,Lok Sabha,False,593,170186b891749ab5d68c43f38e59108d,1
Anurag Singh Thakur,"NA - Construction of roads, link roads, pathways or any other road with or without drainage system",Normal/Others,Himachal Pradesh,HAMIRPUR_HP,DEPUTY COMMISSIOENR UNA_IDA,,,Una,Basal (194),2024-02-25,200000.0,Action Pending,Unsanctioned,Lok Sabha,False,594,cd10567b028a498517f4a402009723d3,1
Anurag Singh Thakur,NA - Construction of community centers and community halls,Normal/Others,Himachal Pradesh,HAMIRPUR_HP,DEPUTY COMMISSIOENR UNA_IDA,,,Birhu Kalan,Hatli (8/33),2024-02-25,300000.0,Action Pending,Unsanctioned,Lok Sabha,False,595,28cc1205c27ea344b924fe83021ad697,1
Anurag Singh Thakur,NA - Crematoriums or structures on burial/ cremation ground for public convenience,Normal/Others,Himachal Pradesh,HAMIRPUR_HP,DEPUTY COMMISSIONER MANDI_IDA,,,Sarkaghat,Sain (285),2024-02-25,150000.0,Action Pending,Unsanctioned,Lok Sabha,False,596,788806d22d73182276de38dcb39a8d7f,1
Anurag Singh Thakur,NA - Crematoriums or structures on burial/ cremation ground for public convenience,Normal/Others,Himachal Pradesh,HAMIRPUR_HP,DEPUTY COMMISSIONER MANDI_IDA,,,Sarkaghat,Gadhyani (277),2024-02-25,100000.0,Action Pending,Unsanctioned,Lok Sabha,False,597,a228f976734956eb3407d5868b8335ac,1
Anurag Singh Thakur,"NA - Construction of roads, link roads, pathways or any other road with or without drainage system",Normal/Others,Himachal Pradesh,HAMIRPUR_HP,DEPUTY COMMISSIONER MANDI_IDA,,,Dharmpur,Dhwali (93),2024-02-25,20000.0,Action Pending,Unsanctioned,Lok Sabha,False,598,695f46ca1ab3b08debe8d19a1b5b11c2,1
Anurag Singh Thakur,NA - Construction of community centers and community halls,Normal/Others,Himachal Pradesh,HAMIRPUR_HP,DEPUTY COMMISSIONER MANDI_IDA,,,Sarkaghat,Langehar (379),2024-02-25,150000.0,Action Pending,Unsanctioned,Lok Sabha,False,599,373b992940c6167f2d127fe314fed319,1
Smt Rajashree Mallick,NA - Lighting of public spaces,Normal/Others,Odisha,JAGATSINGHPUR(SC),DISTRICT COLLECTOR JAGATSINGHPUR_IDA,,,Jagatsinghapur,Dondo,2024-02-25,100000.0,Action Pending,Unsanctioned,Lok Sabha,False,600,b6960d42fe39aab6e9971459b768ce71,2
Smt Rajashree Mallick,NA - Lighting of public spaces,Normal/Others,Odisha,JAGATSINGHPUR(SC),DISTRICT COLLECTOR JAGATSINGHPUR_IDA,,,Jagatsinghapur,Dondo,2024-02-25,100000.0,Action Pending,Unsanctioned,Lok Sabha,False,601,b6960d42fe39aab6e9971459b768ce71,2
Smt Rajashree Mallick,"NA - Construction of roads, link roads, pathways or any other road with or without drainage system",Normal/Others,Odisha,JAGATSINGHPUR(SC),DISTRICT COLLECTOR JAGATSINGHPUR_IDA,,,Jagatsinghapur,Baragol,2024-02-25,300000.0,Action Pending,Unsanctioned,Lok Sabha,False,602,0817e958f339a1d1f9c105dd26ea9eb5,1
Smt Rajashree Mallick,NA - Lighting of public spaces,Normal/Others,Odisha,JAGATSINGHPUR(SC),DISTRICT COLLECTOR JAGATSINGHPUR_IDA,,,Jagatsinghapur,Badakorakor,2024-02-25,100000.0,Action Pending,Unsanctioned,Lok Sabha,False,603,ec65e0aa30ce890b710d0cd7fbe1bc64,2
Smt Rajashree Mallick,NA - Lighting of public spaces,Normal/Others,Odisha,JAGATSINGHPUR(SC),DISTRICT COLLECTOR JAGATSINGHPUR_IDA,,,Biridi,Basandara,2024-02-25,150000.0,Action Pending,Unsanctioned,Lok Sabha,False,604,9baf824315e066ce646fc0b27ffdfac0,1
Smt Rajashree Mallick,NA - Construction of community centers and community halls,Normal/Others,Odisha,JAGATSINGHPUR(SC),DISTRICT COLLECTOR JAGATSINGHPUR_IDA,,,Biridi,Daradasasan,2024-02-25,100000.0,Action Pending,Unsanctioned,Lok Sabha,False,605,149b341cf8c65925a76fe7dc87d35374,1
Smt Rajashree Mallick,NA - Construction of community centers and community halls,Normal/Others,Odisha,JAGATSINGHPUR(SC),DISTRICT COLLECTOR JAGATSINGHPUR_IDA,,,Biridi,Alando,2024-02-25,200000.0,Action Pending,Unsanctioned,Lok Sabha,False,606,5163b4e65d7f20c2220525b7a5734d40,1
Smt Rajashree Mallick,"NA - Construction of roads, link roads, pathways or any other road with or without drainage system",Normal/Others,Odisha,JAGATSINGHPUR(SC),DISTRICT COLLECTOR JAGATSINGHPUR_IDA,,,Biridi,Ukundara,2024-02-25,200000.0,Action Pending,Unsanctioned,Lok Sabha,False,607,bfe3037a3759c6d145993c2e804121bf,1
Vijay Kumar Hansdak,NA - construction of staircase/ stair ghat for public convenience,Normal/Others,Jharkhand,RAJMAHAL(ST),Deputy Commissioner Pakur_IDA,,,Amrapara,Dumarchir,2024-02-25,201000.0,Action Pending,Unsanctioned,Lok Sabha,False,608,d2e2bfb04b1c089de5722d31f095f3b9,1
Vijay Kumar Hansdak,"NA - Construction of roads, link roads, pathways or any other road with or without drainage system",Normal/Others,Jharkhand,RAJMAHAL(ST),Deputy Commissioner Pakur_IDA,,,Amrapara,Malipara Paharia,2024-02-25,201000.0,Action Pending,Unsanctioned,Lok Sabha,False,609,86824853634de1335fa17759d76c2fd4,1
Vijay Kumar Hansdak,NA - Construction of boundary walls of existing public and community buildings,Normal/Others,Jharkhand,RAJMAHAL(ST),Deputy Commissioner Pakur_IDA,,,Amrapara,Asankura,2024-02-25,250000.0,Action Pending,Unsanctioned,Lok Sabha,False,610,daa22d2c0a8b426983f3eda9295475ee,1
Vijay Kumar Hansdak,NA - Construction of boundary walls of existing public and community buildings,Normal/Others,Jharkhand,RAJMAHAL(ST),Deputy Commissioner Pakur_IDA,,,Amrapara,Amirjola,2024-02-25,201000.0,Action Pending,Unsanctioned,Lok Sabha,False,611,52da614b1f8275a8cb43ad8ea806158e,1
Vijay Kumar Hansdak,NA - Construction of boundary walls of existing public and community buildings,Normal/Others,Jharkhand,RAJMAHAL(ST),Deputy Commissioner Pakur_IDA,,,Amrapara,Bara Salghati,2024-02-25,201000.0,Action Pending,Unsanctioned,Lok Sabha,False,612,f604205d1a8b7d9b5256ceb883f00bd5,1
Vijay Kumar Hansdak,NA - Construction of public irrigation facilities,Normal/Others,Jharkhand,RAJMAHAL(ST),Deputy Commissioner Pakur_IDA,,,Pakuria,Bara Singpur,2024-02-25,201000.0,Action Pending,Unsanctioned,Lok Sabha,False,613,8506a0aa631fd5e5dd03c04a98739c9f,1
Vijay Kumar Hansdak,NA - construction of staircase/ stair ghat for public convenience,Normal/Others,Jharkhand,RAJMAHAL(ST),Deputy Commissioner Pakur_IDA,,,Pakuria,Solla,2024-02-25,201000.0,Action Pending,Unsanctioned,Lok Sabha,False,614,65c581d3a1429f47cf9c01882c84b128,1
Smt Rajashree Mallick,NA - Construction of community centers and community halls,Normal/Others,Odisha,JAGATSINGHPUR(SC),DISTRICT COLLECTOR JAGATSINGHPUR_IDA,,,Biridi,Hajipur,2024-02-25,300000.0,Action Pending,Unsanctioned,Lok Sabha,False,615,343e6af372d20a4599429b9ceff6fdbc,1
Smt Rajashree Mallick,NA - Construction of community centers and community halls,Normal/Others,Odisha,JAGATSINGHPUR(SC),DISTRICT COLLECTOR JAGATSINGHPUR_IDA,,,Biridi,Barahpur,2024-02-25,200000.0,Action Pending,Unsanctioned,Lok Sabha,False,616,0e16fc95bcb3d49499575565324cc82e,1
Smt Rajashree Mallick,NA - Construction of community centers and community halls,Normal/Others,Odisha,JAGATSINGHPUR(SC),DISTRICT COLLECTOR JAGATSINGHPUR_IDA,,,Biridi,Daradasasan,2024-02-25,150000.0,Action Pending,Unsanctioned,Lok Sabha,False,617,283d44710f05a96105d6c914bb67af86,1
Smt Pramila Bisoyi,NA - Construction of community centers and community halls,Normal/Others,Odisha,ASKA,DISTRICT COLLECTOR GANJAM_IDA,,,Patapur,Jeura,2024-02-25,700000.0,Action Pending,Unsanctioned,Lok Sabha,False,618,69cfc704e592c09447984a07ab9c2fe0,1
Smt Pramila Bisoyi,NA - Construction of community centers and community halls,Normal/Others,Odisha,ASKA,DISTRICT COLLECTOR GANJAM_IDA,,,Patapur,Gudiapatana,2024-02-25,400000.0,Action Pending,Unsanctioned,Lok Sabha,False,619,3edf7e208ab60825874c338ce6265ce3,1
Shri Sant Balbir Singh,NA - Construction of community centers and community halls,Normal/Others,Punjab,Sitting Rajya Sabha,DEPUTY COMMISSIONER SANGRUR_IDA,,,Moonak,Dudian (94),2024-02-25,500000.0,Action Pending,Unsanctioned,Rajya Sabha,False,620,458b47ca8b95aa658494fd8c063acba6,1
Smt Pramila Bisoyi,NA - Construction of community centers and community halls,Normal/Others,Odisha,ASKA,DISTRICT COLLECTOR GANJAM_IDA,,,Purusottampur,Raipur,2024-02-25,500000.0,Action Pending,Unsanctioned,Lok Sabha,False,621,3c9ef4f93a692e153027b9ea2bcaf622,1
Hemant Tukaram Godse,"NA - Construction of roads, link roads, pathways or any other road with or without drainage system",Normal/Others,Maharashtra,NASHIK,DISTRICT COLLECTOR NASHIK_IDA,,,Sinnar,Aundhewadi,2024-02-25,993000.0,Action Pending,Unsanctioned,Lok Sabha,False,622,81dac565d85bd0dee777c1eb7481a5c2,1
Hemant Tukaram Godse,NA - Construction of culverts and bridges,Normal/Others,Maharashtra,NASHIK,DISTRICT COLLECTOR NASHIK_IDA,,,Sinnar,Manori,2024-02-25,994000.0,Action Pending,Unsanctioned,Lok Sabha,False,623,0bc690153b84599e4aea26b826affc14,1
Hemant Tukaram Godse,NA - Street lights,Normal/Others,Maharashtra,NASHIK,DISTRICT COLLECTOR NASHIK_IDA,,,Igatpuri,Modale,2024-02-25,998000.0,Action Pending,Unsanctioned,Lok Sabha,False,624,e0a78fdf15c204a7a5f92edd9b2eee44,1
Hemant Tukaram Godse,NA - Crematoriums or structures on burial/ cremation ground for public convenience,Normal/Others,Maharashtra,NASHIK,DISTRICT COLLECTOR NASHIK_IDA,,,Sinnar,Somthane,2024-02-25,992000.0,Action Pending,Unsanctioned,Lok Sabha,False,625,d33c6ac035cd5ec051cf77945f7fe064,1
Hemant Tukaram Godse,NA - Construction of community centers and community halls,Normal/Others,Maharashtra,NASHIK,DISTRICT COLLECTOR NASHIK_IDA,,,Igatpuri,Waghere,2024-02-25,1491000.0,Action Pending,Unsanctioned,Lok Sabha,False,626,ea4ee6d35c779d220d98c8a2303da37e,1
Hemant Tukaram Godse,"NA - Construction of roads, link roads, pathways or any other road with or without drainage system",Normal/Others,Maharashtra,NASHIK,DISTRICT COLLECTOR NASHIK_IDA,,,Nashik,Belgaon Dhaga,2024-02-25,994000.0,Action Pending,Unsanctioned,Lok Sabha,False,627,4cb3226d28394de886773823eaf430ae,1
Hemant Tukaram Godse,"NA - Construction of roads, link roads, pathways or any other road with or without drainage system",Normal/Others,Maharashtra,NASHIK,DISTRICT COLLECTOR NASHIK_IDA,,,Sinnar,Pangari Kh,2024-02-25,1491000.0,Action Pending,Unsanctioned,Lok Sabha,False,628,ccfab8a2c38b059185c6c6967ab08e9c,1
Vinayak Bhaurao Raut,"NA - Construction of roads, link roads, pathways or any other road with or without drainage system",Normal/Others,Maharashtra,RATNAGIRI-SINDHUDURG,DISTRICT COLLECTOR SINDHUDURG_IDA,,,Kankavli,Bhiravande,2024-02-25,987000.0,Action Pending,Unsanctioned,Lok Sabha,False,629,6dbb397f331050f83d961a9c6043b80f,1
Hemant Tukaram Godse,NA - Construction of community centers and community halls,Normal/Others,Maharashtra,NASHIK,DISTRICT COLLECTOR NASHIK_IDA,,,Sinnar,Dodi Bk.,2024-02-25,994000.0,Action Pending,Unsanctioned,Lok Sabha,False,630,72fc29b2f11cedae535b38686f70401e,1
Vinayak Bhaurao Raut,NA - Construction of community centers and community halls,Normal/Others,Maharashtra,RATNAGIRI-SINDHUDURG,DISTRICT COLLECTOR SINDHUDURG_IDA,,,Dodamarg,Mangeli,2024-02-25,2000000.0,Action Pending,Unsanctioned,Lok Sabha,False,631,040620347bc6beb0105ab4a5c0d1956c,1
Vinayak Bhaurao Raut,NA - Construction of flood control embankments,Normal/Others,Maharashtra,RATNAGIRI-SINDHUDURG,DISTRICT COLLECTOR SINDHUDURG_IDA,,,Dodamarg,Konal,2024-02-25,1000000.0,Action Pending,Unsanctioned,Lok Sabha,False,632,91133574e04b7b3d9bab29e89e5b7632,1
Vinayak Bhaurao Raut,NA - Construction of community centers and community halls,Normal/Others,Maharashtra,RATNAGIRI-SINDHUDURG,DISTRICT COLLECTOR SINDHUDURG_IDA,,,Dodamarg,Ker,2024-02-25,500000.0,Action Pending,Unsanctioned,Lok Sabha,False,633,bcb3a5229d8e831b99dd6ad68ccdd4ff,1
Girish Chandra,NA - Lighting of public spaces,Normal/Others,Uttar Pradesh,NAGINA(SC),DISTRICT MAGISTRATE BIJNOR_IDA,Nagina,Nagina (MB) - Ward No.1,,,2024-02-25,174000.0,Action Pending,Unsanctioned,Lok Sabha,False,634,4eff823a826d808ce15539588323553e,1
Shyam Singh Yadav,NA - Lighting of public spaces,Normal/Others,Uttar Pradesh,JAUNPUR,DISTRICT MAGISTRATE JAUNPUR_IDA,Jaunpur,Husenabad - Ward No.8,,,2024-02-25,1750000.0,Action Pending,Unsanctioned,Lok Sabha,False,635,3dc44cfdb907ab606ff74fd61d7aaa25,1
Shyam Singh Yadav,NA - Lighting of public spaces,Normal/Others,Uttar Pradesh,JAUNPUR,DISTRICT MAGISTRATE JAUNPUR_IDA,Jaunpur,Husenabad - Ward No.8,,,2024-02-25,240000.0,Action Pending,Unsanctioned,Lok Sabha,False,636,57b00a87ea8d20081635aa94676a39df,1
Hemant Tukaram Godse,NA - Construction of community centers and community halls,Normal/Others,Maharashtra,NASHIK,DISTRICT COLLECTOR NASHIK_IDA,,,Igatpuri,Titoli,2024-02-25,994000.0,Action Pending,Unsanctioned,Lok Sabha,False,637,b82ef9951194c723dcdfa6b56296c22f,1
Hemant Tukaram Godse,NA - Construction of community centers and community halls,Normal/Others,Maharashtra,NASHIK,DISTRICT COLLECTOR NASHIK_IDA,,,Sinnar,Pathare Bk.,2024-02-25,992000.0,Action Pending,Unsanctioned,Lok Sabha,False,638,11c2200520b853c646df1d15e1cb8646,1
Ram Shiromani,NA - Construction of night shelters for homeless,Normal/Others,Uttar Pradesh,SHRAWASTI,DISTRICT MAGISTRATE BALRAMPUR_IDA,Balrampur,Balrampur (MB) - Ward No.10,,,2024-02-25,338618.0,Action Pending,Unsanctioned,Lok Sabha,False,639,fc854b9951fda2a606d470c5be0ee3b1,1
Hemant Tukaram Godse,NA - Crematoriums or structures on burial/ cremation ground for public convenience,Normal/Others,Maharashtra,NASHIK,DISTRICT COLLECTOR NASHIK_IDA,,,Sinnar,Pandhurli,2024-02-25,697000.0,Action Pending,Unsanctioned,Lok Sabha,False,640,eb55eba0f3f9c09011638317208a3ee7,1
Girish Chandra,NA - Lighting of public spaces,Normal/Others,Uttar Pradesh,NAGINA(SC),DISTRICT MAGISTRATE BIJNOR_IDA,Nagina,Nagina (MB) - Ward No.4,,,2024-02-25,174000.0,Action Pending,Unsanctioned,Lok Sabha,False,641,b06c95f0673774d5986a09eff3945f23,1
Girish Chandra,NA - Lighting of public spaces,Normal/Others,Uttar Pradesh,NAGINA(SC),DISTRICT MAGISTRATE BIJNOR_IDA,Nagina,Nagina (MB) - Ward No.5,,,2024-02-25,174000.0,Action Pending,Unsanctioned,Lok Sabha,False,642,beee6714c9094384600d883678a309af,1
Rajveer Raju Bhaiya Singh,NA - Construction of bus-sheds or bus-stops,Normal/Others,Uttar Pradesh,ETAH,DISTRICT MAGISTRATE KASGANJ KANSHIRAMNAGAR_IDA,Soron,Soron (MB) - Ward No.1,,,2024-02-25,538600.0,Action Pending,Unsanctioned,Lok Sabha,False,643,0620ce43589eb87fc6e1195b0d03ab48,1
Vinayak Bhaurao Raut,"NA - Construction of roads, link roads, pathways or any other road with or without drainage system",Normal/Others,Maharashtra,RATNAGIRI-SINDHUDURG,DISTRICT COLLECTOR SINDHUDURG_IDA,,,Kankavli,Satral,2024-02-25,999000.0,Action Pending,Unsanctioned,Lok Sabha,False,644,64a65326ff9becd86a4f08841bfa2e6d,1
Vinayak Bhaurao Raut,NA - Construction of water tanks,Normal/Others,Maharashtra,RATNAGIRI-SINDHUDURG,DISTRICT COLLECTOR SINDHUDURG_IDA,,,Vengurla,Palkarwadi,2024-02-25,200000.0,Action Pending,Unsanctioned,Lok Sabha,False,645,9863691789a97bff447329538f6ba438,1
Hemant Tukaram Godse,NA - Crematoriums or structures on burial/ cremation ground for public convenience,Normal/Others,Maharashtra,NASHIK,DISTRICT COLLECTOR NASHIK_IDA,,,Sinnar,Paste,2024-02-25,195800.0,Action Pending,Unsanctioned,Lok Sabha,False,646,0c16a115bf3f6288ac3b6ab7a1d8916f,1
Heena Vijaykumar Gavit,NA - Construction of community centers and community halls,Normal/Others,Maharashtra,NANDURBAR(ST),DISTRICT COLLECTOR NANDURBAR_IDA,,,Nandurbar,Dudhale,2024-02-25,1000000.0,Action Pending,Unsanctioned,Lok Sabha,False,647,571bda59c63a6a56cff3f6f3a9c2ba56,1
Hemant Tukaram Godse,NA - Construction of community centers and community halls,Normal/Others,Maharashtra,NASHIK,DISTRICT COLLECTOR NASHIK_IDA,,,Igatpuri,Manjargaon,2024-02-25,989000.0,Action Pending,Unsanctioned,Lok Sabha,False,648,9dfae6218b65b29ebbf3493fd5c3b640,1
Hemant Tukaram Godse,"NA - Construction of roads, link roads, pathways or any other road with or without drainage system",Normal/Others,Maharashtra,NASHIK,DISTRICT COLLECTOR NASHIK_IDA,,,Sinnar,Pandhurli,2024-02-25,700000.0,Action Pending,Unsanctioned,Lok Sabha,False,649,37d865cc7b54d5dabd89465419b11683,1
Heena Vijaykumar Gavit,NA - Construction of community centers and community halls,Normal/Others,Maharashtra,NANDURBAR(ST),DISTRICT COLLECTOR DHULE_IDA,,,Sakri,Khori,2024-02-25,1000000.0,Action Pending,Unsanctioned,Lok Sabha,False,650,520ab3ea4ee9842d78b69d06187a5f8c,1
Hemant Tukaram Godse,"NA - Construction of roads, link roads, pathways or any other road with or without drainage system",Normal/Others,Maharashtra,NASHIK,DISTRICT COLLECTOR NASHIK_IDA,,,Igatpuri,Pimparisaddroddin,2024-02-25,995000.0,Action Pending,Unsanctioned,Lok Sabha,False,651,a0a749583759fde6abf414b89ec7c3cd,1
Heena Vijaykumar Gavit,NA - Construction of community centers and community halls,Normal/Others,Maharashtra,NANDURBAR(ST),DISTRICT COLLECTOR NANDURBAR_IDA,,,Akkalkuwa,Korai,2024-02-25,3500000.0,Action Pending,Unsanctioned,Lok Sabha,False,652,52158c9dd858913b72a6737aaac6340e,1
Hemant Tukaram Godse,NA - Street lights,Normal/Others,Maharashtra,NASHIK,DISTRICT COLLECTOR NASHIK_IDA,,,Igatpuri,Pimpalgaon Mor,2024-02-25,248000.0,Action Pending,Unsanctioned,Lok Sabha,False,653,29b678784842838e81af47539a4cfcdd,1
Hemant Tukaram Godse,NA - Street lights,Normal/Others,Maharashtra,NASHIK,DISTRICT COLLECTOR NASHIK_IDA,,,Igatpuri,Takeghoti,2024-02-25,248000.0,Action Pending,Unsanctioned,Lok Sabha,False,654,1324569595388b2d233f606231255895,1
Sonia Gandhi,NA - Installing hand pumps,Normal/Others,Uttar Pradesh,RAE BARELI,DISTRICT MAGISTRATE RAE BARELI_IDA,Rae Bareli,Rae Bareli (MB) - Ward No.18,,,2024-02-25,48790.0,Action Pending,Unsanctioned,Lok Sabha,False,655,49ea953722130f04804df1ec62e87a85,1
Smt Mangal Suresh Angadi,NA - Construction of buildings for community cultural activities,Normal/Others,Karnataka,BELGAUM,DEPUTY COMMISSIONER BELGAUM_IDA,Bail Hongal,Bail Hongal (TMC) - Ward No.13,,,2024-02-25,500000.0,Action Pending,Unsanctioned,Lok Sabha,False,656,1e6f8b525a0ddf06ab3c71251b8f81f4,1
Smt Pramila Bisoyi,"NA - Construction of roads, link roads, pathways or any other road with or without drainage system",Normal/Others,Odisha,ASKA,DISTRICT COLLECTOR GANJAM_IDA,,,Patapur,Pudamari,2024-02-25,240000.0,Action Pending,Unsanctioned,Lok Sabha,False,657,b993fc6f7e1e53391ce46f67cecd338a,1
Smt Pramila Bisoyi,NA - Construction of community centers and community halls,Normal/Others,Odisha,ASKA,DISTRICT COLLECTOR GANJAM_IDA,Hinjilicut,9,,,2024-02-25,2000000.0,Action Pending,Unsanctioned,Lok Sabha,False,658,c2e2c06231ed419fa57cdaaf4ee7ea1f,1
Smt Pramila Bisoyi,NA - Construction of community centers and community halls,Normal/Others,Odisha,ASKA,DISTRICT COLLECTOR GANJAM_IDA,,,Asika,Charamaria,2024-02-25,900000.0,Action Pending,Unsanctioned,Lok Sabha,False,659,8e033f57180b61cd1dd2ccd0a89e3e59,1
Smt Pramila Bisoyi,NA - Construction of community centers and community halls,Normal/Others,Odisha,ASKA,DISTRICT COLLECTOR GANJAM_IDA,Kavisurjyanagar,Kavisurjyanagar (Nac) - Ward No.16,,,2024-02-25,400000.0,Action Pending,Unsanctioned,Lok Sabha,False,660,edeae1d763d79190f5f22457527712b6,1
Smt Pramila Bisoyi,NA - Construction of community centers and community halls,Normal/Others,Odisha,ASKA,DISTRICT COLLECTOR GANJAM_IDA,Kavisurjyanagar,Kavisurjyanagar (Nac) - Ward No.17,,,2024-02-25,300000.0,Action Pending,Unsanctioned,Lok Sabha,False,661,8bea11fd1f197c88be08fc1e92eb3e16,1
Smt Pramila Bisoyi,NA - Construction of community centers and community halls,Normal/Others,Odisha,ASKA,DISTRICT COLLECTOR GANJAM_IDA,Kavisurjyanagar,Kavisurjyanagar (Nac) - Ward No.7,,,2024-02-25,300000.0,Action Pending,Unsanctioned,Lok Sabha,False,662,22d829a70483fa61db63fc2b8a5efe87,1
Smt Pramila Bisoyi,NA - Crematoriums or structures on burial/ cremation ground for public convenience,Normal/Others,Odisha,ASKA,DISTRICT COLLECTOR GANJAM_IDA,Kavisurjyanagar,Kavisurjyanagar (Nac) - Ward No.13,,,2024-02-25,300000.0,Action Pending,Unsanctioned,Lok Sabha,False,663,25b21f330ff3e58543035688b496a234,1
Smt Pramila Bisoyi,NA - Construction of community centers and community halls,Normal/Others,Odisha,ASKA,DISTRICT COLLECTOR GANJAM_IDA,Hinjilicut,21,,,2024-02-25,2000000.0,Action Pending,Unsanctioned,Lok Sabha,False,664,4655a3fde34de4c9e00805788d94d04c,1
Smt Poonamben Hematbhai Maadam,NA - Construction of community centers and community halls,Normal/Others,Gujarat,JAMNAGAR,DISTRICT COLLECTOR JAMNAGAR_IDA,Jamnagar,Jamnagar (M Corp.) - Ward No.2,,,2024-02-25,400000.0,Action Pending,Unsanctioned,Lok Sabha,False,665,51c110650c1935518d0c2e3864d7a1f4,1
Smt Pramila Bisoyi,NA - Construction of community centers and community halls,Normal/Others,Odisha,ASKA,DISTRICT COLLECTOR GANJAM_IDA,,,Khalikote,Bania,2024-02-25,300000.0,Action Pending,Unsanctioned,Lok Sabha,False,666,99ac8b42299d011f5207138d693795a0,1
Shri Chandra Sekhar Sahu,NA - Construction of public irrigation facilities,Normal/Others,Odisha,BERHAMPUR,DISTRICT COLLECTOR GANJAM_IDA,,,Brahmapur Sadar,Nalihada,2024-02-25,500000.0,Action Pending,Unsanctioned,Lok Sabha,False,667,a717e2b1b8dbb72a76c8c0a3e7c35d75,2
Shri Chandra Sekhar Sahu,NA - Construction of public irrigation facilities,Normal/Others,Odisha,BERHAMPUR,DISTRICT COLLECTOR GANJAM_IDA,,,Brahmapur Sadar,Nalihada,2024-02-25,500000.0,Action Pending,Unsanctioned,Lok Sabha,False,668,a717e2b1b8dbb72a76c8c0a3e7c35d75,2
Smt Pramila Bisoyi,"NA - Construction of roads, link roads, pathways or any other road with or without drainage system",Repair and Renovation,Odisha,ASKA,DISTRICT COLLECTOR GANJAM_IDA,,,Seragad,Gangadharapur,2024-02-25,300000.0,Action Pending,Unsanctioned,Lok Sabha,False,669,54c8edd23f87557d951c3ba77fa72d68,1
Smt Pramila Bisoyi,NA - Construction of community centers and community halls,Normal/Others,Odisha,ASKA,DISTRICT COLLECTOR GANJAM_IDA,,,Badagada,Padmanabhapur,2024-02-25,500000.0,Action Pending,Unsanctioned,Lok Sabha,False,670,e80487749faff02eea22517bb7eab879,1
Smt Pramila Bisoyi,NA - Construction of community centers and community halls,Normal/Others,Odisha,ASKA,DISTRICT COLLECTOR GANJAM_IDA,,,Seragad,Sunantara,2024-02-25,200000.0,Action Pending,Unsanctioned,Lok Sabha,False,671,7b1e23e5a85bfb24bfa5e0d2d88db848,1
Smt Pramila Bisoyi,NA - Construction of community centers and community halls,Normal/Others,Odisha,ASKA,DISTRICT COLLECTOR GANJAM_IDA,,,Patapur,Batagada,2024-02-25,500000.0,Action Pending,Unsanctioned,Lok Sabha,False,672,5b937ed48febf0890cb6edc5e8e59cf4,1
Smt Pramila Bisoyi,NA - Construction of community centers and community halls,Normal/Others,Odisha,ASKA,DISTRICT COLLECTOR GANJAM_IDA,,,Khalikote,Parinuagam,2024-02-25,300000.0,Action Pending,Unsanctioned,Lok Sabha,False,673,cd26d1be74aacf51d3e929b71de7cd0b,1
Smt Pramila Bisoyi,NA - Construction of community centers and community halls,Normal/Others,Odisha,ASKA,DISTRICT COLLECTOR GANJAM_IDA,,,Khalikote,Patrapur,2024-02-25,300000.0,Action Pending,Unsanctioned,Lok Sabha,False,674,66f009d5b271fdd89922e9552b377672,1
Smt Mangal Suresh Angadi,NA - Construction of buildings for community cultural activities,Normal/Others,Karnataka,BELGAUM,DEPUTY COMMISSIONER BELGAUM_IDA,Bail Hongal,Bail Hongal (TMC) - Ward No.9,,,2024-02-25,500000.0,Action Pending,Unsanctioned,Lok Sabha,False,675,a67643af5967ae54b1c47c2a6ed1e165,1
Ram Shiromani,NA - Installing community drinking water plants,Normal/Others,Uttar Pradesh,SHRAWASTI,DISTRICT MAGISTRATE SHRAVASTI_IDA,Bhinga,Ward 11,,,2024-02-25,626000.0,Action Pending,Unsanctioned,Lok Sabha,False,676,dff6623cdef70c7ef49ae0c6250ed3b8,1
Ram Shiromani,NA - Development of public parks,Normal/Others,Uttar Pradesh,SHRAWASTI,DISTRICT MAGISTRATE BALRAMPUR_IDA,Balrampur,Balrampur (MB) - Ward No.6,,,2024-02-25,497000.0,Action Pending,Unsanctioned,Lok Sabha,False,677,097d4e6f08ecabfaaf6ee19b9d18f379,1
Vinayak Bhaurao Raut,"NA - Construction of roads, link roads, pathways or any other road with or without drainage system",Normal/Others,Maharashtra,RATNAGIRI-SINDHUDURG,DISTRICT COLLECTOR SINDHUDURG_IDA,,,Kudal,Pandur,2024-02-25,1000000.0,Action Pending,Unsanctioned,Lok Sabha,False,678,5158b27bba7a88007ee78389435b990e,1
Anurag Singh Thakur,NA - Crematoriums or structures on burial/ cremation ground for public convenience,Normal/Others,Himachal Pradesh,HAMIRPUR_HP,DEPUTY COMMISSIONER HAMIRPUR_IDA,,,Tauni Devi Bamson,Lag (62/19),2024-02-25,200000.0,Action Pending,Unsanctioned,Lok Sabha,False,679,6e67f928cdd3c2cd9ff85b197396c33c,1
SHRI Devender Paul Vats,NA - Purchase of mobile water tankers,Normal/Others,Haryana,Sitting Rajya Sabha,Deputy Commissioner Jind_IDA,,,Narwana,Dablain (76),2024-02-25,155000.0,Action Pending,Unsanctioned,Rajya Sabha,False,680,f66ae7e42b3798d911bda0740657f26f,1
Brijendra Singh,NA - Purchase of mobile water tankers,Normal/Others,Haryana,HISAR,DEPUTY COMMISSIONER HISSAR_IDA,,,Adampur,Mothsara(221),2024-02-25,155000.0,Action Pending,Unsanctioned,Lok Sabha,False,681,3faa5be52f962f9502cfdaebeb84ec7b,1
Ram Shiromani,"NA - Construction of roads, link roads, pathways or any other road with or without drainage system",Normal/Others,Uttar Pradesh,SHRAWASTI,DISTRICT MAGISTRATE BALRAMPUR_IDA,Balrampur,Balrampur (MB) - Ward No.11,,,2024-02-25,833000.0,Action Pending,Unsanctioned,Lok Sabha,False,682,998588cbcfae193dfc318c7d2f8bea6f,1
Ram Shiromani,NA - Lighting of public spaces,Normal/Others,Uttar Pradesh,SHRAWASTI,DISTRICT MAGISTRATE BALRAMPUR_IDA,Balrampur,Balrampur (MB) - Ward No.11,,,2024-02-25,258000.0,Action Pending,Unsanctioned,Lok Sabha,False,683,f4346431c072e32b2ef1a965a594cf5b,1
Smt Pramila Bisoyi,NA - Construction of community centers and community halls,Normal/Others,Odisha,ASKA,DISTRICT COLLECTOR GANJAM_IDA,,,Khalikote,Nutanberhampur,2024-02-25,300000.0,Action Pending,Unsanctioned,Lok Sabha,False,684,7828df2880959e9d02a80c0368410496,1
Ram Shiromani,NA - Lighting of public spaces,Normal/Others,Uttar Pradesh,SHRAWASTI,DISTRICT MAGISTRATE BALRAMPUR_IDA,Tulsipur,Tulsipur (NP) - Ward No.11,,,2024-02-25,258000.0,Action Pending,Unsanctioned,Lok Sabha,False,685,fa8fa7e614d80536b1fe4fba28e7c352,2
Ram Shiromani,NA - Lighting of public spaces,Normal/Others,Uttar Pradesh,SHRAWASTI,DISTRICT MAGISTRATE BALRAMPUR_IDA,Tulsipur,Tulsipur (NP) - Ward No.11,,,2024-02-25,258000.0,Action Pending,Unsanctioned,Lok Sabha,False,686,fa8fa7e614d80536b1fe4fba28e7c352,2
Ram Shiromani,NA - Lighting of public spaces,Normal/Others,Uttar Pradesh,SHRAWASTI,DISTRICT MAGISTRATE BALRAMPUR_IDA,Balrampur,Balrampur (MB) - Ward No.11,,,2024-02-25,23578.0,Action Pending,Unsanctioned,Lok Sabha,False,687,c0a449beea6b125ea521b736d6013810,1
Ram Shiromani,NA - Lighting of public spaces,Normal/Others,Uttar Pradesh,SHRAWASTI,DISTRICT MAGISTRATE BALRAMPUR_IDA,Tulsipur,Tulsipur (NP) - Ward No.9,,,2024-02-25,23578.0,Action Pending,Unsanctioned,Lok Sabha,False,688,4d673c093a42c1658bd45699a4094223,1
Girish Chandra,NA - Lighting of public spaces,Normal/Others,Uttar Pradesh,NAGINA(SC),DISTRICT MAGISTRATE BIJNOR_IDA,Nagina,Nagina (MB) - Ward No.2,,,2024-02-25,174000.0,Action Pending,Unsanctioned,Lok Sabha,False,689,2f2bc950755b7ba3b5d7c1cfe1375c05,1
Smt Pramila Bisoyi,NA - Construction of rooms and halls in school and colleges,Normal/Others,Odisha,ASKA,DISTRICT COLLECTOR GANJAM_IDA,,,Dharakote,Mundamarai (Ct),2024-02-25,300000.0,Action Pending,Unsanctioned,Lok Sabha,False,690,c35f32f179feba7d564961d228752037,1
Anurag Singh Thakur,"NA - Construction of roads, link roads, pathways or any other road with or without drainage system",Normal/Others,Himachal Pradesh,HAMIRPUR_HP,DEPUTY COMMISSIONER BILASPUR_IDA,,,Ghumarwin,Sandyar (234),2024-02-25,100000.0,Action Pending,Unsanctioned,Lok Sabha,False,691,016291e4743bc006d58a1d8c56700c65,2
Mala Rajya Laxmi Shah,NA - Construction of footpaths and pedestrian ways,Normal/Others,Uttarakhand,TEHRI GARHWAL,DISTRICT COLLECTOR UTTARKASHI_IDA,,,Dunda,Panjyala,2024-02-25,60000.0,Action Pending,Unsanctioned,Lok Sabha,False,692,2a434cd7bc5f6d9d3d9e5e67b6ba3273,1
Smt Jaya Bachchan,NA - Lighting of public spaces,Normal/Others,Uttar Pradesh,Sitting Rajya Sabha,DISTRICT MAGISTRATE BHADOHI_IDA,,,Aurai,Pipar Gaon,2024-02-25,543036.0,Action Pending,Unsanctioned,Rajya Sabha,False,693,ce8fef792e4763f8e6c19e4862d11ee3,1
Mala Rajya Laxmi Shah,NA - Construction of flood control embankments,Normal/Others,Uttarakhand,TEHRI GARHWAL,DISTRICT COLLECTOR UTTARKASHI_IDA,Naugaon,Naugaon (NP)- Naugaon Gaon Ward No.5,,,2024-02-25,70000.0,Action Pending,Unsanctioned,Lok Sabha,False,694,0427720e613c49d7089310ef1188434d,1
Mala Rajya Laxmi Shah,NA - Construction of footpaths and pedestrian ways,Normal/Others,Uttarakhand,TEHRI GARHWAL,DISTRICT COLLECTOR UTTARKASHI_IDA,Naugaon,Naugaon (NP)- Mulaana Ward No.7,,,2024-02-25,60000.0,Action Pending,Unsanctioned,Lok Sabha,False,695,13e0700e0f7e6c576b143d66f987ca04,1
Mala Rajya Laxmi Shah,NA - Construction of common work sheds/ common covered sitting area,Normal/Others,Uttarakhand,TEHRI GARHWAL,DISTRICT COLLECTOR UTTARKASHI_IDA,,,Barnigad,Pamari,2024-02-25,50000.0,Action Pending,Unsanctioned,Lok Sabha,False,696,2045af29fcb643bbdea962fc7d7e3c02,1
Mala Rajya Laxmi Shah,NA - Construction of footpaths and pedestrian ways,Normal/Others,Uttarakhand,TEHRI GARHWAL,DISTRICT COLLECTOR UTTARKASHI_IDA,,,Barnigad,Khirmu,2024-02-25,50000.0,Action Pending,Unsanctioned,Lok Sabha,False,697,0dc0f3baa13d77b887c0fcda571371fa,1
Mala Rajya Laxmi Shah,NA - Construction of rooms and halls in school and colleges,Normal/Others,Uttarakhand,TEHRI GARHWAL,DISTRICT COLLECTOR UTTARKASHI_IDA,,,Rajgarhi,Mungra,2024-02-25,200000.0,Action Pending,Unsanctioned,Lok Sabha,False,698,62cbb23c1651e5348dd1b76227ff0b21,1
Mala Rajya Laxmi Shah,NA - Construction of flood control embankments,Normal/Others,Uttarakhand,TEHRI GARHWAL,DISTRICT COLLECTOR UTTARKASHI_IDA,,,Barnigad,Billagaon,2024-02-25,200000.0,Action Pending,Unsanctioned,Lok Sabha,False,699,19f8bb7c74164615cda5810ad8caa70e,1
Mala Rajya Laxmi Shah,NA - Construction of public irrigation facilities,Repair and Renovation,Uttarakhand,TEHRI GARHWAL,DISTRICT COLLECTOR UTTARKASHI_IDA,,,Rajgarhi,Bingsi,2024-02-25,70000.0,Action Pending,Unsanctioned,Lok Sabha,False,700,fbf55ef22ff3d6a2b6228096d06de221,1
Mala Rajya Laxmi Shah,NA - Providing supply pipelines for drinking water,Normal/Others,Uttarakhand,TEHRI GARHWAL,DISTRICT COLLECTOR UTTARKASHI_IDA,,,Barnigad,Phiphiyara,2024-02-25,60000.0,Action Pending,Unsanctioned,Lok Sabha,False,701,b630b4b75bf40772901e93ef65ae16a7,1
Mala Rajya Laxmi Shah,NA - Construction of flood control embankments,Normal/Others,Uttarakhand,TEHRI GARHWAL,DISTRICT COLLECTOR UTTARKASHI_IDA,,,Rajgarhi,Pujargaon,2024-02-25,100000.0,Action Pending,Unsanctioned,Lok Sabha,False,702,631f4b1e9d4736c1f4c2cbc2759b50c8,1
Mala Rajya Laxmi Shah,NA - Construction of flood control embankments,Normal/Others,Uttarakhand,TEHRI GARHWAL,DISTRICT COLLECTOR UTTARKASHI_IDA,,,Rajgarhi,Sarnaul,2024-02-25,60000.0,Action Pending,Unsanctioned,Lok Sabha,False,703,1d826d724fb0bea5cfe59c11b9f9091a,1
Mala Rajya Laxmi Shah,NA - Construction of flood control embankments,Normal/Others,Uttarakhand,TEHRI GARHWAL,DISTRICT COLLECTOR UTTARKASHI_IDA,,,Barnigad,Kandi,2024-02-25,80000.0,Action Pending,Unsanctioned,Lok Sabha,False,704,c17dfeca978cd70cb7b9d908ac1a9aab,1
Mala Rajya Laxmi Shah,NA - Construction of flood control embankments,Normal/Others,Uttarakhand,TEHRI GARHWAL,DISTRICT COLLECTOR UTTARKASHI_IDA,,,Rajgarhi,Bhatiya Pratham,2024-02-25,60000.0,Action Pending,Unsanctioned,Lok Sabha,False,705,e569e12ec5ff4c9d0a21d232acad0b55,1
Mala Rajya Laxmi Shah,NA - Construction of footpaths and pedestrian ways,Normal/Others,Uttarakhand,TEHRI GARHWAL,DISTRICT COLLECTOR UTTARKASHI_IDA,,,Barnigad,Jugargaon,2024-02-25,60000.0,Action Pending,Unsanctioned,Lok Sabha,False,706,c8a62e71d06a9ee2aa144e78bdc05e62,1
Mala Rajya Laxmi Shah,NA - Construction of common work sheds/ common covered sitting area,Normal/Others,Uttarakhand,TEHRI GARHWAL,DISTRICT COLLECTOR UTTARKASHI_IDA,,,Barnigad,Darogi,2024-02-25,100000.0,Action Pending,Unsanctioned,Lok Sabha,False,707,a9aa2a611ffe1b345e1a0c997aa84a0d,1
Mala Rajya Laxmi Shah,NA - Construction of footpaths and pedestrian ways,Normal/Others,Uttarakhand,TEHRI GARHWAL,DISTRICT COLLECTOR UTTARKASHI_IDA,Naugaon,Naugaon (NP)- Mulaana Ward No.7,,,2024-02-25,50000.0,Action Pending,Unsanctioned,Lok Sabha,False,708,274a53bbbb4a346eb00ae604d91a88be,1
Mala Rajya Laxmi Shah,NA - Construction of common work sheds/ common covered sitting area,Normal/Others,Uttarakhand,TEHRI GARHWAL,DISTRICT COLLECTOR UTTARKASHI_IDA,,,Rajgarhi,Koti Banal,2024-02-25,60000.0,Action Pending,Unsanctioned,Lok Sabha,False,709,3e4a577e0f94e2f86c706433c24f01ac,1
Mala Rajya Laxmi Shah,NA - Construction of footpaths and pedestrian ways,Normal/Others,Uttarakhand,TEHRI GARHWAL,DISTRICT COLLECTOR UTTARKASHI_IDA,Naugaon,Naugaon (NP)- Mungra Ward No.2,,,2024-02-25,80000.0,Action Pending,Unsanctioned,Lok Sabha,False,710,8b2eaefb4d3938526958288932acae50,1
Mala Rajya Laxmi Shah,NA - Crematoriums or structures on burial/ cremation ground for public convenience,Normal/Others,Uttarakhand,TEHRI GARHWAL,DISTRICT COLLECTOR UTTARKASHI_IDA,,,Rajgarhi,Bhatiya Pratham,2024-02-25,80000.0,Action Pending,Unsanctioned,Lok Sabha,False,711,84fd252952685f6ad27e63d31fde96ab,1
Faggan Singh Kulaste,NA - Construction of community centers and community halls,Normal/Others,Madhya Pradesh,MANDLA(ST),District Collector Dindori_IDA,Dindori,Narmadaganj Ward,,,2024-02-25,500000.0,Action Pending,Unsanctioned,Lok Sabha,False,712,ad51fb1e1f2ea1758fede933163f1d6b,1
Mala Rajya Laxmi Shah,NA - Crematoriums or structures on burial/ cremation ground for public convenience,Normal/Others,Uttarakhand,TEHRI GARHWAL,DISTRICT COLLECTOR UTTARKASHI_IDA,,,Barnigad,Bajlari,2024-02-25,80000.0,Action Pending,Unsanctioned,Lok Sabha,False,713,0bb7096c9cbe392e637111f904daf276,1
Mala Rajya Laxmi Shah,NA - Crematoriums or structures on burial/ cremation ground for public convenience,Normal/Others,Uttarakhand,TEHRI GARHWAL,DISTRICT COLLECTOR UTTARKASHI_IDA,,,Puraula,Bhankoli,2024-02-25,60000.0,Action Pending,Unsanctioned,Lok Sabha,False,714,45c8c42162dfb97cd22b7cb5a83027df,1
Mala Rajya Laxmi Shah,NA - Construction of footpaths and pedestrian ways,Normal/Others,Uttarakhand,TEHRI GARHWAL,DISTRICT COLLECTOR UTTARKASHI_IDA,,,Puraula,Bhankoli,2024-02-25,60000.0,Action Pending,Unsanctioned,Lok Sabha,False,715,af57b48f8a57a9ed6edc179197019a3a,1
Mala Rajya Laxmi Shah,NA - Crematoriums or structures on burial/ cremation ground for public convenience,Normal/Others,Uttarakhand,TEHRI GARHWAL,DISTRICT COLLECTOR UTTARKASHI_IDA,,,Puraula,Mairiyara,2024-02-25,80000.0,Action Pending,Unsanctioned,Lok Sabha,False,716,0db7f6a9456dc38602d353d45f8d2b74,1
Mala Rajya Laxmi Shah,NA - Construction of footpaths and pedestrian ways,Normal/Others,Uttarakhand,TEHRI GARHWAL,DISTRICT COLLECTOR UTTARKASHI_IDA,,,Puraula,Kantari,2024-02-25,100000.0,Action Pending,Unsanctioned,Lok Sabha,False,717,9945cd4bc42dd9871e71ca41e3389c8f,1
Mala Rajya Laxmi Shah,NA - Construction of flood control embankments,Normal/Others,Uttarakhand,TEHRI GARHWAL,DISTRICT COLLECTOR UTTARKASHI_IDA,,,Puraula,Gundiyar Gaon,2024-02-25,100000.0,Action Pending,Unsanctioned,Lok Sabha,False,718,e30a10b7f3edd355cd387de3394177f8,1
Mala Rajya Laxmi Shah,NA - Construction of public irrigation facilities,Normal/Others,Uttarakhand,TEHRI GARHWAL,DISTRICT COLLECTOR UTTARKASHI_IDA,,,Puraula,Purola,2024-02-25,100000.0,Action Pending,Unsanctioned,Lok Sabha,False,719,c7917e6fd2796c5f0bad0f6d1f9998de,1
Mala Rajya Laxmi Shah,NA - Development of playfields and sports grounds,Normal/Others,Uttarakhand,TEHRI GARHWAL,DISTRICT COLLECTOR UTTARKASHI_IDA,,,Puraula,Gundiyar Gaon,2024-02-25,500000.0,Action Pending,Unsanctioned,Lok Sabha,False,720,00fd9cf644a09fdf8764fc8b0fc2cad8,1
Mala Rajya Laxmi Shah,NA - Construction of flood control embankments,Normal/Others,Uttarakhand,TEHRI GARHWAL,DISTRICT COLLECTOR UTTARKASHI_IDA,Barkot,Barkot Govindnagar (NP) - Ward No.2,,,2024-02-25,100000.0,Action Pending,Unsanctioned,Lok Sabha,False,721,6ef49d49aad3a19ebad5407d2558d957,1
Mala Rajya Laxmi Shah,NA - Construction of footpaths and pedestrian ways,Normal/Others,Uttarakhand,TEHRI GARHWAL,DISTRICT COLLECTOR UTTARKASHI_IDA,,,Barnigad,Paluka,2024-02-25,50000.0,Action Pending,Unsanctioned,Lok Sabha,False,722,521bf2b5cd5eb85b3f4d82b1a6494125,1
Mala Rajya Laxmi Shah,NA - Construction of flood control embankments,Normal/Others,Uttarakhand,TEHRI GARHWAL,DISTRICT COLLECTOR UTTARKASHI_IDA,,,Barnigad,Paluka,2024-02-25,100000.0,Action Pending,Unsanctioned,Lok Sabha,False,723,bdb0b527f127f353c2ce7c89f2adff4e,1
Mala Rajya Laxmi Shah,NA - Providing supply pipelines for drinking water,Normal/Others,Uttarakhand,TEHRI GARHWAL,DISTRICT COLLECTOR UTTARKASHI_IDA,,,Rajgarhi,Kimi,2024-02-25,150000.0,Action Pending,Unsanctioned,Lok Sabha,False,724,065166870fc2e36783197e7898a4cab7,1
Mala Rajya Laxmi Shah,NA - Construction of rooms and halls in school and colleges,Repair and Renovation,Uttarakhand,TEHRI GARHWAL,DISTRICT COLLECTOR UTTARKASHI_IDA,,,Rajgarhi,Kwari,2024-02-25,100000.0,Action Pending,Unsanctioned,Lok Sabha,False,725,a5e13a11ce906671f7ecb845bbf372a6,1
Mala Rajya Laxmi Shah,NA - Construction of flood control embankments,Normal/Others,Uttarakhand,TEHRI GARHWAL,DISTRICT COLLECTOR UTTARKASHI_IDA,,,Rajgarhi,Khand,2024-02-25,60000.0,Action Pending,Unsanctioned,Lok Sabha,False,726,89bc0245e325ba60b8659fee2d127656,1
Mala Rajya Laxmi Shah,NA - Development of playfields and sports grounds,Normal/Others,Uttarakhand,TEHRI GARHWAL,DISTRICT COLLECTOR UTTARKASHI_IDA,,,Barnigad,Naugaun(Godar),2024-02-25,60000.0,Action Pending,Unsanctioned,Lok Sabha,False,727,c0fc7c358de3786200094b720c366245,1
Mala Rajya Laxmi Shah,NA - Development of playfields and sports grounds,Normal/Others,Uttarakhand,TEHRI GARHWAL,DISTRICT COLLECTOR UTTARKASHI_IDA,Naugaon,Naugaon (NP)- Naugaon Gaon Ward No.5,,,2024-02-25,50000.0,Action Pending,Unsanctioned,Lok Sabha,False,728,de7a824633d69c0a3d01483ef7a9355b,1
Mala Rajya Laxmi Shah,NA - Crematoriums or structures on burial/ cremation ground for public convenience,Normal/Others,Uttarakhand,TEHRI GARHWAL,DISTRICT COLLECTOR UTTARKASHI_IDA,,,Rajgarhi,Nagargaon,2024-02-25,50000.0,Action Pending,Unsanctioned,Lok Sabha,False,729,551dc2ffbda5f7545756c3fce4d5e7ba,1
Mala Rajya Laxmi Shah,NA - Construction of footpaths and pedestrian ways,Normal/Others,Uttarakhand,TEHRI GARHWAL,DISTRICT COLLECTOR UTTARKASHI_IDA,,,Rajgarhi,Kursil,2024-02-25,60000.0,Action Pending,Unsanctioned,Lok Sabha,False,730,7b28f6118c0377889415fc3bab0e0407,1
Ajay Tamta,"NA - Construction of roads, link roads, pathways or any other road with or without drainage system",Normal/Others,Uttarakhand,ALMORA(SC),DISTRICT MAGISTRATE ALMORA_IDA,,,Machhor,Dabhara Saural,2024-02-25,500000.0,Action Pending,Unsanctioned,Lok Sabha,False,731,2f17de83312387ca7629d2ca0c6b696b,1
Mala Rajya Laxmi Shah,NA - Development of playground,Normal/Others,Uttarakhand,TEHRI GARHWAL,DISTRICT COLLECTOR UTTARKASHI_IDA,,,Chinyali Saur,Jibya,2024-02-25,80000.0,Action Pending,Unsanctioned,Lok Sabha,False,732,0433acdb0d3ce84b90a16305de357c6a,1
Mala Rajya Laxmi Shah,NA - Construction of footpaths and pedestrian ways,Normal/Others,Uttarakhand,TEHRI GARHWAL,DISTRICT COLLECTOR UTTARKASHI_IDA,,,Chinyali Saur,Mani Bari,2024-02-25,80000.0,Action Pending,Unsanctioned,Lok Sabha,False,733,1148e1169a61c23aa0c8644f69221e05,1
Mala Rajya Laxmi Shah,NA - Construction of public irrigation facilities,Normal/Others,Uttarakhand,TEHRI GARHWAL,DISTRICT COLLECTOR UTTARKASHI_IDA,,,Chinyali Saur,Badsi,2024-02-25,50000.0,Action Pending,Unsanctioned,Lok Sabha,False,734,6081fbcd1893e611f5ee68f47a4504d0,1
Mala Rajya Laxmi Shah,NA - Construction of flood control embankments,Normal/Others,Uttarakhand,TEHRI GARHWAL,DISTRICT COLLECTOR UTTARKASHI_IDA,,,Chinyali Saur,Pujyar Gaon,2024-02-25,80000.0,Action Pending,Unsanctioned,Lok Sabha,False,735,25ee8dd690ec498bb76394989b59468c,1
Mala Rajya Laxmi Shah,NA - Construction of flood control embankments,Normal/Others,Uttarakhand,TEHRI GARHWAL,DISTRICT COLLECTOR UTTARKASHI_IDA,Chinyalisaur,Chinyalisaur (NP) - Ward No. 7,,,2024-02-25,80000.0,Action Pending,Unsanctioned,Lok Sabha,False,736,74257be52139fd845df0f7c247c72d15,1
Mala Rajya Laxmi Shah,NA - Providing supply pipelines for drinking water,Normal/Others,Uttarakhand,TEHRI GARHWAL,DISTRICT COLLECTOR UTTARKASHI_IDA,,,Chinyali Saur,Khand,2024-02-25,60000.0,Action Pending,Unsanctioned,Lok Sabha,False,737,e96be4b7c4a233a885c36aca80cea36a,1
Mala Rajya Laxmi Shah,NA - Construction of footpaths and pedestrian ways,Normal/Others,Uttarakhand,TEHRI GARHWAL,DISTRICT COLLECTOR UTTARKASHI_IDA,,,Chinyali Saur,Garat,2024-02-25,50000.0,Action Pending,Unsanctioned,Lok Sabha,False,738,2de94207d22598294ed8ab56813c6bb9,1
Smt Jaya Bachchan,NA - Lighting of public spaces,Normal/Others,Uttar Pradesh,Sitting Rajya Sabha,DISTRICT MAGISTRATE BHADOHI_IDA,,,Aurai,Dattipur,2024-02-25,543036.0,Action Pending,Unsanctioned,Rajya Sabha,False,739,1101eeb750a20d532690d6e3cd99fc1d,1
Smt Jaya Bachchan,NA - Lighting of public spaces,Normal/Others,Uttar Pradesh,Sitting Rajya Sabha,DISTRICT MAGISTRATE BHADOHI_IDA,,,Bhadohi,Pipris,2024-02-25,543036.0,Action Pending,Unsanctioned,Rajya Sabha,False,740,ab20e45fdf1fb4630f7352574a3dc674,1
Smt Jaya Bachchan,NA - Lighting of public spaces,Normal/Others,Uttar Pradesh,Sitting Rajya Sabha,DISTRICT MAGISTRATE BHADOHI_IDA,,,Bhadohi,Kom,2024-02-25,543036.0,Action Pending,Unsanctioned,Rajya Sabha,False,741,1a8571df560deb900d952cb100a9d183,1
