mp_name,work,category,state,constituency,ida,city,ward,block,village,recommended_date,allocation_amount,ida_approval,status,house,allocation_amount_is_missing,original_row_index,exact_duplicate_group_id,duplicate_occurrence_count,normalized_work_text,work_text_length,work_word_count,work_unique_word_count,work_type,work_has_road_keyword,work_has_building_keyword,work_has_water_keyword,work_has_electrical_keyword,work_has_school_keyword,work_has_health_keyword,work_has_drainage_keyword,work_has_repair_keyword,allocation_amount_log,allocation_amount_percentile_global,peer_state_count,peer_state_median_amount,peer_state_mean_amount,peer_state_std_amount,amount_vs_peer_state_median,amount_zscore_peer_state,peer_house_count,peer_house_median_amount,peer_house_mean_amount,peer_house_std_amount,amount_vs_peer_house_median,amount_zscore_peer_house,peer_mp_name_count,peer_mp_name_median_amount,peer_mp_name_mean_amount,peer_mp_name_std_amount,amount_vs_peer_mp_name_median,amount_zscore_peer_mp_name,peer_constituency_count,peer_constituency_median_amount,peer_constituency_mean_amount,peer_constituency_std_amount,amount_vs_peer_constituency_median,amount_zscore_peer_constituency,peer_ida_count,peer_ida_median_amount,peer_ida_mean_amount,peer_ida_std_amount,amount_vs_peer_ida_median,amount_zscore_peer_ida,peer_work_type_count,peer_work_type_median_amount,peer_work_type_mean_amount,peer_work_type_std_amount,amount_vs_peer_work_type_median,amount_zscore_peer_work_type,recommendation_year,recommendation_month,recommendation_quarter,recommendation_day_of_week,recommendation_day_of_month,mp_recommendations_in_month,constituency_recommendations_in_month,mp_recommendations_rolling_30d,constituency_recommendations_rolling_30d,has_city,has_ward,has_block,has_village,location_completeness_score,location_key,mp_work_count,constituency_work_count,state_work_count,ida_work_count,is_exact_duplicate,blocking_key_work_type_state,blocking_key_work_type_constituency
Manoj Rajoria,NA - Installing community drinking water plants,Normal/Others,Rajasthan,KARAULI-DHOLPUR(SC),DISTRICT COLLECTOR DHOLPUR_IDA,,,Rajakhera,Nadauli,2024-03-04,100000.0,Action Pending,Unsanctioned,Lok Sabha,False,0,bae6262d028046f9491a6b710b330c84,1,na installing community drinking water plants,47,6,6,water,False,False,True,False,False,False,False,False,11.51293546492023,0.3059299191374663,52,600000.0,589519.2307692308,331627.6254715027,0.16666666666666666,-1.476111135413524,492,430000.0,471904.2174796748,412350.68459874584,0.23255813953488372,-0.9019124530897067,11,600000.0,609090.9090909091,538896.1782283216,0.16666666666666666,-0.944692001276757,11,600000.0,609090.9090909091,538896.1782283216,0.16666666666666666,-0.944692001276757,9,600000.0,483333.3333333333,308220.7001484488,0.16666666666666666,-1.2436975620025128,188,63275.0,95541.96808510639,125413.82079489212,1.5804030027657052,0.03554657602039327,2024,3,1,0,4,11,11,11,11,False,False,True,True,0.6666666666666666,Rajasthan|KARAULI-DHOLPUR(SC)|||Rajakhera|Nadauli,11,11,52,9,False,water_rajasthan,water_karauli-dholpur(sc)
Mr Gopal Jee Thakur,NA - Street lights,Normal/Others,Bihar,DARBHANGA,DISTRICT MAGISTRATE DARBANGA_IDA,,,Manigachhi,Jagdishpur,2024-03-04,487000.0,Action Pending,Unsanctioned,Lok Sabha,False,1,3f9fa1d04019777aeffb5afbdc42abe8,1,na street lights,18,3,3,electrical,False,False,False,True,False,False,False,False,13.096021455450709,0.6388140161725068,25,487000.0,477040.0,69333.42147430294,1.0,0.14365366353211742,492,430000.0,471904.2174796748,412350.68459874584,1.1325581395348838,0.036609088050902024,22,487000.0,487545.45454545453,2558.408596267323,1.0,-0.21320071635560442,22,487000.0,487545.45454545453,2558.408596267323,1.0,-0.21320071635560442,22,487000.0,487545.45454545453,2558.408596267323,1.0,-0.21320071635560442,145,430000.0,386886.22068965517,275909.89582542237,1.1325581395348838,0.36284954191599655,2024,3,1,0,4,22,22,12,12,False,False,True,True,0.6666666666666666,Bihar|DARBHANGA|||Manigachhi|Jagdishpur,22,22,25,22,False,electrical_bihar,electrical_darbhanga
Manoj Rajoria,"NA - Construction of roads, link roads, pathways or any other road with or without drainage system",Normal/Others,Rajasthan,KARAULI-DHOLPUR(SC),DISTRICT COLLECTOR DHOLPUR_IDA,,,Sepau,Kaithri,2024-03-04,500000.0,Action Pending,Unsanctioned,Lok Sabha,False,2,ca5d5e8da71b05d6600360e167c7c0cc,1,na construction of roads link roads pathways or any other road with or without drainage system,98,16,14,road,True,False,False,False,False,False,True,False,13.122365377402328,0.7277628032345014,52,600000.0,589519.2307692308,331627.6254715027,0.8333333333333334,-0.26993900354939904,492,430000.0,471904.2174796748,412350.68459874584,1.1627906976744187,0.06813565144839016,11,600000.0,609090.9090909091,538896.1782283216,0.8333333333333334,-0.20243400027359074,11,600000.0,609090.9090909091,538896.1782283216,0.8333333333333334,-0.20243400027359074,9,600000.0,483333.3333333333,308220.7001484488,0.8333333333333334,0.05407380704358758,147,500000.0,549006.8027210884,314411.18040611234,1.0,-0.15586851160250814,2024,3,1,0,4,11,11,3,3,False,False,True,True,0.6666666666666666,Rajasthan|KARAULI-DHOLPUR(SC)|||Sepau|Kaithri,11,11,52,9,False,road_rajasthan,road_karauli-dholpur(sc)
Mr Gopal Jee Thakur,NA - Street lights,Normal/Others,Bihar,DARBHANGA,DISTRICT MAGISTRATE DARBANGA_IDA,,,Manigachhi,Chandaur,2024-03-04,487000.0,Action Pending,Unsanctioned,Lok Sabha,False,3,07f8da7d69458f84e8e89564ef22eaca,1,na street lights,18,3,3,electrical,False,False,False,True,False,False,False,False,13.096021455450709,0.6388140161725068,25,487000.0,477040.0,69333.42147430294,1.0,0.14365366353211742,492,430000.0,471904.2174796748,412350.68459874584,1.1325581395348838,0.036609088050902024,22,487000.0,487545.45454545453,2558.408596267323,1.0,-0.21320071635560442,22,487000.0,487545.45454545453,2558.408596267323,1.0,-0.21320071635560442,22,487000.0,487545.45454545453,2558.408596267323,1.0,-0.21320071635560442,145,430000.0,386886.22068965517,275909.89582542237,1.1325581395348838,0.36284954191599655,2024,3,1,0,4,22,22,11,11,False,False,True,True,0.6666666666666666,Bihar|DARBHANGA|||Manigachhi|Chandaur,22,22,25,22,False,electrical_bihar,electrical_darbhanga
Mr Gopal Jee Thakur,NA - Street lights,Normal/Others,Bihar,DARBHANGA,DISTRICT MAGISTRATE DARBANGA_IDA,,,Manigachhi,Kotma,2024-03-04,487000.0,Action Pending,Unsanctioned,Lok Sabha,False,4,0a3618113dd79a2c52c3499bbef3e1b8,1,na street lights,18,3,3,electrical,False,False,False,True,False,False,False,False,13.096021455450709,0.6388140161725068,25,487000.0,477040.0,69333.42147430294,1.0,0.14365366353211742,492,430000.0,471904.2174796748,412350.68459874584,1.1325581395348838,0.036609088050902024,22,487000.0,487545.45454545453,2558.408596267323,1.0,-0.21320071635560442,22,487000.0,487545.45454545453,2558.408596267323,1.0,-0.21320071635560442,22,487000.0,487545.45454545453,2558.408596267323,1.0,-0.21320071635560442,145,430000.0,386886.22068965517,275909.89582542237,1.1325581395348838,0.36284954191599655,2024,3,1,0,4,22,22,10,10,False,False,True,True,0.6666666666666666,Bihar|DARBHANGA|||Manigachhi|Kotma,22,22,25,22,False,electrical_bihar,electrical_darbhanga
Mr Gopal Jee Thakur,NA - Street lights,Normal/Others,Bihar,DARBHANGA,DISTRICT MAGISTRATE DARBANGA_IDA,,,Manigachhi,Lehara,2024-03-04,487000.0,Action Pending,Unsanctioned,Lok Sabha,False,5,946f528f7d2bfd3b0b037d78163342cc,1,na street lights,18,3,3,electrical,False,False,False,True,False,False,False,False,13.096021455450709,0.6388140161725068,25,487000.0,477040.0,69333.42147430294,1.0,0.14365366353211742,492,430000.0,471904.2174796748,412350.68459874584,1.1325581395348838,0.036609088050902024,22,487000.0,487545.45454545453,2558.408596267323,1.0,-0.21320071635560442,22,487000.0,487545.45454545453,2558.408596267323,1.0,-0.21320071635560442,22,487000.0,487545.45454545453,2558.408596267323,1.0,-0.21320071635560442,145,430000.0,386886.22068965517,275909.89582542237,1.1325581395348838,0.36284954191599655,2024,3,1,0,4,22,22,9,9,False,False,True,True,0.6666666666666666,Bihar|DARBHANGA|||Manigachhi|Lehara,22,22,25,22,False,electrical_bihar,electrical_darbhanga
Mr Gopal Jee Thakur,NA - Street lights,Normal/Others,Bihar,DARBHANGA,DISTRICT MAGISTRATE DARBANGA_IDA,,,Manigachhi,Belaur,2024-03-04,487000.0,Action Pending,Unsanctioned,Lok Sabha,False,6,82747796bcb142bd933b9ee106bd2f58,1,na street lights,18,3,3,electrical,False,False,False,True,False,False,False,False,13.096021455450709,0.6388140161725068,25,487000.0,477040.0,69333.42147430294,1.0,0.14365366353211742,492,430000.0,471904.2174796748,412350.68459874584,1.1325581395348838,0.036609088050902024,22,487000.0,487545.45454545453,2558.408596267323,1.0,-0.21320071635560442,22,487000.0,487545.45454545453,2558.408596267323,1.0,-0.21320071635560442,22,487000.0,487545.45454545453,2558.408596267323,1.0,-0.21320071635560442,145,430000.0,386886.22068965517,275909.89582542237,1.1325581395348838,0.36284954191599655,2024,3,1,0,4,22,22,8,8,False,False,True,True,0.6666666666666666,Bihar|DARBHANGA|||Manigachhi|Belaur,22,22,25,22,False,electrical_bihar,electrical_darbhanga
Mr Gopal Jee Thakur,NA - Street lights,Normal/Others,Bihar,DARBHANGA,DISTRICT MAGISTRATE DARBANGA_IDA,,,Manigachhi,Raghopur,2024-03-04,487000.0,Action Pending,Unsanctioned,Lok Sabha,False,7,92a5238e658f82d5db48ddcac5f8d7a6,4,na street lights,18,3,3,electrical,False,False,False,True,False,False,False,False,13.096021455450709,0.6388140161725068,25,487000.0,477040.0,69333.42147430294,1.0,0.14365366353211742,492,430000.0,471904.2174796748,412350.68459874584,1.1325581395348838,0.036609088050902024,22,487000.0,487545.45454545453,2558.408596267323,1.0,-0.21320071635560442,22,487000.0,487545.45454545453,2558.408596267323,1.0,-0.21320071635560442,22,487000.0,487545.45454545453,2558.408596267323,1.0,-0.21320071635560442,145,430000.0,386886.22068965517,275909.89582542237,1.1325581395348838,0.36284954191599655,2024,3,1,0,4,22,22,14,14,False,False,True,True,0.6666666666666666,Bihar|DARBHANGA|||Manigachhi|Raghopur,22,22,25,22,True,electrical_bihar,electrical_darbhanga
Mr Gopal Jee Thakur,NA - Street lights,Normal/Others,Bihar,DARBHANGA,DISTRICT MAGISTRATE DARBANGA_IDA,,,Manigachhi,Raghopur,2024-03-04,487000.0,Action Pending,Unsanctioned,Lok Sabha,False,8,92a5238e658f82d5db48ddcac5f8d7a6,4,na street lights,18,3,3,electrical,False,False,False,True,False,False,False,False,13.096021455450709,0.6388140161725068,25,487000.0,477040.0,69333.42147430294,1.0,0.14365366353211742,492,430000.0,471904.2174796748,412350.68459874584,1.1325581395348838,0.036609088050902024,22,487000.0,487545.45454545453,2558.408596267323,1.0,-0.21320071635560442,22,487000.0,487545.45454545453,2558.408596267323,1.0,-0.21320071635560442,22,487000.0,487545.45454545453,2558.408596267323,1.0,-0.21320071635560442,145,430000.0,386886.22068965517,275909.89582542237,1.1325581395348838,0.36284954191599655,2024,3,1,0,4,22,22,7,7,False,False,True,True,0.6666666666666666,Bihar|DARBHANGA|||Manigachhi|Raghopur,22,22,25,22,True,electrical_bihar,electrical_darbhanga
Mr Gopal Jee Thakur,NA - Street lights,Normal/Others,Bihar,DARBHANGA,DISTRICT MAGISTRATE DARBANGA_IDA,,,Manigachhi,Barhampura,2024-03-04,487000.0,Action Pending,Unsanctioned,Lok Sabha,False,9,06648abbc2921e3186e17bffbbd0af4e,1,na street lights,18,3,3,electrical,False,False,False,True,False,False,False,False,13.096021455450709,0.6388140161725068,25,487000.0,477040.0,69333.42147430294,1.0,0.14365366353211742,492,430000.0,471904.2174796748,412350.68459874584,1.1325581395348838,0.036609088050902024,22,487000.0,487545.45454545453,2558.408596267323,1.0,-0.21320071635560442,22,487000.0,487545.45454545453,2558.408596267323,1.0,-0.21320071635560442,22,487000.0,487545.45454545453,2558.408596267323,1.0,-0.21320071635560442,145,430000.0,386886.22068965517,275909.89582542237,1.1325581395348838,0.36284954191599655,2024,3,1,0,4,22,22,2,2,False,False,True,True,0.6666666666666666,Bihar|DARBHANGA|||Manigachhi|Barhampura,22,22,25,22,False,electrical_bihar,electrical_darbhanga
Mr Gopal Jee Thakur,NA - Street lights,Normal/Others,Bihar,DARBHANGA,DISTRICT MAGISTRATE DARBANGA_IDA,,,Manigachhi,Tatuar,2024-03-04,487000.0,Action Pending,Unsanctioned,Lok Sabha,False,10,0decf1610f5c48c7e10799b79f2357bd,1,na street lights,18,3,3,electrical,False,False,False,True,False,False,False,False,13.096021455450709,0.6388140161725068,25,487000.0,477040.0,69333.42147430294,1.0,0.14365366353211742,492,430000.0,471904.2174796748,412350.68459874584,1.1325581395348838,0.036609088050902024,22,487000.0,487545.45454545453,2558.408596267323,1.0,-0.21320071635560442,22,487000.0,487545.45454545453,2558.408596267323,1.0,-0.21320071635560442,22,487000.0,487545.45454545453,2558.408596267323,1.0,-0.21320071635560442,145,430000.0,386886.22068965517,275909.89582542237,1.1325581395348838,0.36284954191599655,2024,3,1,0,4,22,22,6,6,False,False,True,True,0.6666666666666666,Bihar|DARBHANGA|||Manigachhi|Tatuar,22,22,25,22,False,electrical_bihar,electrical_darbhanga
Mr Gopal Jee Thakur,NA - Street lights,Normal/Others,Bihar,DARBHANGA,DISTRICT MAGISTRATE DARBANGA_IDA,,,Manigachhi,Raghopur,2024-03-04,487000.0,Action Pending,Unsanctioned,Lok Sabha,False,11,92a5238e658f82d5db48ddcac5f8d7a6,4,na street lights,18,3,3,electrical,False,False,False,True,False,False,False,False,13.096021455450709,0.6388140161725068,25,487000.0,477040.0,69333.42147430294,1.0,0.14365366353211742,492,430000.0,471904.2174796748,412350.68459874584,1.1325581395348838,0.036609088050902024,22,487000.0,487545.45454545453,2558.408596267323,1.0,-0.21320071635560442,22,487000.0,487545.45454545453,2558.408596267323,1.0,-0.21320071635560442,22,487000.0,487545.45454545453,2558.408596267323,1.0,-0.21320071635560442,145,430000.0,386886.22068965517,275909.89582542237,1.1325581395348838,0.36284954191599655,2024,3,1,0,4,22,22,5,5,False,False,True,True,0.6666666666666666,Bihar|DARBHANGA|||Manigachhi|Raghopur,22,22,25,22,True,electrical_bihar,electrical_darbhanga
Mr Gopal Jee Thakur,NA - Street lights,Normal/Others,Bihar,DARBHANGA,DISTRICT MAGISTRATE DARBANGA_IDA,,,Tardih,Kokraha,2024-03-04,487000.0,Action Pending,Unsanctioned,Lok Sabha,False,12,70837998dda51943c97897fe609dca31,1,na street lights,18,3,3,electrical,False,False,False,True,False,False,False,False,13.096021455450709,0.6388140161725068,25,487000.0,477040.0,69333.42147430294,1.0,0.14365366353211742,492,430000.0,471904.2174796748,412350.68459874584,1.1325581395348838,0.036609088050902024,22,487000.0,487545.45454545453,2558.408596267323,1.0,-0.21320071635560442,22,487000.0,487545.45454545453,2558.408596267323,1.0,-0.21320071635560442,22,487000.0,487545.45454545453,2558.408596267323,1.0,-0.21320071635560442,145,430000.0,386886.22068965517,275909.89582542237,1.1325581395348838,0.36284954191599655,2024,3,1,0,4,22,22,4,4,False,False,True,True,0.6666666666666666,Bihar|DARBHANGA|||Tardih|Kokraha,22,22,25,22,False,electrical_bihar,electrical_darbhanga
Mr Gopal Jee Thakur,NA - Street lights,Normal/Others,Bihar,DARBHANGA,DISTRICT MAGISTRATE DARBANGA_IDA,,,Darbhanga,Siso,2024-03-04,487000.0,Action Pending,Unsanctioned,Lok Sabha,False,13,042322adc195e48b12d981852a1a90d5,1,na street lights,18,3,3,electrical,False,False,False,True,False,False,False,False,13.096021455450709,0.6388140161725068,25,487000.0,477040.0,69333.42147430294,1.0,0.14365366353211742,492,430000.0,471904.2174796748,412350.68459874584,1.1325581395348838,0.036609088050902024,22,487000.0,487545.45454545453,2558.408596267323,1.0,-0.21320071635560442,22,487000.0,487545.45454545453,2558.408596267323,1.0,-0.21320071635560442,22,487000.0,487545.45454545453,2558.408596267323,1.0,-0.21320071635560442,145,430000.0,386886.22068965517,275909.89582542237,1.1325581395348838,0.36284954191599655,2024,3,1,0,4,22,22,3,3,False,False,True,True,0.6666666666666666,Bihar|DARBHANGA|||Darbhanga|Siso,22,22,25,22,False,electrical_bihar,electrical_darbhanga
Mr Gopal Jee Thakur,NA - Street lights,Normal/Others,Bihar,DARBHANGA,DISTRICT MAGISTRATE DARBANGA_IDA,,,Darbhanga,Sara Mahamad,2024-03-04,487000.0,Action Pending,Unsanctioned,Lok Sabha,False,14,22892e16ba21d5ae15ac2fece9564c00,1,na street lights,18,3,3,electrical,False,False,False,True,False,False,False,False,13.096021455450709,0.6388140161725068,25,487000.0,477040.0,69333.42147430294,1.0,0.14365366353211742,492,430000.0,471904.2174796748,412350.68459874584,1.1325581395348838,0.036609088050902024,22,487000.0,487545.45454545453,2558.408596267323,1.0,-0.21320071635560442,22,487000.0,487545.45454545453,2558.408596267323,1.0,-0.21320071635560442,22,487000.0,487545.45454545453,2558.408596267323,1.0,-0.21320071635560442,145,430000.0,386886.22068965517,275909.89582542237,1.1325581395348838,0.36284954191599655,2024,3,1,0,4,22,22,1,1,False,False,True,True,0.6666666666666666,Bihar|DARBHANGA|||Darbhanga|Sara Mahamad,22,22,25,22,False,electrical_bihar,electrical_darbhanga
Mr Gopal Jee Thakur,NA - Street lights,Normal/Others,Bihar,DARBHANGA,DISTRICT MAGISTRATE DARBANGA_IDA,,,Darbhanga,Basdeopur,2024-03-04,487000.0,Action Pending,Unsanctioned,Lok Sabha,False,15,291e116cf5412f0404584e64f8f019d9,1,na street lights,18,3,3,electrical,False,False,False,True,False,False,False,False,13.096021455450709,0.6388140161725068,25,487000.0,477040.0,69333.42147430294,1.0,0.14365366353211742,492,430000.0,471904.2174796748,412350.68459874584,1.1325581395348838,0.036609088050902024,22,487000.0,487545.45454545453,2558.408596267323,1.0,-0.21320071635560442,22,487000.0,487545.45454545453,2558.408596267323,1.0,-0.21320071635560442,22,487000.0,487545.45454545453,2558.408596267323,1.0,-0.21320071635560442,145,430000.0,386886.22068965517,275909.89582542237,1.1325581395348838,0.36284954191599655,2024,3,1,0,4,22,22,13,13,False,False,True,True,0.6666666666666666,Bihar|DARBHANGA|||Darbhanga|Basdeopur,22,22,25,22,False,electrical_bihar,electrical_darbhanga
Mr Gopal Jee Thakur,NA - Street lights,Normal/Others,Bihar,DARBHANGA,DISTRICT MAGISTRATE DARBANGA_IDA,,,Darbhanga,Shahbazpur,2024-03-04,487000.0,Action Pending,Unsanctioned,Lok Sabha,False,16,3cb6cdb32cde2050d3aab5c2c13a734a,1,na street lights,18,3,3,electrical,False,False,False,True,False,False,False,False,13.096021455450709,0.6388140161725068,25,487000.0,477040.0,69333.42147430294,1.0,0.14365366353211742,492,430000.0,471904.2174796748,412350.68459874584,1.1325581395348838,0.036609088050902024,22,487000.0,487545.45454545453,2558.408596267323,1.0,-0.21320071635560442,22,487000.0,487545.45454545453,2558.408596267323,1.0,-0.21320071635560442,22,487000.0,487545.45454545453,2558.408596267323,1.0,-0.21320071635560442,145,430000.0,386886.22068965517,275909.89582542237,1.1325581395348838,0.36284954191599655,2024,3,1,0,4,22,22,15,15,False,False,True,True,0.6666666666666666,Bihar|DARBHANGA|||Darbhanga|Shahbazpur,22,22,25,22,False,electrical_bihar,electrical_darbhanga
Mr Gopal Jee Thakur,NA - Street lights,Normal/Others,Bihar,DARBHANGA,DISTRICT MAGISTRATE DARBANGA_IDA,,,Darbhanga,Khutwara,2024-03-04,487000.0,Action Pending,Unsanctioned,Lok Sabha,False,17,9b81ce9a3e8f96c20d667e269d7973bf,1,na street lights,18,3,3,electrical,False,False,False,True,False,False,False,False,13.096021455450709,0.6388140161725068,25,487000.0,477040.0,69333.42147430294,1.0,0.14365366353211742,492,430000.0,471904.2174796748,412350.68459874584,1.1325581395348838,0.036609088050902024,22,487000.0,487545.45454545453,2558.408596267323,1.0,-0.21320071635560442,22,487000.0,487545.45454545453,2558.408596267323,1.0,-0.21320071635560442,22,487000.0,487545.45454545453,2558.408596267323,1.0,-0.21320071635560442,145,430000.0,386886.22068965517,275909.89582542237,1.1325581395348838,0.36284954191599655,2024,3,1,0,4,22,22,22,22,False,False,True,True,0.6666666666666666,Bihar|DARBHANGA|||Darbhanga|Khutwara,22,22,25,22,False,electrical_bihar,electrical_darbhanga
Pradyut Bordoloi,NA - Setting up public non-conventional energy plants,Normal/Others,Assam,NOWGONG,DEPUTY COMMISSIONER NOWGONG_IDA,,,Nagaon,Town Nagaon,2024-03-04,500000.0,Action Pending,Unsanctioned,Lok Sabha,False,18,fd3ca49c77ad6ef4a811efd43ca7d467,1,na setting up public non conventional energy plants,53,8,8,electrical,False,False,False,True,False,False,False,False,13.122365377402328,0.7277628032345014,7,400000.0,400000.0,100000.0,1.25,1.0,492,430000.0,471904.2174796748,412350.68459874584,1.1627906976744187,0.06813565144839016,4,,,,,,4,,,,,,4,,,,,,145,430000.0,386886.22068965517,275909.89582542237,1.1627906976744187,0.40996637315943096,2024,3,1,0,4,4,4,1,1,False,False,True,True,0.6666666666666666,Assam|NOWGONG|||Nagaon|Town Nagaon,4,4,7,4,False,electrical_assam,electrical_nowgong
Pradyut Bordoloi,NA - Construction of boundary walls of existing public and community buildings,Normal/Others,Assam,NOWGONG,DEPUTY COMMISSIONER NOWGONG_IDA,,,Nagaon,Majarati,2024-03-04,300000.0,Action Pending,Unsanctioned,Lok Sabha,False,19,993fae8e5c1dd8a0b4598358ae38e695,1,na construction of boundary walls of existing public and community buildings,78,11,10,building,False,True,False,False,False,False,False,False,12.611541086966115,0.488544474393531,7,400000.0,400000.0,100000.0,0.75,-1.0,492,430000.0,471904.2174796748,412350.68459874584,0.6976744186046512,-0.41688840082065826,4,,,,,,4,,,,,,4,,,,,,197,500000.0,630154.3248730964,588758.041654943,0.6,-0.5607640176685552,2024,3,1,0,4,4,4,4,4,False,False,True,True,0.6666666666666666,Assam|NOWGONG|||Nagaon|Majarati,4,4,7,4,False,building_assam,building_nowgong
Pradyut Bordoloi,NA - Construction of community centers and community halls,Normal/Others,Assam,NOWGONG,DEPUTY COMMISSIONER NOWGONG_IDA,,,Nagaon,Town Nagaon,2024-03-04,500000.0,Action Pending,Unsanctioned,Lok Sabha,False,20,3a745285ead9b665e707961238fd2634,1,na construction of community centers and community halls,58,8,7,building,False,True,False,False,False,False,False,False,13.122365377402328,0.7277628032345014,7,400000.0,400000.0,100000.0,1.25,1.0,492,430000.0,471904.2174796748,412350.68459874584,1.1627906976744187,0.06813565144839016,4,,,,,,4,,,,,,4,,,,,,197,500000.0,630154.3248730964,588758.041654943,1.0,-0.2210658974733406,2024,3,1,0,4,4,4,3,3,False,False,True,True,0.6666666666666666,Assam|NOWGONG|||Nagaon|Town Nagaon,4,4,7,4,False,building_assam,building_nowgong
Pradyut Bordoloi,NA - Construction of boundary walls of existing public and community buildings,Normal/Others,Assam,NOWGONG,DEPUTY COMMISSIONER NOWGONG_IDA,,,Nagaon,Barbheti,2024-03-04,300000.0,Action Pending,Unsanctioned,Lok Sabha,False,21,80c535f7cbef6638c7cc457fcd2c88df,1,na construction of boundary walls of existing public and community buildings,78,11,10,building,False,True,False,False,False,False,False,False,12.611541086966115,0.488544474393531,7,400000.0,400000.0,100000.0,0.75,-1.0,492,430000.0,471904.2174796748,412350.68459874584,0.6976744186046512,-0.41688840082065826,4,,,,,,4,,,,,,4,,,,,,197,500000.0,630154.3248730964,588758.041654943,0.6,-0.5607640176685552,2024,3,1,0,4,4,4,2,2,False,False,True,True,0.6666666666666666,Assam|NOWGONG|||Nagaon|Barbheti,4,4,7,4,False,building_assam,building_nowgong
Manoj Rajoria,NA - Installing community drinking water plants,Normal/Others,Rajasthan,KARAULI-DHOLPUR(SC),DISTRICT COLLECTOR DHOLPUR_IDA,,,Sepau,Kookara,2024-03-04,600000.0,Action Pending,Unsanctioned,Lok Sabha,False,22,1218a5c267fed578ffe8588c5cbd082a,1,na installing community drinking water plants,47,6,6,water,False,False,True,False,False,False,False,False,13.304686600863562,0.8160377358490566,52,600000.0,589519.2307692308,331627.6254715027,1.0,0.03160402941663217,492,430000.0,471904.2174796748,412350.68459874584,1.3953488372093024,0.3106476775829144,11,600000.0,609090.9090909091,538896.1782283216,1.0,-0.016869500022799175,11,600000.0,609090.9090909091,538896.1782283216,1.0,-0.016869500022799175,9,600000.0,483333.3333333333,308220.7001484488,1.0,0.37851664930511264,188,63275.0,95541.96808510639,125413.82079489212,9.482418016594231,4.022348005327968,2024,3,1,0,4,11,11,10,10,False,False,True,True,0.6666666666666666,Rajasthan|KARAULI-DHOLPUR(SC)|||Sepau|Kookara,11,11,52,9,False,water_rajasthan,water_karauli-dholpur(sc)
Mr Gopal Jee Thakur,NA - Street lights,Normal/Others,Bihar,DARBHANGA,DISTRICT MAGISTRATE DARBANGA_IDA,,,Manigachhi,Raghopur,2024-03-04,487000.0,Action Pending,Unsanctioned,Lok Sabha,False,23,92a5238e658f82d5db48ddcac5f8d7a6,4,na street lights,18,3,3,electrical,False,False,False,True,False,False,False,False,13.096021455450709,0.6388140161725068,25,487000.0,477040.0,69333.42147430294,1.0,0.14365366353211742,492,430000.0,471904.2174796748,412350.68459874584,1.1325581395348838,0.036609088050902024,22,487000.0,487545.45454545453,2558.408596267323,1.0,-0.21320071635560442,22,487000.0,487545.45454545453,2558.408596267323,1.0,-0.21320071635560442,22,487000.0,487545.45454545453,2558.408596267323,1.0,-0.21320071635560442,145,430000.0,386886.22068965517,275909.89582542237,1.1325581395348838,0.36284954191599655,2024,3,1,0,4,22,22,21,21,False,False,True,True,0.6666666666666666,Bihar|DARBHANGA|||Manigachhi|Raghopur,22,22,25,22,True,electrical_bihar,electrical_darbhanga
Manoj Rajoria,NA - Installing community drinking water plants,Normal/Others,Rajasthan,KARAULI-DHOLPUR(SC),DISTRICT COLLECTOR DHOLPUR_IDA,,,Sepau,Sepau 2,2024-03-04,100000.0,Action Pending,Unsanctioned,Lok Sabha,False,24,b93b18de32f2cf002aba695cb735266a,1,na installing community drinking water plants,47,6,6,water,False,False,True,False,False,False,False,False,11.51293546492023,0.3059299191374663,52,600000.0,589519.2307692308,331627.6254715027,0.16666666666666666,-1.476111135413524,492,430000.0,471904.2174796748,412350.68459874584,0.23255813953488372,-0.9019124530897067,11,600000.0,609090.9090909091,538896.1782283216,0.16666666666666666,-0.944692001276757,11,600000.0,609090.9090909091,538896.1782283216,0.16666666666666666,-0.944692001276757,9,600000.0,483333.3333333333,308220.7001484488,0.16666666666666666,-1.2436975620025128,188,63275.0,95541.96808510639,125413.82079489212,1.5804030027657052,0.03554657602039327,2024,3,1,0,4,11,11,9,9,False,False,True,True,0.6666666666666666,Rajasthan|KARAULI-DHOLPUR(SC)|||Sepau|Sepau 2,11,11,52,9,False,water_rajasthan,water_karauli-dholpur(sc)
Manoj Rajoria,NA - Installing community drinking water plants,Normal/Others,Rajasthan,KARAULI-DHOLPUR(SC),DISTRICT COLLECTOR DHOLPUR_IDA,,,Bari,Norha,2024-03-04,600000.0,Action Pending,Unsanctioned,Lok Sabha,False,25,fa349ace5edf7b8265f674809c036989,1,na installing community drinking water plants,47,6,6,water,False,False,True,False,False,False,False,False,13.304686600863562,0.8160377358490566,52,600000.0,589519.2307692308,331627.6254715027,1.0,0.03160402941663217,492,430000.0,471904.2174796748,412350.68459874584,1.3953488372093024,0.3106476775829144,11,600000.0,609090.9090909091,538896.1782283216,1.0,-0.016869500022799175,11,600000.0,609090.9090909091,538896.1782283216,1.0,-0.016869500022799175,9,600000.0,483333.3333333333,308220.7001484488,1.0,0.37851664930511264,188,63275.0,95541.96808510639,125413.82079489212,9.482418016594231,4.022348005327968,2024,3,1,0,4,11,11,8,8,False,False,True,True,0.6666666666666666,Rajasthan|KARAULI-DHOLPUR(SC)|||Bari|Norha,11,11,52,9,False,water_rajasthan,water_karauli-dholpur(sc)
Manoj Rajoria,"NA - Construction of roads, link roads, pathways or any other road with or without drainage system",Normal/Others,Rajasthan,KARAULI-DHOLPUR(SC),DISTRICT COLLECTOR DHOLPUR_IDA,,,Rajakhera,Rahsena,2024-03-04,1000000.0,Action Pending,Unsanctioned,Lok Sabha,False,26,981b26cb3ee378931885ca02afe42c28,1,na construction of roads link roads pathways or any other road with or without drainage system,98,16,14,road,True,False,False,False,False,False,True,False,13.815511557963774,0.9420485175202157,52,600000.0,589519.2307692308,331627.6254715027,1.6666666666666667,1.2377761612807572,492,430000.0,471904.2174796748,412350.68459874584,2.3255813953488373,1.280695782121011,11,600000.0,609090.9090909091,538896.1782283216,1.6666666666666667,0.7253885009803671,11,600000.0,609090.9090909091,538896.1782283216,1.6666666666666667,0.7253885009803671,9,600000.0,483333.3333333333,308220.7001484488,1.6666666666666667,1.676288018351213,147,500000.0,549006.8027210884,314411.18040611234,2.0,1.4344057253192515,2024,3,1,0,4,11,11,7,7,False,False,True,True,0.6666666666666666,Rajasthan|KARAULI-DHOLPUR(SC)|||Rajakhera|Rahsena,11,11,52,9,False,road_rajasthan,road_karauli-dholpur(sc)
Mr Gopal Jee Thakur,"NA - Construction of roads, link roads, pathways or any other road with or without drainage system",Normal/Others,Bihar,DARBHANGA,DISTRICT MAGISTRATE DARBANGA_IDA,,,DARBHANGA,Dularpur,2024-03-04,499000.0,Action Pending,Unsanctioned,Lok Sabha,False,27,1689e9495ea3a5a8198e7a1cbcd0b3a0,1,na construction of roads link roads pathways or any other road with or without drainage system,98,16,14,road,True,False,False,False,False,False,True,False,13.120363378739663,0.6563342318059299,25,487000.0,477040.0,69333.42147430294,1.0246406570841888,0.3167303665828613,492,430000.0,471904.2174796748,412350.68459874584,1.1604651162790698,0.06571053118704492,22,487000.0,487545.45454545453,2558.408596267323,1.0246406570841888,4.4772150434678295,22,487000.0,487545.45454545453,2558.408596267323,1.0246406570841888,4.4772150434678295,22,487000.0,487545.45454545453,2558.408596267323,1.0246406570841888,4.4772150434678295,147,500000.0,549006.8027210884,314411.18040611234,0.998,-0.15904906007635167,2024,3,1,0,4,22,22,20,20,False,False,True,True,0.6666666666666666,Bihar|DARBHANGA|||DARBHANGA|Dularpur,22,22,25,22,False,road_bihar,road_darbhanga
Manoj Rajoria,NA - Installing community drinking water plants,Normal/Others,Rajasthan,KARAULI-DHOLPUR(SC),DISTRICT COLLECTOR DHOLPUR_IDA,Dhaulpur,Dhaulpur (M) - Ward No.10,,,2024-03-04,150000.0,Action Pending,Unsanctioned,Lok Sabha,False,28,13ea81d5c88a31de2e0cc8f4838b8114,1,na installing community drinking water plants,47,6,6,water,False,False,True,False,False,False,False,False,11.918397239722838,0.33962264150943394,52,600000.0,589519.2307692308,331627.6254715027,0.25,-1.3253396189305084,492,430000.0,471904.2174796748,412350.68459874584,0.3488372093023256,-0.7806564400224446,11,600000.0,609090.9090909091,538896.1782283216,0.25,-0.8519097511513612,11,600000.0,609090.9090909091,538896.1782283216,0.25,-0.8519097511513612,9,600000.0,483333.3333333333,308220.7001484488,0.25,-1.0814761408717501,188,63275.0,95541.96808510639,125413.82079489212,2.3706045041485577,0.4342267189511508,2024,3,1,0,4,11,11,6,6,True,True,False,False,0.6666666666666666,Rajasthan|KARAULI-DHOLPUR(SC)|Dhaulpur|Dhaulpur (M) - Ward No.10||,11,11,52,9,False,water_rajasthan,water_karauli-dholpur(sc)
Mr Gopal Jee Thakur,NA - Street lights,Normal/Others,Bihar,DARBHANGA,DISTRICT MAGISTRATE DARBANGA_IDA,Benipur,Benipur (M) - Ward No. 07,,,2024-03-04,487000.0,Action Pending,Unsanctioned,Lok Sabha,False,29,61adc0c9c291b967caf7030728649fcf,2,na street lights,18,3,3,electrical,False,False,False,True,False,False,False,False,13.096021455450709,0.6388140161725068,25,487000.0,477040.0,69333.42147430294,1.0,0.14365366353211742,492,430000.0,471904.2174796748,412350.68459874584,1.1325581395348838,0.036609088050902024,22,487000.0,487545.45454545453,2558.408596267323,1.0,-0.21320071635560442,22,487000.0,487545.45454545453,2558.408596267323,1.0,-0.21320071635560442,22,487000.0,487545.45454545453,2558.408596267323,1.0,-0.21320071635560442,145,430000.0,386886.22068965517,275909.89582542237,1.1325581395348838,0.36284954191599655,2024,3,1,0,4,22,22,19,19,True,True,False,False,0.6666666666666666,Bihar|DARBHANGA|Benipur|Benipur (M) - Ward No. 07||,22,22,25,22,True,electrical_bihar,electrical_darbhanga
Mr Gopal Jee Thakur,NA - Street lights,Normal/Others,Bihar,DARBHANGA,DISTRICT MAGISTRATE DARBANGA_IDA,Benipur,Benipur (M) - Ward No. 29,,,2024-03-04,487000.0,Action Pending,Unsanctioned,Lok Sabha,False,30,60da97aee4d2beae35c9402fccc72b43,1,na street lights,18,3,3,electrical,False,False,False,True,False,False,False,False,13.096021455450709,0.6388140161725068,25,487000.0,477040.0,69333.42147430294,1.0,0.14365366353211742,492,430000.0,471904.2174796748,412350.68459874584,1.1325581395348838,0.036609088050902024,22,487000.0,487545.45454545453,2558.408596267323,1.0,-0.21320071635560442,22,487000.0,487545.45454545453,2558.408596267323,1.0,-0.21320071635560442,22,487000.0,487545.45454545453,2558.408596267323,1.0,-0.21320071635560442,145,430000.0,386886.22068965517,275909.89582542237,1.1325581395348838,0.36284954191599655,2024,3,1,0,4,22,22,18,18,True,True,False,False,0.6666666666666666,Bihar|DARBHANGA|Benipur|Benipur (M) - Ward No. 29||,22,22,25,22,False,electrical_bihar,electrical_darbhanga
Mr Gopal Jee Thakur,NA - Street lights,Normal/Others,Bihar,DARBHANGA,DISTRICT MAGISTRATE DARBANGA_IDA,Benipur,Benipur (M) - Ward No. 10,,,2024-03-04,487000.0,Action Pending,Unsanctioned,Lok Sabha,False,31,3839451b1b6cf88a898dbbfec1283ffa,1,na street lights,18,3,3,electrical,False,False,False,True,False,False,False,False,13.096021455450709,0.6388140161725068,25,487000.0,477040.0,69333.42147430294,1.0,0.14365366353211742,492,430000.0,471904.2174796748,412350.68459874584,1.1325581395348838,0.036609088050902024,22,487000.0,487545.45454545453,2558.408596267323,1.0,-0.21320071635560442,22,487000.0,487545.45454545453,2558.408596267323,1.0,-0.21320071635560442,22,487000.0,487545.45454545453,2558.408596267323,1.0,-0.21320071635560442,145,430000.0,386886.22068965517,275909.89582542237,1.1325581395348838,0.36284954191599655,2024,3,1,0,4,22,22,17,17,True,True,False,False,0.6666666666666666,Bihar|DARBHANGA|Benipur|Benipur (M) - Ward No. 10||,22,22,25,22,False,electrical_bihar,electrical_darbhanga
Mr Gopal Jee Thakur,NA - Street lights,Normal/Others,Bihar,DARBHANGA,DISTRICT MAGISTRATE DARBANGA_IDA,Benipur,Benipur (M) - Ward No. 07,,,2024-03-04,487000.0,Action Pending,Unsanctioned,Lok Sabha,False,32,61adc0c9c291b967caf7030728649fcf,2,na street lights,18,3,3,electrical,False,False,False,True,False,False,False,False,13.096021455450709,0.6388140161725068,25,487000.0,477040.0,69333.42147430294,1.0,0.14365366353211742,492,430000.0,471904.2174796748,412350.68459874584,1.1325581395348838,0.036609088050902024,22,487000.0,487545.45454545453,2558.408596267323,1.0,-0.21320071635560442,22,487000.0,487545.45454545453,2558.408596267323,1.0,-0.21320071635560442,22,487000.0,487545.45454545453,2558.408596267323,1.0,-0.21320071635560442,145,430000.0,386886.22068965517,275909.89582542237,1.1325581395348838,0.36284954191599655,2024,3,1,0,4,22,22,16,16,True,True,False,False,0.6666666666666666,Bihar|DARBHANGA|Benipur|Benipur (M) - Ward No. 07||,22,22,25,22,True,electrical_bihar,electrical_darbhanga
Manoj Rajoria,NA - Construction of community centers and community halls,Normal/Others,Rajasthan,KARAULI-DHOLPUR(SC),DISTRICT COLLECTOR DHOLPUR_IDA,,,Mania,Marha Bhau,2024-03-04,600000.0,Action Pending,Unsanctioned,Lok Sabha,False,33,319ba4db3a3be04c4665401134191546,1,na construction of community centers and community halls,58,8,7,building,False,True,False,False,False,False,False,False,13.304686600863562,0.8160377358490566,52,600000.0,589519.2307692308,331627.6254715027,1.0,0.03160402941663217,492,430000.0,471904.2174796748,412350.68459874584,1.3953488372093024,0.3106476775829144,11,600000.0,609090.9090909091,538896.1782283216,1.0,-0.016869500022799175,11,600000.0,609090.9090909091,538896.1782283216,1.0,-0.016869500022799175,9,600000.0,483333.3333333333,308220.7001484488,1.0,0.37851664930511264,197,500000.0,630154.3248730964,588758.041654943,1.2,-0.05121683737573329,2024,3,1,0,4,11,11,5,5,False,False,True,True,0.6666666666666666,Rajasthan|KARAULI-DHOLPUR(SC)|||Mania|Marha Bhau,11,11,52,9,False,building_rajasthan,building_karauli-dholpur(sc)
Manoj Rajoria,NA - Construction of community centers and community halls,Normal/Others,Rajasthan,KARAULI-DHOLPUR(SC),DISTRICT COLLECTOR DHOLPUR_IDA,,,Sepau,Sakhwara,2024-03-04,700000.0,Action Pending,Unsanctioned,Lok Sabha,False,34,b2894a9262276ffc297f22dbbd0acbe7,1,na construction of community centers and community halls,58,8,7,building,False,True,False,False,False,False,False,False,13.45883704259595,0.8497304582210242,52,600000.0,589519.2307692308,331627.6254715027,1.1666666666666667,0.3331470623826634,492,430000.0,471904.2174796748,412350.68459874584,1.627906976744186,0.5531597037174386,11,600000.0,609090.9090909091,538896.1782283216,1.1666666666666667,0.1686950002279924,11,600000.0,609090.9090909091,538896.1782283216,1.1666666666666667,0.1686950002279924,9,600000.0,483333.3333333333,308220.7001484488,1.1666666666666667,0.7029594915666377,197,500000.0,630154.3248730964,588758.041654943,1.4,0.118632222721874,2024,3,1,0,4,11,11,4,4,False,False,True,True,0.6666666666666666,Rajasthan|KARAULI-DHOLPUR(SC)|||Sepau|Sakhwara,11,11,52,9,False,building_rajasthan,building_karauli-dholpur(sc)
Shri Bhartruhari Mahtab,NA - Construction of buildings for community cultural activities,Normal/Others,Odisha,CUTTACK,DISTRICT COLLECTOR CUTTACK_IDA,,,Cuttack Sadar,Kalapada,2024-03-03,500000.0,Action Pending,Unsanctioned,Lok Sabha,False,35,caa2424f3cf0d555223ad1d5e12a04e6,1,na construction of buildings for community cultural activities,64,8,8,building,False,True,False,False,False,False,False,False,13.122365377402328,0.7277628032345014,141,300000.0,377021.27659574465,471165.34052867413,1.6666666666666667,0.26100969834976884,492,430000.0,471904.2174796748,412350.68459874584,1.1627906976744187,0.06813565144839016,18,200000.0,240000.0,124286.19723657735,2.5,2.0919458940810056,18,200000.0,240000.0,124286.19723657735,2.5,2.0919458940810056,18,200000.0,240000.0,124286.19723657735,2.5,2.0919458940810056,197,500000.0,630154.3248730964,588758.041654943,1.0,-0.2210658974733406,2024,3,1,6,3,18,18,17,17,False,False,True,True,0.6666666666666666,Odisha|CUTTACK|||Cuttack Sadar|Kalapada,18,18,141,18,False,building_odisha,building_cuttack
Shivkumar Chanabasappa Udasi,NA - Construction of additional rooms and halls in the existing public and community building,Normal/Others,Karnataka,HAVERI,DEPUTY COMMISSIONER HAVERI_IDA,,,Haveri,Venkatapur,2024-03-03,500000.0,Action Pending,Unsanctioned,Lok Sabha,False,36,47957e73977d16355523ccc2529afef0,1,na construction of additional rooms and halls in the existing public and community building,93,14,13,building,False,True,False,False,False,False,False,False,13.122365377402328,0.7277628032345014,54,500000.0,471296.2962962963,84452.65048950804,1.0,0.33987925230682614,492,430000.0,471904.2174796748,412350.68459874584,1.1627906976744187,0.06813565144839016,31,500000.0,450000.0,107238.05294763608,1.0,0.4662524041201569,31,500000.0,450000.0,107238.05294763608,1.0,0.4662524041201569,31,500000.0,450000.0,107238.05294763608,1.0,0.4662524041201569,197,500000.0,630154.3248730964,588758.041654943,1.0,-0.2210658974733406,2024,3,1,6,3,31,31,5,5,False,False,True,True,0.6666666666666666,Karnataka|HAVERI|||Haveri|Venkatapur,31,31,54,31,False,building_karnataka,building_haveri
Shri Abdul Khaleque,"NA - Construction of roads, link roads, pathways or any other road with or without drainage system",Normal/Others,Assam,BARPETA,DEPUTY COMMISSIONER BARPETA_IDA,,,Barpeta,Hajipara,2024-03-03,300000.0,Action Pending,Unsanctioned,Lok Sabha,False,37,b572ac011bb3f4534e13aec3804a5773,1,na construction of roads link roads pathways or any other road with or without drainage system,98,16,14,road,True,False,False,False,False,False,True,False,12.611541086966115,0.488544474393531,7,400000.0,400000.0,100000.0,0.75,-1.0,492,430000.0,471904.2174796748,412350.68459874584,0.6976744186046512,-0.41688840082065826,3,,,,,,3,,,,,,2,,,,,,147,500000.0,549006.8027210884,314411.18040611234,0.6,-0.791978206371212,2024,3,1,6,3,3,3,3,3,False,False,True,True,0.6666666666666666,Assam|BARPETA|||Barpeta|Hajipara,3,3,7,2,False,road_assam,road_barpeta
Shri Abdul Khaleque,"NA - Construction of roads, link roads, pathways or any other road with or without drainage system",Normal/Others,Assam,BARPETA,DEPUTY COMMISSIONER BARPETA_IDA,,,Kalgachia,Pachim Moinbari,2024-03-03,500000.0,Action Pending,Unsanctioned,Lok Sabha,False,38,d5bf28eb174082182e19cdec1b48d32c,1,na construction of roads link roads pathways or any other road with or without drainage system,98,16,14,road,True,False,False,False,False,False,True,False,13.122365377402328,0.7277628032345014,7,400000.0,400000.0,100000.0,1.25,1.0,492,430000.0,471904.2174796748,412350.68459874584,1.1627906976744187,0.06813565144839016,3,,,,,,3,,,,,,2,,,,,,147,500000.0,549006.8027210884,314411.18040611234,1.0,-0.15586851160250814,2024,3,1,6,3,3,3,2,2,False,False,True,True,0.6666666666666666,Assam|BARPETA|||Kalgachia|Pachim Moinbari,3,3,7,2,False,road_assam,road_barpeta
Gaddam Ranjith Reddy,NA - Lighting of public spaces,Normal/Others,Telangana,CHELVELLA,DISTRICT COLLECTOR VIKARABAD_IDA,,,Basheerabad,Neelapalle,2024-03-03,170000.0,Action Pending,Unsanctioned,Lok Sabha,False,39,645bf1dd87f44c61e3696624e411d61c,1,na lighting of public spaces,30,5,5,electrical,False,False,False,True,False,False,False,False,12.04355959836804,0.3564690026954178,26,500000.0,539230.7692307692,384550.88689975033,0.34,-0.9601610132991972,492,430000.0,471904.2174796748,412350.68459874584,0.3953488372093023,-0.7321540347955398,20,500000.0,451000.0,298150.43889038014,0.34,-0.9424772307758172,20,500000.0,451000.0,298150.43889038014,0.34,-0.9424772307758172,11,170000.0,247272.72727272726,139433.92048500315,1.0,-0.5541888731518407,145,430000.0,386886.22068965517,275909.89582542237,0.3953488372093023,-0.7860762660969816,2024,3,1,6,3,20,20,10,10,False,False,True,True,0.6666666666666666,Telangana|CHELVELLA|||Basheerabad|Neelapalle,20,20,26,11,False,electrical_telangana,electrical_chelvella
Gaddam Ranjith Reddy,NA - Lighting of public spaces,Normal/Others,Telangana,CHELVELLA,DISTRICT COLLECTOR VIKARABAD_IDA,,,Basheerabad,Navalga,2024-03-03,170000.0,Action Pending,Unsanctioned,Lok Sabha,False,40,b0f0c5c634e9b39e7744a5deac8bdbb4,1,na lighting of public spaces,30,5,5,electrical,False,False,False,True,False,False,False,False,12.04355959836804,0.3564690026954178,26,500000.0,539230.7692307692,384550.88689975033,0.34,-0.9601610132991972,492,430000.0,471904.2174796748,412350.68459874584,0.3953488372093023,-0.7321540347955398,20,500000.0,451000.0,298150.43889038014,0.34,-0.9424772307758172,20,500000.0,451000.0,298150.43889038014,0.34,-0.9424772307758172,11,170000.0,247272.72727272726,139433.92048500315,1.0,-0.5541888731518407,145,430000.0,386886.22068965517,275909.89582542237,0.3953488372093023,-0.7860762660969816,2024,3,1,6,3,20,20,9,9,False,False,True,True,0.6666666666666666,Telangana|CHELVELLA|||Basheerabad|Navalga,20,20,26,11,False,electrical_telangana,electrical_chelvella
Gaddam Ranjith Reddy,NA - Lighting of public spaces,Normal/Others,Telangana,CHELVELLA,DISTRICT COLLECTOR VIKARABAD_IDA,,,Basheerabad,Navandgi (Ct),2024-03-03,510000.0,Action Pending,Unsanctioned,Lok Sabha,False,41,5f998541f1fc716d61a25a47e9422b72,1,na lighting of public spaces,30,5,5,electrical,False,False,False,True,False,False,False,False,13.1421679654829,0.7998652291105122,26,500000.0,539230.7692307692,384550.88689975033,1.02,-0.07601274688618649,492,430000.0,471904.2174796748,412350.68459874584,1.186046511627907,0.09238685406184259,20,500000.0,451000.0,298150.43889038014,1.02,0.1978866783479474,20,500000.0,451000.0,298150.43889038014,1.02,0.1978866783479474,11,170000.0,247272.72727272726,139433.92048500315,3.0,1.8842421687162587,145,430000.0,386886.22068965517,275909.89582542237,1.186046511627907,0.44621008950053437,2024,3,1,6,3,20,20,8,8,False,False,True,True,0.6666666666666666,Telangana|CHELVELLA|||Basheerabad|Navandgi (Ct),20,20,26,11,False,electrical_telangana,electrical_chelvella
Gaddam Ranjith Reddy,NA - Lighting of public spaces,Normal/Others,Telangana,CHELVELLA,DISTRICT COLLECTOR VIKARABAD_IDA,,,Basheerabad,Jalalpur,2024-03-03,510000.0,Action Pending,Unsanctioned,Lok Sabha,False,42,95a9e0b9718a1b592f9e7667f1037260,1,na lighting of public spaces,30,5,5,electrical,False,False,False,True,False,False,False,False,13.1421679654829,0.7998652291105122,26,500000.0,539230.7692307692,384550.88689975033,1.02,-0.07601274688618649,492,430000.0,471904.2174796748,412350.68459874584,1.186046511627907,0.09238685406184259,20,500000.0,451000.0,298150.43889038014,1.02,0.1978866783479474,20,500000.0,451000.0,298150.43889038014,1.02,0.1978866783479474,11,170000.0,247272.72727272726,139433.92048500315,3.0,1.8842421687162587,145,430000.0,386886.22068965517,275909.89582542237,1.186046511627907,0.44621008950053437,2024,3,1,6,3,20,20,7,7,False,False,True,True,0.6666666666666666,Telangana|CHELVELLA|||Basheerabad|Jalalpur,20,20,26,11,False,electrical_telangana,electrical_chelvella
Dr Sukanta Majumdar,NA - Street lights,Normal/Others,West Bengal,BALURGHAT,DISTRICT MAGISTRATE DINAJPUR DAKSHIN_IDA,Balurghat,Baidyanathpara (OG) - Ward No.25,,,2024-03-03,35000.0,Action Pending,Unsanctioned,Lok Sabha,False,43,51ee8b80271bbbcfe80d2e1517774a7a,5,na street lights,18,3,3,electrical,False,False,False,True,False,False,False,False,10.463131911491967,0.01078167115902965,8,35000.0,501500.25,688439.0005142586,1.0,-0.6776203115330884,492,430000.0,471904.2174796748,412350.68459874584,0.08139534883720931,-1.0595452700771475,5,35000.0,35000.0,0.0,1.0,0.0,5,35000.0,35000.0,0.0,1.0,0.0,5,35000.0,35000.0,0.0,1.0,0.0,145,430000.0,386886.22068965517,275909.89582542237,0.08139534883720931,-1.2753664367018775,2024,3,1,6,3,5,5,4,4,True,True,False,False,0.6666666666666666,West Bengal|BALURGHAT|Balurghat|Baidyanathpara (OG) - Ward No.25||,5,5,8,5,True,electrical_west bengal,electrical_balurghat
Shri Bhartruhari Mahtab,NA - Construction of buildings for community cultural activities,Normal/Others,Odisha,CUTTACK,DISTRICT COLLECTOR CUTTACK_IDA,,,Kishannagar,Bankol,2024-03-03,200000.0,Action Pending,Unsanctioned,Lok Sabha,False,44,5c34385f8c7b2acdcdf664d23d2ee975,1,na construction of buildings for community cultural activities,64,8,8,building,False,True,False,False,False,False,False,False,12.206077645517674,0.396900269541779,141,300000.0,377021.27659574465,471165.34052867413,0.6666666666666666,-0.3757094619844422,492,430000.0,471904.2174796748,412350.68459874584,0.46511627906976744,-0.6594004269551824,18,200000.0,240000.0,124286.19723657735,1.0,-0.3218378298586162,18,200000.0,240000.0,124286.19723657735,1.0,-0.3218378298586162,18,200000.0,240000.0,124286.19723657735,1.0,-0.3218378298586162,197,500000.0,630154.3248730964,588758.041654943,0.4,-0.7306130777661625,2024,3,1,6,3,18,18,16,16,False,False,True,True,0.6666666666666666,Odisha|CUTTACK|||Kishannagar|Bankol,18,18,141,18,False,building_odisha,building_cuttack
Shri Bhartruhari Mahtab,"NA - Construction of roads, link roads, pathways or any other road with or without drainage system",Normal/Others,Odisha,CUTTACK,DISTRICT COLLECTOR CUTTACK_IDA,,,Kishannagar,Hulipur,2024-03-03,250000.0,Action Pending,Unsanctioned,Lok Sabha,False,45,fa4eccd820f310bf7b676c267897bea5,1,na construction of roads link roads pathways or any other road with or without drainage system,98,16,14,road,True,False,False,False,False,False,True,False,12.429220196836383,0.44339622641509435,141,300000.0,377021.27659574465,471165.34052867413,0.8333333333333334,-0.2695896019287404,492,430000.0,471904.2174796748,412350.68459874584,0.5813953488372093,-0.5381444138879203,18,200000.0,240000.0,124286.19723657735,1.25,0.08045945746465405,18,200000.0,240000.0,124286.19723657735,1.25,0.08045945746465405,18,200000.0,240000.0,124286.19723657735,1.25,0.08045945746465405,147,500000.0,549006.8027210884,314411.18040611234,0.5,-0.9510056300633879,2024,3,1,6,3,18,18,15,15,False,False,True,True,0.6666666666666666,Odisha|CUTTACK|||Kishannagar|Hulipur,18,18,141,18,False,road_odisha,road_cuttack
Shri Bhartruhari Mahtab,NA - Construction of buildings for community cultural activities,Normal/Others,Odisha,CUTTACK,DISTRICT COLLECTOR CUTTACK_IDA,,,Kandarpur,Nimeisapur,2024-03-03,300000.0,Action Pending,Unsanctioned,Lok Sabha,False,46,242d39e685b5799d890415eb58d49e81,1,na construction of buildings for community cultural activities,64,8,8,building,False,True,False,False,False,False,False,False,12.611541086966115,0.488544474393531,141,300000.0,377021.27659574465,471165.34052867413,1.0,-0.1634697418730385,492,430000.0,471904.2174796748,412350.68459874584,0.6976744186046512,-0.41688840082065826,18,200000.0,240000.0,124286.19723657735,1.5,0.48275674478792435,18,200000.0,240000.0,124286.19723657735,1.5,0.48275674478792435,18,200000.0,240000.0,124286.19723657735,1.5,0.48275674478792435,197,500000.0,630154.3248730964,588758.041654943,0.6,-0.5607640176685552,2024,3,1,6,3,18,18,14,14,False,False,True,True,0.6666666666666666,Odisha|CUTTACK|||Kandarpur|Nimeisapur,18,18,141,18,False,building_odisha,building_cuttack
Shri Bhartruhari Mahtab,NA - Construction of buildings for community cultural activities,Normal/Others,Odisha,CUTTACK,DISTRICT COLLECTOR CUTTACK_IDA,,,Kishannagar,Bankol,2024-03-03,120000.0,Action Pending,Unsanctioned,Lok Sabha,False,47,b9ac7461afdd41091ec748780cca86c1,1,na construction of buildings for community cultural activities,64,8,8,building,False,True,False,False,False,False,False,False,11.695255355062795,0.3288409703504043,141,300000.0,377021.27659574465,471165.34052867413,0.4,-0.5455012380735651,492,430000.0,471904.2174796748,412350.68459874584,0.27906976744186046,-0.8534100478628018,18,200000.0,240000.0,124286.19723657735,0.6,-0.9655134895758487,18,200000.0,240000.0,124286.19723657735,0.6,-0.9655134895758487,18,200000.0,240000.0,124286.19723657735,0.6,-0.9655134895758487,197,500000.0,630154.3248730964,588758.041654943,0.24,-0.8664923258442483,2024,3,1,6,3,18,18,13,13,False,False,True,True,0.6666666666666666,Odisha|CUTTACK|||Kishannagar|Bankol,18,18,141,18,False,building_odisha,building_cuttack
Shri Bhartruhari Mahtab,NA - Lighting of public spaces,Normal/Others,Odisha,CUTTACK,DISTRICT COLLECTOR CUTTACK_IDA,,,Kishannagar,Radhanagar,2024-03-03,100000.0,Action Pending,Unsanctioned,Lok Sabha,False,48,6b823e3fc2780188e6a80fbb6cafd8af,1,na lighting of public spaces,30,5,5,electrical,False,False,False,True,False,False,False,False,11.51293546492023,0.3059299191374663,141,300000.0,377021.27659574465,471165.34052867413,0.3333333333333333,-0.5879491820958459,492,430000.0,471904.2174796748,412350.68459874584,0.23255813953488372,-0.9019124530897067,18,200000.0,240000.0,124286.19723657735,0.5,-1.1264324045051568,18,200000.0,240000.0,124286.19723657735,0.5,-1.1264324045051568,18,200000.0,240000.0,124286.19723657735,0.5,-1.1264324045051568,145,430000.0,386886.22068965517,275909.89582542237,0.23255813953488372,-1.0397822804847054,2024,3,1,6,3,18,18,12,12,False,False,True,True,0.6666666666666666,Odisha|CUTTACK|||Kishannagar|Radhanagar,18,18,141,18,False,electrical_odisha,electrical_cuttack
Shri Bhartruhari Mahtab,NA - Construction of buildings for community cultural activities,Normal/Others,Odisha,CUTTACK,DISTRICT COLLECTOR CUTTACK_IDA,,,Badamba,Maniabandha,2024-03-03,300000.0,Action Pending,Unsanctioned,Lok Sabha,False,49,58bdd904da4ba21b4855d360b0eaa5dc,1,na construction of buildings for community cultural activities,64,8,8,building,False,True,False,False,False,False,False,False,12.611541086966115,0.488544474393531,141,300000.0,377021.27659574465,471165.34052867413,1.0,-0.1634697418730385,492,430000.0,471904.2174796748,412350.68459874584,0.6976744186046512,-0.41688840082065826,18,200000.0,240000.0,124286.19723657735,1.5,0.48275674478792435,18,200000.0,240000.0,124286.19723657735,1.5,0.48275674478792435,18,200000.0,240000.0,124286.19723657735,1.5,0.48275674478792435,197,500000.0,630154.3248730964,588758.041654943,0.6,-0.5607640176685552,2024,3,1,6,3,18,18,18,18,False,False,True,True,0.6666666666666666,Odisha|CUTTACK|||Badamba|Maniabandha,18,18,141,18,False,building_odisha,building_cuttack
Shri Mahesh Sahoo,NA - Construction of boundary walls of existing public and community buildings,Normal/Others,Odisha,DHENKANAL,DISTRICT COLLECTORANGUL_IDA,,,Palalahada,Chasagurujanga,2024-03-03,300000.0,Action Pending,Unsanctioned,Lok Sabha,False,50,8baa3a804c7c20b371b9a07aa0321320,1,na construction of boundary walls of existing public and community buildings,78,11,10,building,False,True,False,False,False,False,False,False,12.611541086966115,0.488544474393531,141,300000.0,377021.27659574465,471165.34052867413,1.0,-0.1634697418730385,492,430000.0,471904.2174796748,412350.68459874584,0.6976744186046512,-0.41688840082065826,17,400000.0,376470.5882352941,97014.25001453319,0.75,-0.788240781368082,17,400000.0,376470.5882352941,97014.25001453319,0.75,-0.788240781368082,17,400000.0,376470.5882352941,97014.25001453319,0.75,-0.788240781368082,197,500000.0,630154.3248730964,588758.041654943,0.6,-0.5607640176685552,2024,3,1,6,3,17,17,14,14,False,False,True,True,0.6666666666666666,Odisha|DHENKANAL|||Palalahada|Chasagurujanga,17,17,141,17,False,building_odisha,building_dhenkanal
Shri Mahesh Sahoo,NA - Construction of boundary walls of existing public and community buildings,Normal/Others,Odisha,DHENKANAL,DISTRICT COLLECTORANGUL_IDA,,,Palalahada,Chasagurujanga,2024-03-03,500000.0,Action Pending,Unsanctioned,Lok Sabha,False,51,49ba57defb595b55576ab8ddd4a64bc4,1,na construction of boundary walls of existing public and community buildings,78,11,10,building,False,True,False,False,False,False,False,False,13.122365377402328,0.7277628032345014,141,300000.0,377021.27659574465,471165.34052867413,1.6666666666666667,0.26100969834976884,492,430000.0,471904.2174796748,412350.68459874584,1.1627906976744187,0.06813565144839016,17,400000.0,376470.5882352941,97014.25001453319,1.25,1.2733120314407484,17,400000.0,376470.5882352941,97014.25001453319,1.25,1.2733120314407484,17,400000.0,376470.5882352941,97014.25001453319,1.25,1.2733120314407484,197,500000.0,630154.3248730964,588758.041654943,1.0,-0.2210658974733406,2024,3,1,6,3,17,17,13,13,False,False,True,True,0.6666666666666666,Odisha|DHENKANAL|||Palalahada|Chasagurujanga,17,17,141,17,False,building_odisha,building_dhenkanal
Shri Mahesh Sahoo,NA - Construction of New Building,Normal/Others,Odisha,DHENKANAL,DISTRICT COLLECTORANGUL_IDA,,,Khamar,Khamar,2024-03-03,500000.0,Action Pending,Unsanctioned,Lok Sabha,False,52,2a9a385c201c40985c7b72b6ee5f7aa9,1,na construction of new building,33,5,5,building,False,True,False,False,False,False,False,False,13.122365377402328,0.7277628032345014,141,300000.0,377021.27659574465,471165.34052867413,1.6666666666666667,0.26100969834976884,492,430000.0,471904.2174796748,412350.68459874584,1.1627906976744187,0.06813565144839016,17,400000.0,376470.5882352941,97014.25001453319,1.25,1.2733120314407484,17,400000.0,376470.5882352941,97014.25001453319,1.25,1.2733120314407484,17,400000.0,376470.5882352941,97014.25001453319,1.25,1.2733120314407484,197,500000.0,630154.3248730964,588758.041654943,1.0,-0.2210658974733406,2024,3,1,6,3,17,17,12,12,False,False,True,True,0.6666666666666666,Odisha|DHENKANAL|||Khamar|Khamar,17,17,141,17,False,building_odisha,building_dhenkanal
Shri Mahesh Sahoo,"NA - Construction of roads, link roads, pathways or any other road with or without drainage system",Normal/Others,Odisha,DHENKANAL,DISTRICT COLLECTORANGUL_IDA,,,Khamar,Khemala,2024-03-03,300000.0,Action Pending,Unsanctioned,Lok Sabha,False,53,69cc124a45085e89a5f8a1b9d05ada61,1,na construction of roads link roads pathways or any other road with or without drainage system,98,16,14,road,True,False,False,False,False,False,True,False,12.611541086966115,0.488544474393531,141,300000.0,377021.27659574465,471165.34052867413,1.0,-0.1634697418730385,492,430000.0,471904.2174796748,412350.68459874584,0.6976744186046512,-0.41688840082065826,17,400000.0,376470.5882352941,97014.25001453319,0.75,-0.788240781368082,17,400000.0,376470.5882352941,97014.25001453319,0.75,-0.788240781368082,17,400000.0,376470.5882352941,97014.25001453319,0.75,-0.788240781368082,147,500000.0,549006.8027210884,314411.18040611234,0.6,-0.791978206371212,2024,3,1,6,3,17,17,11,11,False,False,True,True,0.6666666666666666,Odisha|DHENKANAL|||Khamar|Khemala,17,17,141,17,False,road_odisha,road_dhenkanal
Shri Mahesh Sahoo,NA - Construction of boundary walls of existing public and community buildings,Normal/Others,Odisha,DHENKANAL,DISTRICT COLLECTORANGUL_IDA,,,Khamar,Sankhamur,2024-03-03,300000.0,Action Pending,Unsanctioned,Lok Sabha,False,54,839c4f68960f15b45a4cbcbf41a6e799,1,na construction of boundary walls of existing public and community buildings,78,11,10,building,False,True,False,False,False,False,False,False,12.611541086966115,0.488544474393531,141,300000.0,377021.27659574465,471165.34052867413,1.0,-0.1634697418730385,492,430000.0,471904.2174796748,412350.68459874584,0.6976744186046512,-0.41688840082065826,17,400000.0,376470.5882352941,97014.25001453319,0.75,-0.788240781368082,17,400000.0,376470.5882352941,97014.25001453319,0.75,-0.788240781368082,17,400000.0,376470.5882352941,97014.25001453319,0.75,-0.788240781368082,197,500000.0,630154.3248730964,588758.041654943,0.6,-0.5607640176685552,2024,3,1,6,3,17,17,10,10,False,False,True,True,0.6666666666666666,Odisha|DHENKANAL|||Khamar|Sankhamur,17,17,141,17,False,building_odisha,building_dhenkanal
Shri Mahesh Sahoo,NA - Construction of community centers and community halls,Normal/Others,Odisha,DHENKANAL,DISTRICT COLLECTORANGUL_IDA,,,Palalahada,Pabitrapur,2024-03-03,400000.0,Action Pending,Unsanctioned,Lok Sabha,False,55,1e12c79dc582aaf4798a61eeb0117898,1,na construction of community centers and community halls,58,8,7,building,False,True,False,False,False,False,False,False,12.899222326086994,0.5545822102425876,141,300000.0,377021.27659574465,471165.34052867413,1.3333333333333333,0.04876997823836516,492,430000.0,471904.2174796748,412350.68459874584,0.9302325581395349,-0.17437637468613404,17,400000.0,376470.5882352941,97014.25001453319,1.0,0.2425356250363332,17,400000.0,376470.5882352941,97014.25001453319,1.0,0.2425356250363332,17,400000.0,376470.5882352941,97014.25001453319,1.0,0.2425356250363332,197,500000.0,630154.3248730964,588758.041654943,0.8,-0.3909149575709479,2024,3,1,6,3,17,17,9,9,False,False,True,True,0.6666666666666666,Odisha|DHENKANAL|||Palalahada|Pabitrapur,17,17,141,17,False,building_odisha,building_dhenkanal
Shri Mahesh Sahoo,NA - Construction of community centers and community halls,Normal/Others,Odisha,DHENKANAL,DISTRICT COLLECTORANGUL_IDA,,,Palalahada,Batisuan,2024-03-03,400000.0,Action Pending,Unsanctioned,Lok Sabha,False,56,ea9ebf1fdee9dd5ced4be9cbee5e96e9,1,na construction of community centers and community halls,58,8,7,building,False,True,False,False,False,False,False,False,12.899222326086994,0.5545822102425876,141,300000.0,377021.27659574465,471165.34052867413,1.3333333333333333,0.04876997823836516,492,430000.0,471904.2174796748,412350.68459874584,0.9302325581395349,-0.17437637468613404,17,400000.0,376470.5882352941,97014.25001453319,1.0,0.2425356250363332,17,400000.0,376470.5882352941,97014.25001453319,1.0,0.2425356250363332,17,400000.0,376470.5882352941,97014.25001453319,1.0,0.2425356250363332,197,500000.0,630154.3248730964,588758.041654943,0.8,-0.3909149575709479,2024,3,1,6,3,17,17,8,8,False,False,True,True,0.6666666666666666,Odisha|DHENKANAL|||Palalahada|Batisuan,17,17,141,17,False,building_odisha,building_dhenkanal
Rahul Kaswan,NA - Construction of rooms and halls in school and colleges,Normal/Others,Rajasthan,CHURU,DISTRICT COLLECTOR CHURU_IDA,,,Bhanipura,Sawar,2024-03-03,850000.0,Action Pending,Unsanctioned,Lok Sabha,False,57,a13b3c12b8a05e557a559b53fb94277a,1,na construction of rooms and halls in school and colleges,59,10,9,building,False,True,False,False,True,False,False,False,13.652992804936396,0.8793800539083558,52,600000.0,589519.2307692308,331627.6254715027,1.4166666666666667,0.7854616118317103,492,430000.0,471904.2174796748,412350.68459874584,1.9767441860465116,0.9169277429192249,23,700000.0,688913.0434782609,276553.94230412366,1.2142857142857142,0.5824793354223582,23,700000.0,688913.0434782609,276553.94230412366,1.2142857142857142,0.5824793354223582,23,700000.0,688913.0434782609,276553.94230412366,1.2142857142857142,0.5824793354223582,197,500000.0,630154.3248730964,588758.041654943,1.7,0.37340581286828495,2024,3,1,6,3,23,23,14,14,False,False,True,True,0.6666666666666666,Rajasthan|CHURU|||Bhanipura|Sawar,23,23,52,23,False,building_rajasthan,building_churu
Rahul Kaswan,NA - Construction of additional rooms and halls in the existing public and community building,Normal/Others,Rajasthan,CHURU,DISTRICT COLLECTOR CHURU_IDA,,,Bhanipura,Rajasar Panwaran,2024-03-03,650000.0,Action Pending,Unsanctioned,Lok Sabha,False,58,b6dcf86e5ddaee7ab71c05443d809c74,1,na construction of additional rooms and halls in the existing public and community building,93,14,13,building,False,True,False,False,False,False,False,False,13.384729180332174,0.8322102425876011,52,600000.0,589519.2307692308,331627.6254715027,1.0833333333333333,0.18237554589964777,492,430000.0,471904.2174796748,412350.68459874584,1.5116279069767442,0.4319036906501765,23,700000.0,688913.0434782609,276553.94230412366,0.9285714285714286,-0.14070688399541442,23,700000.0,688913.0434782609,276553.94230412366,0.9285714285714286,-0.14070688399541442,23,700000.0,688913.0434782609,276553.94230412366,0.9285714285714286,-0.14070688399541442,197,500000.0,630154.3248730964,588758.041654943,1.3,0.033707692673070354,2024,3,1,6,3,23,23,13,13,False,False,True,True,0.6666666666666666,Rajasthan|CHURU|||Bhanipura|Rajasar Panwaran,23,23,52,23,False,building_rajasthan,building_churu
Shri Bhartruhari Mahtab,NA - Construction of buildings for community cultural activities,Normal/Others,Odisha,CUTTACK,DISTRICT COLLECTOR CUTTACK_IDA,,,Kandarpur,Gatiroutpatana (Part) Dihasahi,2024-03-03,500000.0,Action Pending,Unsanctioned,Lok Sabha,False,59,0080cea953924f178a958f0bc9a561e2,1,na construction of buildings for community cultural activities,64,8,8,building,False,True,False,False,False,False,False,False,13.122365377402328,0.7277628032345014,141,300000.0,377021.27659574465,471165.34052867413,1.6666666666666667,0.26100969834976884,492,430000.0,471904.2174796748,412350.68459874584,1.1627906976744187,0.06813565144839016,18,200000.0,240000.0,124286.19723657735,2.5,2.0919458940810056,18,200000.0,240000.0,124286.19723657735,2.5,2.0919458940810056,18,200000.0,240000.0,124286.19723657735,2.5,2.0919458940810056,197,500000.0,630154.3248730964,588758.041654943,1.0,-0.2210658974733406,2024,3,1,6,3,18,18,11,11,False,False,True,True,0.6666666666666666,Odisha|CUTTACK|||Kandarpur|Gatiroutpatana (Part) Dihasahi,18,18,141,18,False,building_odisha,building_cuttack
Shivkumar Chanabasappa Udasi,NA - Construction of bus-sheds or bus-stops,Normal/Others,Karnataka,HAVERI,DEPUTY COMMISSIONER HAVERI_IDA,,,Haveri,Devagiri,2024-03-03,500000.0,Action Pending,Unsanctioned,Lok Sabha,False,60,32814128f2f92926932676a60649413f,2,na construction of bus sheds or bus stops,43,8,7,building,False,True,False,False,False,False,False,False,13.122365377402328,0.7277628032345014,54,500000.0,471296.2962962963,84452.65048950804,1.0,0.33987925230682614,492,430000.0,471904.2174796748,412350.68459874584,1.1627906976744187,0.06813565144839016,31,500000.0,450000.0,107238.05294763608,1.0,0.4662524041201569,31,500000.0,450000.0,107238.05294763608,1.0,0.4662524041201569,31,500000.0,450000.0,107238.05294763608,1.0,0.4662524041201569,197,500000.0,630154.3248730964,588758.041654943,1.0,-0.2210658974733406,2024,3,1,6,3,31,31,4,4,False,False,True,True,0.6666666666666666,Karnataka|HAVERI|||Haveri|Devagiri,31,31,54,31,True,building_karnataka,building_haveri
Dr Sukanta Majumdar,NA - Street lights,Normal/Others,West Bengal,BALURGHAT,DISTRICT MAGISTRATE DINAJPUR DAKSHIN_IDA,Balurghat,Baidyanathpara (OG) - Ward No.25,,,2024-03-03,35000.0,Action Pending,Unsanctioned,Lok Sabha,False,61,51ee8b80271bbbcfe80d2e1517774a7a,5,na street lights,18,3,3,electrical,False,False,False,True,False,False,False,False,10.463131911491967,0.01078167115902965,8,35000.0,501500.25,688439.0005142586,1.0,-0.6776203115330884,492,430000.0,471904.2174796748,412350.68459874584,0.08139534883720931,-1.0595452700771475,5,35000.0,35000.0,0.0,1.0,0.0,5,35000.0,35000.0,0.0,1.0,0.0,5,35000.0,35000.0,0.0,1.0,0.0,145,430000.0,386886.22068965517,275909.89582542237,0.08139534883720931,-1.2753664367018775,2024,3,1,6,3,5,5,3,3,True,True,False,False,0.6666666666666666,West Bengal|BALURGHAT|Balurghat|Baidyanathpara (OG) - Ward No.25||,5,5,8,5,True,electrical_west bengal,electrical_balurghat
Dr Sukanta Majumdar,NA - Street lights,Normal/Others,West Bengal,BALURGHAT,DISTRICT MAGISTRATE DINAJPUR DAKSHIN_IDA,Balurghat,Baidyanathpara (OG) - Ward No.25,,,2024-03-03,35000.0,Action Pending,Unsanctioned,Lok Sabha,False,62,51ee8b80271bbbcfe80d2e1517774a7a,5,na street lights,18,3,3,electrical,False,False,False,True,False,False,False,False,10.463131911491967,0.01078167115902965,8,35000.0,501500.25,688439.0005142586,1.0,-0.6776203115330884,492,430000.0,471904.2174796748,412350.68459874584,0.08139534883720931,-1.0595452700771475,5,35000.0,35000.0,0.0,1.0,0.0,5,35000.0,35000.0,0.0,1.0,0.0,5,35000.0,35000.0,0.0,1.0,0.0,145,430000.0,386886.22068965517,275909.89582542237,0.08139534883720931,-1.2753664367018775,2024,3,1,6,3,5,5,2,2,True,True,False,False,0.6666666666666666,West Bengal|BALURGHAT|Balurghat|Baidyanathpara (OG) - Ward No.25||,5,5,8,5,True,electrical_west bengal,electrical_balurghat
Dr Sukanta Majumdar,NA - Street lights,Normal/Others,West Bengal,BALURGHAT,DISTRICT MAGISTRATE DINAJPUR DAKSHIN_IDA,Balurghat,Baidyanathpara (OG) - Ward No.25,,,2024-03-03,35000.0,Action Pending,Unsanctioned,Lok Sabha,False,63,51ee8b80271bbbcfe80d2e1517774a7a,5,na street lights,18,3,3,electrical,False,False,False,True,False,False,False,False,10.463131911491967,0.01078167115902965,8,35000.0,501500.25,688439.0005142586,1.0,-0.6776203115330884,492,430000.0,471904.2174796748,412350.68459874584,0.08139534883720931,-1.0595452700771475,5,35000.0,35000.0,0.0,1.0,0.0,5,35000.0,35000.0,0.0,1.0,0.0,5,35000.0,35000.0,0.0,1.0,0.0,145,430000.0,386886.22068965517,275909.89582542237,0.08139534883720931,-1.2753664367018775,2024,3,1,6,3,5,5,1,1,True,True,False,False,0.6666666666666666,West Bengal|BALURGHAT|Balurghat|Baidyanathpara (OG) - Ward No.25||,5,5,8,5,True,electrical_west bengal,electrical_balurghat
Shri Dilip Ghosh,NA - Construction of rooms and halls in school and colleges,Normal/Others,West Bengal,MEDINIPUR,DISTRICT MAGISTRATE PASCHIM MEDINIPUR_IDA,Medinipur,Medinipur (M) - Ward No.9,,,2024-03-03,1800000.0,Action Pending,Unsanctioned,Lok Sabha,False,64,8b2e6823281d293269b1a6abb097bcfa,1,na construction of rooms and halls in school and colleges,59,10,9,building,False,True,False,False,True,False,False,False,14.403297778421795,0.9824797843665768,8,35000.0,501500.25,688439.0005142586,51.42857142857143,1.8861507686665495,492,430000.0,471904.2174796748,412350.68459874584,4.186046511627907,3.220791991197205,2,,,,,,2,,,,,,2,,,,,,197,500000.0,630154.3248730964,588758.041654943,3.6,1.9869718837955546,2024,3,1,6,3,2,2,1,1,True,True,False,False,0.6666666666666666,West Bengal|MEDINIPUR|Medinipur|Medinipur (M) - Ward No.9||,2,2,8,2,False,building_west bengal,building_medinipur
Shri Dilip Ghosh,NA - Construction of rooms and halls in school and colleges,Normal/Others,West Bengal,MEDINIPUR,DISTRICT MAGISTRATE PASCHIM MEDINIPUR_IDA,Kharagpur,Kharagpur (M) - Ward No.23,,,2024-03-03,952002.0,Action Pending,Unsanctioned,Lok Sabha,False,65,1708fd32a7e3ee2f509fc952838460dd,1,na construction of rooms and halls in school and colleges,59,10,9,building,False,True,False,False,True,False,False,False,13.766323465029041,0.8881401617250674,8,35000.0,501500.25,688439.0005142586,27.200057142857144,0.654381506078939,492,430000.0,471904.2174796748,412350.68459874584,2.2139581395348835,1.1642948598169622,2,,,,,,2,,,,,,2,,,,,,197,500000.0,630154.3248730964,588758.041654943,1.904004,0.5466552511490463,2024,3,1,6,3,2,2,2,2,True,True,False,False,0.6666666666666666,West Bengal|MEDINIPUR|Kharagpur|Kharagpur (M) - Ward No.23||,2,2,8,2,False,building_west bengal,building_medinipur
Shivkumar Chanabasappa Udasi,"NA - Construction of roads, link roads, pathways or any other road with or without drainage system",Normal/Others,Karnataka,HAVERI,DEPUTY COMMISSIONER HAVERI_IDA,,,Haveri,Karjagi,2024-03-03,150000.0,Action Pending,Unsanctioned,Lok Sabha,False,66,4ed699677854d496da7f85f0f30345ba,1,na construction of roads link roads pathways or any other road with or without drainage system,98,16,14,road,True,False,False,False,False,False,True,False,11.918397239722838,0.33962264150943394,54,500000.0,471296.2962962963,84452.65048950804,0.3,-3.8044548564667307,492,430000.0,471904.2174796748,412350.68459874584,0.3488372093023256,-0.7806564400224446,31,500000.0,450000.0,107238.05294763608,0.3,-2.797514424720941,31,500000.0,450000.0,107238.05294763608,0.3,-2.797514424720941,31,500000.0,450000.0,107238.05294763608,0.3,-2.797514424720941,147,500000.0,549006.8027210884,314411.18040611234,0.3,-1.2690604774477399,2024,3,1,6,3,31,31,6,6,False,False,True,True,0.6666666666666666,Karnataka|HAVERI|||Haveri|Karjagi,31,31,54,31,False,road_karnataka,road_haveri
Adhir Ranjan Chowdhury,NA - Installing community drinking water plants,Normal/Others,West Bengal,BAHARAMPUR,DISTRICT MAGISTRATE MURSHIDABAD_IDA,Berhampore,Baharampur (M) - Ward No.22,,,2024-03-03,1085000.0,Action Pending,Unsanctioned,Lok Sabha,False,67,972fcc8d6712ad2eb0acfa129760a878,1,na installing community drinking water plants,47,6,6,water,False,False,True,False,False,False,False,False,13.897091466615258,0.9636118598382749,8,35000.0,501500.25,688439.0005142586,31.0,0.8475692829199539,492,430000.0,471904.2174796748,412350.68459874584,2.5232558139534884,1.4868310043353568,1,,,,,,1,,,,,,1,,,,,,188,63275.0,95541.96808510639,125413.82079489212,17.147372580007904,7.889545391756317,2024,3,1,6,3,1,1,1,1,True,True,False,False,0.6666666666666666,West Bengal|BAHARAMPUR|Berhampore|Baharampur (M) - Ward No.22||,1,1,8,1,False,water_west bengal,water_baharampur
Shivkumar Chanabasappa Udasi,NA - Construction of additional rooms and halls in the existing public and community building,Normal/Others,Karnataka,HAVERI,DEPUTY COMMISSIONER HAVERI_IDA,,,Savanur,Hiremugadur,2024-03-03,500000.0,Action Pending,Unsanctioned,Lok Sabha,False,68,0648a246c17083dcb76bd1e6cd2bd345,1,na construction of additional rooms and halls in the existing public and community building,93,14,13,building,False,True,False,False,False,False,False,False,13.122365377402328,0.7277628032345014,54,500000.0,471296.2962962963,84452.65048950804,1.0,0.33987925230682614,492,430000.0,471904.2174796748,412350.68459874584,1.1627906976744187,0.06813565144839016,31,500000.0,450000.0,107238.05294763608,1.0,0.4662524041201569,31,500000.0,450000.0,107238.05294763608,1.0,0.4662524041201569,31,500000.0,450000.0,107238.05294763608,1.0,0.4662524041201569,197,500000.0,630154.3248730964,588758.041654943,1.0,-0.2210658974733406,2024,3,1,6,3,31,31,7,7,False,False,True,True,0.6666666666666666,Karnataka|HAVERI|||Savanur|Hiremugadur,31,31,54,31,False,building_karnataka,building_haveri
Shivkumar Chanabasappa Udasi,NA - Crematoriums or structures on burial/ cremation ground for public convenience,Normal/Others,Karnataka,HAVERI,DEPUTY COMMISSIONER HAVERI_IDA,Hirekerur,Hirekerur (TP) - Ward No.7,,,2024-03-03,200000.0,Action Pending,Unsanctioned,Lok Sabha,False,69,60d30ac4e1d7a0a65edf1d17f12b3dff,1,na crematoriums or structures on burial cremation ground for public convenience,82,11,11,building,False,True,False,False,False,False,False,False,12.206077645517674,0.396900269541779,54,500000.0,471296.2962962963,84452.65048950804,0.4,-3.2124071266419367,492,430000.0,471904.2174796748,412350.68459874584,0.46511627906976744,-0.6594004269551824,31,500000.0,450000.0,107238.05294763608,0.4,-2.3312620206007844,31,500000.0,450000.0,107238.05294763608,0.4,-2.3312620206007844,31,500000.0,450000.0,107238.05294763608,0.4,-2.3312620206007844,197,500000.0,630154.3248730964,588758.041654943,0.4,-0.7306130777661625,2024,3,1,6,3,31,31,12,12,True,True,False,False,0.6666666666666666,Karnataka|HAVERI|Hirekerur|Hirekerur (TP) - Ward No.7||,31,31,54,31,False,building_karnataka,building_haveri
Shri Mahesh Sahoo,NA - Construction of boundary walls of existing public and community buildings,Normal/Others,Odisha,DHENKANAL,DISTRICT COLLECTORANGUL_IDA,,,Khamar,Raghunathpur,2024-03-03,500000.0,Action Pending,Unsanctioned,Lok Sabha,False,70,036954f7d73b6db16feedfcc42ad07f7,1,na construction of boundary walls of existing public and community buildings,78,11,10,building,False,True,False,False,False,False,False,False,13.122365377402328,0.7277628032345014,141,300000.0,377021.27659574465,471165.34052867413,1.6666666666666667,0.26100969834976884,492,430000.0,471904.2174796748,412350.68459874584,1.1627906976744187,0.06813565144839016,17,400000.0,376470.5882352941,97014.25001453319,1.25,1.2733120314407484,17,400000.0,376470.5882352941,97014.25001453319,1.25,1.2733120314407484,17,400000.0,376470.5882352941,97014.25001453319,1.25,1.2733120314407484,197,500000.0,630154.3248730964,588758.041654943,1.0,-0.2210658974733406,2024,3,1,6,3,17,17,17,17,False,False,True,True,0.6666666666666666,Odisha|DHENKANAL|||Khamar|Raghunathpur,17,17,141,17,False,building_odisha,building_dhenkanal
Shivkumar Chanabasappa Udasi,"NA - Construction of roads, link roads, pathways or any other road with or without drainage system",Normal/Others,Karnataka,HAVERI,DEPUTY COMMISSIONER HAVERI_IDA,Haveri,Haveri (Cmc) - Ward No.1,,,2024-03-03,500000.0,Action Pending,Unsanctioned,Lok Sabha,False,71,a941b781517c75a2f3dcf09dc3c7a5c9,2,na construction of roads link roads pathways or any other road with or without drainage system,98,16,14,road,True,False,False,False,False,False,True,False,13.122365377402328,0.7277628032345014,54,500000.0,471296.2962962963,84452.65048950804,1.0,0.33987925230682614,492,430000.0,471904.2174796748,412350.68459874584,1.1627906976744187,0.06813565144839016,31,500000.0,450000.0,107238.05294763608,1.0,0.4662524041201569,31,500000.0,450000.0,107238.05294763608,1.0,0.4662524041201569,31,500000.0,450000.0,107238.05294763608,1.0,0.4662524041201569,147,500000.0,549006.8027210884,314411.18040611234,1.0,-0.15586851160250814,2024,3,1,6,3,31,31,11,11,True,True,False,False,0.6666666666666666,Karnataka|HAVERI|Haveri|Haveri (Cmc) - Ward No.1||,31,31,54,31,True,road_karnataka,road_haveri
Rahul Kaswan,NA - Improvement of electricity distribution infrastructure,Normal/Others,Rajasthan,CHURU,DISTRICT COLLECTOR CHURU_IDA,,,Churu,Gajsar,2024-03-03,185000.0,Action Pending,Unsanctioned,Lok Sabha,False,72,4b02513a455aff748d0d7c1e04b55527,1,na improvement of electricity distribution infrastructure,59,6,6,electrical,False,False,False,True,False,False,False,True,12.128116509451258,0.3692722371967655,52,600000.0,589519.2307692308,331627.6254715027,0.30833333333333335,-1.2197995573923974,492,430000.0,471904.2174796748,412350.68459874584,0.43023255813953487,-0.6957772308753611,23,700000.0,688913.0434782609,276553.94230412366,0.2642857142857143,-1.8221148441417359,23,700000.0,688913.0434782609,276553.94230412366,0.2642857142857143,-1.8221148441417359,23,700000.0,688913.0434782609,276553.94230412366,0.2642857142857143,-1.8221148441417359,145,430000.0,386886.22068965517,275909.89582542237,0.43023255813953487,-0.7317106915853264,2024,3,1,6,3,23,23,23,23,False,False,True,True,0.6666666666666666,Rajasthan|CHURU|||Churu|Gajsar,23,23,52,23,False,electrical_rajasthan,electrical_churu
Shivkumar Chanabasappa Udasi,NA - Construction of bus-sheds or bus-stops,Normal/Others,Karnataka,HAVERI,DEPUTY COMMISSIONER HAVERI_IDA,,,Haveri,Devagiri Yellapur,2024-03-03,500000.0,Action Pending,Unsanctioned,Lok Sabha,False,73,a2339f76cf81c3ddbeaa72439b4b35c5,1,na construction of bus sheds or bus stops,43,8,7,building,False,True,False,False,False,False,False,False,13.122365377402328,0.7277628032345014,54,500000.0,471296.2962962963,84452.65048950804,1.0,0.33987925230682614,492,430000.0,471904.2174796748,412350.68459874584,1.1627906976744187,0.06813565144839016,31,500000.0,450000.0,107238.05294763608,1.0,0.4662524041201569,31,500000.0,450000.0,107238.05294763608,1.0,0.4662524041201569,31,500000.0,450000.0,107238.05294763608,1.0,0.4662524041201569,197,500000.0,630154.3248730964,588758.041654943,1.0,-0.2210658974733406,2024,3,1,6,3,31,31,10,10,False,False,True,True,0.6666666666666666,Karnataka|HAVERI|||Haveri|Devagiri Yellapur,31,31,54,31,False,building_karnataka,building_haveri
Shivkumar Chanabasappa Udasi,NA - Construction of bus-sheds or bus-stops,Normal/Others,Karnataka,HAVERI,DEPUTY COMMISSIONER HAVERI_IDA,,,Haveri,Devagiri,2024-03-03,500000.0,Action Pending,Unsanctioned,Lok Sabha,False,74,32814128f2f92926932676a60649413f,2,na construction of bus sheds or bus stops,43,8,7,building,False,True,False,False,False,False,False,False,13.122365377402328,0.7277628032345014,54,500000.0,471296.2962962963,84452.65048950804,1.0,0.33987925230682614,492,430000.0,471904.2174796748,412350.68459874584,1.1627906976744187,0.06813565144839016,31,500000.0,450000.0,107238.05294763608,1.0,0.4662524041201569,31,500000.0,450000.0,107238.05294763608,1.0,0.4662524041201569,31,500000.0,450000.0,107238.05294763608,1.0,0.4662524041201569,197,500000.0,630154.3248730964,588758.041654943,1.0,-0.2210658974733406,2024,3,1,6,3,31,31,9,9,False,False,True,True,0.6666666666666666,Karnataka|HAVERI|||Haveri|Devagiri,31,31,54,31,True,building_karnataka,building_haveri
Gaddam Ranjith Reddy,NA - Lighting of public spaces,Normal/Others,Telangana,CHELVELLA,DISTRICT COLLECTOR VIKARABAD_IDA,,,Yelal,Bennur,2024-03-03,170000.0,Action Pending,Unsanctioned,Lok Sabha,False,75,d932d82b5f263f01aad41e15f93f1c02,1,na lighting of public spaces,30,5,5,electrical,False,False,False,True,False,False,False,False,12.04355959836804,0.3564690026954178,26,500000.0,539230.7692307692,384550.88689975033,0.34,-0.9601610132991972,492,430000.0,471904.2174796748,412350.68459874584,0.3953488372093023,-0.7321540347955398,20,500000.0,451000.0,298150.43889038014,0.34,-0.9424772307758172,20,500000.0,451000.0,298150.43889038014,0.34,-0.9424772307758172,11,170000.0,247272.72727272726,139433.92048500315,1.0,-0.5541888731518407,145,430000.0,386886.22068965517,275909.89582542237,0.3953488372093023,-0.7860762660969816,2024,3,1,6,3,20,20,12,12,False,False,True,True,0.6666666666666666,Telangana|CHELVELLA|||Yelal|Bennur,20,20,26,11,False,electrical_telangana,electrical_chelvella
Rahul Kaswan,NA - Construction of additional rooms and halls in the existing public and community building,Normal/Others,Rajasthan,CHURU,DISTRICT COLLECTOR CHURU_IDA,,,Taranagar,Buchawas,2024-03-03,650000.0,Action Pending,Unsanctioned,Lok Sabha,False,76,f024c920380e5623374ed5ab3d64fd64,1,na construction of additional rooms and halls in the existing public and community building,93,14,13,building,False,True,False,False,False,False,False,False,13.384729180332174,0.8322102425876011,52,600000.0,589519.2307692308,331627.6254715027,1.0833333333333333,0.18237554589964777,492,430000.0,471904.2174796748,412350.68459874584,1.5116279069767442,0.4319036906501765,23,700000.0,688913.0434782609,276553.94230412366,0.9285714285714286,-0.14070688399541442,23,700000.0,688913.0434782609,276553.94230412366,0.9285714285714286,-0.14070688399541442,23,700000.0,688913.0434782609,276553.94230412366,0.9285714285714286,-0.14070688399541442,197,500000.0,630154.3248730964,588758.041654943,1.3,0.033707692673070354,2024,3,1,6,3,23,23,22,22,False,False,True,True,0.6666666666666666,Rajasthan|CHURU|||Taranagar|Buchawas,23,23,52,23,False,building_rajasthan,building_churu
Dr Sukanta Majumdar,NA - Street lights,Normal/Others,West Bengal,BALURGHAT,DISTRICT MAGISTRATE DINAJPUR DAKSHIN_IDA,Balurghat,Baidyanathpara (OG) - Ward No.25,,,2024-03-03,35000.0,Action Pending,Unsanctioned,Lok Sabha,False,77,51ee8b80271bbbcfe80d2e1517774a7a,5,na street lights,18,3,3,electrical,False,False,False,True,False,False,False,False,10.463131911491967,0.01078167115902965,8,35000.0,501500.25,688439.0005142586,1.0,-0.6776203115330884,492,430000.0,471904.2174796748,412350.68459874584,0.08139534883720931,-1.0595452700771475,5,35000.0,35000.0,0.0,1.0,0.0,5,35000.0,35000.0,0.0,1.0,0.0,5,35000.0,35000.0,0.0,1.0,0.0,145,430000.0,386886.22068965517,275909.89582542237,0.08139534883720931,-1.2753664367018775,2024,3,1,6,3,5,5,5,5,True,True,False,False,0.6666666666666666,West Bengal|BALURGHAT|Balurghat|Baidyanathpara (OG) - Ward No.25||,5,5,8,5,True,electrical_west bengal,electrical_balurghat
Rahul Kaswan,NA - Construction of additional rooms and halls in the existing public and community building,Normal/Others,Rajasthan,CHURU,DISTRICT COLLECTOR CHURU_IDA,,,Sardarshahar,Patlisar Purohitan,2024-03-03,650000.0,Action Pending,Unsanctioned,Lok Sabha,False,78,9a5f46557cbe81f3a9461753fc63c51a,1,na construction of additional rooms and halls in the existing public and community building,93,14,13,building,False,True,False,False,False,False,False,False,13.384729180332174,0.8322102425876011,52,600000.0,589519.2307692308,331627.6254715027,1.0833333333333333,0.18237554589964777,492,430000.0,471904.2174796748,412350.68459874584,1.5116279069767442,0.4319036906501765,23,700000.0,688913.0434782609,276553.94230412366,0.9285714285714286,-0.14070688399541442,23,700000.0,688913.0434782609,276553.94230412366,0.9285714285714286,-0.14070688399541442,23,700000.0,688913.0434782609,276553.94230412366,0.9285714285714286,-0.14070688399541442,197,500000.0,630154.3248730964,588758.041654943,1.3,0.033707692673070354,2024,3,1,6,3,23,23,21,21,False,False,True,True,0.6666666666666666,Rajasthan|CHURU|||Sardarshahar|Patlisar Purohitan,23,23,52,23,False,building_rajasthan,building_churu
Rahul Kaswan,NA - Construction of boundary walls of existing public and community buildings,Normal/Others,Rajasthan,CHURU,DISTRICT COLLECTOR CHURU_IDA,,,Ratangarh,Parihara,2024-03-03,1000000.0,Action Pending,Unsanctioned,Lok Sabha,False,79,a5970cffb32cb14245173209aad0b503,1,na construction of boundary walls of existing public and community buildings,78,11,10,building,False,True,False,False,False,False,False,False,13.815511557963774,0.9420485175202157,52,600000.0,589519.2307692308,331627.6254715027,1.6666666666666667,1.2377761612807572,492,430000.0,471904.2174796748,412350.68459874584,2.3255813953488373,1.280695782121011,23,700000.0,688913.0434782609,276553.94230412366,1.4285714285714286,1.1248689999856876,23,700000.0,688913.0434782609,276553.94230412366,1.4285714285714286,1.1248689999856876,23,700000.0,688913.0434782609,276553.94230412366,1.4285714285714286,1.1248689999856876,197,500000.0,630154.3248730964,588758.041654943,2.0,0.6281794030146959,2024,3,1,6,3,23,23,20,20,False,False,True,True,0.6666666666666666,Rajasthan|CHURU|||Ratangarh|Parihara,23,23,52,23,False,building_rajasthan,building_churu
Shivkumar Chanabasappa Udasi,NA - Construction of rooms and halls in school and colleges,Normal/Others,Karnataka,HAVERI,DEPUTY COMMISSIONER HAVERI_IDA,,,Haveri,Kallihal,2024-03-03,500000.0,Action Pending,Unsanctioned,Lok Sabha,False,80,fbf779a1fd632a3ddd7bd82bb5f1294c,1,na construction of rooms and halls in school and colleges,59,10,9,building,False,True,False,False,True,False,False,False,13.122365377402328,0.7277628032345014,54,500000.0,471296.2962962963,84452.65048950804,1.0,0.33987925230682614,492,430000.0,471904.2174796748,412350.68459874584,1.1627906976744187,0.06813565144839016,31,500000.0,450000.0,107238.05294763608,1.0,0.4662524041201569,31,500000.0,450000.0,107238.05294763608,1.0,0.4662524041201569,31,500000.0,450000.0,107238.05294763608,1.0,0.4662524041201569,197,500000.0,630154.3248730964,588758.041654943,1.0,-0.2210658974733406,2024,3,1,6,3,31,31,8,8,False,False,True,True,0.6666666666666666,Karnataka|HAVERI|||Haveri|Kallihal,31,31,54,31,False,building_karnataka,building_haveri
Shri Mahesh Sahoo,NA - Construction of boundary walls of existing public and community buildings,Normal/Others,Odisha,DHENKANAL,DISTRICT COLLECTORANGUL_IDA,,,Khamar,Sankhamur,2024-03-03,400000.0,Action Pending,Unsanctioned,Lok Sabha,False,81,233a4879216a708ee4deab44f49f18c5,1,na construction of boundary walls of existing public and community buildings,78,11,10,building,False,True,False,False,False,False,False,False,12.899222326086994,0.5545822102425876,141,300000.0,377021.27659574465,471165.34052867413,1.3333333333333333,0.04876997823836516,492,430000.0,471904.2174796748,412350.68459874584,0.9302325581395349,-0.17437637468613404,17,400000.0,376470.5882352941,97014.25001453319,1.0,0.2425356250363332,17,400000.0,376470.5882352941,97014.25001453319,1.0,0.2425356250363332,17,400000.0,376470.5882352941,97014.25001453319,1.0,0.2425356250363332,197,500000.0,630154.3248730964,588758.041654943,0.8,-0.3909149575709479,2024,3,1,6,3,17,17,16,16,False,False,True,True,0.6666666666666666,Odisha|DHENKANAL|||Khamar|Sankhamur,17,17,141,17,False,building_odisha,building_dhenkanal
Shri Mahesh Sahoo,"NA - Construction of roads, link roads, pathways or any other road with or without drainage system",Normal/Others,Odisha,DHENKANAL,DISTRICT COLLECTORANGUL_IDA,,,Palalahada,Pechamundi,2024-03-03,300000.0,Action Pending,Unsanctioned,Lok Sabha,False,82,f3ae72c42370148912470f6e0ecee81f,1,na construction of roads link roads pathways or any other road with or without drainage system,98,16,14,road,True,False,False,False,False,False,True,False,12.611541086966115,0.488544474393531,141,300000.0,377021.27659574465,471165.34052867413,1.0,-0.1634697418730385,492,430000.0,471904.2174796748,412350.68459874584,0.6976744186046512,-0.41688840082065826,17,400000.0,376470.5882352941,97014.25001453319,0.75,-0.788240781368082,17,400000.0,376470.5882352941,97014.25001453319,0.75,-0.788240781368082,17,400000.0,376470.5882352941,97014.25001453319,0.75,-0.788240781368082,147,500000.0,549006.8027210884,314411.18040611234,0.6,-0.791978206371212,2024,3,1,6,3,17,17,15,15,False,False,True,True,0.6666666666666666,Odisha|DHENKANAL|||Palalahada|Pechamundi,17,17,141,17,False,road_odisha,road_dhenkanal
Gaddam Ranjith Reddy,"NA - Construction of roads, link roads, pathways or any other road with or without drainage system",Normal/Others,Telangana,CHELVELLA,DISTRICT COLLECTOR RANGAREDDY_IDA,,,Chevella,Mudimyal,2024-03-03,500000.0,Action Pending,Unsanctioned,Lok Sabha,False,83,251fde99e2d34350aa720047ed6400f2,1,na construction of roads link roads pathways or any other road with or without drainage system,98,16,14,road,True,False,False,False,False,False,True,False,13.122365377402328,0.7277628032345014,26,500000.0,539230.7692307692,384550.88689975033,1.0,-0.10201710766303974,492,430000.0,471904.2174796748,412350.68459874584,1.1627906976744187,0.06813565144839016,20,500000.0,451000.0,298150.43889038014,1.0,0.16434656337371903,20,500000.0,451000.0,298150.43889038014,1.0,0.16434656337371903,9,500000.0,700000.0,244948.97427831782,1.0,-0.816496580927726,147,500000.0,549006.8027210884,314411.18040611234,1.0,-0.15586851160250814,2024,3,1,6,3,20,20,13,13,False,False,True,True,0.6666666666666666,Telangana|CHELVELLA|||Chevella|Mudimyal,20,20,26,9,False,road_telangana,road_chelvella
Smt Ranjeeta Koli,"NA - Construction of roads, link roads, pathways or any other road with or without drainage system",Normal/Others,Rajasthan,BHARATPUR(SC),DISTRICT COLLECTOR BHARATPUR_IDA,,,Bharatpur,Garhi Zalimsingh,2024-03-03,400000.0,Action Pending,Unsanctioned,Lok Sabha,False,84,403be3e820a27b5af5c23905464bb373,1,na construction of roads link roads pathways or any other road with or without drainage system,98,16,14,road,True,False,False,False,False,False,True,False,12.899222326086994,0.5545822102425876,52,600000.0,589519.2307692308,331627.6254715027,0.6666666666666666,-0.5714820365154303,492,430000.0,471904.2174796748,412350.68459874584,0.9302325581395349,-0.17437637468613404,13,500000.0,488461.53846153844,147413.59920566768,0.8,-0.6000907578283817,13,500000.0,488461.53846153844,147413.59920566768,0.8,-0.6000907578283817,10,500000.0,465000.0,145392.1899170959,0.8,-0.4470666549356169,147,500000.0,549006.8027210884,314411.18040611234,0.8,-0.47392335898686005,2024,3,1,6,3,13,13,13,13,False,False,True,True,0.6666666666666666,Rajasthan|BHARATPUR(SC)|||Bharatpur|Garhi Zalimsingh,13,13,52,10,False,road_rajasthan,road_bharatpur(sc)
Rahul Kaswan,NA - Improvement of electricity distribution infrastructure,Normal/Others,Rajasthan,CHURU,DISTRICT COLLECTOR CHURU_IDA,,,Ratangarh,Menasar,2024-03-03,200000.0,Action Pending,Unsanctioned,Lok Sabha,False,85,9d61558652d817233a94b20dec84d987,1,na improvement of electricity distribution infrastructure,59,6,6,electrical,False,False,False,True,False,False,False,True,12.206077645517674,0.396900269541779,52,600000.0,589519.2307692308,331627.6254715027,0.3333333333333333,-1.1745681024474928,492,430000.0,471904.2174796748,412350.68459874584,0.46511627906976744,-0.6594004269551824,23,700000.0,688913.0434782609,276553.94230412366,0.2857142857142857,-1.7678758776854029,23,700000.0,688913.0434782609,276553.94230412366,0.2857142857142857,-1.7678758776854029,23,700000.0,688913.0434782609,276553.94230412366,0.2857142857142857,-1.7678758776854029,145,430000.0,386886.22068965517,275909.89582542237,0.46511627906976744,-0.6773451170736713,2024,3,1,6,3,23,23,19,19,False,False,True,True,0.6666666666666666,Rajasthan|CHURU|||Ratangarh|Menasar,23,23,52,23,False,electrical_rajasthan,electrical_churu
Rahul Kaswan,NA - Construction of rooms and halls in school and colleges,Normal/Others,Rajasthan,CHURU,DISTRICT COLLECTOR CHURU_IDA,,,Ratangarh,Chainpura,2024-03-03,850000.0,Action Pending,Unsanctioned,Lok Sabha,False,86,8fa1532c30c58a8111b19f4c9e30dfbe,1,na construction of rooms and halls in school and colleges,59,10,9,building,False,True,False,False,True,False,False,False,13.652992804936396,0.8793800539083558,52,600000.0,589519.2307692308,331627.6254715027,1.4166666666666667,0.7854616118317103,492,430000.0,471904.2174796748,412350.68459874584,1.9767441860465116,0.9169277429192249,23,700000.0,688913.0434782609,276553.94230412366,1.2142857142857142,0.5824793354223582,23,700000.0,688913.0434782609,276553.94230412366,1.2142857142857142,0.5824793354223582,23,700000.0,688913.0434782609,276553.94230412366,1.2142857142857142,0.5824793354223582,197,500000.0,630154.3248730964,588758.041654943,1.7,0.37340581286828495,2024,3,1,6,3,23,23,18,18,False,False,True,True,0.6666666666666666,Rajasthan|CHURU|||Ratangarh|Chainpura,23,23,52,23,False,building_rajasthan,building_churu
Rahul Kaswan,NA - Development of playfields and sports grounds,Normal/Others,Rajasthan,CHURU,DISTRICT COLLECTOR CHURU_IDA,,,Ratangarh,Gogasar,2024-03-03,500000.0,Action Pending,Unsanctioned,Lok Sabha,False,87,9ad9b2f538570d88e9df889e00919746,1,na development of playfields and sports grounds,49,7,7,other,False,False,False,False,False,False,False,False,13.122365377402328,0.7277628032345014,52,600000.0,589519.2307692308,331627.6254715027,0.8333333333333334,-0.26993900354939904,492,430000.0,471904.2174796748,412350.68459874584,1.1627906976744187,0.06813565144839016,23,700000.0,688913.0434782609,276553.94230412366,0.7142857142857143,-0.6830965485587439,23,700000.0,688913.0434782609,276553.94230412366,0.7142857142857143,-0.6830965485587439,23,700000.0,688913.0434782609,276553.94230412366,0.7142857142857143,-0.6830965485587439,50,100000.0,266712.36,314672.4568884196,5.0,0.7413665698829244,2024,3,1,6,3,23,23,17,17,False,False,True,True,0.6666666666666666,Rajasthan|CHURU|||Ratangarh|Gogasar,23,23,52,23,False,other_rajasthan,other_churu
Smt Ranjeeta Koli,"NA - Construction of roads, link roads, pathways or any other road with or without drainage system",Normal/Others,Rajasthan,BHARATPUR(SC),DISTRICT COLLECTOR ALWAR_IDA,,,Kathumar,Titpuri,2024-03-03,700000.0,Action Pending,Unsanctioned,Lok Sabha,False,88,4d5df1d47b67c62fcc875542e53d7036,1,na construction of roads link roads pathways or any other road with or without drainage system,98,16,14,road,True,False,False,False,False,False,True,False,13.45883704259595,0.8497304582210242,52,600000.0,589519.2307692308,331627.6254715027,1.1666666666666667,0.3331470623826634,492,430000.0,471904.2174796748,412350.68459874584,1.627906976744186,0.5531597037174386,13,500000.0,488461.53846153844,147413.59920566768,1.4,1.434999638285261,13,500000.0,488461.53846153844,147413.59920566768,1.4,1.434999638285261,3,,,,,,147,500000.0,549006.8027210884,314411.18040611234,1.4,0.4802411831661957,2024,3,1,6,3,13,13,12,12,False,False,True,True,0.6666666666666666,Rajasthan|BHARATPUR(SC)|||Kathumar|Titpuri,13,13,52,3,False,road_rajasthan,road_bharatpur(sc)
Smt Ranjeeta Koli,"NA - Construction of roads, link roads, pathways or any other road with or without drainage system",Normal/Others,Rajasthan,BHARATPUR(SC),DISTRICT COLLECTOR ALWAR_IDA,,,Kathumar,Maithna,2024-03-03,400000.0,Action Pending,Unsanctioned,Lok Sabha,False,89,93295ffa315f7ddef414f8e8fd62e60c,1,na construction of roads link roads pathways or any other road with or without drainage system,98,16,14,road,True,False,False,False,False,False,True,False,12.899222326086994,0.5545822102425876,52,600000.0,589519.2307692308,331627.6254715027,0.6666666666666666,-0.5714820365154303,492,430000.0,471904.2174796748,412350.68459874584,0.9302325581395349,-0.17437637468613404,13,500000.0,488461.53846153844,147413.59920566768,0.8,-0.6000907578283817,13,500000.0,488461.53846153844,147413.59920566768,0.8,-0.6000907578283817,3,,,,,,147,500000.0,549006.8027210884,314411.18040611234,0.8,-0.47392335898686005,2024,3,1,6,3,13,13,11,11,False,False,True,True,0.6666666666666666,Rajasthan|BHARATPUR(SC)|||Kathumar|Maithna,13,13,52,3,False,road_rajasthan,road_bharatpur(sc)
Smt Ranjeeta Koli,"NA - Construction of roads, link roads, pathways or any other road with or without drainage system",Normal/Others,Rajasthan,BHARATPUR(SC),DISTRICT COLLECTOR ALWAR_IDA,,,Kathumar,Pisai,2024-03-03,600000.0,Action Pending,Unsanctioned,Lok Sabha,False,90,9d5768d9399b61e519491d2975d93a0c,1,na construction of roads link roads pathways or any other road with or without drainage system,98,16,14,road,True,False,False,False,False,False,True,False,13.304686600863562,0.8160377358490566,52,600000.0,589519.2307692308,331627.6254715027,1.0,0.03160402941663217,492,430000.0,471904.2174796748,412350.68459874584,1.3953488372093024,0.3106476775829144,13,500000.0,488461.53846153844,147413.59920566768,1.2,0.7566361729140468,13,500000.0,488461.53846153844,147413.59920566768,1.2,0.7566361729140468,3,,,,,,147,500000.0,549006.8027210884,314411.18040611234,1.2,0.16218633578184377,2024,3,1,6,3,13,13,10,10,False,False,True,True,0.6666666666666666,Rajasthan|BHARATPUR(SC)|||Kathumar|Pisai,13,13,52,3,False,road_rajasthan,road_bharatpur(sc)
Smt Ranjeeta Koli,NA - Crematoriums or structures on burial/ cremation ground for public convenience,Normal/Others,Rajasthan,BHARATPUR(SC),DISTRICT COLLECTOR BHARATPUR_IDA,,,Nadbai,Gadauli,2024-03-03,300000.0,Action Pending,Unsanctioned,Lok Sabha,False,91,5314b8815ce3651f7eacfc9da13150d5,1,na crematoriums or structures on burial cremation ground for public convenience,82,11,11,building,False,True,False,False,False,False,False,False,12.611541086966115,0.488544474393531,52,600000.0,589519.2307692308,331627.6254715027,0.5,-0.8730250694814615,492,430000.0,471904.2174796748,412350.68459874584,0.6976744186046512,-0.41688840082065826,13,500000.0,488461.53846153844,147413.59920566768,0.6,-1.278454223199596,13,500000.0,488461.53846153844,147413.59920566768,0.6,-1.278454223199596,10,500000.0,465000.0,145392.1899170959,0.6,-1.1348615086827198,197,500000.0,630154.3248730964,588758.041654943,0.6,-0.5607640176685552,2024,3,1,6,3,13,13,9,9,False,False,True,True,0.6666666666666666,Rajasthan|BHARATPUR(SC)|||Nadbai|Gadauli,13,13,52,10,False,building_rajasthan,building_bharatpur(sc)
Smt Ranjeeta Koli,"NA - Construction of roads, link roads, pathways or any other road with or without drainage system",Normal/Others,Rajasthan,BHARATPUR(SC),DISTRICT COLLECTOR BHARATPUR_IDA,,,Nadbai,Gadauli,2024-03-03,500000.0,Action Pending,Unsanctioned,Lok Sabha,False,92,0df16f4216aa40a7130af7f41f47498d,1,na construction of roads link roads pathways or any other road with or without drainage system,98,16,14,road,True,False,False,False,False,False,True,False,13.122365377402328,0.7277628032345014,52,600000.0,589519.2307692308,331627.6254715027,0.8333333333333334,-0.26993900354939904,492,430000.0,471904.2174796748,412350.68459874584,1.1627906976744187,0.06813565144839016,13,500000.0,488461.53846153844,147413.59920566768,1.0,0.07827270754283257,13,500000.0,488461.53846153844,147413.59920566768,1.0,0.07827270754283257,10,500000.0,465000.0,145392.1899170959,1.0,0.24072819881148605,147,500000.0,549006.8027210884,314411.18040611234,1.0,-0.15586851160250814,2024,3,1,6,3,13,13,8,8,False,False,True,True,0.6666666666666666,Rajasthan|BHARATPUR(SC)|||Nadbai|Gadauli,13,13,52,10,False,road_rajasthan,road_bharatpur(sc)
Rahul Kaswan,NA - Improvement of electricity distribution infrastructure,Normal/Others,Rajasthan,CHURU,DISTRICT COLLECTOR CHURU_IDA,,,Rajgarh,Bas Mundi,2024-03-03,488000.0,Action Pending,Unsanctioned,Lok Sabha,False,93,6e736ab5dbc702669288f4612b56ebf3,1,na improvement of electricity distribution infrastructure,59,6,6,electrical,False,False,False,True,False,False,False,True,13.098072734013513,0.6536388140161725,52,600000.0,589519.2307692308,331627.6254715027,0.8133333333333334,-0.3061241675053228,492,430000.0,471904.2174796748,412350.68459874584,1.1348837209302325,0.039034208312247264,23,700000.0,688913.0434782609,276553.94230412366,0.6971428571428572,-0.7264877217238103,23,700000.0,688913.0434782609,276553.94230412366,0.6971428571428572,-0.7264877217238103,23,700000.0,688913.0434782609,276553.94230412366,0.6971428571428572,-0.7264877217238103,145,430000.0,386886.22068965517,275909.89582542237,1.1348837209302325,0.3664739135501069,2024,3,1,6,3,23,23,16,16,False,False,True,True,0.6666666666666666,Rajasthan|CHURU|||Rajgarh|Bas Mundi,23,23,52,23,False,electrical_rajasthan,electrical_churu
Sukhbir Singh Jaunapuria,"NA - Construction of roads, link roads, pathways or any other road with or without drainage system",Normal/Others,Rajasthan,TONK-SAWAI MADHOPUR,DISTRICT COLLECTOR SAWAI MADHOPUR_IDA,,,Sawai Madhopur,Rawanjna Chaur,2024-03-03,250000.0,Action Pending,Unsanctioned,Lok Sabha,False,94,5c743b30e18baef0ef75e536099a9df4,1,na construction of roads link roads pathways or any other road with or without drainage system,98,16,14,road,True,False,False,False,False,False,True,False,12.429220196836383,0.44339622641509435,52,600000.0,589519.2307692308,331627.6254715027,0.4166666666666667,-1.023796585964477,492,430000.0,471904.2174796748,412350.68459874584,0.5813953488372093,-0.5381444138879203,2,,,,,,2,,,,,,1,,,,,,147,500000.0,549006.8027210884,314411.18040611234,0.5,-0.9510056300633879,2024,3,1,6,3,2,2,2,2,False,False,True,True,0.6666666666666666,Rajasthan|TONK-SAWAI MADHOPUR|||Sawai Madhopur|Rawanjna Chaur,2,2,52,1,False,road_rajasthan,road_tonk-sawai madhopur
Sukhbir Singh Jaunapuria,NA - Construction of community centers and community halls,Normal/Others,Rajasthan,TONK-SAWAI MADHOPUR,DISTRICT COLLECTOR TONK_IDA,,,Peeplu,Janwali,2024-03-03,500000.0,Action Pending,Unsanctioned,Lok Sabha,False,95,f9a0e799cd220e02e30c8867794faf28,1,na construction of community centers and community halls,58,8,7,building,False,True,False,False,False,False,False,False,13.122365377402328,0.7277628032345014,52,600000.0,589519.2307692308,331627.6254715027,0.8333333333333334,-0.26993900354939904,492,430000.0,471904.2174796748,412350.68459874584,1.1627906976744187,0.06813565144839016,2,,,,,,2,,,,,,1,,,,,,197,500000.0,630154.3248730964,588758.041654943,1.0,-0.2210658974733406,2024,3,1,6,3,2,2,1,1,False,False,True,True,0.6666666666666666,Rajasthan|TONK-SAWAI MADHOPUR|||Peeplu|Janwali,2,2,52,1,False,building_rajasthan,building_tonk-sawai madhopur
Devji Mansingram Patel,NA - Purchase of other aids / devices required for P/ M/ V/ H impaired for differently abled persons,Normal/Others,Rajasthan,JALORE,DISTRICT COLLECTOR Sanchor_IDA,,,Sanchore,Kilawa,2024-03-03,110000.0,Action Pending,Unsanctioned,Lok Sabha,False,96,e09fb9bd80eab135f3942f7ef678fcff,1,na purchase of other aids devices required for p m v h impaired for differently abled persons,100,17,16,health,False,False,False,False,False,True,False,False,11.608244735642321,0.3247978436657682,52,600000.0,589519.2307692308,331627.6254715027,0.18333333333333332,-1.4459568321169207,492,430000.0,471904.2174796748,412350.68459874584,0.2558139534883721,-0.8776612504762542,3,,,,,,3,,,,,,3,,,,,,5,110000.0,1015400.0,1333309.6695816768,1.0,-0.679062051866816,2024,3,1,6,3,3,3,3,3,False,False,True,True,0.6666666666666666,Rajasthan|JALORE|||Sanchore|Kilawa,3,3,52,3,False,health_rajasthan,health_jalore
Devji Mansingram Patel,NA - Street lights,Normal/Others,Rajasthan,JALORE,DISTRICT COLLECTOR Sanchor_IDA,,,Bagora,Bagora,2024-03-03,400000.0,Action Pending,Unsanctioned,Lok Sabha,False,97,fa1f701feef858e82ab1abde98401269,1,na street lights,18,3,3,electrical,False,False,False,True,False,False,False,False,12.899222326086994,0.5545822102425876,52,600000.0,589519.2307692308,331627.6254715027,0.6666666666666666,-0.5714820365154303,492,430000.0,471904.2174796748,412350.68459874584,0.9302325581395349,-0.17437637468613404,3,,,,,,3,,,,,,3,,,,,,145,430000.0,386886.22068965517,275909.89582542237,0.9302325581395349,0.04752920974839689,2024,3,1,6,3,3,3,2,2,False,False,True,True,0.6666666666666666,Rajasthan|JALORE|||Bagora|Bagora,3,3,52,3,False,electrical_rajasthan,electrical_jalore
Devji Mansingram Patel,NA - Construction of common work sheds/ common covered sitting area,Normal/Others,Rajasthan,JALORE,DISTRICT COLLECTOR Sanchor_IDA,,,Raniwara,Doongri,2024-03-03,500000.0,Action Pending,Unsanctioned,Lok Sabha,False,98,bcda6793b4fe38446d3797de75c6bb07,1,na construction of common work sheds common covered sitting area,67,10,9,building,False,True,False,False,False,False,False,False,13.122365377402328,0.7277628032345014,52,600000.0,589519.2307692308,331627.6254715027,0.8333333333333334,-0.26993900354939904,492,430000.0,471904.2174796748,412350.68459874584,1.1627906976744187,0.06813565144839016,3,,,,,,3,,,,,,3,,,,,,197,500000.0,630154.3248730964,588758.041654943,1.0,-0.2210658974733406,2024,3,1,6,3,3,3,1,1,False,False,True,True,0.6666666666666666,Rajasthan|JALORE|||Raniwara|Doongri,3,3,52,3,False,building_rajasthan,building_jalore
Rahul Kaswan,NA - Development of playfields and sports grounds,Normal/Others,Rajasthan,CHURU,DISTRICT COLLECTOR CHURU_IDA,,,Taranagar,Poonras,2024-03-03,650000.0,Action Pending,Unsanctioned,Lok Sabha,False,99,b0da0c802200930c1de41599e7fac6d2,1,na development of playfields and sports grounds,49,7,7,other,False,False,False,False,False,False,False,False,13.384729180332174,0.8322102425876011,52,600000.0,589519.2307692308,331627.6254715027,1.0833333333333333,0.18237554589964777,492,430000.0,471904.2174796748,412350.68459874584,1.5116279069767442,0.4319036906501765,23,700000.0,688913.0434782609,276553.94230412366,0.9285714285714286,-0.14070688399541442,23,700000.0,688913.0434782609,276553.94230412366,0.9285714285714286,-0.14070688399541442,23,700000.0,688913.0434782609,276553.94230412366,0.9285714285714286,-0.14070688399541442,50,100000.0,266712.36,314672.4568884196,6.5,1.2180527135742003,2024,3,1,6,3,23,23,12,12,False,False,True,True,0.6666666666666666,Rajasthan|CHURU|||Taranagar|Poonras,23,23,52,23,False,other_rajasthan,other_churu
Rahul Kaswan,NA - Construction of rooms and halls in school and colleges,Normal/Others,Rajasthan,CHURU,DISTRICT COLLECTOR CHURU_IDA,,,Bidasar,Parewara,2024-03-03,850000.0,Action Pending,Unsanctioned,Lok Sabha,False,100,2db1105ac111d1b51f0cd4301ac69d26,1,na construction of rooms and halls in school and colleges,59,10,9,building,False,True,False,False,True,False,False,False,13.652992804936396,0.8793800539083558,52,600000.0,589519.2307692308,331627.6254715027,1.4166666666666667,0.7854616118317103,492,430000.0,471904.2174796748,412350.68459874584,1.9767441860465116,0.9169277429192249,23,700000.0,688913.0434782609,276553.94230412366,1.2142857142857142,0.5824793354223582,23,700000.0,688913.0434782609,276553.94230412366,1.2142857142857142,0.5824793354223582,23,700000.0,688913.0434782609,276553.94230412366,1.2142857142857142,0.5824793354223582,197,500000.0,630154.3248730964,588758.041654943,1.7,0.37340581286828495,2024,3,1,6,3,23,23,15,15,False,False,True,True,0.6666666666666666,Rajasthan|CHURU|||Bidasar|Parewara,23,23,52,23,False,building_rajasthan,building_churu
Rahul Kaswan,NA - Construction of rooms and halls in school and colleges,Normal/Others,Rajasthan,CHURU,DISTRICT COLLECTOR CHURU_IDA,,,Taranagar,Kharathwasiya,2024-03-03,700000.0,Action Pending,Unsanctioned,Lok Sabha,False,101,5f904f27d0b873ebec17822eeceafa9b,1,na construction of rooms and halls in school and colleges,59,10,9,building,False,True,False,False,True,False,False,False,13.45883704259595,0.8497304582210242,52,600000.0,589519.2307692308,331627.6254715027,1.1666666666666667,0.3331470623826634,492,430000.0,471904.2174796748,412350.68459874584,1.627906976744186,0.5531597037174386,23,700000.0,688913.0434782609,276553.94230412366,1.0,0.04008967085902872,23,700000.0,688913.0434782609,276553.94230412366,1.0,0.04008967085902872,23,700000.0,688913.0434782609,276553.94230412366,1.0,0.04008967085902872,197,500000.0,630154.3248730964,588758.041654943,1.4,0.118632222721874,2024,3,1,6,3,23,23,11,11,False,False,True,True,0.6666666666666666,Rajasthan|CHURU|||Taranagar|Kharathwasiya,23,23,52,23,False,building_rajasthan,building_churu
Rahul Kaswan,NA - Improvement of electricity distribution infrastructure,Normal/Others,Rajasthan,CHURU,DISTRICT COLLECTOR CHURU_IDA,,,Ratangarh,Menasar,2024-03-03,142000.0,Action Pending,Unsanctioned,Lok Sabha,False,102,7a5b26881a24ecd77ce5146466a74944,1,na improvement of electricity distribution infrastructure,59,6,6,electrical,False,False,False,True,False,False,False,True,11.863589378812122,0.330188679245283,52,600000.0,589519.2307692308,331627.6254715027,0.23666666666666666,-1.349463061567791,492,430000.0,471904.2174796748,412350.68459874584,0.3302325581395349,-0.8000574021132065,23,700000.0,688913.0434782609,276553.94230412366,0.20285714285714285,-1.977599881316557,23,700000.0,688913.0434782609,276553.94230412366,0.20285714285714285,-1.977599881316557,23,700000.0,688913.0434782609,276553.94230412366,0.20285714285714285,-1.977599881316557,145,430000.0,386886.22068965517,275909.89582542237,0.3302325581395349,-0.887558671852071,2024,3,1,6,3,23,23,6,6,False,False,True,True,0.6666666666666666,Rajasthan|CHURU|||Ratangarh|Menasar,23,23,52,23,False,electrical_rajasthan,electrical_churu
Rahul Kaswan,NA - Construction of rooms and halls in school and colleges,Normal/Others,Rajasthan,CHURU,DISTRICT COLLECTOR CHURU_IDA,,,Ratangarh,Ladhasar,2024-03-03,850000.0,Action Pending,Unsanctioned,Lok Sabha,False,103,162819491e2aeef6ac11ae1ceb7da3ac,1,na construction of rooms and halls in school and colleges,59,10,9,building,False,True,False,False,True,False,False,False,13.652992804936396,0.8793800539083558,52,600000.0,589519.2307692308,331627.6254715027,1.4166666666666667,0.7854616118317103,492,430000.0,471904.2174796748,412350.68459874584,1.9767441860465116,0.9169277429192249,23,700000.0,688913.0434782609,276553.94230412366,1.2142857142857142,0.5824793354223582,23,700000.0,688913.0434782609,276553.94230412366,1.2142857142857142,0.5824793354223582,23,700000.0,688913.0434782609,276553.94230412366,1.2142857142857142,0.5824793354223582,197,500000.0,630154.3248730964,588758.041654943,1.7,0.37340581286828495,2024,3,1,6,3,23,23,5,5,False,False,True,True,0.6666666666666666,Rajasthan|CHURU|||Ratangarh|Ladhasar,23,23,52,23,False,building_rajasthan,building_churu
Rahul Kaswan,NA - Construction of rooms and halls in school and colleges,Normal/Others,Rajasthan,CHURU,DISTRICT COLLECTOR CHURU_IDA,,,Sardarshahar,Bhojoosar Upadhiiyan,2024-03-03,850000.0,Action Pending,Unsanctioned,Lok Sabha,False,104,8066868242478cf405acc0640cd78a0f,1,na construction of rooms and halls in school and colleges,59,10,9,building,False,True,False,False,True,False,False,False,13.652992804936396,0.8793800539083558,52,600000.0,589519.2307692308,331627.6254715027,1.4166666666666667,0.7854616118317103,492,430000.0,471904.2174796748,412350.68459874584,1.9767441860465116,0.9169277429192249,23,700000.0,688913.0434782609,276553.94230412366,1.2142857142857142,0.5824793354223582,23,700000.0,688913.0434782609,276553.94230412366,1.2142857142857142,0.5824793354223582,23,700000.0,688913.0434782609,276553.94230412366,1.2142857142857142,0.5824793354223582,197,500000.0,630154.3248730964,588758.041654943,1.7,0.37340581286828495,2024,3,1,6,3,23,23,4,4,False,False,True,True,0.6666666666666666,Rajasthan|CHURU|||Sardarshahar|Bhojoosar Upadhiiyan,23,23,52,23,False,building_rajasthan,building_churu
SHRI Rajeev Chandrashekhar,"NA - Construction of roads, link roads, pathways or any other road with or without drainage system",Normal/Others,Karnataka,Sitting Rajya Sabha,DEPUTY COMMISSIONER BANGALORE URBAN_IDA,,,Anekal,Indlawadi,2024-03-03,500000.0,Action Pending,Unsanctioned,Rajya Sabha,False,105,96c8ea14f2510b80fbdbbcdec005a40b,7,na construction of roads link roads pathways or any other road with or without drainage system,98,16,14,road,True,False,False,False,False,False,True,False,13.122365377402328,0.7277628032345014,54,500000.0,471296.2962962963,84452.65048950804,1.0,0.33987925230682614,250,63275.0,283357.784,490170.3503311154,7.902015013828526,0.44197331775301346,20,500000.0,500000.0,0.0,1.0,0.0,238,63275.0,240501.87394957984,440718.5852830861,7.902015013828526,0.5888068593334613,20,500000.0,500000.0,0.0,1.0,0.0,147,500000.0,549006.8027210884,314411.18040611234,1.0,-0.15586851160250814,2024,3,1,6,3,20,118,7,215,False,False,True,True,0.6666666666666666,Karnataka|Sitting Rajya Sabha|||Anekal|Indlawadi,20,238,54,20,True,road_karnataka,road_sitting rajya sabha
SH Dhiraj Prasad Sahu,"NA - Construction of roads, link roads, pathways or any other road with or without drainage system",Normal/Others,Jharkhand,Sitting Rajya Sabha,DEPUTY COMMISSIONER LOHARDAGA_IDA,,,Lohardaga,Nigni,2024-03-03,600000.0,Action Pending,Unsanctioned,Rajya Sabha,False,106,3f94196d2c538a4307e07b7a132e8d18,1,na construction of roads link roads pathways or any other road with or without drainage system,98,16,14,road,True,False,False,False,False,False,True,False,13.304686600863562,0.8160377358490566,12,225500.0,446333.3333333333,375299.23414725374,2.6607538802660753,0.40945105314649666,250,63275.0,283357.784,490170.3503311154,9.482418016594231,0.6459840253212067,4,,,,,,238,63275.0,240501.87394957984,440718.5852830861,9.482418016594231,0.8157090217094073,1,,,,,,147,500000.0,549006.8027210884,314411.18040611234,1.2,0.16218633578184377,2024,3,1,6,3,4,118,4,214,False,False,True,True,0.6666666666666666,Jharkhand|Sitting Rajya Sabha|||Lohardaga|Nigni,4,238,12,1,False,road_jharkhand,road_sitting rajya sabha
SH Dhiraj Prasad Sahu,"NA - Construction of roads, link roads, pathways or any other road with or without drainage system",Normal/Others,Jharkhand,Sitting Rajya Sabha,DEPUTY COMMISSIONER GUMLA_IDA,,,Ghaghra,Adar,2024-03-03,750000.0,Action Pending,Unsanctioned,Rajya Sabha,False,107,64065a8165b5c9cd27ef1fa09b503e3b,1,na construction of roads link roads pathways or any other road with or without drainage system,98,16,14,road,True,False,False,False,False,False,True,False,13.527829818844937,0.860512129380054,12,225500.0,446333.3333333333,375299.23414725374,3.3259423503325944,0.8091321245476322,250,63275.0,283357.784,490170.3503311154,11.853022520742789,0.9520000866734964,4,,,,,,238,63275.0,240501.87394957984,440718.5852830861,11.853022520742789,1.1560622652733263,3,,,,,,147,500000.0,549006.8027210884,314411.18040611234,1.5,0.6392686068583716,2024,3,1,6,3,4,118,1,207,False,False,True,True,0.6666666666666666,Jharkhand|Sitting Rajya Sabha|||Ghaghra|Adar,4,238,12,3,False,road_jharkhand,road_sitting rajya sabha
SH Dhiraj Prasad Sahu,NA - Construction of culverts and bridges,Normal/Others,Jharkhand,Sitting Rajya Sabha,DEPUTY COMMISSIONER GUMLA_IDA,,,Ghaghra,Adar,2024-03-03,500000.0,Action Pending,Unsanctioned,Rajya Sabha,False,108,e2155ee4ca7325957dab5753b03422f1,1,na construction of culverts and bridges,41,6,6,road,True,False,False,False,False,False,False,False,13.122365377402328,0.7277628032345014,12,225500.0,446333.3333333333,375299.23414725374,2.2172949002217295,0.14299700554573966,250,63275.0,283357.784,490170.3503311154,7.902015013828526,0.44197331775301346,4,,,,,,238,63275.0,240501.87394957984,440718.5852830861,7.902015013828526,0.5888068593334613,3,,,,,,147,500000.0,549006.8027210884,314411.18040611234,1.0,-0.15586851160250814,2024,3,1,6,3,4,118,3,213,False,False,True,True,0.6666666666666666,Jharkhand|Sitting Rajya Sabha|||Ghaghra|Adar,4,238,12,3,False,road_jharkhand,road_sitting rajya sabha
SH Dhiraj Prasad Sahu,NA - Construction of buildings for community cultural activities,Normal/Others,Jharkhand,Sitting Rajya Sabha,DEPUTY COMMISSIONER GUMLA_IDA,,,Ghaghra,Adar,2024-03-03,600000.0,Action Pending,Unsanctioned,Rajya Sabha,False,109,a7c858859e58b3dc44b904e9a99118d8,1,na construction of buildings for community cultural activities,64,8,8,building,False,True,False,False,False,False,False,False,13.304686600863562,0.8160377358490566,12,225500.0,446333.3333333333,375299.23414725374,2.6607538802660753,0.40945105314649666,250,63275.0,283357.784,490170.3503311154,9.482418016594231,0.6459840253212067,4,,,,,,238,63275.0,240501.87394957984,440718.5852830861,9.482418016594231,0.8157090217094073,3,,,,,,197,500000.0,630154.3248730964,588758.041654943,1.2,-0.05121683737573329,2024,3,1,6,3,4,118,2,212,False,False,True,True,0.6666666666666666,Jharkhand|Sitting Rajya Sabha|||Ghaghra|Adar,4,238,12,3,False,building_jharkhand,building_sitting rajya sabha
Dr Sikander Kumar,NA - Lighting of public spaces,Normal/Others,Himachal Pradesh,Sitting Rajya Sabha,DEPUTY COMMISSIONER HAMIRPUR_IDA,,,Nadaun,Dhaneta (17/7),2024-03-03,16300.0,Action Pending,Unsanctioned,Rajya Sabha,False,110,efe6136c37cf065b6cb3102082401812,1,na lighting of public spaces,30,5,5,electrical,False,False,False,True,False,False,False,False,9.69898173460629,0.0013477088948787063,14,125000.0,130425.0,84048.34860867972,0.1304,-1.3578494032209247,250,63275.0,283357.784,490170.3503311154,0.25760568945080997,-0.544826474754337,3,,,,,,238,63275.0,240501.87394957984,440718.5852830861,0.25760568945080997,-0.5087189000789893,4,,,,,,145,430000.0,386886.22068965517,275909.89582542237,0.03790697674418605,-1.343142186259741,2024,3,1,6,3,3,118,1,211,False,False,True,True,0.6666666666666666,Himachal Pradesh|Sitting Rajya Sabha|||Nadaun|Dhaneta (17/7),3,238,14,4,False,electrical_himachal pradesh,electrical_sitting rajya sabha
SHRI Rajeev Chandrashekhar,"NA - Construction of roads, link roads, pathways or any other road with or without drainage system",Normal/Others,Karnataka,Sitting Rajya Sabha,DEPUTY COMMISSIONER BANGALORE URBAN_IDA,,,Anekal,Karpur,2024-03-03,500000.0,Action Pending,Unsanctioned,Rajya Sabha,False,111,6bbcf599c928b7797d8eccdfe6ae21c7,3,na construction of roads link roads pathways or any other road with or without drainage system,98,16,14,road,True,False,False,False,False,False,True,False,13.122365377402328,0.7277628032345014,54,500000.0,471296.2962962963,84452.65048950804,1.0,0.33987925230682614,250,63275.0,283357.784,490170.3503311154,7.902015013828526,0.44197331775301346,20,500000.0,500000.0,0.0,1.0,0.0,238,63275.0,240501.87394957984,440718.5852830861,7.902015013828526,0.5888068593334613,20,500000.0,500000.0,0.0,1.0,0.0,147,500000.0,549006.8027210884,314411.18040611234,1.0,-0.15586851160250814,2024,3,1,6,3,20,118,6,210,False,False,True,True,0.6666666666666666,Karnataka|Sitting Rajya Sabha|||Anekal|Karpur,20,238,54,20,True,road_karnataka,road_sitting rajya sabha
SHRI Rajeev Chandrashekhar,"NA - Construction of roads, link roads, pathways or any other road with or without drainage system",Normal/Others,Karnataka,Sitting Rajya Sabha,DEPUTY COMMISSIONER BANGALORE URBAN_IDA,,,Anekal,Indlawadi,2024-03-03,500000.0,Action Pending,Unsanctioned,Rajya Sabha,False,112,96c8ea14f2510b80fbdbbcdec005a40b,7,na construction of roads link roads pathways or any other road with or without drainage system,98,16,14,road,True,False,False,False,False,False,True,False,13.122365377402328,0.7277628032345014,54,500000.0,471296.2962962963,84452.65048950804,1.0,0.33987925230682614,250,63275.0,283357.784,490170.3503311154,7.902015013828526,0.44197331775301346,20,500000.0,500000.0,0.0,1.0,0.0,238,63275.0,240501.87394957984,440718.5852830861,7.902015013828526,0.5888068593334613,20,500000.0,500000.0,0.0,1.0,0.0,147,500000.0,549006.8027210884,314411.18040611234,1.0,-0.15586851160250814,2024,3,1,6,3,20,118,5,209,False,False,True,True,0.6666666666666666,Karnataka|Sitting Rajya Sabha|||Anekal|Indlawadi,20,238,54,20,True,road_karnataka,road_sitting rajya sabha
Smt Ranjeeta Koli,"NA - Construction of roads, link roads, pathways or any other road with or without drainage system",Normal/Others,Rajasthan,BHARATPUR(SC),DISTRICT COLLECTOR BHARATPUR_IDA,,,Bharatpur,Jharoli,2024-03-03,500000.0,Action Pending,Unsanctioned,Lok Sabha,False,113,0b876f7cf61a6cb8abe36f8ba03ce2e8,1,na construction of roads link roads pathways or any other road with or without drainage system,98,16,14,road,True,False,False,False,False,False,True,False,13.122365377402328,0.7277628032345014,52,600000.0,589519.2307692308,331627.6254715027,0.8333333333333334,-0.26993900354939904,492,430000.0,471904.2174796748,412350.68459874584,1.1627906976744187,0.06813565144839016,13,500000.0,488461.53846153844,147413.59920566768,1.0,0.07827270754283257,13,500000.0,488461.53846153844,147413.59920566768,1.0,0.07827270754283257,10,500000.0,465000.0,145392.1899170959,1.0,0.24072819881148605,147,500000.0,549006.8027210884,314411.18040611234,1.0,-0.15586851160250814,2024,3,1,6,3,13,13,4,4,False,False,True,True,0.6666666666666666,Rajasthan|BHARATPUR(SC)|||Bharatpur|Jharoli,13,13,52,10,False,road_rajasthan,road_bharatpur(sc)
Rahul Kaswan,NA - Improvement of electricity distribution infrastructure,Normal/Others,Rajasthan,CHURU,DISTRICT COLLECTOR CHURU_IDA,,,Rajgarh,Bhuwari,2024-03-03,280000.0,Action Pending,Unsanctioned,Lok Sabha,False,114,2aab69af444e0d462d2cdf515dba9783,1,na improvement of electricity distribution infrastructure,59,6,6,electrical,False,False,False,True,False,False,False,True,12.54254845357358,0.4555256064690027,52,600000.0,589519.2307692308,331627.6254715027,0.4666666666666667,-0.9333336760746678,492,430000.0,471904.2174796748,412350.68459874584,0.6511627906976745,-0.4653908060475631,23,700000.0,688913.0434782609,276553.94230412366,0.4,-1.4786013899182937,23,700000.0,688913.0434782609,276553.94230412366,0.4,-1.4786013899182937,23,700000.0,688913.0434782609,276553.94230412366,0.4,-1.4786013899182937,145,430000.0,386886.22068965517,275909.89582542237,0.6511627906976745,-0.387395386344844,2024,3,1,6,3,23,23,3,3,False,False,True,True,0.6666666666666666,Rajasthan|CHURU|||Rajgarh|Bhuwari,23,23,52,23,False,electrical_rajasthan,electrical_churu
Smt Ranjeeta Koli,"NA - Construction of roads, link roads, pathways or any other road with or without drainage system",Normal/Others,Rajasthan,BHARATPUR(SC),DISTRICT COLLECTOR BHARATPUR_IDA,,,Bharatpur,Nagla Gopal ( Rural ),2024-03-03,750000.0,Action Pending,Unsanctioned,Lok Sabha,False,115,f6b3d43632ac3f04e4879d9e8220b44b,1,na construction of roads link roads pathways or any other road with or without drainage system,98,16,14,road,True,False,False,False,False,False,True,False,13.527829818844937,0.860512129380054,52,600000.0,589519.2307692308,331627.6254715027,1.25,0.483918578865679,492,430000.0,471904.2174796748,412350.68459874584,1.744186046511628,0.6744157167847007,13,500000.0,488461.53846153844,147413.59920566768,1.5,1.7741813709708683,13,500000.0,488461.53846153844,147413.59920566768,1.5,1.7741813709708683,10,500000.0,465000.0,145392.1899170959,1.5,1.9602153331792436,147,500000.0,549006.8027210884,314411.18040611234,1.5,0.6392686068583716,2024,3,1,6,3,13,13,3,3,False,False,True,True,0.6666666666666666,Rajasthan|BHARATPUR(SC)|||Bharatpur|Nagla Gopal ( Rural ),13,13,52,10,False,road_rajasthan,road_bharatpur(sc)
SHRI Rajeev Chandrashekhar,"NA - Construction of roads, link roads, pathways or any other road with or without drainage system",Normal/Others,Karnataka,Sitting Rajya Sabha,DEPUTY COMMISSIONER BANGALORE URBAN_IDA,,,Anekal,Karpur,2024-03-03,500000.0,Action Pending,Unsanctioned,Rajya Sabha,False,116,6bbcf599c928b7797d8eccdfe6ae21c7,3,na construction of roads link roads pathways or any other road with or without drainage system,98,16,14,road,True,False,False,False,False,False,True,False,13.122365377402328,0.7277628032345014,54,500000.0,471296.2962962963,84452.65048950804,1.0,0.33987925230682614,250,63275.0,283357.784,490170.3503311154,7.902015013828526,0.44197331775301346,20,500000.0,500000.0,0.0,1.0,0.0,238,63275.0,240501.87394957984,440718.5852830861,7.902015013828526,0.5888068593334613,20,500000.0,500000.0,0.0,1.0,0.0,147,500000.0,549006.8027210884,314411.18040611234,1.0,-0.15586851160250814,2024,3,1,6,3,20,118,4,208,False,False,True,True,0.6666666666666666,Karnataka|Sitting Rajya Sabha|||Anekal|Karpur,20,238,54,20,True,road_karnataka,road_sitting rajya sabha
SHRI Rajeev Chandrashekhar,"NA - Construction of roads, link roads, pathways or any other road with or without drainage system",Normal/Others,Karnataka,Sitting Rajya Sabha,DEPUTY COMMISSIONER BANGALORE URBAN_IDA,,,Anekal,Bhovi Palya (Shanthi Pur),2024-03-03,500000.0,Action Pending,Unsanctioned,Rajya Sabha,False,117,ae6d05249b001514be6f997bad56b276,10,na construction of roads link roads pathways or any other road with or without drainage system,98,16,14,road,True,False,False,False,False,False,True,False,13.122365377402328,0.7277628032345014,54,500000.0,471296.2962962963,84452.65048950804,1.0,0.33987925230682614,250,63275.0,283357.784,490170.3503311154,7.902015013828526,0.44197331775301346,20,500000.0,500000.0,0.0,1.0,0.0,238,63275.0,240501.87394957984,440718.5852830861,7.902015013828526,0.5888068593334613,20,500000.0,500000.0,0.0,1.0,0.0,147,500000.0,549006.8027210884,314411.18040611234,1.0,-0.15586851160250814,2024,3,1,6,3,20,118,8,216,False,False,True,True,0.6666666666666666,Karnataka|Sitting Rajya Sabha|||Anekal|Bhovi Palya (Shanthi Pur),20,238,54,20,True,road_karnataka,road_sitting rajya sabha
SHRI Rajeev Chandrashekhar,"NA - Construction of roads, link roads, pathways or any other road with or without drainage system",Normal/Others,Karnataka,Sitting Rajya Sabha,DEPUTY COMMISSIONER BANGALORE URBAN_IDA,,,Anekal,Bhovi Palya (Shanthi Pur),2024-03-03,500000.0,Action Pending,Unsanctioned,Rajya Sabha,False,118,ae6d05249b001514be6f997bad56b276,10,na construction of roads link roads pathways or any other road with or without drainage system,98,16,14,road,True,False,False,False,False,False,True,False,13.122365377402328,0.7277628032345014,54,500000.0,471296.2962962963,84452.65048950804,1.0,0.33987925230682614,250,63275.0,283357.784,490170.3503311154,7.902015013828526,0.44197331775301346,20,500000.0,500000.0,0.0,1.0,0.0,238,63275.0,240501.87394957984,440718.5852830861,7.902015013828526,0.5888068593334613,20,500000.0,500000.0,0.0,1.0,0.0,147,500000.0,549006.8027210884,314411.18040611234,1.0,-0.15586851160250814,2024,3,1,6,3,20,118,3,206,False,False,True,True,0.6666666666666666,Karnataka|Sitting Rajya Sabha|||Anekal|Bhovi Palya (Shanthi Pur),20,238,54,20,True,road_karnataka,road_sitting rajya sabha
Rahul Kaswan,NA - Construction of rooms and halls in school and colleges,Normal/Others,Rajasthan,CHURU,DISTRICT COLLECTOR CHURU_IDA,,,Sardarshahar,Gajoosar,2024-03-03,850000.0,Action Pending,Unsanctioned,Lok Sabha,False,119,c6e97cb7afdb695c71acf33a9c811539,1,na construction of rooms and halls in school and colleges,59,10,9,building,False,True,False,False,True,False,False,False,13.652992804936396,0.8793800539083558,52,600000.0,589519.2307692308,331627.6254715027,1.4166666666666667,0.7854616118317103,492,430000.0,471904.2174796748,412350.68459874584,1.9767441860465116,0.9169277429192249,23,700000.0,688913.0434782609,276553.94230412366,1.2142857142857142,0.5824793354223582,23,700000.0,688913.0434782609,276553.94230412366,1.2142857142857142,0.5824793354223582,23,700000.0,688913.0434782609,276553.94230412366,1.2142857142857142,0.5824793354223582,197,500000.0,630154.3248730964,588758.041654943,1.7,0.37340581286828495,2024,3,1,6,3,23,23,1,1,False,False,True,True,0.6666666666666666,Rajasthan|CHURU|||Sardarshahar|Gajoosar,23,23,52,23,False,building_rajasthan,building_churu
SHRI Rajeev Chandrashekhar,"NA - Construction of roads, link roads, pathways or any other road with or without drainage system",Normal/Others,Karnataka,Sitting Rajya Sabha,DEPUTY COMMISSIONER BANGALORE URBAN_IDA,,,Anekal,Bhovi Palya (Shanthi Pur),2024-03-03,500000.0,Action Pending,Unsanctioned,Rajya Sabha,False,120,ae6d05249b001514be6f997bad56b276,10,na construction of roads link roads pathways or any other road with or without drainage system,98,16,14,road,True,False,False,False,False,False,True,False,13.122365377402328,0.7277628032345014,54,500000.0,471296.2962962963,84452.65048950804,1.0,0.33987925230682614,250,63275.0,283357.784,490170.3503311154,7.902015013828526,0.44197331775301346,20,500000.0,500000.0,0.0,1.0,0.0,238,63275.0,240501.87394957984,440718.5852830861,7.902015013828526,0.5888068593334613,20,500000.0,500000.0,0.0,1.0,0.0,147,500000.0,549006.8027210884,314411.18040611234,1.0,-0.15586851160250814,2024,3,1,6,3,20,118,1,204,False,False,True,True,0.6666666666666666,Karnataka|Sitting Rajya Sabha|||Anekal|Bhovi Palya (Shanthi Pur),20,238,54,20,True,road_karnataka,road_sitting rajya sabha
Rahul Kaswan,NA - Construction of rooms and halls in school and colleges,Normal/Others,Rajasthan,CHURU,DISTRICT COLLECTOR CHURU_IDA,,,Sardarshahar,Bhojrasar,2024-03-03,1000000.0,Action Pending,Unsanctioned,Lok Sabha,False,121,4e3ec6e182f0bf1dfd41c9000be0c43e,1,na construction of rooms and halls in school and colleges,59,10,9,building,False,True,False,False,True,False,False,False,13.815511557963774,0.9420485175202157,52,600000.0,589519.2307692308,331627.6254715027,1.6666666666666667,1.2377761612807572,492,430000.0,471904.2174796748,412350.68459874584,2.3255813953488373,1.280695782121011,23,700000.0,688913.0434782609,276553.94230412366,1.4285714285714286,1.1248689999856876,23,700000.0,688913.0434782609,276553.94230412366,1.4285714285714286,1.1248689999856876,23,700000.0,688913.0434782609,276553.94230412366,1.4285714285714286,1.1248689999856876,197,500000.0,630154.3248730964,588758.041654943,2.0,0.6281794030146959,2024,3,1,6,3,23,23,2,2,False,False,True,True,0.6666666666666666,Rajasthan|CHURU|||Sardarshahar|Bhojrasar,23,23,52,23,False,building_rajasthan,building_churu
Smt Ranjeeta Koli,"NA - Construction of roads, link roads, pathways or any other road with or without drainage system",Normal/Others,Rajasthan,BHARATPUR(SC),DISTRICT COLLECTOR BHARATPUR_IDA,,,Bharatpur,Garhi Zalimsingh,2024-03-03,600000.0,Action Pending,Unsanctioned,Lok Sabha,False,122,54e75cac11fcd394fb00d01f906fb4ce,1,na construction of roads link roads pathways or any other road with or without drainage system,98,16,14,road,True,False,False,False,False,False,True,False,13.304686600863562,0.8160377358490566,52,600000.0,589519.2307692308,331627.6254715027,1.0,0.03160402941663217,492,430000.0,471904.2174796748,412350.68459874584,1.3953488372093024,0.3106476775829144,13,500000.0,488461.53846153844,147413.59920566768,1.2,0.7566361729140468,13,500000.0,488461.53846153844,147413.59920566768,1.2,0.7566361729140468,10,500000.0,465000.0,145392.1899170959,1.2,0.928523052558589,147,500000.0,549006.8027210884,314411.18040611234,1.2,0.16218633578184377,2024,3,1,6,3,13,13,1,1,False,False,True,True,0.6666666666666666,Rajasthan|BHARATPUR(SC)|||Bharatpur|Garhi Zalimsingh,13,13,52,10,False,road_rajasthan,road_bharatpur(sc)
Smt Ranjeeta Koli,"NA - Construction of roads, link roads, pathways or any other road with or without drainage system",Normal/Others,Rajasthan,BHARATPUR(SC),DISTRICT COLLECTOR BHARATPUR_IDA,,,Nadbai,Dahra,2024-03-03,500000.0,Action Pending,Unsanctioned,Lok Sabha,False,123,0d264e5a6f9d9984686402d5ea2d0d04,1,na construction of roads link roads pathways or any other road with or without drainage system,98,16,14,road,True,False,False,False,False,False,True,False,13.122365377402328,0.7277628032345014,52,600000.0,589519.2307692308,331627.6254715027,0.8333333333333334,-0.26993900354939904,492,430000.0,471904.2174796748,412350.68459874584,1.1627906976744187,0.06813565144839016,13,500000.0,488461.53846153844,147413.59920566768,1.0,0.07827270754283257,13,500000.0,488461.53846153844,147413.59920566768,1.0,0.07827270754283257,10,500000.0,465000.0,145392.1899170959,1.0,0.24072819881148605,147,500000.0,549006.8027210884,314411.18040611234,1.0,-0.15586851160250814,2024,3,1,6,3,13,13,2,2,False,False,True,True,0.6666666666666666,Rajasthan|BHARATPUR(SC)|||Nadbai|Dahra,13,13,52,10,False,road_rajasthan,road_bharatpur(sc)
Shri Mahesh Sahoo,NA - Construction of buildings for community cultural activities,Normal/Others,Odisha,DHENKANAL,DISTRICT COLLECTORANGUL_IDA,,,Palalahada,Palalahada (Ct),2024-03-03,200000.0,Action Pending,Unsanctioned,Lok Sabha,False,124,866419ae4b1de649d00f63d9f0b7f473,1,na construction of buildings for community cultural activities,64,8,8,building,False,True,False,False,False,False,False,False,12.206077645517674,0.396900269541779,141,300000.0,377021.27659574465,471165.34052867413,0.6666666666666666,-0.3757094619844422,492,430000.0,471904.2174796748,412350.68459874584,0.46511627906976744,-0.6594004269551824,17,400000.0,376470.5882352941,97014.25001453319,0.5,-1.8190171877724972,17,400000.0,376470.5882352941,97014.25001453319,0.5,-1.8190171877724972,17,400000.0,376470.5882352941,97014.25001453319,0.5,-1.8190171877724972,197,500000.0,630154.3248730964,588758.041654943,0.4,-0.7306130777661625,2024,3,1,6,3,17,17,1,1,False,False,True,True,0.6666666666666666,Odisha|DHENKANAL|||Palalahada|Palalahada (Ct),17,17,141,17,False,building_odisha,building_dhenkanal
SHRI Rajeev Chandrashekhar,"NA - Construction of roads, link roads, pathways or any other road with or without drainage system",Normal/Others,Karnataka,Sitting Rajya Sabha,DEPUTY COMMISSIONER BANGALORE URBAN_IDA,,,Anekal,Indlawadi,2024-03-03,500000.0,Action Pending,Unsanctioned,Rajya Sabha,False,125,96c8ea14f2510b80fbdbbcdec005a40b,7,na construction of roads link roads pathways or any other road with or without drainage system,98,16,14,road,True,False,False,False,False,False,True,False,13.122365377402328,0.7277628032345014,54,500000.0,471296.2962962963,84452.65048950804,1.0,0.33987925230682614,250,63275.0,283357.784,490170.3503311154,7.902015013828526,0.44197331775301346,20,500000.0,500000.0,0.0,1.0,0.0,238,63275.0,240501.87394957984,440718.5852830861,7.902015013828526,0.5888068593334613,20,500000.0,500000.0,0.0,1.0,0.0,147,500000.0,549006.8027210884,314411.18040611234,1.0,-0.15586851160250814,2024,3,1,6,3,20,118,2,205,False,False,True,True,0.6666666666666666,Karnataka|Sitting Rajya Sabha|||Anekal|Indlawadi,20,238,54,20,True,road_karnataka,road_sitting rajya sabha
Shivkumar Chanabasappa Udasi,NA - Construction of additional rooms and halls in the existing public and community building,Normal/Others,Karnataka,HAVERI,DEPUTY COMMISSIONER HAVERI_IDA,Haveri,Haveri (Cmc) - Ward No.1,,,2024-03-03,500000.0,Action Pending,Unsanctioned,Lok Sabha,False,126,ea520f9f5bbde141c2c1a788d24a927d,1,na construction of additional rooms and halls in the existing public and community building,93,14,13,building,False,True,False,False,False,False,False,False,13.122365377402328,0.7277628032345014,54,500000.0,471296.2962962963,84452.65048950804,1.0,0.33987925230682614,492,430000.0,471904.2174796748,412350.68459874584,1.1627906976744187,0.06813565144839016,31,500000.0,450000.0,107238.05294763608,1.0,0.4662524041201569,31,500000.0,450000.0,107238.05294763608,1.0,0.4662524041201569,31,500000.0,450000.0,107238.05294763608,1.0,0.4662524041201569,197,500000.0,630154.3248730964,588758.041654943,1.0,-0.2210658974733406,2024,3,1,6,3,31,31,1,1,True,True,False,False,0.6666666666666666,Karnataka|HAVERI|Haveri|Haveri (Cmc) - Ward No.1||,31,31,54,31,False,building_karnataka,building_haveri
Shri Bhartruhari Mahtab,NA - Lighting of public spaces,Normal/Others,Odisha,CUTTACK,DISTRICT COLLECTOR CUTTACK_IDA,,,Kishannagar,Sompur,2024-03-03,150000.0,Action Pending,Unsanctioned,Lok Sabha,False,127,3945eafe91f33b250640769a2d0cddaf,1,na lighting of public spaces,30,5,5,electrical,False,False,False,True,False,False,False,False,11.918397239722838,0.33962264150943394,141,300000.0,377021.27659574465,471165.34052867413,0.5,-0.481829322040144,492,430000.0,471904.2174796748,412350.68459874584,0.3488372093023256,-0.7806564400224446,18,200000.0,240000.0,124286.19723657735,0.75,-0.7241351171818865,18,200000.0,240000.0,124286.19723657735,0.75,-0.7241351171818865,18,200000.0,240000.0,124286.19723657735,0.75,-0.7241351171818865,145,430000.0,386886.22068965517,275909.89582542237,0.3488372093023256,-0.8585636987791884,2024,3,1,6,3,18,18,1,1,False,False,True,True,0.6666666666666666,Odisha|CUTTACK|||Kishannagar|Sompur,18,18,141,18,False,electrical_odisha,electrical_cuttack
Shri Bhartruhari Mahtab,NA - Construction of buildings for community cultural activities,Normal/Others,Odisha,CUTTACK,DISTRICT COLLECTOR CUTTACK_IDA,,,Kishannagar,Mallipur,2024-03-03,400000.0,Action Pending,Unsanctioned,Lok Sabha,False,128,933c8eaac3bf4dad3116c6a9e489298b,1,na construction of buildings for community cultural activities,64,8,8,building,False,True,False,False,False,False,False,False,12.899222326086994,0.5545822102425876,141,300000.0,377021.27659574465,471165.34052867413,1.3333333333333333,0.04876997823836516,492,430000.0,471904.2174796748,412350.68459874584,0.9302325581395349,-0.17437637468613404,18,200000.0,240000.0,124286.19723657735,2.0,1.2873513194344648,18,200000.0,240000.0,124286.19723657735,2.0,1.2873513194344648,18,200000.0,240000.0,124286.19723657735,2.0,1.2873513194344648,197,500000.0,630154.3248730964,588758.041654943,0.8,-0.3909149575709479,2024,3,1,6,3,18,18,2,2,False,False,True,True,0.6666666666666666,Odisha|CUTTACK|||Kishannagar|Mallipur,18,18,141,18,False,building_odisha,building_cuttack
Shri Bhartruhari Mahtab,NA - Construction of buildings for community cultural activities,Normal/Others,Odisha,CUTTACK,DISTRICT COLLECTOR CUTTACK_IDA,,,Kishannagar,Sadhusahi,2024-03-03,200000.0,Action Pending,Unsanctioned,Lok Sabha,False,129,51f0ccc7e283304f46c2cff19d2b2daf,2,na construction of buildings for community cultural activities,64,8,8,building,False,True,False,False,False,False,False,False,12.206077645517674,0.396900269541779,141,300000.0,377021.27659574465,471165.34052867413,0.6666666666666666,-0.3757094619844422,492,430000.0,471904.2174796748,412350.68459874584,0.46511627906976744,-0.6594004269551824,18,200000.0,240000.0,124286.19723657735,1.0,-0.3218378298586162,18,200000.0,240000.0,124286.19723657735,1.0,-0.3218378298586162,18,200000.0,240000.0,124286.19723657735,1.0,-0.3218378298586162,197,500000.0,630154.3248730964,588758.041654943,0.4,-0.7306130777661625,2024,3,1,6,3,18,18,5,5,False,False,True,True,0.6666666666666666,Odisha|CUTTACK|||Kishannagar|Sadhusahi,18,18,141,18,True,building_odisha,building_cuttack
Shri Bhartruhari Mahtab,NA - Construction of buildings for community cultural activities,Normal/Others,Odisha,CUTTACK,DISTRICT COLLECTOR CUTTACK_IDA,,,Kishannagar,Brahmanbhuin,2024-03-03,200000.0,Action Pending,Unsanctioned,Lok Sabha,False,130,4bbfafad78889e07dbc2a9217ca6cf2e,2,na construction of buildings for community cultural activities,64,8,8,building,False,True,False,False,False,False,False,False,12.206077645517674,0.396900269541779,141,300000.0,377021.27659574465,471165.34052867413,0.6666666666666666,-0.3757094619844422,492,430000.0,471904.2174796748,412350.68459874584,0.46511627906976744,-0.6594004269551824,18,200000.0,240000.0,124286.19723657735,1.0,-0.3218378298586162,18,200000.0,240000.0,124286.19723657735,1.0,-0.3218378298586162,18,200000.0,240000.0,124286.19723657735,1.0,-0.3218378298586162,197,500000.0,630154.3248730964,588758.041654943,0.4,-0.7306130777661625,2024,3,1,6,3,18,18,3,3,False,False,True,True,0.6666666666666666,Odisha|CUTTACK|||Kishannagar|Brahmanbhuin,18,18,141,18,True,building_odisha,building_cuttack
Shri Bhartruhari Mahtab,NA - Providing drains and gutters for public drainage,Normal/Others,Odisha,CUTTACK,DISTRICT COLLECTOR CUTTACK_IDA,,,Kishannagar,Sadhusahi,2024-03-03,200000.0,Action Pending,Unsanctioned,Lok Sabha,False,131,1364daf15bc58ef3991e55b500c01eeb,1,na providing drains and gutters for public drainage,53,8,8,drainage,False,False,False,False,False,False,True,False,12.206077645517674,0.396900269541779,141,300000.0,377021.27659574465,471165.34052867413,0.6666666666666666,-0.3757094619844422,492,430000.0,471904.2174796748,412350.68459874584,0.46511627906976744,-0.6594004269551824,18,200000.0,240000.0,124286.19723657735,1.0,-0.3218378298586162,18,200000.0,240000.0,124286.19723657735,1.0,-0.3218378298586162,18,200000.0,240000.0,124286.19723657735,1.0,-0.3218378298586162,6,400000.0,800000.0,1084435.3369380767,0.5,-0.5532833351724882,2024,3,1,6,3,18,18,4,4,False,False,True,True,0.6666666666666666,Odisha|CUTTACK|||Kishannagar|Sadhusahi,18,18,141,18,False,drainage_odisha,drainage_cuttack
Shri Bhartruhari Mahtab,NA - Construction of buildings for community cultural activities,Normal/Others,Odisha,CUTTACK,DISTRICT COLLECTOR CUTTACK_IDA,,,Kishannagar,Brahmanbhuin,2024-03-03,300000.0,Action Pending,Unsanctioned,Lok Sabha,False,132,9b18415140dd5e0048bb2710d2b4bfc3,1,na construction of buildings for community cultural activities,64,8,8,building,False,True,False,False,False,False,False,False,12.611541086966115,0.488544474393531,141,300000.0,377021.27659574465,471165.34052867413,1.0,-0.1634697418730385,492,430000.0,471904.2174796748,412350.68459874584,0.6976744186046512,-0.41688840082065826,18,200000.0,240000.0,124286.19723657735,1.5,0.48275674478792435,18,200000.0,240000.0,124286.19723657735,1.5,0.48275674478792435,18,200000.0,240000.0,124286.19723657735,1.5,0.48275674478792435,197,500000.0,630154.3248730964,588758.041654943,0.6,-0.5607640176685552,2024,3,1,6,3,18,18,6,6,False,False,True,True,0.6666666666666666,Odisha|CUTTACK|||Kishannagar|Brahmanbhuin,18,18,141,18,False,building_odisha,building_cuttack
Shri Bhartruhari Mahtab,NA - Construction of buildings for community cultural activities,Normal/Others,Odisha,CUTTACK,DISTRICT COLLECTOR CUTTACK_IDA,,,Kishannagar,Brahmanbhuin,2024-03-03,200000.0,Action Pending,Unsanctioned,Lok Sabha,False,133,4bbfafad78889e07dbc2a9217ca6cf2e,2,na construction of buildings for community cultural activities,64,8,8,building,False,True,False,False,False,False,False,False,12.206077645517674,0.396900269541779,141,300000.0,377021.27659574465,471165.34052867413,0.6666666666666666,-0.3757094619844422,492,430000.0,471904.2174796748,412350.68459874584,0.46511627906976744,-0.6594004269551824,18,200000.0,240000.0,124286.19723657735,1.0,-0.3218378298586162,18,200000.0,240000.0,124286.19723657735,1.0,-0.3218378298586162,18,200000.0,240000.0,124286.19723657735,1.0,-0.3218378298586162,197,500000.0,630154.3248730964,588758.041654943,0.4,-0.7306130777661625,2024,3,1,6,3,18,18,7,7,False,False,True,True,0.6666666666666666,Odisha|CUTTACK|||Kishannagar|Brahmanbhuin,18,18,141,18,True,building_odisha,building_cuttack
Shri Bhartruhari Mahtab,NA - Construction of buildings for community cultural activities,Normal/Others,Odisha,CUTTACK,DISTRICT COLLECTOR CUTTACK_IDA,,,Kishannagar,Sadhusahi,2024-03-03,200000.0,Action Pending,Unsanctioned,Lok Sabha,False,134,51f0ccc7e283304f46c2cff19d2b2daf,2,na construction of buildings for community cultural activities,64,8,8,building,False,True,False,False,False,False,False,False,12.206077645517674,0.396900269541779,141,300000.0,377021.27659574465,471165.34052867413,0.6666666666666666,-0.3757094619844422,492,430000.0,471904.2174796748,412350.68459874584,0.46511627906976744,-0.6594004269551824,18,200000.0,240000.0,124286.19723657735,1.0,-0.3218378298586162,18,200000.0,240000.0,124286.19723657735,1.0,-0.3218378298586162,18,200000.0,240000.0,124286.19723657735,1.0,-0.3218378298586162,197,500000.0,630154.3248730964,588758.041654943,0.4,-0.7306130777661625,2024,3,1,6,3,18,18,10,10,False,False,True,True,0.6666666666666666,Odisha|CUTTACK|||Kishannagar|Sadhusahi,18,18,141,18,True,building_odisha,building_cuttack
Shri Bhartruhari Mahtab,NA - Construction of buildings for community cultural activities,Normal/Others,Odisha,CUTTACK,DISTRICT COLLECTOR CUTTACK_IDA,,,Kishannagar,Mallipur,2024-03-03,100000.0,Action Pending,Unsanctioned,Lok Sabha,False,135,705a7588aaacc8cff9794757f07b9c53,1,na construction of buildings for community cultural activities,64,8,8,building,False,True,False,False,False,False,False,False,11.51293546492023,0.3059299191374663,141,300000.0,377021.27659574465,471165.34052867413,0.3333333333333333,-0.5879491820958459,492,430000.0,471904.2174796748,412350.68459874584,0.23255813953488372,-0.9019124530897067,18,200000.0,240000.0,124286.19723657735,0.5,-1.1264324045051568,18,200000.0,240000.0,124286.19723657735,0.5,-1.1264324045051568,18,200000.0,240000.0,124286.19723657735,0.5,-1.1264324045051568,197,500000.0,630154.3248730964,588758.041654943,0.2,-0.9004621378637698,2024,3,1,6,3,18,18,8,8,False,False,True,True,0.6666666666666666,Odisha|CUTTACK|||Kishannagar|Mallipur,18,18,141,18,False,building_odisha,building_cuttack
Shri Bhartruhari Mahtab,NA - Construction of buildings for community cultural activities,Normal/Others,Odisha,CUTTACK,DISTRICT COLLECTOR CUTTACK_IDA,,,Kishannagar,Khentalo,2024-03-03,100000.0,Action Pending,Unsanctioned,Lok Sabha,False,136,8679c17880a34f63e26d4a26b20c9ac5,1,na construction of buildings for community cultural activities,64,8,8,building,False,True,False,False,False,False,False,False,11.51293546492023,0.3059299191374663,141,300000.0,377021.27659574465,471165.34052867413,0.3333333333333333,-0.5879491820958459,492,430000.0,471904.2174796748,412350.68459874584,0.23255813953488372,-0.9019124530897067,18,200000.0,240000.0,124286.19723657735,0.5,-1.1264324045051568,18,200000.0,240000.0,124286.19723657735,0.5,-1.1264324045051568,18,200000.0,240000.0,124286.19723657735,0.5,-1.1264324045051568,197,500000.0,630154.3248730964,588758.041654943,0.2,-0.9004621378637698,2024,3,1,6,3,18,18,9,9,False,False,True,True,0.6666666666666666,Odisha|CUTTACK|||Kishannagar|Khentalo,18,18,141,18,False,building_odisha,building_cuttack
Shri Mahesh Sahoo,NA - Construction of community centers and community halls,Normal/Others,Odisha,DHENKANAL,DISTRICT COLLECTORANGUL_IDA,,,Anugul,Inkarabandha,2024-03-03,500000.0,Action Pending,Unsanctioned,Lok Sabha,False,137,7267412905541dcca3c8da7b81b701a1,1,na construction of community centers and community halls,58,8,7,building,False,True,False,False,False,False,False,False,13.122365377402328,0.7277628032345014,141,300000.0,377021.27659574465,471165.34052867413,1.6666666666666667,0.26100969834976884,492,430000.0,471904.2174796748,412350.68459874584,1.1627906976744187,0.06813565144839016,17,400000.0,376470.5882352941,97014.25001453319,1.25,1.2733120314407484,17,400000.0,376470.5882352941,97014.25001453319,1.25,1.2733120314407484,17,400000.0,376470.5882352941,97014.25001453319,1.25,1.2733120314407484,197,500000.0,630154.3248730964,588758.041654943,1.0,-0.2210658974733406,2024,3,1,6,3,17,17,7,7,False,False,True,True,0.6666666666666666,Odisha|DHENKANAL|||Anugul|Inkarabandha,17,17,141,17,False,building_odisha,building_dhenkanal
Shri Mahesh Sahoo,NA - Construction of community centers and community halls,Normal/Others,Odisha,DHENKANAL,DISTRICT COLLECTORANGUL_IDA,,,Kaniha,Kamarei,2024-03-03,400000.0,Action Pending,Unsanctioned,Lok Sabha,False,138,4bad4220ec0b5284ba80e441f6d454e0,1,na construction of community centers and community halls,58,8,7,building,False,True,False,False,False,False,False,False,12.899222326086994,0.5545822102425876,141,300000.0,377021.27659574465,471165.34052867413,1.3333333333333333,0.04876997823836516,492,430000.0,471904.2174796748,412350.68459874584,0.9302325581395349,-0.17437637468613404,17,400000.0,376470.5882352941,97014.25001453319,1.0,0.2425356250363332,17,400000.0,376470.5882352941,97014.25001453319,1.0,0.2425356250363332,17,400000.0,376470.5882352941,97014.25001453319,1.0,0.2425356250363332,197,500000.0,630154.3248730964,588758.041654943,0.8,-0.3909149575709479,2024,3,1,6,3,17,17,6,6,False,False,True,True,0.6666666666666666,Odisha|DHENKANAL|||Kaniha|Kamarei,17,17,141,17,False,building_odisha,building_dhenkanal
Shri Mahesh Sahoo,NA - Construction of community centers and community halls,Normal/Others,Odisha,DHENKANAL,DISTRICT COLLECTORANGUL_IDA,,,Bantala,Dhokata,2024-03-03,500000.0,Action Pending,Unsanctioned,Lok Sabha,False,139,186c9b4229e9d66d7a2d513ebbcf769a,1,na construction of community centers and community halls,58,8,7,building,False,True,False,False,False,False,False,False,13.122365377402328,0.7277628032345014,141,300000.0,377021.27659574465,471165.34052867413,1.6666666666666667,0.26100969834976884,492,430000.0,471904.2174796748,412350.68459874584,1.1627906976744187,0.06813565144839016,17,400000.0,376470.5882352941,97014.25001453319,1.25,1.2733120314407484,17,400000.0,376470.5882352941,97014.25001453319,1.25,1.2733120314407484,17,400000.0,376470.5882352941,97014.25001453319,1.25,1.2733120314407484,197,500000.0,630154.3248730964,588758.041654943,1.0,-0.2210658974733406,2024,3,1,6,3,17,17,5,5,False,False,True,True,0.6666666666666666,Odisha|DHENKANAL|||Bantala|Dhokata,17,17,141,17,False,building_odisha,building_dhenkanal
Shri Mahesh Sahoo,"NA - Construction of roads, link roads, pathways or any other road with or without drainage system",Normal/Others,Odisha,DHENKANAL,DISTRICT COLLECTORANGUL_IDA,,,Rengali Damsite,Bajrakot,2024-03-03,300000.0,Action Pending,Unsanctioned,Lok Sabha,False,140,78e80fad9f0d53311b54c4a3d450c5c2,1,na construction of roads link roads pathways or any other road with or without drainage system,98,16,14,road,True,False,False,False,False,False,True,False,12.611541086966115,0.488544474393531,141,300000.0,377021.27659574465,471165.34052867413,1.0,-0.1634697418730385,492,430000.0,471904.2174796748,412350.68459874584,0.6976744186046512,-0.41688840082065826,17,400000.0,376470.5882352941,97014.25001453319,0.75,-0.788240781368082,17,400000.0,376470.5882352941,97014.25001453319,0.75,-0.788240781368082,17,400000.0,376470.5882352941,97014.25001453319,0.75,-0.788240781368082,147,500000.0,549006.8027210884,314411.18040611234,0.6,-0.791978206371212,2024,3,1,6,3,17,17,4,4,False,False,True,True,0.6666666666666666,Odisha|DHENKANAL|||Rengali Damsite|Bajrakot,17,17,141,17,False,road_odisha,road_dhenkanal
Shri Mahesh Sahoo,NA - Construction of New Building,Normal/Others,Odisha,DHENKANAL,DISTRICT COLLECTORANGUL_IDA,,,Rengali Damsite,Rengali (Part),2024-03-03,300000.0,Action Pending,Unsanctioned,Lok Sabha,False,141,5c5389665fbf97cabeb59a53ef86bb45,1,na construction of new building,33,5,5,building,False,True,False,False,False,False,False,False,12.611541086966115,0.488544474393531,141,300000.0,377021.27659574465,471165.34052867413,1.0,-0.1634697418730385,492,430000.0,471904.2174796748,412350.68459874584,0.6976744186046512,-0.41688840082065826,17,400000.0,376470.5882352941,97014.25001453319,0.75,-0.788240781368082,17,400000.0,376470.5882352941,97014.25001453319,0.75,-0.788240781368082,17,400000.0,376470.5882352941,97014.25001453319,0.75,-0.788240781368082,197,500000.0,630154.3248730964,588758.041654943,0.6,-0.5607640176685552,2024,3,1,6,3,17,17,3,3,False,False,True,True,0.6666666666666666,Odisha|DHENKANAL|||Rengali Damsite|Rengali (Part),17,17,141,17,False,building_odisha,building_dhenkanal
Shri Mahesh Sahoo,NA - Construction of community centers and community halls,Normal/Others,Odisha,DHENKANAL,DISTRICT COLLECTORANGUL_IDA,,,Talcher Sadar,Brajanathapur,2024-03-03,300000.0,Action Pending,Unsanctioned,Lok Sabha,False,142,cd4b90a41694f30b7d960d65a6fea81a,1,na construction of community centers and community halls,58,8,7,building,False,True,False,False,False,False,False,False,12.611541086966115,0.488544474393531,141,300000.0,377021.27659574465,471165.34052867413,1.0,-0.1634697418730385,492,430000.0,471904.2174796748,412350.68459874584,0.6976744186046512,-0.41688840082065826,17,400000.0,376470.5882352941,97014.25001453319,0.75,-0.788240781368082,17,400000.0,376470.5882352941,97014.25001453319,0.75,-0.788240781368082,17,400000.0,376470.5882352941,97014.25001453319,0.75,-0.788240781368082,197,500000.0,630154.3248730964,588758.041654943,0.6,-0.5607640176685552,2024,3,1,6,3,17,17,2,2,False,False,True,True,0.6666666666666666,Odisha|DHENKANAL|||Talcher Sadar|Brajanathapur,17,17,141,17,False,building_odisha,building_dhenkanal
Shivkumar Chanabasappa Udasi,NA - Lighting of public spaces,Normal/Others,Karnataka,HAVERI,DEPUTY COMMISSIONER HAVERI_IDA,,,Ranibennur,Antaravalli,2024-03-03,500000.0,Action Pending,Unsanctioned,Lok Sabha,False,143,54c4e91912f6003e602ae23254ee3c87,1,na lighting of public spaces,30,5,5,electrical,False,False,False,True,False,False,False,False,13.122365377402328,0.7277628032345014,54,500000.0,471296.2962962963,84452.65048950804,1.0,0.33987925230682614,492,430000.0,471904.2174796748,412350.68459874584,1.1627906976744187,0.06813565144839016,31,500000.0,450000.0,107238.05294763608,1.0,0.4662524041201569,31,500000.0,450000.0,107238.05294763608,1.0,0.4662524041201569,31,500000.0,450000.0,107238.05294763608,1.0,0.4662524041201569,145,430000.0,386886.22068965517,275909.89582542237,1.1627906976744187,0.40996637315943096,2024,3,1,6,3,31,31,3,3,False,False,True,True,0.6666666666666666,Karnataka|HAVERI|||Ranibennur|Antaravalli,31,31,54,31,False,electrical_karnataka,electrical_haveri
Rahul Kaswan,NA - Construction of additional rooms and halls in the existing public and community building,Normal/Others,Rajasthan,CHURU,DISTRICT COLLECTOR CHURU_IDA,,,Sardarshahar,Sawai Bari,2024-03-03,650000.0,Action Pending,Unsanctioned,Lok Sabha,False,144,c6e9b29b9245e694c031c8a086a513be,1,na construction of additional rooms and halls in the existing public and community building,93,14,13,building,False,True,False,False,False,False,False,False,13.384729180332174,0.8322102425876011,52,600000.0,589519.2307692308,331627.6254715027,1.0833333333333333,0.18237554589964777,492,430000.0,471904.2174796748,412350.68459874584,1.5116279069767442,0.4319036906501765,23,700000.0,688913.0434782609,276553.94230412366,0.9285714285714286,-0.14070688399541442,23,700000.0,688913.0434782609,276553.94230412366,0.9285714285714286,-0.14070688399541442,23,700000.0,688913.0434782609,276553.94230412366,0.9285714285714286,-0.14070688399541442,197,500000.0,630154.3248730964,588758.041654943,1.3,0.033707692673070354,2024,3,1,6,3,23,23,10,10,False,False,True,True,0.6666666666666666,Rajasthan|CHURU|||Sardarshahar|Sawai Bari,23,23,52,23,False,building_rajasthan,building_churu
Rahul Kaswan,NA - Construction of rooms and halls in school and colleges,Normal/Others,Rajasthan,CHURU,DISTRICT COLLECTOR CHURU_IDA,,,Churu,Sahnali Chhoti,2024-03-03,1000000.0,Action Pending,Unsanctioned,Lok Sabha,False,145,64b49deed5a2a07709b88325a06a689e,1,na construction of rooms and halls in school and colleges,59,10,9,building,False,True,False,False,True,False,False,False,13.815511557963774,0.9420485175202157,52,600000.0,589519.2307692308,331627.6254715027,1.6666666666666667,1.2377761612807572,492,430000.0,471904.2174796748,412350.68459874584,2.3255813953488373,1.280695782121011,23,700000.0,688913.0434782609,276553.94230412366,1.4285714285714286,1.1248689999856876,23,700000.0,688913.0434782609,276553.94230412366,1.4285714285714286,1.1248689999856876,23,700000.0,688913.0434782609,276553.94230412366,1.4285714285714286,1.1248689999856876,197,500000.0,630154.3248730964,588758.041654943,2.0,0.6281794030146959,2024,3,1,6,3,23,23,9,9,False,False,True,True,0.6666666666666666,Rajasthan|CHURU|||Churu|Sahnali Chhoti,23,23,52,23,False,building_rajasthan,building_churu
SHRI Rajeev Chandrashekhar,"NA - Construction of roads, link roads, pathways or any other road with or without drainage system",Normal/Others,Karnataka,Sitting Rajya Sabha,DEPUTY COMMISSIONER BANGALORE URBAN_IDA,,,Anekal,Indlawadi,2024-03-03,500000.0,Action Pending,Unsanctioned,Rajya Sabha,False,146,96c8ea14f2510b80fbdbbcdec005a40b,7,na construction of roads link roads pathways or any other road with or without drainage system,98,16,14,road,True,False,False,False,False,False,True,False,13.122365377402328,0.7277628032345014,54,500000.0,471296.2962962963,84452.65048950804,1.0,0.33987925230682614,250,63275.0,283357.784,490170.3503311154,7.902015013828526,0.44197331775301346,20,500000.0,500000.0,0.0,1.0,0.0,238,63275.0,240501.87394957984,440718.5852830861,7.902015013828526,0.5888068593334613,20,500000.0,500000.0,0.0,1.0,0.0,147,500000.0,549006.8027210884,314411.18040611234,1.0,-0.15586851160250814,2024,3,1,6,3,20,118,9,217,False,False,True,True,0.6666666666666666,Karnataka|Sitting Rajya Sabha|||Anekal|Indlawadi,20,238,54,20,True,road_karnataka,road_sitting rajya sabha
SHRI Rajeev Chandrashekhar,"NA - Construction of roads, link roads, pathways or any other road with or without drainage system",Normal/Others,Karnataka,Sitting Rajya Sabha,DEPUTY COMMISSIONER BANGALORE URBAN_IDA,,,Anekal,Indlawadi,2024-03-03,500000.0,Action Pending,Unsanctioned,Rajya Sabha,False,147,96c8ea14f2510b80fbdbbcdec005a40b,7,na construction of roads link roads pathways or any other road with or without drainage system,98,16,14,road,True,False,False,False,False,False,True,False,13.122365377402328,0.7277628032345014,54,500000.0,471296.2962962963,84452.65048950804,1.0,0.33987925230682614,250,63275.0,283357.784,490170.3503311154,7.902015013828526,0.44197331775301346,20,500000.0,500000.0,0.0,1.0,0.0,238,63275.0,240501.87394957984,440718.5852830861,7.902015013828526,0.5888068593334613,20,500000.0,500000.0,0.0,1.0,0.0,147,500000.0,549006.8027210884,314411.18040611234,1.0,-0.15586851160250814,2024,3,1,6,3,20,118,20,228,False,False,True,True,0.6666666666666666,Karnataka|Sitting Rajya Sabha|||Anekal|Indlawadi,20,238,54,20,True,road_karnataka,road_sitting rajya sabha
SHRI Rajeev Chandrashekhar,"NA - Construction of roads, link roads, pathways or any other road with or without drainage system",Normal/Others,Karnataka,Sitting Rajya Sabha,DEPUTY COMMISSIONER BANGALORE URBAN_IDA,,,Anekal,Bhovi Palya (Shanthi Pur),2024-03-03,500000.0,Action Pending,Unsanctioned,Rajya Sabha,False,148,ae6d05249b001514be6f997bad56b276,10,na construction of roads link roads pathways or any other road with or without drainage system,98,16,14,road,True,False,False,False,False,False,True,False,13.122365377402328,0.7277628032345014,54,500000.0,471296.2962962963,84452.65048950804,1.0,0.33987925230682614,250,63275.0,283357.784,490170.3503311154,7.902015013828526,0.44197331775301346,20,500000.0,500000.0,0.0,1.0,0.0,238,63275.0,240501.87394957984,440718.5852830861,7.902015013828526,0.5888068593334613,20,500000.0,500000.0,0.0,1.0,0.0,147,500000.0,549006.8027210884,314411.18040611234,1.0,-0.15586851160250814,2024,3,1,6,3,20,118,19,227,False,False,True,True,0.6666666666666666,Karnataka|Sitting Rajya Sabha|||Anekal|Bhovi Palya (Shanthi Pur),20,238,54,20,True,road_karnataka,road_sitting rajya sabha
SHRI Rajeev Chandrashekhar,"NA - Construction of roads, link roads, pathways or any other road with or without drainage system",Normal/Others,Karnataka,Sitting Rajya Sabha,DEPUTY COMMISSIONER BANGALORE URBAN_IDA,,,Anekal,Bhovi Palya (Shanthi Pur),2024-03-03,500000.0,Action Pending,Unsanctioned,Rajya Sabha,False,149,ae6d05249b001514be6f997bad56b276,10,na construction of roads link roads pathways or any other road with or without drainage system,98,16,14,road,True,False,False,False,False,False,True,False,13.122365377402328,0.7277628032345014,54,500000.0,471296.2962962963,84452.65048950804,1.0,0.33987925230682614,250,63275.0,283357.784,490170.3503311154,7.902015013828526,0.44197331775301346,20,500000.0,500000.0,0.0,1.0,0.0,238,63275.0,240501.87394957984,440718.5852830861,7.902015013828526,0.5888068593334613,20,500000.0,500000.0,0.0,1.0,0.0,147,500000.0,549006.8027210884,314411.18040611234,1.0,-0.15586851160250814,2024,3,1,6,3,20,118,18,226,False,False,True,True,0.6666666666666666,Karnataka|Sitting Rajya Sabha|||Anekal|Bhovi Palya (Shanthi Pur),20,238,54,20,True,road_karnataka,road_sitting rajya sabha
SHRI Rajeev Chandrashekhar,"NA - Construction of roads, link roads, pathways or any other road with or without drainage system",Normal/Others,Karnataka,Sitting Rajya Sabha,DEPUTY COMMISSIONER BANGALORE URBAN_IDA,,,Anekal,Bhovi Palya (Shanthi Pur),2024-03-03,500000.0,Action Pending,Unsanctioned,Rajya Sabha,False,150,ae6d05249b001514be6f997bad56b276,10,na construction of roads link roads pathways or any other road with or without drainage system,98,16,14,road,True,False,False,False,False,False,True,False,13.122365377402328,0.7277628032345014,54,500000.0,471296.2962962963,84452.65048950804,1.0,0.33987925230682614,250,63275.0,283357.784,490170.3503311154,7.902015013828526,0.44197331775301346,20,500000.0,500000.0,0.0,1.0,0.0,238,63275.0,240501.87394957984,440718.5852830861,7.902015013828526,0.5888068593334613,20,500000.0,500000.0,0.0,1.0,0.0,147,500000.0,549006.8027210884,314411.18040611234,1.0,-0.15586851160250814,2024,3,1,6,3,20,118,17,225,False,False,True,True,0.6666666666666666,Karnataka|Sitting Rajya Sabha|||Anekal|Bhovi Palya (Shanthi Pur),20,238,54,20,True,road_karnataka,road_sitting rajya sabha
SHRI Rajeev Chandrashekhar,"NA - Construction of roads, link roads, pathways or any other road with or without drainage system",Normal/Others,Karnataka,Sitting Rajya Sabha,DEPUTY COMMISSIONER BANGALORE URBAN_IDA,,,Anekal,Bhovi Palya (Shanthi Pur),2024-03-03,500000.0,Action Pending,Unsanctioned,Rajya Sabha,False,151,ae6d05249b001514be6f997bad56b276,10,na construction of roads link roads pathways or any other road with or without drainage system,98,16,14,road,True,False,False,False,False,False,True,False,13.122365377402328,0.7277628032345014,54,500000.0,471296.2962962963,84452.65048950804,1.0,0.33987925230682614,250,63275.0,283357.784,490170.3503311154,7.902015013828526,0.44197331775301346,20,500000.0,500000.0,0.0,1.0,0.0,238,63275.0,240501.87394957984,440718.5852830861,7.902015013828526,0.5888068593334613,20,500000.0,500000.0,0.0,1.0,0.0,147,500000.0,549006.8027210884,314411.18040611234,1.0,-0.15586851160250814,2024,3,1,6,3,20,118,16,224,False,False,True,True,0.6666666666666666,Karnataka|Sitting Rajya Sabha|||Anekal|Bhovi Palya (Shanthi Pur),20,238,54,20,True,road_karnataka,road_sitting rajya sabha
SHRI Rajeev Chandrashekhar,"NA - Construction of roads, link roads, pathways or any other road with or without drainage system",Normal/Others,Karnataka,Sitting Rajya Sabha,DEPUTY COMMISSIONER BANGALORE URBAN_IDA,,,Anekal,Bhovi Palya (Shanthi Pur),2024-03-03,500000.0,Action Pending,Unsanctioned,Rajya Sabha,False,152,ae6d05249b001514be6f997bad56b276,10,na construction of roads link roads pathways or any other road with or without drainage system,98,16,14,road,True,False,False,False,False,False,True,False,13.122365377402328,0.7277628032345014,54,500000.0,471296.2962962963,84452.65048950804,1.0,0.33987925230682614,250,63275.0,283357.784,490170.3503311154,7.902015013828526,0.44197331775301346,20,500000.0,500000.0,0.0,1.0,0.0,238,63275.0,240501.87394957984,440718.5852830861,7.902015013828526,0.5888068593334613,20,500000.0,500000.0,0.0,1.0,0.0,147,500000.0,549006.8027210884,314411.18040611234,1.0,-0.15586851160250814,2024,3,1,6,3,20,118,15,223,False,False,True,True,0.6666666666666666,Karnataka|Sitting Rajya Sabha|||Anekal|Bhovi Palya (Shanthi Pur),20,238,54,20,True,road_karnataka,road_sitting rajya sabha
SHRI Rajeev Chandrashekhar,"NA - Construction of roads, link roads, pathways or any other road with or without drainage system",Normal/Others,Karnataka,Sitting Rajya Sabha,DEPUTY COMMISSIONER BANGALORE URBAN_IDA,,,Anekal,Bhovi Palya (Shanthi Pur),2024-03-03,500000.0,Action Pending,Unsanctioned,Rajya Sabha,False,153,ae6d05249b001514be6f997bad56b276,10,na construction of roads link roads pathways or any other road with or without drainage system,98,16,14,road,True,False,False,False,False,False,True,False,13.122365377402328,0.7277628032345014,54,500000.0,471296.2962962963,84452.65048950804,1.0,0.33987925230682614,250,63275.0,283357.784,490170.3503311154,7.902015013828526,0.44197331775301346,20,500000.0,500000.0,0.0,1.0,0.0,238,63275.0,240501.87394957984,440718.5852830861,7.902015013828526,0.5888068593334613,20,500000.0,500000.0,0.0,1.0,0.0,147,500000.0,549006.8027210884,314411.18040611234,1.0,-0.15586851160250814,2024,3,1,6,3,20,118,14,222,False,False,True,True,0.6666666666666666,Karnataka|Sitting Rajya Sabha|||Anekal|Bhovi Palya (Shanthi Pur),20,238,54,20,True,road_karnataka,road_sitting rajya sabha
SHRI Rajeev Chandrashekhar,"NA - Construction of roads, link roads, pathways or any other road with or without drainage system",Normal/Others,Karnataka,Sitting Rajya Sabha,DEPUTY COMMISSIONER BANGALORE URBAN_IDA,,,Anekal,Indlawadi,2024-03-03,500000.0,Action Pending,Unsanctioned,Rajya Sabha,False,154,96c8ea14f2510b80fbdbbcdec005a40b,7,na construction of roads link roads pathways or any other road with or without drainage system,98,16,14,road,True,False,False,False,False,False,True,False,13.122365377402328,0.7277628032345014,54,500000.0,471296.2962962963,84452.65048950804,1.0,0.33987925230682614,250,63275.0,283357.784,490170.3503311154,7.902015013828526,0.44197331775301346,20,500000.0,500000.0,0.0,1.0,0.0,238,63275.0,240501.87394957984,440718.5852830861,7.902015013828526,0.5888068593334613,20,500000.0,500000.0,0.0,1.0,0.0,147,500000.0,549006.8027210884,314411.18040611234,1.0,-0.15586851160250814,2024,3,1,6,3,20,118,13,221,False,False,True,True,0.6666666666666666,Karnataka|Sitting Rajya Sabha|||Anekal|Indlawadi,20,238,54,20,True,road_karnataka,road_sitting rajya sabha
Rahul Kaswan,NA - Construction of rooms and halls in school and colleges,Normal/Others,Rajasthan,CHURU,DISTRICT COLLECTOR CHURU_IDA,,,Churu,Ghanghoo,2024-03-03,1000000.0,Action Pending,Unsanctioned,Lok Sabha,False,155,61ddb86065842f8cda25abb6ec08e1bc,1,na construction of rooms and halls in school and colleges,59,10,9,building,False,True,False,False,True,False,False,False,13.815511557963774,0.9420485175202157,52,600000.0,589519.2307692308,331627.6254715027,1.6666666666666667,1.2377761612807572,492,430000.0,471904.2174796748,412350.68459874584,2.3255813953488373,1.280695782121011,23,700000.0,688913.0434782609,276553.94230412366,1.4285714285714286,1.1248689999856876,23,700000.0,688913.0434782609,276553.94230412366,1.4285714285714286,1.1248689999856876,23,700000.0,688913.0434782609,276553.94230412366,1.4285714285714286,1.1248689999856876,197,500000.0,630154.3248730964,588758.041654943,2.0,0.6281794030146959,2024,3,1,6,3,23,23,8,8,False,False,True,True,0.6666666666666666,Rajasthan|CHURU|||Churu|Ghanghoo,23,23,52,23,False,building_rajasthan,building_churu
SHRI Rajeev Chandrashekhar,"NA - Construction of roads, link roads, pathways or any other road with or without drainage system",Normal/Others,Karnataka,Sitting Rajya Sabha,DEPUTY COMMISSIONER BANGALORE URBAN_IDA,,,Anekal,Bhovi Palya (Shanthi Pur),2024-03-03,500000.0,Action Pending,Unsanctioned,Rajya Sabha,False,156,ae6d05249b001514be6f997bad56b276,10,na construction of roads link roads pathways or any other road with or without drainage system,98,16,14,road,True,False,False,False,False,False,True,False,13.122365377402328,0.7277628032345014,54,500000.0,471296.2962962963,84452.65048950804,1.0,0.33987925230682614,250,63275.0,283357.784,490170.3503311154,7.902015013828526,0.44197331775301346,20,500000.0,500000.0,0.0,1.0,0.0,238,63275.0,240501.87394957984,440718.5852830861,7.902015013828526,0.5888068593334613,20,500000.0,500000.0,0.0,1.0,0.0,147,500000.0,549006.8027210884,314411.18040611234,1.0,-0.15586851160250814,2024,3,1,6,3,20,118,12,220,False,False,True,True,0.6666666666666666,Karnataka|Sitting Rajya Sabha|||Anekal|Bhovi Palya (Shanthi Pur),20,238,54,20,True,road_karnataka,road_sitting rajya sabha
SHRI Rajeev Chandrashekhar,"NA - Construction of roads, link roads, pathways or any other road with or without drainage system",Normal/Others,Karnataka,Sitting Rajya Sabha,DEPUTY COMMISSIONER BANGALORE URBAN_IDA,,,Anekal,Karpur,2024-03-03,500000.0,Action Pending,Unsanctioned,Rajya Sabha,False,157,6bbcf599c928b7797d8eccdfe6ae21c7,3,na construction of roads link roads pathways or any other road with or without drainage system,98,16,14,road,True,False,False,False,False,False,True,False,13.122365377402328,0.7277628032345014,54,500000.0,471296.2962962963,84452.65048950804,1.0,0.33987925230682614,250,63275.0,283357.784,490170.3503311154,7.902015013828526,0.44197331775301346,20,500000.0,500000.0,0.0,1.0,0.0,238,63275.0,240501.87394957984,440718.5852830861,7.902015013828526,0.5888068593334613,20,500000.0,500000.0,0.0,1.0,0.0,147,500000.0,549006.8027210884,314411.18040611234,1.0,-0.15586851160250814,2024,3,1,6,3,20,118,11,219,False,False,True,True,0.6666666666666666,Karnataka|Sitting Rajya Sabha|||Anekal|Karpur,20,238,54,20,True,road_karnataka,road_sitting rajya sabha
Shivkumar Chanabasappa Udasi,NA - Construction of additional rooms and halls in the existing public and community building,Normal/Others,Karnataka,HAVERI,DEPUTY COMMISSIONER HAVERI_IDA,,,Hirekerur,Satenahalli,2024-03-03,500000.0,Action Pending,Unsanctioned,Lok Sabha,False,158,c9ca097be911851f6e0feef082b0bed2,1,na construction of additional rooms and halls in the existing public and community building,93,14,13,building,False,True,False,False,False,False,False,False,13.122365377402328,0.7277628032345014,54,500000.0,471296.2962962963,84452.65048950804,1.0,0.33987925230682614,492,430000.0,471904.2174796748,412350.68459874584,1.1627906976744187,0.06813565144839016,31,500000.0,450000.0,107238.05294763608,1.0,0.4662524041201569,31,500000.0,450000.0,107238.05294763608,1.0,0.4662524041201569,31,500000.0,450000.0,107238.05294763608,1.0,0.4662524041201569,197,500000.0,630154.3248730964,588758.041654943,1.0,-0.2210658974733406,2024,3,1,6,3,31,31,2,2,False,False,True,True,0.6666666666666666,Karnataka|HAVERI|||Hirekerur|Satenahalli,31,31,54,31,False,building_karnataka,building_haveri
Smt Ranjeeta Koli,"NA - Construction of roads, link roads, pathways or any other road with or without drainage system",Normal/Others,Rajasthan,BHARATPUR(SC),DISTRICT COLLECTOR BHARATPUR_IDA,,,Nadbai,Dahra,2024-03-03,300000.0,Action Pending,Unsanctioned,Lok Sabha,False,159,83c01b4655984bd51b3af699e123a312,1,na construction of roads link roads pathways or any other road with or without drainage system,98,16,14,road,True,False,False,False,False,False,True,False,12.611541086966115,0.488544474393531,52,600000.0,589519.2307692308,331627.6254715027,0.5,-0.8730250694814615,492,430000.0,471904.2174796748,412350.68459874584,0.6976744186046512,-0.41688840082065826,13,500000.0,488461.53846153844,147413.59920566768,0.6,-1.278454223199596,13,500000.0,488461.53846153844,147413.59920566768,0.6,-1.278454223199596,10,500000.0,465000.0,145392.1899170959,0.6,-1.1348615086827198,147,500000.0,549006.8027210884,314411.18040611234,0.6,-0.791978206371212,2024,3,1,6,3,13,13,7,7,False,False,True,True,0.6666666666666666,Rajasthan|BHARATPUR(SC)|||Nadbai|Dahra,13,13,52,10,False,road_rajasthan,road_bharatpur(sc)
Smt Ranjeeta Koli,"NA - Construction of roads, link roads, pathways or any other road with or without drainage system",Normal/Others,Rajasthan,BHARATPUR(SC),DISTRICT COLLECTOR BHARATPUR_IDA,,,Nadbai,Kareeli,2024-03-03,300000.0,Action Pending,Unsanctioned,Lok Sabha,False,160,833f8c41af3a1141bc4a7f6fad1c70c8,1,na construction of roads link roads pathways or any other road with or without drainage system,98,16,14,road,True,False,False,False,False,False,True,False,12.611541086966115,0.488544474393531,52,600000.0,589519.2307692308,331627.6254715027,0.5,-0.8730250694814615,492,430000.0,471904.2174796748,412350.68459874584,0.6976744186046512,-0.41688840082065826,13,500000.0,488461.53846153844,147413.59920566768,0.6,-1.278454223199596,13,500000.0,488461.53846153844,147413.59920566768,0.6,-1.278454223199596,10,500000.0,465000.0,145392.1899170959,0.6,-1.1348615086827198,147,500000.0,549006.8027210884,314411.18040611234,0.6,-0.791978206371212,2024,3,1,6,3,13,13,6,6,False,False,True,True,0.6666666666666666,Rajasthan|BHARATPUR(SC)|||Nadbai|Kareeli,13,13,52,10,False,road_rajasthan,road_bharatpur(sc)
Smt Ranjeeta Koli,"NA - Construction of roads, link roads, pathways or any other road with or without drainage system",Normal/Others,Rajasthan,BHARATPUR(SC),DISTRICT COLLECTOR BHARATPUR_IDA,,,Nadbai,Nagla Kurwariya,2024-03-03,500000.0,Action Pending,Unsanctioned,Lok Sabha,False,161,a5b2037f8df896997fcb280be3ddd4e7,1,na construction of roads link roads pathways or any other road with or without drainage system,98,16,14,road,True,False,False,False,False,False,True,False,13.122365377402328,0.7277628032345014,52,600000.0,589519.2307692308,331627.6254715027,0.8333333333333334,-0.26993900354939904,492,430000.0,471904.2174796748,412350.68459874584,1.1627906976744187,0.06813565144839016,13,500000.0,488461.53846153844,147413.59920566768,1.0,0.07827270754283257,13,500000.0,488461.53846153844,147413.59920566768,1.0,0.07827270754283257,10,500000.0,465000.0,145392.1899170959,1.0,0.24072819881148605,147,500000.0,549006.8027210884,314411.18040611234,1.0,-0.15586851160250814,2024,3,1,6,3,13,13,5,5,False,False,True,True,0.6666666666666666,Rajasthan|BHARATPUR(SC)|||Nadbai|Nagla Kurwariya,13,13,52,10,False,road_rajasthan,road_bharatpur(sc)
Rahul Kaswan,NA - Construction of rooms and halls in school and colleges,Normal/Others,Rajasthan,CHURU,DISTRICT COLLECTOR CHURU_IDA,,,Sujangarh,Mundra,2024-03-03,1000000.0,Action Pending,Unsanctioned,Lok Sabha,False,162,40df5c3a7ef9d0ed9c981fae7c3d2d8e,1,na construction of rooms and halls in school and colleges,59,10,9,building,False,True,False,False,True,False,False,False,13.815511557963774,0.9420485175202157,52,600000.0,589519.2307692308,331627.6254715027,1.6666666666666667,1.2377761612807572,492,430000.0,471904.2174796748,412350.68459874584,2.3255813953488373,1.280695782121011,23,700000.0,688913.0434782609,276553.94230412366,1.4285714285714286,1.1248689999856876,23,700000.0,688913.0434782609,276553.94230412366,1.4285714285714286,1.1248689999856876,23,700000.0,688913.0434782609,276553.94230412366,1.4285714285714286,1.1248689999856876,197,500000.0,630154.3248730964,588758.041654943,2.0,0.6281794030146959,2024,3,1,6,3,23,23,7,7,False,False,True,True,0.6666666666666666,Rajasthan|CHURU|||Sujangarh|Mundra,23,23,52,23,False,building_rajasthan,building_churu
Gaddam Ranjith Reddy,NA - Lighting of public spaces,Normal/Others,Telangana,CHELVELLA,DISTRICT COLLECTOR VIKARABAD_IDA,,,Basheerabad,Bahadurpur,2024-03-03,170000.0,Action Pending,Unsanctioned,Lok Sabha,False,163,9ccc09fa7a5b235dcec051f8ad1e7fd0,1,na lighting of public spaces,30,5,5,electrical,False,False,False,True,False,False,False,False,12.04355959836804,0.3564690026954178,26,500000.0,539230.7692307692,384550.88689975033,0.34,-0.9601610132991972,492,430000.0,471904.2174796748,412350.68459874584,0.3953488372093023,-0.7321540347955398,20,500000.0,451000.0,298150.43889038014,0.34,-0.9424772307758172,20,500000.0,451000.0,298150.43889038014,0.34,-0.9424772307758172,11,170000.0,247272.72727272726,139433.92048500315,1.0,-0.5541888731518407,145,430000.0,386886.22068965517,275909.89582542237,0.3953488372093023,-0.7860762660969816,2024,3,1,6,3,20,20,6,6,False,False,True,True,0.6666666666666666,Telangana|CHELVELLA|||Basheerabad|Bahadurpur,20,20,26,11,False,electrical_telangana,electrical_chelvella
SHRI Rajeev Chandrashekhar,"NA - Construction of roads, link roads, pathways or any other road with or without drainage system",Normal/Others,Karnataka,Sitting Rajya Sabha,DEPUTY COMMISSIONER BANGALORE URBAN_IDA,,,Anekal,Indlawadi,2024-03-03,500000.0,Action Pending,Unsanctioned,Rajya Sabha,False,164,96c8ea14f2510b80fbdbbcdec005a40b,7,na construction of roads link roads pathways or any other road with or without drainage system,98,16,14,road,True,False,False,False,False,False,True,False,13.122365377402328,0.7277628032345014,54,500000.0,471296.2962962963,84452.65048950804,1.0,0.33987925230682614,250,63275.0,283357.784,490170.3503311154,7.902015013828526,0.44197331775301346,20,500000.0,500000.0,0.0,1.0,0.0,238,63275.0,240501.87394957984,440718.5852830861,7.902015013828526,0.5888068593334613,20,500000.0,500000.0,0.0,1.0,0.0,147,500000.0,549006.8027210884,314411.18040611234,1.0,-0.15586851160250814,2024,3,1,6,3,20,118,10,218,False,False,True,True,0.6666666666666666,Karnataka|Sitting Rajya Sabha|||Anekal|Indlawadi,20,238,54,20,True,road_karnataka,road_sitting rajya sabha
Gaddam Ranjith Reddy,"NA - Construction of roads, link roads, pathways or any other road with or without drainage system",Normal/Others,Telangana,CHELVELLA,DISTRICT COLLECTOR RANGAREDDY_IDA,,,Chevella,Chevella,2024-03-03,800000.0,Action Pending,Unsanctioned,Lok Sabha,False,165,9bc332b942efaae311d74bc100b9a640,1,na construction of roads link roads pathways or any other road with or without drainage system,98,16,14,road,True,False,False,False,False,False,True,False,13.592368256649284,0.8679245283018868,26,500000.0,539230.7692307692,384550.88689975033,1.6,0.678113715642558,492,430000.0,471904.2174796748,412350.68459874584,1.8604651162790697,0.7956717298519628,20,500000.0,451000.0,298150.43889038014,1.6,1.1705500126005701,20,500000.0,451000.0,298150.43889038014,1.6,1.1705500126005701,9,500000.0,700000.0,244948.97427831782,1.6,0.408248290463863,147,500000.0,549006.8027210884,314411.18040611234,1.6,0.7982960305505477,2024,3,1,6,3,20,20,11,11,False,False,True,True,0.6666666666666666,Telangana|CHELVELLA|||Chevella|Chevella,20,20,26,9,False,road_telangana,road_chelvella
Kani K Navas,NA - Lighting of public spaces,Normal/Others,Tamil Nadu,RAMANATHAPURAM,DISTRICT COLLECTOR RAMANATHAPURAM_IDA,,,Mudukulathur,Keeranur,2024-03-03,430000.0,Action Pending,Unsanctioned,Lok Sabha,False,166,cbc14f5d74ca5a6e96e418690d8abafe,2,na lighting of public spaces,30,5,5,electrical,False,False,False,True,False,False,False,False,12.971542813248437,0.5990566037735849,71,430000.0,638394.3661971831,521592.1019579857,1.0,-0.3995351260398673,492,430000.0,471904.2174796748,412350.68459874584,1.0,-0.10162276684577679,62,430000.0,570306.4516129033,377774.6569492244,1.0,-0.3714024989023058,62,430000.0,570306.4516129033,377774.6569492244,1.0,-0.3714024989023058,42,430000.0,488309.5238095238,210363.27325926712,1.0,-0.27718490450402367,145,430000.0,386886.22068965517,275909.89582542237,1.0,0.1562603587717071,2024,3,1,6,3,59,59,4,4,False,False,True,True,0.6666666666666666,Tamil Nadu|RAMANATHAPURAM|||Mudukulathur|Keeranur,62,62,71,42,True,electrical_tamil nadu,electrical_ramanathapuram
Kani K Navas,NA - Lighting of public spaces,Normal/Others,Tamil Nadu,RAMANATHAPURAM,DISTRICT COLLECTOR RAMANATHAPURAM_IDA,,,Paramakudi,Kulathur,2024-03-03,430000.0,Action Pending,Unsanctioned,Lok Sabha,False,167,09c7d1a49aadbc0e28d1fbb108024ff1,1,na lighting of public spaces,30,5,5,electrical,False,False,False,True,False,False,False,False,12.971542813248437,0.5990566037735849,71,430000.0,638394.3661971831,521592.1019579857,1.0,-0.3995351260398673,492,430000.0,471904.2174796748,412350.68459874584,1.0,-0.10162276684577679,62,430000.0,570306.4516129033,377774.6569492244,1.0,-0.3714024989023058,62,430000.0,570306.4516129033,377774.6569492244,1.0,-0.3714024989023058,42,430000.0,488309.5238095238,210363.27325926712,1.0,-0.27718490450402367,145,430000.0,386886.22068965517,275909.89582542237,1.0,0.1562603587717071,2024,3,1,6,3,59,59,7,7,False,False,True,True,0.6666666666666666,Tamil Nadu|RAMANATHAPURAM|||Paramakudi|Kulathur,62,62,71,42,False,electrical_tamil nadu,electrical_ramanathapuram
Kani K Navas,NA - Lighting of public spaces,Normal/Others,Tamil Nadu,RAMANATHAPURAM,DISTRICT COLLECTOR RAMANATHAPURAM_IDA,,,Paramakudi,Nagaram,2024-03-03,430000.0,Action Pending,Unsanctioned,Lok Sabha,False,168,548648bee4650f763bd3ade610d52327,1,na lighting of public spaces,30,5,5,electrical,False,False,False,True,False,False,False,False,12.971542813248437,0.5990566037735849,71,430000.0,638394.3661971831,521592.1019579857,1.0,-0.3995351260398673,492,430000.0,471904.2174796748,412350.68459874584,1.0,-0.10162276684577679,62,430000.0,570306.4516129033,377774.6569492244,1.0,-0.3714024989023058,62,430000.0,570306.4516129033,377774.6569492244,1.0,-0.3714024989023058,42,430000.0,488309.5238095238,210363.27325926712,1.0,-0.27718490450402367,145,430000.0,386886.22068965517,275909.89582542237,1.0,0.1562603587717071,2024,3,1,6,3,59,59,6,6,False,False,True,True,0.6666666666666666,Tamil Nadu|RAMANATHAPURAM|||Paramakudi|Nagaram,62,62,71,42,False,electrical_tamil nadu,electrical_ramanathapuram
Kani K Navas,NA - Lighting of public spaces,Normal/Others,Tamil Nadu,RAMANATHAPURAM,DISTRICT COLLECTOR RAMANATHAPURAM_IDA,,,Kamuthi,Sengappadai,2024-03-03,430000.0,Action Pending,Unsanctioned,Lok Sabha,False,169,343861ca38e61b434dce3e8212bc1121,1,na lighting of public spaces,30,5,5,electrical,False,False,False,True,False,False,False,False,12.971542813248437,0.5990566037735849,71,430000.0,638394.3661971831,521592.1019579857,1.0,-0.3995351260398673,492,430000.0,471904.2174796748,412350.68459874584,1.0,-0.10162276684577679,62,430000.0,570306.4516129033,377774.6569492244,1.0,-0.3714024989023058,62,430000.0,570306.4516129033,377774.6569492244,1.0,-0.3714024989023058,42,430000.0,488309.5238095238,210363.27325926712,1.0,-0.27718490450402367,145,430000.0,386886.22068965517,275909.89582542237,1.0,0.1562603587717071,2024,3,1,6,3,59,59,60,60,False,False,True,True,0.6666666666666666,Tamil Nadu|RAMANATHAPURAM|||Kamuthi|Sengappadai,62,62,71,42,False,electrical_tamil nadu,electrical_ramanathapuram
Kani K Navas,NA - Construction of bus-sheds or bus-stops,Normal/Others,Tamil Nadu,RAMANATHAPURAM,DISTRICT COLLECTOR RAMANATHAPURAM_IDA,,,Mudukulathur,Ulaiyur,2024-03-03,500000.0,Action Pending,Unsanctioned,Lok Sabha,False,170,8e50d018ddd3759a73f109a07a826589,1,na construction of bus sheds or bus stops,43,8,7,building,False,True,False,False,False,False,False,False,13.122365377402328,0.7277628032345014,71,430000.0,638394.3661971831,521592.1019579857,1.1627906976744187,-0.2653306399342888,492,430000.0,471904.2174796748,412350.68459874584,1.1627906976744187,0.06813565144839016,62,430000.0,570306.4516129033,377774.6569492244,1.1627906976744187,-0.18610685052479037,62,430000.0,570306.4516129033,377774.6569492244,1.1627906976744187,-0.18610685052479037,42,430000.0,488309.5238095238,210363.27325926712,1.1627906976744187,0.0555728003721829,197,500000.0,630154.3248730964,588758.041654943,1.0,-0.2210658974733406,2024,3,1,6,3,59,59,59,59,False,False,True,True,0.6666666666666666,Tamil Nadu|RAMANATHAPURAM|||Mudukulathur|Ulaiyur,62,62,71,42,False,building_tamil nadu,building_ramanathapuram
Kani K Navas,NA - Construction of New Building,Normal/Others,Tamil Nadu,RAMANATHAPURAM,DISTRICT COLLECTOR RAMANATHAPURAM_IDA,,,Mudukulathur,Pirabakkalur,2024-03-03,1000000.0,Action Pending,Unsanctioned,Lok Sabha,False,171,d136bd7c077611cd2dac78c96877bb68,1,na construction of new building,33,5,5,building,False,True,False,False,False,False,False,False,13.815511557963774,0.9420485175202157,71,430000.0,638394.3661971831,521592.1019579857,2.3255813953488373,0.6932728322484151,492,430000.0,471904.2174796748,412350.68459874584,2.3255813953488373,1.280695782121011,62,430000.0,570306.4516129033,377774.6569492244,2.3255813953488373,1.1374334950288911,62,430000.0,570306.4516129033,377774.6569492244,2.3255813953488373,1.1374334950288911,42,430000.0,488309.5238095238,210363.27325926712,2.3255813953488373,2.432413549487944,197,500000.0,630154.3248730964,588758.041654943,2.0,0.6281794030146959,2024,3,1,6,3,59,59,58,58,False,False,True,True,0.6666666666666666,Tamil Nadu|RAMANATHAPURAM|||Mudukulathur|Pirabakkalur,62,62,71,42,False,building_tamil nadu,building_ramanathapuram
Kani K Navas,NA - Lighting of public spaces,Normal/Others,Tamil Nadu,RAMANATHAPURAM,DISTRICT COLLECTOR RAMANATHAPURAM_IDA,,,Mudukulathur,Melakodumalur,2024-03-03,430000.0,Action Pending,Unsanctioned,Lok Sabha,False,172,3ea4b4d86ccdacac19c857e9ee9a342c,1,na lighting of public spaces,30,5,5,electrical,False,False,False,True,False,False,False,False,12.971542813248437,0.5990566037735849,71,430000.0,638394.3661971831,521592.1019579857,1.0,-0.3995351260398673,492,430000.0,471904.2174796748,412350.68459874584,1.0,-0.10162276684577679,62,430000.0,570306.4516129033,377774.6569492244,1.0,-0.3714024989023058,62,430000.0,570306.4516129033,377774.6569492244,1.0,-0.3714024989023058,42,430000.0,488309.5238095238,210363.27325926712,1.0,-0.27718490450402367,145,430000.0,386886.22068965517,275909.89582542237,1.0,0.1562603587717071,2024,3,1,6,3,59,59,57,57,False,False,True,True,0.6666666666666666,Tamil Nadu|RAMANATHAPURAM|||Mudukulathur|Melakodumalur,62,62,71,42,False,electrical_tamil nadu,electrical_ramanathapuram
Kani K Navas,NA - Construction of New Building,Normal/Others,Tamil Nadu,RAMANATHAPURAM,DISTRICT COLLECTOR RAMANATHAPURAM_IDA,,,Mudukulathur,Keeranur,2024-03-03,700000.0,Action Pending,Unsanctioned,Lok Sabha,False,173,e995ca2acf617b394f62eac2058761ad,1,na construction of new building,33,5,5,building,False,True,False,False,False,False,False,False,13.45883704259595,0.8497304582210242,71,430000.0,638394.3661971831,521592.1019579857,1.627906976744186,0.11811074893879277,492,430000.0,471904.2174796748,412350.68459874584,1.627906976744186,0.5531597037174386,62,430000.0,570306.4516129033,377774.6569492244,1.627906976744186,0.34330928769668223,62,430000.0,570306.4516129033,377774.6569492244,1.627906976744186,0.34330928769668223,42,430000.0,488309.5238095238,210363.27325926712,1.627906976744186,1.0063091000184874,197,500000.0,630154.3248730964,588758.041654943,1.4,0.118632222721874,2024,3,1,6,3,59,59,56,56,False,False,True,True,0.6666666666666666,Tamil Nadu|RAMANATHAPURAM|||Mudukulathur|Keeranur,62,62,71,42,False,building_tamil nadu,building_ramanathapuram
Kani K Navas,NA - Lighting of public spaces,Normal/Others,Tamil Nadu,RAMANATHAPURAM,DISTRICT COLLECTOR RAMANATHAPURAM_IDA,Kamuthi,Kamuthi (TP) - Ward No.1,,,2024-03-03,430000.0,Action Pending,Unsanctioned,Lok Sabha,False,174,5f26c68674bd4713f45ee1d9ce7abb81,1,na lighting of public spaces,30,5,5,electrical,False,False,False,True,False,False,False,False,12.971542813248437,0.5990566037735849,71,430000.0,638394.3661971831,521592.1019579857,1.0,-0.3995351260398673,492,430000.0,471904.2174796748,412350.68459874584,1.0,-0.10162276684577679,62,430000.0,570306.4516129033,377774.6569492244,1.0,-0.3714024989023058,62,430000.0,570306.4516129033,377774.6569492244,1.0,-0.3714024989023058,42,430000.0,488309.5238095238,210363.27325926712,1.0,-0.27718490450402367,145,430000.0,386886.22068965517,275909.89582542237,1.0,0.1562603587717071,2024,3,1,6,3,59,59,55,55,True,True,False,False,0.6666666666666666,Tamil Nadu|RAMANATHAPURAM|Kamuthi|Kamuthi (TP) - Ward No.1||,62,62,71,42,False,electrical_tamil nadu,electrical_ramanathapuram
Kani K Navas,NA - Lighting of public spaces,Normal/Others,Tamil Nadu,RAMANATHAPURAM,DISTRICT COLLECTOR RAMANATHAPURAM_IDA,,,Mudukulathur,Keeranur,2024-03-03,430000.0,Action Pending,Unsanctioned,Lok Sabha,False,175,cbc14f5d74ca5a6e96e418690d8abafe,2,na lighting of public spaces,30,5,5,electrical,False,False,False,True,False,False,False,False,12.971542813248437,0.5990566037735849,71,430000.0,638394.3661971831,521592.1019579857,1.0,-0.3995351260398673,492,430000.0,471904.2174796748,412350.68459874584,1.0,-0.10162276684577679,62,430000.0,570306.4516129033,377774.6569492244,1.0,-0.3714024989023058,62,430000.0,570306.4516129033,377774.6569492244,1.0,-0.3714024989023058,42,430000.0,488309.5238095238,210363.27325926712,1.0,-0.27718490450402367,145,430000.0,386886.22068965517,275909.89582542237,1.0,0.1562603587717071,2024,3,1,6,3,59,59,54,54,False,False,True,True,0.6666666666666666,Tamil Nadu|RAMANATHAPURAM|||Mudukulathur|Keeranur,62,62,71,42,True,electrical_tamil nadu,electrical_ramanathapuram
Kani K Navas,NA - Lighting of public spaces,Normal/Others,Tamil Nadu,RAMANATHAPURAM,DISTRICT COLLECTOR RAMANATHAPURAM_IDA,,,Mudukulathur,Karumal,2024-03-03,430000.0,Action Pending,Unsanctioned,Lok Sabha,False,176,77df5771e3761f2cec774fd6f9d3131d,1,na lighting of public spaces,30,5,5,electrical,False,False,False,True,False,False,False,False,12.971542813248437,0.5990566037735849,71,430000.0,638394.3661971831,521592.1019579857,1.0,-0.3995351260398673,492,430000.0,471904.2174796748,412350.68459874584,1.0,-0.10162276684577679,62,430000.0,570306.4516129033,377774.6569492244,1.0,-0.3714024989023058,62,430000.0,570306.4516129033,377774.6569492244,1.0,-0.3714024989023058,42,430000.0,488309.5238095238,210363.27325926712,1.0,-0.27718490450402367,145,430000.0,386886.22068965517,275909.89582542237,1.0,0.1562603587717071,2024,3,1,6,3,59,59,53,53,False,False,True,True,0.6666666666666666,Tamil Nadu|RAMANATHAPURAM|||Mudukulathur|Karumal,62,62,71,42,False,electrical_tamil nadu,electrical_ramanathapuram
P Raveendranath Kumar,"NA - Purchase of prosthetics, wheel chairs, tricycles (manual or motorized), elect scooties, hearing aids",Normal/Others,Tamil Nadu,THENI,DISTRICT COLLECTOR MADURAI_IDA,Usilampatti,Usilampatti (M) - Ward No.19,,,2024-03-03,83500.0,Action Pending,Unsanctioned,Lok Sabha,False,177,0a1af9184f9fde1bc05971a6dac266f0,1,na purchase of prosthetics wheel chairs tricycles manual or motorized elect scooties hearing aids,105,14,14,health,False,False,False,False,False,True,False,False,11.332613886815139,0.28504043126684636,71,430000.0,638394.3661971831,521592.1019579857,0.1941860465116279,-1.063847332262481,492,430000.0,471904.2174796748,412350.68459874584,0.1941860465116279,-0.9419269374019031,9,1000000.0,1107444.4444444445,1004430.5427842076,0.0835,-1.0194278258466194,9,1000000.0,1107444.4444444445,1004430.5427842076,0.0835,-1.0194278258466194,3,,,,,,5,110000.0,1015400.0,1333309.6695816768,0.759090909090909,-0.6989374046108746,2024,3,1,6,3,6,6,9,9,True,True,False,False,0.6666666666666666,Tamil Nadu|THENI|Usilampatti|Usilampatti (M) - Ward No.19||,9,9,71,3,False,health_tamil nadu,health_theni
P Raveendranath Kumar,"NA - Purchase of prosthetics, wheel chairs, tricycles (manual or motorized), elect scooties, hearing aids",Normal/Others,Tamil Nadu,THENI,DISTRICT COLLECTOR MADURAI_IDA,,,Madurai North,Thenur Bit 1,2024-03-03,83500.0,Action Pending,Unsanctioned,Lok Sabha,False,178,1091ccbcad13cf3510bf23d497a09f97,1,na purchase of prosthetics wheel chairs tricycles manual or motorized elect scooties hearing aids,105,14,14,health,False,False,False,False,False,True,False,False,11.332613886815139,0.28504043126684636,71,430000.0,638394.3661971831,521592.1019579857,0.1941860465116279,-1.063847332262481,492,430000.0,471904.2174796748,412350.68459874584,0.1941860465116279,-0.9419269374019031,9,1000000.0,1107444.4444444445,1004430.5427842076,0.0835,-1.0194278258466194,9,1000000.0,1107444.4444444445,1004430.5427842076,0.0835,-1.0194278258466194,3,,,,,,5,110000.0,1015400.0,1333309.6695816768,0.759090909090909,-0.6989374046108746,2024,3,1,6,3,6,6,8,8,False,False,True,True,0.6666666666666666,Tamil Nadu|THENI|||Madurai North|Thenur Bit 1,9,9,71,3,False,health_tamil nadu,health_theni
SHRI K R Suresh Reddy,"NA - Construction of roads, link roads, pathways or any other road with or without drainage system",Normal/Others,Telangana,Sitting Rajya Sabha,District Collector Warangal_IDA,,,Chennaraopet,Chennaraopet,2024-03-03,500000.0,Action Pending,Unsanctioned,Rajya Sabha,False,179,756625d82c2994ac772c50f96c7f5433,4,na construction of roads link roads pathways or any other road with or without drainage system,98,16,14,road,True,False,False,False,False,False,True,False,13.122365377402328,0.7277628032345014,26,500000.0,539230.7692307692,384550.88689975033,1.0,-0.10201710766303974,250,63275.0,283357.784,490170.3503311154,7.902015013828526,0.44197331775301346,6,500000.0,833333.3333333334,516397.77949432225,1.0,-0.6454972243679029,238,63275.0,240501.87394957984,440718.5852830861,7.902015013828526,0.5888068593334613,4,,,,,,147,500000.0,549006.8027210884,314411.18040611234,1.0,-0.15586851160250814,2024,3,1,6,3,6,118,4,234,False,False,True,True,0.6666666666666666,Telangana|Sitting Rajya Sabha|||Chennaraopet|Chennaraopet,6,238,26,4,True,road_telangana,road_sitting rajya sabha
P Raveendranath Kumar,NA - Street lights,Normal/Others,Tamil Nadu,THENI,DISTRICT COLLECTOR THENI_IDA,Bodinayakanur,Bodinayakanur (M) - Ward No.21,,,2024-03-03,650000.0,Action Pending,Unsanctioned,Lok Sabha,False,180,f5c1e128263df391a71e6d0f1848ac0a,1,na street lights,18,3,3,electrical,False,False,False,True,False,False,False,False,13.384729180332174,0.8322102425876011,71,430000.0,638394.3661971831,521592.1019579857,1.5116279069767442,0.022250401720522388,492,430000.0,471904.2174796748,412350.68459874584,1.5116279069767442,0.4319036906501765,9,1000000.0,1107444.4444444445,1004430.5427842076,0.65,-0.45542665715485126,9,1000000.0,1107444.4444444445,1004430.5427842076,0.65,-0.45542665715485126,6,1000000.0,1216666.6666666667,890318.2951431846,0.65,-0.6364764935842783,145,430000.0,386886.22068965517,275909.89582542237,1.5116279069767442,0.9536221182759821,2024,3,1,6,3,6,6,7,7,True,True,False,False,0.6666666666666666,Tamil Nadu|THENI|Bodinayakanur|Bodinayakanur (M) - Ward No.21||,9,9,71,6,False,electrical_tamil nadu,electrical_theni
Kani K Navas,NA - Construction of bus-sheds or bus-stops,Normal/Others,Tamil Nadu,RAMANATHAPURAM,DISTRICT COLLECTOR RAMANATHAPURAM_IDA,,,Paramakudi,S.Andakkudi,2024-03-03,800000.0,Action Pending,Unsanctioned,Lok Sabha,False,181,e48409e4260c8e4da39e6d9d32b40a07,1,na construction of bus sheds or bus stops,43,8,7,building,False,True,False,False,False,False,False,False,13.592368256649284,0.8679245283018868,71,430000.0,638394.3661971831,521592.1019579857,1.8604651162790697,0.3098314433753335,492,430000.0,471904.2174796748,412350.68459874584,1.8604651162790697,0.7956717298519628,62,430000.0,570306.4516129033,377774.6569492244,1.8604651162790697,0.6080173568074185,62,430000.0,570306.4516129033,377774.6569492244,1.8604651162790697,0.6080173568074185,42,430000.0,488309.5238095238,210363.27325926712,1.8604651162790697,1.4816772498416395,197,500000.0,630154.3248730964,588758.041654943,1.6,0.2884812828194813,2024,3,1,6,3,59,59,52,52,False,False,True,True,0.6666666666666666,Tamil Nadu|RAMANATHAPURAM|||Paramakudi|S.Andakkudi,62,62,71,42,False,building_tamil nadu,building_ramanathapuram
Kani K Navas,NA - Lighting of public spaces,Normal/Others,Tamil Nadu,RAMANATHAPURAM,DISTRICT COLLECTOR RAMANATHAPURAM_IDA,,,Paramakudi,Melaparthibanur (Ct),2024-03-03,430000.0,Action Pending,Unsanctioned,Lok Sabha,False,182,f15314b2627bc916f2bd5bf6f6e1727e,1,na lighting of public spaces,30,5,5,electrical,False,False,False,True,False,False,False,False,12.971542813248437,0.5990566037735849,71,430000.0,638394.3661971831,521592.1019579857,1.0,-0.3995351260398673,492,430000.0,471904.2174796748,412350.68459874584,1.0,-0.10162276684577679,62,430000.0,570306.4516129033,377774.6569492244,1.0,-0.3714024989023058,62,430000.0,570306.4516129033,377774.6569492244,1.0,-0.3714024989023058,42,430000.0,488309.5238095238,210363.27325926712,1.0,-0.27718490450402367,145,430000.0,386886.22068965517,275909.89582542237,1.0,0.1562603587717071,2024,3,1,6,3,59,59,51,51,False,False,True,True,0.6666666666666666,Tamil Nadu|RAMANATHAPURAM|||Paramakudi|Melaparthibanur (Ct),62,62,71,42,False,electrical_tamil nadu,electrical_ramanathapuram
Kani K Navas,NA - Lighting of public spaces,Normal/Others,Tamil Nadu,RAMANATHAPURAM,DISTRICT COLLECTOR RAMANATHAPURAM_IDA,,,Paramakudi,Pambur,2024-03-03,430000.0,Action Pending,Unsanctioned,Lok Sabha,False,183,b927783ce365b52aafe632c2b9f8dbda,1,na lighting of public spaces,30,5,5,electrical,False,False,False,True,False,False,False,False,12.971542813248437,0.5990566037735849,71,430000.0,638394.3661971831,521592.1019579857,1.0,-0.3995351260398673,492,430000.0,471904.2174796748,412350.68459874584,1.0,-0.10162276684577679,62,430000.0,570306.4516129033,377774.6569492244,1.0,-0.3714024989023058,62,430000.0,570306.4516129033,377774.6569492244,1.0,-0.3714024989023058,42,430000.0,488309.5238095238,210363.27325926712,1.0,-0.27718490450402367,145,430000.0,386886.22068965517,275909.89582542237,1.0,0.1562603587717071,2024,3,1,6,3,59,59,61,61,False,False,True,True,0.6666666666666666,Tamil Nadu|RAMANATHAPURAM|||Paramakudi|Pambur,62,62,71,42,False,electrical_tamil nadu,electrical_ramanathapuram
Kani K Navas,NA - Lighting of public spaces,Normal/Others,Tamil Nadu,RAMANATHAPURAM,DISTRICT COLLECTOR RAMANATHAPURAM_IDA,,,Ramanathapuram,Pandamangalam,2024-03-03,430000.0,Action Pending,Unsanctioned,Lok Sabha,False,184,1e9c8c986e39b166a48767e84e76699d,1,na lighting of public spaces,30,5,5,electrical,False,False,False,True,False,False,False,False,12.971542813248437,0.5990566037735849,71,430000.0,638394.3661971831,521592.1019579857,1.0,-0.3995351260398673,492,430000.0,471904.2174796748,412350.68459874584,1.0,-0.10162276684577679,62,430000.0,570306.4516129033,377774.6569492244,1.0,-0.3714024989023058,62,430000.0,570306.4516129033,377774.6569492244,1.0,-0.3714024989023058,42,430000.0,488309.5238095238,210363.27325926712,1.0,-0.27718490450402367,145,430000.0,386886.22068965517,275909.89582542237,1.0,0.1562603587717071,2024,3,1,6,3,59,59,5,5,False,False,True,True,0.6666666666666666,Tamil Nadu|RAMANATHAPURAM|||Ramanathapuram|Pandamangalam,62,62,71,42,False,electrical_tamil nadu,electrical_ramanathapuram
Kani K Navas,NA - Lighting of public spaces,Normal/Others,Tamil Nadu,RAMANATHAPURAM,DISTRICT COLLECTOR RAMANATHAPURAM_IDA,,,Ramanathapuram,Sakkarakottai (Ct),2024-03-03,430000.0,Action Pending,Unsanctioned,Lok Sabha,False,185,d0b0e937941729da7c78afc43bc9dac6,1,na lighting of public spaces,30,5,5,electrical,False,False,False,True,False,False,False,False,12.971542813248437,0.5990566037735849,71,430000.0,638394.3661971831,521592.1019579857,1.0,-0.3995351260398673,492,430000.0,471904.2174796748,412350.68459874584,1.0,-0.10162276684577679,62,430000.0,570306.4516129033,377774.6569492244,1.0,-0.3714024989023058,62,430000.0,570306.4516129033,377774.6569492244,1.0,-0.3714024989023058,42,430000.0,488309.5238095238,210363.27325926712,1.0,-0.27718490450402367,145,430000.0,386886.22068965517,275909.89582542237,1.0,0.1562603587717071,2024,3,1,6,3,59,59,50,50,False,False,True,True,0.6666666666666666,Tamil Nadu|RAMANATHAPURAM|||Ramanathapuram|Sakkarakottai (Ct),62,62,71,42,False,electrical_tamil nadu,electrical_ramanathapuram
Kani K Navas,NA - Lighting of public spaces,Normal/Others,Tamil Nadu,RAMANATHAPURAM,DISTRICT COLLECTOR RAMANATHAPURAM_IDA,,,Ramanathapuram,Kusavankudi,2024-03-03,430000.0,Action Pending,Unsanctioned,Lok Sabha,False,186,dad57b3d89e32256e2afbe07b6b6b3ca,1,na lighting of public spaces,30,5,5,electrical,False,False,False,True,False,False,False,False,12.971542813248437,0.5990566037735849,71,430000.0,638394.3661971831,521592.1019579857,1.0,-0.3995351260398673,492,430000.0,471904.2174796748,412350.68459874584,1.0,-0.10162276684577679,62,430000.0,570306.4516129033,377774.6569492244,1.0,-0.3714024989023058,62,430000.0,570306.4516129033,377774.6569492244,1.0,-0.3714024989023058,42,430000.0,488309.5238095238,210363.27325926712,1.0,-0.27718490450402367,145,430000.0,386886.22068965517,275909.89582542237,1.0,0.1562603587717071,2024,3,1,6,3,59,59,49,49,False,False,True,True,0.6666666666666666,Tamil Nadu|RAMANATHAPURAM|||Ramanathapuram|Kusavankudi,62,62,71,42,False,electrical_tamil nadu,electrical_ramanathapuram
Kani K Navas,NA - Lighting of public spaces,Normal/Others,Tamil Nadu,RAMANATHAPURAM,DISTRICT COLLECTOR RAMANATHAPURAM_IDA,,,Rajasingamangalam,Ariyankottai,2024-03-03,430000.0,Action Pending,Unsanctioned,Lok Sabha,False,187,d06798b7ee20a1a514f5c27874fb8c3c,1,na lighting of public spaces,30,5,5,electrical,False,False,False,True,False,False,False,False,12.971542813248437,0.5990566037735849,71,430000.0,638394.3661971831,521592.1019579857,1.0,-0.3995351260398673,492,430000.0,471904.2174796748,412350.68459874584,1.0,-0.10162276684577679,62,430000.0,570306.4516129033,377774.6569492244,1.0,-0.3714024989023058,62,430000.0,570306.4516129033,377774.6569492244,1.0,-0.3714024989023058,42,430000.0,488309.5238095238,210363.27325926712,1.0,-0.27718490450402367,145,430000.0,386886.22068965517,275909.89582542237,1.0,0.1562603587717071,2024,3,1,6,3,59,59,48,48,False,False,True,True,0.6666666666666666,Tamil Nadu|RAMANATHAPURAM|||Rajasingamangalam|Ariyankottai,62,62,71,42,False,electrical_tamil nadu,electrical_ramanathapuram
Kani K Navas,NA - Lighting of public spaces,Normal/Others,Tamil Nadu,RAMANATHAPURAM,DISTRICT COLLECTOR RAMANATHAPURAM_IDA,,,Rajasingamangalam,Sholandur,2024-03-03,430000.0,Action Pending,Unsanctioned,Lok Sabha,False,188,5e0e9fe36cba883f3a5a593d1e2ac14e,1,na lighting of public spaces,30,5,5,electrical,False,False,False,True,False,False,False,False,12.971542813248437,0.5990566037735849,71,430000.0,638394.3661971831,521592.1019579857,1.0,-0.3995351260398673,492,430000.0,471904.2174796748,412350.68459874584,1.0,-0.10162276684577679,62,430000.0,570306.4516129033,377774.6569492244,1.0,-0.3714024989023058,62,430000.0,570306.4516129033,377774.6569492244,1.0,-0.3714024989023058,42,430000.0,488309.5238095238,210363.27325926712,1.0,-0.27718490450402367,145,430000.0,386886.22068965517,275909.89582542237,1.0,0.1562603587717071,2024,3,1,6,3,59,59,47,47,False,False,True,True,0.6666666666666666,Tamil Nadu|RAMANATHAPURAM|||Rajasingamangalam|Sholandur,62,62,71,42,False,electrical_tamil nadu,electrical_ramanathapuram
Kani K Navas,NA - Construction of bus-sheds or bus-stops,Normal/Others,Tamil Nadu,RAMANATHAPURAM,DISTRICT COLLECTOR RAMANATHAPURAM_IDA,,,Rajasingamangalam,Tiruppalaikkudi,2024-03-03,700000.0,Action Pending,Unsanctioned,Lok Sabha,False,189,2cbc02502706e06a5044a7abde3ffad4,1,na construction of bus sheds or bus stops,43,8,7,building,False,True,False,False,False,False,False,False,13.45883704259595,0.8497304582210242,71,430000.0,638394.3661971831,521592.1019579857,1.627906976744186,0.11811074893879277,492,430000.0,471904.2174796748,412350.68459874584,1.627906976744186,0.5531597037174386,62,430000.0,570306.4516129033,377774.6569492244,1.627906976744186,0.34330928769668223,62,430000.0,570306.4516129033,377774.6569492244,1.627906976744186,0.34330928769668223,42,430000.0,488309.5238095238,210363.27325926712,1.627906976744186,1.0063091000184874,197,500000.0,630154.3248730964,588758.041654943,1.4,0.118632222721874,2024,3,1,6,3,59,59,46,46,False,False,True,True,0.6666666666666666,Tamil Nadu|RAMANATHAPURAM|||Rajasingamangalam|Tiruppalaikkudi,62,62,71,42,False,building_tamil nadu,building_ramanathapuram
Kani K Navas,NA - Lighting of public spaces,Normal/Others,Tamil Nadu,RAMANATHAPURAM,DISTRICT COLLECTOR RAMANATHAPURAM_IDA,,,Rajasingamangalam,Thumbadakkakottai,2024-03-03,430000.0,Action Pending,Unsanctioned,Lok Sabha,False,190,5c7aaed8068cd08abe7a2fbdfbcaa6d8,1,na lighting of public spaces,30,5,5,electrical,False,False,False,True,False,False,False,False,12.971542813248437,0.5990566037735849,71,430000.0,638394.3661971831,521592.1019579857,1.0,-0.3995351260398673,492,430000.0,471904.2174796748,412350.68459874584,1.0,-0.10162276684577679,62,430000.0,570306.4516129033,377774.6569492244,1.0,-0.3714024989023058,62,430000.0,570306.4516129033,377774.6569492244,1.0,-0.3714024989023058,42,430000.0,488309.5238095238,210363.27325926712,1.0,-0.27718490450402367,145,430000.0,386886.22068965517,275909.89582542237,1.0,0.1562603587717071,2024,3,1,6,3,59,59,45,45,False,False,True,True,0.6666666666666666,Tamil Nadu|RAMANATHAPURAM|||Rajasingamangalam|Thumbadakkakottai,62,62,71,42,False,electrical_tamil nadu,electrical_ramanathapuram
Kani K Navas,NA - Lighting of public spaces,Normal/Others,Tamil Nadu,RAMANATHAPURAM,DISTRICT COLLECTOR RAMANATHAPURAM_IDA,,,Kilakarai,Kalimankundu,2024-03-03,430000.0,Action Pending,Unsanctioned,Lok Sabha,False,191,ddab437061c796a08c4dcf66ba1c5cde,1,na lighting of public spaces,30,5,5,electrical,False,False,False,True,False,False,False,False,12.971542813248437,0.5990566037735849,71,430000.0,638394.3661971831,521592.1019579857,1.0,-0.3995351260398673,492,430000.0,471904.2174796748,412350.68459874584,1.0,-0.10162276684577679,62,430000.0,570306.4516129033,377774.6569492244,1.0,-0.3714024989023058,62,430000.0,570306.4516129033,377774.6569492244,1.0,-0.3714024989023058,42,430000.0,488309.5238095238,210363.27325926712,1.0,-0.27718490450402367,145,430000.0,386886.22068965517,275909.89582542237,1.0,0.1562603587717071,2024,3,1,6,3,59,59,44,44,False,False,True,True,0.6666666666666666,Tamil Nadu|RAMANATHAPURAM|||Kilakarai|Kalimankundu,62,62,71,42,False,electrical_tamil nadu,electrical_ramanathapuram
Kani K Navas,NA - Lighting of public spaces,Normal/Others,Tamil Nadu,RAMANATHAPURAM,DISTRICT COLLECTOR RAMANATHAPURAM_IDA,,,Kilakarai,Kulapatham,2024-03-03,430000.0,Action Pending,Unsanctioned,Lok Sabha,False,192,30dc81dc211f73dd7f9fbf742297c9d1,1,na lighting of public spaces,30,5,5,electrical,False,False,False,True,False,False,False,False,12.971542813248437,0.5990566037735849,71,430000.0,638394.3661971831,521592.1019579857,1.0,-0.3995351260398673,492,430000.0,471904.2174796748,412350.68459874584,1.0,-0.10162276684577679,62,430000.0,570306.4516129033,377774.6569492244,1.0,-0.3714024989023058,62,430000.0,570306.4516129033,377774.6569492244,1.0,-0.3714024989023058,42,430000.0,488309.5238095238,210363.27325926712,1.0,-0.27718490450402367,145,430000.0,386886.22068965517,275909.89582542237,1.0,0.1562603587717071,2024,3,1,6,3,59,59,43,43,False,False,True,True,0.6666666666666666,Tamil Nadu|RAMANATHAPURAM|||Kilakarai|Kulapatham,62,62,71,42,False,electrical_tamil nadu,electrical_ramanathapuram
Kani K Navas,NA - Lighting of public spaces,Normal/Others,Tamil Nadu,RAMANATHAPURAM,DISTRICT COLLECTOR RAMANATHAPURAM_IDA,,,Kilakarai,Mallal,2024-03-03,430000.0,Action Pending,Unsanctioned,Lok Sabha,False,193,57ec63e47b3ff22f9c142aab79fde0da,1,na lighting of public spaces,30,5,5,electrical,False,False,False,True,False,False,False,False,12.971542813248437,0.5990566037735849,71,430000.0,638394.3661971831,521592.1019579857,1.0,-0.3995351260398673,492,430000.0,471904.2174796748,412350.68459874584,1.0,-0.10162276684577679,62,430000.0,570306.4516129033,377774.6569492244,1.0,-0.3714024989023058,62,430000.0,570306.4516129033,377774.6569492244,1.0,-0.3714024989023058,42,430000.0,488309.5238095238,210363.27325926712,1.0,-0.27718490450402367,145,430000.0,386886.22068965517,275909.89582542237,1.0,0.1562603587717071,2024,3,1,6,3,59,59,42,42,False,False,True,True,0.6666666666666666,Tamil Nadu|RAMANATHAPURAM|||Kilakarai|Mallal,62,62,71,42,False,electrical_tamil nadu,electrical_ramanathapuram
Kani K Navas,NA - Construction of New Building,Normal/Others,Tamil Nadu,RAMANATHAPURAM,DISTRICT COLLECTOR RAMANATHAPURAM_IDA,,,Kilakarai,Vannankundu,2024-03-03,1500000.0,Action Pending,Unsanctioned,Lok Sabha,False,194,805549271ec08e757e50b87700d8703d,1,na construction of new building,33,5,5,building,False,True,False,False,False,False,False,False,14.220976332738882,0.9757412398921833,71,430000.0,638394.3661971831,521592.1019579857,3.488372093023256,1.6518763044311189,492,430000.0,471904.2174796748,412350.68459874584,3.488372093023256,2.4932559127936322,62,430000.0,570306.4516129033,377774.6569492244,3.488372093023256,2.460973840582573,62,430000.0,570306.4516129033,377774.6569492244,3.488372093023256,2.460973840582573,42,430000.0,488309.5238095238,210363.27325926712,3.488372093023256,4.809254298603705,197,500000.0,630154.3248730964,588758.041654943,3.0,1.4774247035027324,2024,3,1,6,3,59,59,41,41,False,False,True,True,0.6666666666666666,Tamil Nadu|RAMANATHAPURAM|||Kilakarai|Vannankundu,62,62,71,42,False,building_tamil nadu,building_ramanathapuram
Kani K Navas,NA - Lighting of public spaces,Normal/Others,Tamil Nadu,RAMANATHAPURAM,DISTRICT COLLECTOR RAMANATHAPURAM_IDA,,,Tiruvadanai,Nambuthalai,2024-03-03,430000.0,Action Pending,Unsanctioned,Lok Sabha,False,195,850e1112197174fb9d11436935f6d2d5,1,na lighting of public spaces,30,5,5,electrical,False,False,False,True,False,False,False,False,12.971542813248437,0.5990566037735849,71,430000.0,638394.3661971831,521592.1019579857,1.0,-0.3995351260398673,492,430000.0,471904.2174796748,412350.68459874584,1.0,-0.10162276684577679,62,430000.0,570306.4516129033,377774.6569492244,1.0,-0.3714024989023058,62,430000.0,570306.4516129033,377774.6569492244,1.0,-0.3714024989023058,42,430000.0,488309.5238095238,210363.27325926712,1.0,-0.27718490450402367,145,430000.0,386886.22068965517,275909.89582542237,1.0,0.1562603587717071,2024,3,1,6,3,59,59,40,40,False,False,True,True,0.6666666666666666,Tamil Nadu|RAMANATHAPURAM|||Tiruvadanai|Nambuthalai,62,62,71,42,False,electrical_tamil nadu,electrical_ramanathapuram
Kani K Navas,NA - Lighting of public spaces,Normal/Others,Tamil Nadu,RAMANATHAPURAM,DISTRICT COLLECTOR RAMANATHAPURAM_IDA,,,Tiruvadanai,Pattamangalam,2024-03-03,430000.0,Action Pending,Unsanctioned,Lok Sabha,False,196,5bd6bb8439e9fb2149c1912aa01c322b,1,na lighting of public spaces,30,5,5,electrical,False,False,False,True,False,False,False,False,12.971542813248437,0.5990566037735849,71,430000.0,638394.3661971831,521592.1019579857,1.0,-0.3995351260398673,492,430000.0,471904.2174796748,412350.68459874584,1.0,-0.10162276684577679,62,430000.0,570306.4516129033,377774.6569492244,1.0,-0.3714024989023058,62,430000.0,570306.4516129033,377774.6569492244,1.0,-0.3714024989023058,42,430000.0,488309.5238095238,210363.27325926712,1.0,-0.27718490450402367,145,430000.0,386886.22068965517,275909.89582542237,1.0,0.1562603587717071,2024,3,1,6,3,59,59,39,39,False,False,True,True,0.6666666666666666,Tamil Nadu|RAMANATHAPURAM|||Tiruvadanai|Pattamangalam,62,62,71,42,False,electrical_tamil nadu,electrical_ramanathapuram
Kani K Navas,NA - Lighting of public spaces,Normal/Others,Tamil Nadu,RAMANATHAPURAM,DISTRICT COLLECTOR RAMANATHAPURAM_IDA,,,Tiruvadanai,Pudupattinam,2024-03-03,430000.0,Action Pending,Unsanctioned,Lok Sabha,False,197,d2b3a9f70427deb65d559b27d57571b1,1,na lighting of public spaces,30,5,5,electrical,False,False,False,True,False,False,False,False,12.971542813248437,0.5990566037735849,71,430000.0,638394.3661971831,521592.1019579857,1.0,-0.3995351260398673,492,430000.0,471904.2174796748,412350.68459874584,1.0,-0.10162276684577679,62,430000.0,570306.4516129033,377774.6569492244,1.0,-0.3714024989023058,62,430000.0,570306.4516129033,377774.6569492244,1.0,-0.3714024989023058,42,430000.0,488309.5238095238,210363.27325926712,1.0,-0.27718490450402367,145,430000.0,386886.22068965517,275909.89582542237,1.0,0.1562603587717071,2024,3,1,6,3,59,59,38,38,False,False,True,True,0.6666666666666666,Tamil Nadu|RAMANATHAPURAM|||Tiruvadanai|Pudupattinam,62,62,71,42,False,electrical_tamil nadu,electrical_ramanathapuram
P Raveendranath Kumar,NA - Street lights,Normal/Others,Tamil Nadu,THENI,DISTRICT COLLECTOR THENI_IDA,Bodinayakanur,Bodinayakanur (M) - Ward No.9,,,2024-03-03,650000.0,Action Pending,Unsanctioned,Lok Sabha,False,198,996761be6f58850d9c3005fea45fc5ac,1,na street lights,18,3,3,electrical,False,False,False,True,False,False,False,False,13.384729180332174,0.8322102425876011,71,430000.0,638394.3661971831,521592.1019579857,1.5116279069767442,0.022250401720522388,492,430000.0,471904.2174796748,412350.68459874584,1.5116279069767442,0.4319036906501765,9,1000000.0,1107444.4444444445,1004430.5427842076,0.65,-0.45542665715485126,9,1000000.0,1107444.4444444445,1004430.5427842076,0.65,-0.45542665715485126,6,1000000.0,1216666.6666666667,890318.2951431846,0.65,-0.6364764935842783,145,430000.0,386886.22068965517,275909.89582542237,1.5116279069767442,0.9536221182759821,2024,3,1,6,3,6,6,5,5,True,True,False,False,0.6666666666666666,Tamil Nadu|THENI|Bodinayakanur|Bodinayakanur (M) - Ward No.9||,9,9,71,6,False,electrical_tamil nadu,electrical_theni
P Raveendranath Kumar,NA - Construction of flood control embankments,Normal/Others,Tamil Nadu,THENI,DISTRICT COLLECTOR THENI_IDA,,,Periyakulam,Keelavadagarai,2024-03-03,1000000.0,Action Pending,Unsanctioned,Lok Sabha,False,199,0fdab9fe05d632c21a82ba64db9e1ba7,2,na construction of flood control embankments,46,6,6,other,False,False,False,False,False,False,False,False,13.815511557963774,0.9420485175202157,71,430000.0,638394.3661971831,521592.1019579857,2.3255813953488373,0.6932728322484151,492,430000.0,471904.2174796748,412350.68459874584,2.3255813953488373,1.280695782121011,9,1000000.0,1107444.4444444445,1004430.5427842076,1.0,-0.10697050703637147,9,1000000.0,1107444.4444444445,1004430.5427842076,1.0,-0.10697050703637147,6,1000000.0,1216666.6666666667,890318.2951431846,1.0,-0.2433586593116359,50,100000.0,266712.36,314672.4568884196,10.0,2.3303203821871774,2024,3,1,6,3,6,6,4,4,False,False,True,True,0.6666666666666666,Tamil Nadu|THENI|||Periyakulam|Keelavadagarai,9,9,71,6,True,other_tamil nadu,other_theni
P Raveendranath Kumar,NA - Construction of flood control embankments,Normal/Others,Tamil Nadu,THENI,DISTRICT COLLECTOR THENI_IDA,,,Periyakulam,Keelavadagarai,2024-03-03,1000000.0,Action Pending,Unsanctioned,Lok Sabha,False,200,0fdab9fe05d632c21a82ba64db9e1ba7,2,na construction of flood control embankments,46,6,6,other,False,False,False,False,False,False,False,False,13.815511557963774,0.9420485175202157,71,430000.0,638394.3661971831,521592.1019579857,2.3255813953488373,0.6932728322484151,492,430000.0,471904.2174796748,412350.68459874584,2.3255813953488373,1.280695782121011,9,1000000.0,1107444.4444444445,1004430.5427842076,1.0,-0.10697050703637147,9,1000000.0,1107444.4444444445,1004430.5427842076,1.0,-0.10697050703637147,6,1000000.0,1216666.6666666667,890318.2951431846,1.0,-0.2433586593116359,50,100000.0,266712.36,314672.4568884196,10.0,2.3303203821871774,2024,3,1,6,3,6,6,6,6,False,False,True,True,0.6666666666666666,Tamil Nadu|THENI|||Periyakulam|Keelavadagarai,9,9,71,6,True,other_tamil nadu,other_theni
Dr Ashok Bajpai,WS/MP179/2023-2024/119588 - Development of public parks,Normal/Others,Uttar Pradesh,Sitting Rajya Sabha,DISTRICT MAGISTRAE LUCKNOW_IDA,Lucknow,Lucknow (M Corp.) - Ward No.1,,,2024-03-03,289000.0,Approved by IDA,Unsanctioned,Rajya Sabha,False,201,99686088d797d91f09d907440d8c5274,1,ws mp179 2023 2024 119588 development of public parks,55,9,9,other,False,False,False,False,False,False,False,False,12.574185427296195,0.4568733153638814,200,63275.0,152708.3,281498.1621176738,4.567364677992888,0.4841655056455624,250,63275.0,283357.784,490170.3503311154,4.567364677992888,0.011510724784125837,3,,,,,,238,63275.0,240501.87394957984,440718.5852830861,4.567364677992888,0.11004329672021532,6,876000.0,963333.3333333334,511687.2742864206,0.3299086757990868,-1.317862231914469,50,100000.0,266712.36,314672.4568884196,2.89,0.07082806109052957,2024,3,1,6,3,3,118,2,235,True,True,False,False,0.6666666666666666,Uttar Pradesh|Sitting Rajya Sabha|Lucknow|Lucknow (M Corp.) - Ward No.1||,3,238,200,6,False,other_uttar pradesh,other_sitting rajya sabha
Sunil Dattatray Tatkare,NA - Construction of community centers and community halls,Normal/Others,Maharashtra,RAIGAD,District Collector Ratnagiri_IDA,,,Khed,Posare Kh.,2024-03-03,800000.0,Action Pending,Unsanctioned,Lok Sabha,False,202,0a0da6c0f5a4f0ba50312ce441cd5bb7,1,na construction of community centers and community halls,58,8,7,building,False,True,False,False,False,False,False,False,13.592368256649284,0.8679245283018868,51,994000.0,981347.2352941176,506614.1991908868,0.8048289738430584,-0.3579592431158604,492,430000.0,471904.2174796748,412350.68459874584,1.8604651162790697,0.7956717298519628,3,,,,,,3,,,,,,3,,,,,,197,500000.0,630154.3248730964,588758.041654943,1.6,0.2884812828194813,2024,3,1,6,3,3,3,2,2,False,False,True,True,0.6666666666666666,Maharashtra|RAIGAD|||Khed|Posare Kh.,3,3,51,3,False,building_maharashtra,building_raigad
Sunil Dattatray Tatkare,NA - Construction of community centers and community halls,Normal/Others,Maharashtra,RAIGAD,District Collector Ratnagiri_IDA,,,Khed,Shiv Kh.,2024-03-03,700000.0,Action Pending,Unsanctioned,Lok Sabha,False,203,3066579c7b57ace84121a62946674702,1,na construction of community centers and community halls,58,8,7,building,False,True,False,False,False,False,False,False,13.45883704259595,0.8497304582210242,51,994000.0,981347.2352941176,506614.1991908868,0.704225352112676,-0.555348104619762,492,430000.0,471904.2174796748,412350.68459874584,1.627906976744186,0.5531597037174386,3,,,,,,3,,,,,,3,,,,,,197,500000.0,630154.3248730964,588758.041654943,1.4,0.118632222721874,2024,3,1,6,3,3,3,1,1,False,False,True,True,0.6666666666666666,Maharashtra|RAIGAD|||Khed|Shiv Kh.,3,3,51,3,False,building_maharashtra,building_raigad
Mohammad Akbar Lone,NA - Installing tube-wells and borewells,Normal/Others,Jammu And Kashmir,BARAMULLAH,Deputy Commissioner Bandipora_IDA,,,Sonawari,Hilalabad,2024-03-03,275000.0,Action Pending,Unsanctioned,Lok Sabha,False,204,fe2b72254108e12b3aef0af25137fcac,1,na installing tube wells and borewells,40,6,6,water,False,False,True,False,False,False,False,False,12.524530013005734,0.45417789757412397,4,,,,,,492,430000.0,471904.2174796748,412350.68459874584,0.6395348837209303,-0.4775164073542893,3,,,,,,3,,,,,,3,,,,,,188,63275.0,95541.96808510639,125413.82079489212,4.34610825760569,1.4309270762780444,2024,3,1,6,3,3,3,1,1,False,False,True,True,0.6666666666666666,Jammu And Kashmir|BARAMULLAH|||Sonawari|Hilalabad,3,3,4,3,False,water_jammu and kashmir,water_baramullah
Mohammad Akbar Lone,NA - Street lights,Normal/Others,Jammu And Kashmir,BARAMULLAH,Deputy Commissioner Bandipora_IDA,,,Hajin,Gund I Prang,2024-03-03,100000.0,Action Pending,Unsanctioned,Lok Sabha,False,205,b5b262d65e0d8aa2158ef26f6ce8986c,1,na street lights,18,3,3,electrical,False,False,False,True,False,False,False,False,11.51293546492023,0.3059299191374663,4,,,,,,492,430000.0,471904.2174796748,412350.68459874584,0.23255813953488372,-0.9019124530897067,3,,,,,,3,,,,,,3,,,,,,145,430000.0,386886.22068965517,275909.89582542237,0.23255813953488372,-1.0397822804847054,2024,3,1,6,3,3,3,2,2,False,False,True,True,0.6666666666666666,Jammu And Kashmir|BARAMULLAH|||Hajin|Gund I Prang,3,3,4,3,False,electrical_jammu and kashmir,electrical_baramullah
Mohammad Akbar Lone,NA - Street lights,Normal/Others,Jammu And Kashmir,BARAMULLAH,Deputy Commissioner Bandipora_IDA,,,Hajin,Naidkhai,2024-03-03,100000.0,Action Pending,Unsanctioned,Lok Sabha,False,206,aeb999e95172f1172d27b1d8002d009d,1,na street lights,18,3,3,electrical,False,False,False,True,False,False,False,False,11.51293546492023,0.3059299191374663,4,,,,,,492,430000.0,471904.2174796748,412350.68459874584,0.23255813953488372,-0.9019124530897067,3,,,,,,3,,,,,,3,,,,,,145,430000.0,386886.22068965517,275909.89582542237,0.23255813953488372,-1.0397822804847054,2024,3,1,6,3,3,3,3,3,False,False,True,True,0.6666666666666666,Jammu And Kashmir|BARAMULLAH|||Hajin|Naidkhai,3,3,4,3,False,electrical_jammu and kashmir,electrical_baramullah
Sunil Dattatray Tatkare,"NA - Construction of roads, link roads, pathways or any other road with or without drainage system",Normal/Others,Maharashtra,RAIGAD,District Collector Ratnagiri_IDA,,,Dapoli,Kangavai,2024-03-03,1000000.0,Action Pending,Unsanctioned,Lok Sabha,False,207,a9dea0da804fd4b66fb8f9f1c4144b43,1,na construction of roads link roads pathways or any other road with or without drainage system,98,16,14,road,True,False,False,False,False,False,True,False,13.815511557963774,0.9420485175202157,51,994000.0,981347.2352941176,506614.1991908868,1.0060362173038229,0.036818479891942875,492,430000.0,471904.2174796748,412350.68459874584,2.3255813953488373,1.280695782121011,3,,,,,,3,,,,,,3,,,,,,147,500000.0,549006.8027210884,314411.18040611234,2.0,1.4344057253192515,2024,3,1,6,3,3,3,3,3,False,False,True,True,0.6666666666666666,Maharashtra|RAIGAD|||Dapoli|Kangavai,3,3,51,3,False,road_maharashtra,road_raigad
Bharti Pravin Pawar,NA - Construction of community centers and community halls,Normal/Others,Maharashtra,DINDORI(ST),DISTRICT COLLECTOR NASHIK_IDA,Dindori,Dindori (Mu Cl) - Ward No.04,,,2024-03-03,1494000.0,Action Pending,Unsanctioned,Lok Sabha,False,208,bcfed9ee928459fbcbe6d97b6492163d,1,na construction of community centers and community halls,58,8,7,building,False,True,False,False,False,False,False,False,14.216968314018718,0.9730458221024259,51,994000.0,981347.2352941176,506614.1991908868,1.5030181086519114,1.011919455721217,492,430000.0,471904.2174796748,412350.68459874584,3.474418604651163,2.478705191225561,20,995000.0,1015350.0,254527.27596571317,1.5015075376884421,1.8805450150045133,20,995000.0,1015350.0,254527.27596571317,1.5015075376884421,1.8805450150045133,38,994000.0,930597.6052631579,344745.7832391345,1.5030181086519114,1.6342546366869861,197,500000.0,630154.3248730964,588758.041654943,2.988,1.4672337598968759,2024,3,1,6,3,20,20,18,18,True,True,False,False,0.6666666666666666,Maharashtra|DINDORI(ST)|Dindori|Dindori (Mu Cl) - Ward No.04||,20,20,51,38,False,building_maharashtra,building_dindori(st)
Bharti Pravin Pawar,NA - Construction of community centers and community halls,Normal/Others,Maharashtra,DINDORI(ST),DISTRICT COLLECTOR NASHIK_IDA,,,Nandgaon,Amode,2024-03-03,997000.0,Action Pending,Unsanctioned,Lok Sabha,False,209,33a049256a4a8abb1f37810f1d07c224,1,na construction of community centers and community halls,58,8,7,building,False,True,False,False,False,False,False,False,13.8125070519525,0.9177897574123989,51,994000.0,981347.2352941176,506614.1991908868,1.0030181086519114,0.030896814046825826,492,430000.0,471904.2174796748,412350.68459874584,2.318604651162791,1.2734204213369753,20,995000.0,1015350.0,254527.27596571317,1.0020100502512563,-0.07209443439952537,20,995000.0,1015350.0,254527.27596571317,1.0020100502512563,-0.07209443439952537,38,994000.0,930597.6052631579,344745.7832391345,1.0030181086519114,0.19261263796454275,197,500000.0,630154.3248730964,588758.041654943,1.994,0.6230839312117676,2024,3,1,6,3,20,20,16,16,False,False,True,True,0.6666666666666666,Maharashtra|DINDORI(ST)|||Nandgaon|Amode,20,20,51,38,False,building_maharashtra,building_dindori(st)
Bharti Pravin Pawar,"NA - Construction of roads, link roads, pathways or any other road with or without drainage system",Normal/Others,Maharashtra,DINDORI(ST),DISTRICT COLLECTOR NASHIK_IDA,,,Nandgaon,Wakhari,2024-03-03,998000.0,Action Pending,Unsanctioned,Lok Sabha,False,210,ffb25090b83a2b5bd6fd0e40f1bef6d7,1,na construction of roads link roads pathways or any other road with or without drainage system,98,16,14,road,True,False,False,False,False,False,True,False,13.813509557297108,0.9198113207547169,51,994000.0,981347.2352941176,506614.1991908868,1.0040241448692153,0.03287070266186484,492,430000.0,471904.2174796748,412350.68459874584,2.3209302325581396,1.2758455415983205,20,995000.0,1015350.0,254527.27596571317,1.0030150753768845,-0.06816558238865206,20,995000.0,1015350.0,254527.27596571317,1.0030150753768845,-0.06816558238865206,38,994000.0,930597.6052631579,344745.7832391345,1.0040241448692153,0.19551332609074484,147,500000.0,549006.8027210884,314411.18040611234,1.996,1.4280446283715644,2024,3,1,6,3,20,20,17,17,False,False,True,True,0.6666666666666666,Maharashtra|DINDORI(ST)|||Nandgaon|Wakhari,20,20,51,38,False,road_maharashtra,road_dindori(st)
Bharti Pravin Pawar,"NA - Construction of roads, link roads, pathways or any other road with or without drainage system",Normal/Others,Maharashtra,DINDORI(ST),DISTRICT COLLECTOR NASHIK_IDA,,,Yevla,Nagde,2024-03-03,900000.0,Action Pending,Unsanctioned,Lok Sabha,False,211,83de4e6e23a11d74e788e252d0cdc90d,1,na construction of roads link roads pathways or any other road with or without drainage system,98,16,14,road,True,False,False,False,False,False,True,False,13.710151153416941,0.8854447439353099,51,994000.0,981347.2352941176,506614.1991908868,0.9054325955734407,-0.16057038161195877,492,430000.0,471904.2174796748,412350.68459874584,2.0930232558139537,1.038183755986487,20,995000.0,1015350.0,254527.27596571317,0.9045226130653267,-0.4531930794542372,20,995000.0,1015350.0,254527.27596571317,0.9045226130653267,-0.4531930794542372,38,994000.0,930597.6052631579,344745.7832391345,0.9054325955734407,-0.08875411027706087,147,500000.0,549006.8027210884,314411.18040611234,1.8,1.1163508779348996,2024,3,1,6,3,20,20,20,20,False,False,True,True,0.6666666666666666,Maharashtra|DINDORI(ST)|||Yevla|Nagde,20,20,51,38,False,road_maharashtra,road_dindori(st)
Guman Singh Damor,NA - Development of public parks,Normal/Others,Madhya Pradesh,RATLAM(ST),District Collector Alirajpur_IDA,Jobat,Jawaharlal Nehru Ward,,,2024-03-03,500000.0,Action Pending,Unsanctioned,Lok Sabha,False,212,66bb1cdd41940c1c794bfc5223dd6441,1,na development of public parks,32,5,5,other,False,False,False,False,False,False,False,False,13.122365377402328,0.7277628032345014,3,,,,,,492,430000.0,471904.2174796748,412350.68459874584,1.1627906976744187,0.06813565144839016,1,,,,,,1,,,,,,1,,,,,,50,100000.0,266712.36,314672.4568884196,5.0,0.7413665698829244,2024,3,1,6,3,1,1,1,1,True,True,False,False,0.6666666666666666,Madhya Pradesh|RATLAM(ST)|Jobat|Jawaharlal Nehru Ward||,1,1,3,1,False,other_madhya pradesh,other_ratlam(st)
Bharti Pravin Pawar,"NA - Construction of roads, link roads, pathways or any other road with or without drainage system",Normal/Others,Maharashtra,DINDORI(ST),DISTRICT COLLECTOR NASHIK_IDA,,,Yevla,Mamdapur,2024-03-03,500000.0,Action Pending,Unsanctioned,Lok Sabha,False,213,51cf972b2cab6ab0cdf274035cccba7d,1,na construction of roads link roads pathways or any other road with or without drainage system,98,16,14,road,True,False,False,False,False,False,True,False,13.122365377402328,0.7277628032345014,51,994000.0,981347.2352941176,506614.1991908868,0.5030181086519114,-0.9501258276275654,492,430000.0,471904.2174796748,412350.68459874584,1.1627906976744187,0.06813565144839016,20,995000.0,1015350.0,254527.27596571317,0.5025125628140703,-2.024733883803564,20,995000.0,1015350.0,254527.27596571317,0.5025125628140703,-2.024733883803564,38,994000.0,930597.6052631579,344745.7832391345,0.5030181086519114,-1.2490293607579006,147,500000.0,549006.8027210884,314411.18040611234,1.0,-0.15586851160250814,2024,3,1,6,3,20,20,19,19,False,False,True,True,0.6666666666666666,Maharashtra|DINDORI(ST)|||Yevla|Mamdapur,20,20,51,38,False,road_maharashtra,road_dindori(st)
Shivkumar Chanabasappa Udasi,NA - Construction of additional rooms and halls in the existing public and community building,Normal/Others,Karnataka,HAVERI,DEPUTY COMMISSIONER HAVERI_IDA,,,Ranibennur,Hirebidari,2024-03-03,500000.0,Action Pending,Unsanctioned,Lok Sabha,False,214,6e8b300f33612f220d1cfacbdc67cbe8,1,na construction of additional rooms and halls in the existing public and community building,93,14,13,building,False,True,False,False,False,False,False,False,13.122365377402328,0.7277628032345014,54,500000.0,471296.2962962963,84452.65048950804,1.0,0.33987925230682614,492,430000.0,471904.2174796748,412350.68459874584,1.1627906976744187,0.06813565144839016,31,500000.0,450000.0,107238.05294763608,1.0,0.4662524041201569,31,500000.0,450000.0,107238.05294763608,1.0,0.4662524041201569,31,500000.0,450000.0,107238.05294763608,1.0,0.4662524041201569,197,500000.0,630154.3248730964,588758.041654943,1.0,-0.2210658974733406,2024,3,1,6,3,31,31,30,30,False,False,True,True,0.6666666666666666,Karnataka|HAVERI|||Ranibennur|Hirebidari,31,31,54,31,False,building_karnataka,building_haveri
Shivkumar Chanabasappa Udasi,NA - Construction of additional rooms and halls in the existing public and community building,Normal/Others,Karnataka,HAVERI,DEPUTY COMMISSIONER HAVERI_IDA,,,Savanur,Jallapur,2024-03-03,500000.0,Action Pending,Unsanctioned,Lok Sabha,False,215,3175fa7959c4a2171bedbe0a01665c23,1,na construction of additional rooms and halls in the existing public and community building,93,14,13,building,False,True,False,False,False,False,False,False,13.122365377402328,0.7277628032345014,54,500000.0,471296.2962962963,84452.65048950804,1.0,0.33987925230682614,492,430000.0,471904.2174796748,412350.68459874584,1.1627906976744187,0.06813565144839016,31,500000.0,450000.0,107238.05294763608,1.0,0.4662524041201569,31,500000.0,450000.0,107238.05294763608,1.0,0.4662524041201569,31,500000.0,450000.0,107238.05294763608,1.0,0.4662524041201569,197,500000.0,630154.3248730964,588758.041654943,1.0,-0.2210658974733406,2024,3,1,6,3,31,31,31,31,False,False,True,True,0.6666666666666666,Karnataka|HAVERI|||Savanur|Jallapur,31,31,54,31,False,building_karnataka,building_haveri
Dr Ashok Bajpai,NA - Construction of rooms and halls in school and colleges,Normal/Others,Uttar Pradesh,Sitting Rajya Sabha,DISTRICT MAGISTRATE SANT KABIR NAGAR_IDA,,,Mehdawal,Khajuria,2024-03-03,500000.0,Action Pending,Unsanctioned,Rajya Sabha,False,216,a0edfa0b9359c9b170c09654a9f1d5a4,1,na construction of rooms and halls in school and colleges,59,10,9,building,False,True,False,False,True,False,False,False,13.122365377402328,0.7277628032345014,200,63275.0,152708.3,281498.1621176738,7.902015013828526,1.2337263497117354,250,63275.0,283357.784,490170.3503311154,7.902015013828526,0.44197331775301346,3,,,,,,238,63275.0,240501.87394957984,440718.5852830861,7.902015013828526,0.5888068593334613,2,,,,,,197,500000.0,630154.3248730964,588758.041654943,1.0,-0.2210658974733406,2024,3,1,6,3,3,118,3,238,False,False,True,True,0.6666666666666666,Uttar Pradesh|Sitting Rajya Sabha|||Mehdawal|Khajuria,3,238,200,2,False,building_uttar pradesh,building_sitting rajya sabha
SHRI K R Suresh Reddy,"NA - Construction of roads, link roads, pathways or any other road with or without drainage system",Normal/Others,Telangana,Sitting Rajya Sabha,District Collector Warangal_IDA,,,Chennaraopet,Chennaraopet,2024-03-03,500000.0,Action Pending,Unsanctioned,Rajya Sabha,False,217,756625d82c2994ac772c50f96c7f5433,4,na construction of roads link roads pathways or any other road with or without drainage system,98,16,14,road,True,False,False,False,False,False,True,False,13.122365377402328,0.7277628032345014,26,500000.0,539230.7692307692,384550.88689975033,1.0,-0.10201710766303974,250,63275.0,283357.784,490170.3503311154,7.902015013828526,0.44197331775301346,6,500000.0,833333.3333333334,516397.77949432225,1.0,-0.6454972243679029,238,63275.0,240501.87394957984,440718.5852830861,7.902015013828526,0.5888068593334613,4,,,,,,147,500000.0,549006.8027210884,314411.18040611234,1.0,-0.15586851160250814,2024,3,1,6,3,6,118,6,237,False,False,True,True,0.6666666666666666,Telangana|Sitting Rajya Sabha|||Chennaraopet|Chennaraopet,6,238,26,4,True,road_telangana,road_sitting rajya sabha
Bharti Pravin Pawar,"NA - Construction of roads, link roads, pathways or any other road with or without drainage system",Normal/Others,Maharashtra,DINDORI(ST),DISTRICT COLLECTOR NASHIK_IDA,,,Yevla,Rajapur,2024-03-03,1000000.0,Action Pending,Unsanctioned,Lok Sabha,False,218,c352de1d107c87a6a12d84cf3b3f08dc,1,na construction of roads link roads pathways or any other road with or without drainage system,98,16,14,road,True,False,False,False,False,False,True,False,13.815511557963774,0.9420485175202157,51,994000.0,981347.2352941176,506614.1991908868,1.0060362173038229,0.036818479891942875,492,430000.0,471904.2174796748,412350.68459874584,2.3255813953488373,1.280695782121011,20,995000.0,1015350.0,254527.27596571317,1.0050251256281406,-0.060307878366905425,20,995000.0,1015350.0,254527.27596571317,1.0050251256281406,-0.060307878366905425,38,994000.0,930597.6052631579,344745.7832391345,1.0060362173038229,0.20131470234314905,147,500000.0,549006.8027210884,314411.18040611234,2.0,1.4344057253192515,2024,3,1,6,3,20,20,15,15,False,False,True,True,0.6666666666666666,Maharashtra|DINDORI(ST)|||Yevla|Rajapur,20,20,51,38,False,road_maharashtra,road_dindori(st)
Bharti Pravin Pawar,"NA - Construction of roads, link roads, pathways or any other road with or without drainage system",Normal/Others,Maharashtra,DINDORI(ST),DISTRICT COLLECTOR NASHIK_IDA,,,Deola,Vithewadi,2024-03-03,994000.0,Action Pending,Unsanctioned,Lok Sabha,False,219,d6ac836c1b9d1174b4adf6ff28eed44a,1,na construction of roads link roads pathways or any other road with or without drainage system,98,16,14,road,True,False,False,False,False,False,True,False,13.809493491674422,0.9029649595687331,51,994000.0,981347.2352941176,506614.1991908868,1.0,0.024975148201708774,492,430000.0,471904.2174796748,412350.68459874584,2.311627906976744,1.2661450605529398,20,995000.0,1015350.0,254527.27596571317,0.9989949748743718,-0.08388099043214532,20,995000.0,1015350.0,254527.27596571317,0.9989949748743718,-0.08388099043214532,38,994000.0,930597.6052631579,344745.7832391345,1.0,0.18391057358593646,147,500000.0,549006.8027210884,314411.18040611234,1.988,1.4153224344761903,2024,3,1,6,3,20,20,14,14,False,False,True,True,0.6666666666666666,Maharashtra|DINDORI(ST)|||Deola|Vithewadi,20,20,51,38,False,road_maharashtra,road_dindori(st)
Bharti Pravin Pawar,"NA - Construction of roads, link roads, pathways or any other road with or without drainage system",Normal/Others,Maharashtra,DINDORI(ST),DISTRICT COLLECTOR NASHIK_IDA,,,Kalwan,Bhusani,2024-03-03,995000.0,Action Pending,Unsanctioned,Lok Sabha,False,220,611c40af39be812b860961274eb84ac8,1,na construction of roads link roads pathways or any other road with or without drainage system,98,16,14,road,True,False,False,False,False,False,True,False,13.81049902116535,0.9130727762803235,51,994000.0,981347.2352941176,506614.1991908868,1.0010060362173039,0.02694903681674779,492,430000.0,471904.2174796748,412350.68459874584,2.313953488372093,1.268570180814285,20,995000.0,1015350.0,254527.27596571317,1.0,-0.07995213842127201,20,995000.0,1015350.0,254527.27596571317,1.0,-0.07995213842127201,38,994000.0,930597.6052631579,344745.7832391345,1.0010060362173039,0.18681126171213855,147,500000.0,549006.8027210884,314411.18040611234,1.99,1.418502982950034,2024,3,1,6,3,20,20,13,13,False,False,True,True,0.6666666666666666,Maharashtra|DINDORI(ST)|||Kalwan|Bhusani,20,20,51,38,False,road_maharashtra,road_dindori(st)
Bharti Pravin Pawar,"NA - Construction of roads, link roads, pathways or any other road with or without drainage system",Normal/Others,Maharashtra,DINDORI(ST),DISTRICT COLLECTOR NASHIK_IDA,,,Kalwan,Bhadvan,2024-03-03,994000.0,Action Pending,Unsanctioned,Lok Sabha,False,221,885b0d6b1830400e9e65844e6655152e,1,na construction of roads link roads pathways or any other road with or without drainage system,98,16,14,road,True,False,False,False,False,False,True,False,13.809493491674422,0.9029649595687331,51,994000.0,981347.2352941176,506614.1991908868,1.0,0.024975148201708774,492,430000.0,471904.2174796748,412350.68459874584,2.311627906976744,1.2661450605529398,20,995000.0,1015350.0,254527.27596571317,0.9989949748743718,-0.08388099043214532,20,995000.0,1015350.0,254527.27596571317,0.9989949748743718,-0.08388099043214532,38,994000.0,930597.6052631579,344745.7832391345,1.0,0.18391057358593646,147,500000.0,549006.8027210884,314411.18040611234,1.988,1.4153224344761903,2024,3,1,6,3,20,20,12,12,False,False,True,True,0.6666666666666666,Maharashtra|DINDORI(ST)|||Kalwan|Bhadvan,20,20,51,38,False,road_maharashtra,road_dindori(st)
Bharti Pravin Pawar,"NA - Construction of roads, link roads, pathways or any other road with or without drainage system",Normal/Others,Maharashtra,DINDORI(ST),DISTRICT COLLECTOR NASHIK_IDA,,,Kalwan,Bagadu,2024-03-03,995000.0,Action Pending,Unsanctioned,Lok Sabha,False,222,43b18d64890e3964f4ef814cdf863df6,1,na construction of roads link roads pathways or any other road with or without drainage system,98,16,14,road,True,False,False,False,False,False,True,False,13.81049902116535,0.9130727762803235,51,994000.0,981347.2352941176,506614.1991908868,1.0010060362173039,0.02694903681674779,492,430000.0,471904.2174796748,412350.68459874584,2.313953488372093,1.268570180814285,20,995000.0,1015350.0,254527.27596571317,1.0,-0.07995213842127201,20,995000.0,1015350.0,254527.27596571317,1.0,-0.07995213842127201,38,994000.0,930597.6052631579,344745.7832391345,1.0010060362173039,0.18681126171213855,147,500000.0,549006.8027210884,314411.18040611234,1.99,1.418502982950034,2024,3,1,6,3,20,20,11,11,False,False,True,True,0.6666666666666666,Maharashtra|DINDORI(ST)|||Kalwan|Bagadu,20,20,51,38,False,road_maharashtra,road_dindori(st)
Bharti Pravin Pawar,"NA - Construction of roads, link roads, pathways or any other road with or without drainage system",Normal/Others,Maharashtra,DINDORI(ST),DISTRICT COLLECTOR NASHIK_IDA,,,Kalwan,Pilakos,2024-03-03,994000.0,Action Pending,Unsanctioned,Lok Sabha,False,223,799ea59ca3d6411819478500af000945,1,na construction of roads link roads pathways or any other road with or without drainage system,98,16,14,road,True,False,False,False,False,False,True,False,13.809493491674422,0.9029649595687331,51,994000.0,981347.2352941176,506614.1991908868,1.0,0.024975148201708774,492,430000.0,471904.2174796748,412350.68459874584,2.311627906976744,1.2661450605529398,20,995000.0,1015350.0,254527.27596571317,0.9989949748743718,-0.08388099043214532,20,995000.0,1015350.0,254527.27596571317,0.9989949748743718,-0.08388099043214532,38,994000.0,930597.6052631579,344745.7832391345,1.0,0.18391057358593646,147,500000.0,549006.8027210884,314411.18040611234,1.988,1.4153224344761903,2024,3,1,6,3,20,20,10,10,False,False,True,True,0.6666666666666666,Maharashtra|DINDORI(ST)|||Kalwan|Pilakos,20,20,51,38,False,road_maharashtra,road_dindori(st)
Bharti Pravin Pawar,"NA - Construction of roads, link roads, pathways or any other road with or without drainage system",Normal/Others,Maharashtra,DINDORI(ST),DISTRICT COLLECTOR NASHIK_IDA,,,Kalwan,Nakode,2024-03-03,995000.0,Action Pending,Unsanctioned,Lok Sabha,False,224,d03a4b7c2c82bd47acc35a1d68e9a43f,1,na construction of roads link roads pathways or any other road with or without drainage system,98,16,14,road,True,False,False,False,False,False,True,False,13.81049902116535,0.9130727762803235,51,994000.0,981347.2352941176,506614.1991908868,1.0010060362173039,0.02694903681674779,492,430000.0,471904.2174796748,412350.68459874584,2.313953488372093,1.268570180814285,20,995000.0,1015350.0,254527.27596571317,1.0,-0.07995213842127201,20,995000.0,1015350.0,254527.27596571317,1.0,-0.07995213842127201,38,994000.0,930597.6052631579,344745.7832391345,1.0010060362173039,0.18681126171213855,147,500000.0,549006.8027210884,314411.18040611234,1.99,1.418502982950034,2024,3,1,6,3,20,20,9,9,False,False,True,True,0.6666666666666666,Maharashtra|DINDORI(ST)|||Kalwan|Nakode,20,20,51,38,False,road_maharashtra,road_dindori(st)
Shivkumar Chanabasappa Udasi,NA - Construction of bus-sheds or bus-stops,Normal/Others,Karnataka,HAVERI,DEPUTY COMMISSIONER HAVERI_IDA,,,Ranibennur,Sunakalbidari,2024-03-03,500000.0,Action Pending,Unsanctioned,Lok Sabha,False,225,f37dc086b0c7da3995fdc71c3df1ee83,1,na construction of bus sheds or bus stops,43,8,7,building,False,True,False,False,False,False,False,False,13.122365377402328,0.7277628032345014,54,500000.0,471296.2962962963,84452.65048950804,1.0,0.33987925230682614,492,430000.0,471904.2174796748,412350.68459874584,1.1627906976744187,0.06813565144839016,31,500000.0,450000.0,107238.05294763608,1.0,0.4662524041201569,31,500000.0,450000.0,107238.05294763608,1.0,0.4662524041201569,31,500000.0,450000.0,107238.05294763608,1.0,0.4662524041201569,197,500000.0,630154.3248730964,588758.041654943,1.0,-0.2210658974733406,2024,3,1,6,3,31,31,28,28,False,False,True,True,0.6666666666666666,Karnataka|HAVERI|||Ranibennur|Sunakalbidari,31,31,54,31,False,building_karnataka,building_haveri
Shivkumar Chanabasappa Udasi,"NA - Construction of roads, link roads, pathways or any other road with or without drainage system",Normal/Others,Karnataka,HAVERI,DEPUTY COMMISSIONER HAVERI_IDA,,,Savanur,Kalakoti,2024-03-03,300000.0,Action Pending,Unsanctioned,Lok Sabha,False,226,7b1c9acca9c5ffa23627bb9508e6090a,1,na construction of roads link roads pathways or any other road with or without drainage system,98,16,14,road,True,False,False,False,False,False,True,False,12.611541086966115,0.488544474393531,54,500000.0,471296.2962962963,84452.65048950804,0.6,-2.0283116669923493,492,430000.0,471904.2174796748,412350.68459874584,0.6976744186046512,-0.41688840082065826,31,500000.0,450000.0,107238.05294763608,0.6,-1.3987572123604706,31,500000.0,450000.0,107238.05294763608,0.6,-1.3987572123604706,31,500000.0,450000.0,107238.05294763608,0.6,-1.3987572123604706,147,500000.0,549006.8027210884,314411.18040611234,0.6,-0.791978206371212,2024,3,1,6,3,31,31,29,29,False,False,True,True,0.6666666666666666,Karnataka|HAVERI|||Savanur|Kalakoti,31,31,54,31,False,road_karnataka,road_haveri
Shivkumar Chanabasappa Udasi,"NA - Construction of roads, link roads, pathways or any other road with or without drainage system",Normal/Others,Karnataka,HAVERI,DEPUTY COMMISSIONER HAVERI_IDA,,,Haveri,Konana Tambigi,2024-03-03,500000.0,Action Pending,Unsanctioned,Lok Sabha,False,227,553bf8e5fb13d93c5b83cdabe799c74b,1,na construction of roads link roads pathways or any other road with or without drainage system,98,16,14,road,True,False,False,False,False,False,True,False,13.122365377402328,0.7277628032345014,54,500000.0,471296.2962962963,84452.65048950804,1.0,0.33987925230682614,492,430000.0,471904.2174796748,412350.68459874584,1.1627906976744187,0.06813565144839016,31,500000.0,450000.0,107238.05294763608,1.0,0.4662524041201569,31,500000.0,450000.0,107238.05294763608,1.0,0.4662524041201569,31,500000.0,450000.0,107238.05294763608,1.0,0.4662524041201569,147,500000.0,549006.8027210884,314411.18040611234,1.0,-0.15586851160250814,2024,3,1,6,3,31,31,27,27,False,False,True,True,0.6666666666666666,Karnataka|HAVERI|||Haveri|Konana Tambigi,31,31,54,31,False,road_karnataka,road_haveri
Shivkumar Chanabasappa Udasi,NA - Construction of additional rooms and halls in the existing public and community building,Normal/Others,Karnataka,HAVERI,DEPUTY COMMISSIONER HAVERI_IDA,,,Haveri,Karjagi,2024-03-03,500000.0,Action Pending,Unsanctioned,Lok Sabha,False,228,8f2cdf102c7ae6777feefb150657da04,1,na construction of additional rooms and halls in the existing public and community building,93,14,13,building,False,True,False,False,False,False,False,False,13.122365377402328,0.7277628032345014,54,500000.0,471296.2962962963,84452.65048950804,1.0,0.33987925230682614,492,430000.0,471904.2174796748,412350.68459874584,1.1627906976744187,0.06813565144839016,31,500000.0,450000.0,107238.05294763608,1.0,0.4662524041201569,31,500000.0,450000.0,107238.05294763608,1.0,0.4662524041201569,31,500000.0,450000.0,107238.05294763608,1.0,0.4662524041201569,197,500000.0,630154.3248730964,588758.041654943,1.0,-0.2210658974733406,2024,3,1,6,3,31,31,26,26,False,False,True,True,0.6666666666666666,Karnataka|HAVERI|||Haveri|Karjagi,31,31,54,31,False,building_karnataka,building_haveri
Shivkumar Chanabasappa Udasi,NA - Lighting of public spaces,Normal/Others,Karnataka,HAVERI,DEPUTY COMMISSIONER HAVERI_IDA,,,Ranibennur,Kajjari,2024-03-03,300000.0,Action Pending,Unsanctioned,Lok Sabha,False,229,d5dee9b0da54a07b59c1240ad9e95565,1,na lighting of public spaces,30,5,5,electrical,False,False,False,True,False,False,False,False,12.611541086966115,0.488544474393531,54,500000.0,471296.2962962963,84452.65048950804,0.6,-2.0283116669923493,492,430000.0,471904.2174796748,412350.68459874584,0.6976744186046512,-0.41688840082065826,31,500000.0,450000.0,107238.05294763608,0.6,-1.3987572123604706,31,500000.0,450000.0,107238.05294763608,0.6,-1.3987572123604706,31,500000.0,450000.0,107238.05294763608,0.6,-1.3987572123604706,145,430000.0,386886.22068965517,275909.89582542237,0.6976744186046512,-0.3149079536626372,2024,3,1,6,3,31,31,25,25,False,False,True,True,0.6666666666666666,Karnataka|HAVERI|||Ranibennur|Kajjari,31,31,54,31,False,electrical_karnataka,electrical_haveri
Shivkumar Chanabasappa Udasi,NA - Construction of additional rooms and halls in the existing public and community building,Normal/Others,Karnataka,HAVERI,DEPUTY COMMISSIONER HAVERI_IDA,,,Ranibennur,Yellapur T.Honnatti,2024-03-03,300000.0,Action Pending,Unsanctioned,Lok Sabha,False,230,fbc95bb4a7b0dfa6926bd50feeb8fb74,1,na construction of additional rooms and halls in the existing public and community building,93,14,13,building,False,True,False,False,False,False,False,False,12.611541086966115,0.488544474393531,54,500000.0,471296.2962962963,84452.65048950804,0.6,-2.0283116669923493,492,430000.0,471904.2174796748,412350.68459874584,0.6976744186046512,-0.41688840082065826,31,500000.0,450000.0,107238.05294763608,0.6,-1.3987572123604706,31,500000.0,450000.0,107238.05294763608,0.6,-1.3987572123604706,31,500000.0,450000.0,107238.05294763608,0.6,-1.3987572123604706,197,500000.0,630154.3248730964,588758.041654943,0.6,-0.5607640176685552,2024,3,1,6,3,31,31,24,24,False,False,True,True,0.6666666666666666,Karnataka|HAVERI|||Ranibennur|Yellapur T.Honnatti,31,31,54,31,False,building_karnataka,building_haveri
SHRI K R Suresh Reddy,"NA - Construction of roads, link roads, pathways or any other road with or without drainage system",Normal/Others,Telangana,Sitting Rajya Sabha,District Collector Warangal_IDA,,,Chennaraopet,Chennaraopet,2024-03-03,500000.0,Action Pending,Unsanctioned,Rajya Sabha,False,231,756625d82c2994ac772c50f96c7f5433,4,na construction of roads link roads pathways or any other road with or without drainage system,98,16,14,road,True,False,False,False,False,False,True,False,13.122365377402328,0.7277628032345014,26,500000.0,539230.7692307692,384550.88689975033,1.0,-0.10201710766303974,250,63275.0,283357.784,490170.3503311154,7.902015013828526,0.44197331775301346,6,500000.0,833333.3333333334,516397.77949432225,1.0,-0.6454972243679029,238,63275.0,240501.87394957984,440718.5852830861,7.902015013828526,0.5888068593334613,4,,,,,,147,500000.0,549006.8027210884,314411.18040611234,1.0,-0.15586851160250814,2024,3,1,6,3,6,118,5,236,False,False,True,True,0.6666666666666666,Telangana|Sitting Rajya Sabha|||Chennaraopet|Chennaraopet,6,238,26,4,True,road_telangana,road_sitting rajya sabha
Gaddam Ranjith Reddy,"NA - Construction of roads, link roads, pathways or any other road with or without drainage system",Normal/Others,Telangana,CHELVELLA,DISTRICT COLLECTOR RANGAREDDY_IDA,,,Chevella,Chevella,2024-03-03,1000000.0,Action Pending,Unsanctioned,Lok Sabha,False,232,ebc636813c2ede9ff18e714639cc6261,1,na construction of roads link roads pathways or any other road with or without drainage system,98,16,14,road,True,False,False,False,False,False,True,False,13.815511557963774,0.9420485175202157,26,500000.0,539230.7692307692,384550.88689975033,2.0,1.1982009311796231,492,430000.0,471904.2174796748,412350.68459874584,2.3255813953488373,1.280695782121011,20,500000.0,451000.0,298150.43889038014,2.0,1.8413523120851376,20,500000.0,451000.0,298150.43889038014,2.0,1.8413523120851376,9,500000.0,700000.0,244948.97427831782,2.0,1.224744871391589,147,500000.0,549006.8027210884,314411.18040611234,2.0,1.4344057253192515,2024,3,1,6,3,20,20,20,20,False,False,True,True,0.6666666666666666,Telangana|CHELVELLA|||Chevella|Chevella,20,20,26,9,False,road_telangana,road_chelvella
Kani K Navas,NA - Lighting of public spaces,Normal/Others,Tamil Nadu,RAMANATHAPURAM,DISTRICT COLLECTOR RAMANATHAPURAM_IDA,,,Tiruvadanai,Tiruvetriyur,2024-03-03,430000.0,Action Pending,Unsanctioned,Lok Sabha,False,233,f85ec193e64583b8dfaba90c4df24967,1,na lighting of public spaces,30,5,5,electrical,False,False,False,True,False,False,False,False,12.971542813248437,0.5990566037735849,71,430000.0,638394.3661971831,521592.1019579857,1.0,-0.3995351260398673,492,430000.0,471904.2174796748,412350.68459874584,1.0,-0.10162276684577679,62,430000.0,570306.4516129033,377774.6569492244,1.0,-0.3714024989023058,62,430000.0,570306.4516129033,377774.6569492244,1.0,-0.3714024989023058,42,430000.0,488309.5238095238,210363.27325926712,1.0,-0.27718490450402367,145,430000.0,386886.22068965517,275909.89582542237,1.0,0.1562603587717071,2024,3,1,6,3,59,59,62,62,False,False,True,True,0.6666666666666666,Tamil Nadu|RAMANATHAPURAM|||Tiruvadanai|Tiruvetriyur,62,62,71,42,False,electrical_tamil nadu,electrical_ramanathapuram
Kani K Navas,NA - Purchase of furniture and fixtures for educational purposes,Normal/Others,Tamil Nadu,RAMANATHAPURAM,DISTRICT COLLECTOR RAMANATHAPURAM_IDA,Mandapam,Mandapam (TP) - Ward No.1,,,2024-03-03,99000.0,Action Pending,Unsanctioned,Lok Sabha,False,234,07002b15ad2d190a12de5d10338b22cc,1,na purchase of furniture and fixtures for educational purposes,64,9,9,school,False,False,False,False,True,False,False,False,11.502885230075814,0.28706199460916443,71,430000.0,638394.3661971831,521592.1019579857,0.2302325581395349,-1.0341306246248172,492,430000.0,471904.2174796748,412350.68459874584,0.2302325581395349,-0.9043375733510519,62,430000.0,570306.4516129033,377774.6569492244,0.2302325581395349,-1.247586207658843,62,430000.0,570306.4516129033,377774.6569492244,0.2302325581395349,-1.247586207658843,42,430000.0,488309.5238095238,210363.27325926712,0.2302325581395349,-1.8506534804186574,4,,,,,,2024,3,1,6,3,59,59,37,37,True,True,False,False,0.6666666666666666,Tamil Nadu|RAMANATHAPURAM|Mandapam|Mandapam (TP) - Ward No.1||,62,62,71,42,False,school_tamil nadu,school_ramanathapuram
Bharti Pravin Pawar,"NA - Construction of roads, link roads, pathways or any other road with or without drainage system",Normal/Others,Maharashtra,DINDORI(ST),DISTRICT COLLECTOR NASHIK_IDA,,,Dindori,Jaulakevani,2024-03-03,1493000.0,Action Pending,Unsanctioned,Lok Sabha,False,235,63b8df9d2ec4ecbf7e4c6c4768dd178a,1,na construction of roads link roads pathways or any other road with or without drainage system,98,16,14,road,True,False,False,False,False,False,True,False,14.216298746313468,0.9716981132075472,51,994000.0,981347.2352941176,506614.1991908868,1.5020120724346075,1.009945567106178,492,430000.0,471904.2174796748,412350.68459874584,3.472093023255814,2.4762800709642154,20,995000.0,1015350.0,254527.27596571317,1.500502512562814,1.8766161629936402,20,995000.0,1015350.0,254527.27596571317,1.500502512562814,1.8766161629936402,38,994000.0,930597.6052631579,344745.7832391345,1.5020120724346075,1.631353948560784,147,500000.0,549006.8027210884,314411.18040611234,2.986,3.0024161229241066,2024,3,1,6,3,20,20,8,8,False,False,True,True,0.6666666666666666,Maharashtra|DINDORI(ST)|||Dindori|Jaulakevani,20,20,51,38,False,road_maharashtra,road_dindori(st)
SHRI K R Suresh Reddy,NA - Construction of public irrigation facilities,Normal/Others,Telangana,Sitting Rajya Sabha,DISTRICT COLLECTOR NIZAMABAD_IDA,,,Bheemgal,Bejjora,2024-03-03,1500000.0,Action Pending,Unsanctioned,Rajya Sabha,False,236,cd8edca23d74cb871f29077d915d842e,1,na construction of public irrigation facilities,49,6,6,other,False,False,False,False,False,False,False,False,14.220976332738882,0.9757412398921833,26,500000.0,539230.7692307692,384550.88689975033,3.0,2.4984189700222856,250,63275.0,283357.784,490170.3503311154,23.706045041485577,2.4820803934349454,6,500000.0,833333.3333333334,516397.77949432225,3.0,1.2909944487358056,238,63275.0,240501.87394957984,440718.5852830861,23.706045041485577,2.857828483092921,2,,,,,,50,100000.0,266712.36,314672.4568884196,15.0,3.9192741944914307,2024,3,1,6,3,6,118,3,233,False,False,True,True,0.6666666666666666,Telangana|Sitting Rajya Sabha|||Bheemgal|Bejjora,6,238,26,2,False,other_telangana,other_sitting rajya sabha
SHRI K R Suresh Reddy,NA - Construction of community centers and community halls,Normal/Others,Telangana,Sitting Rajya Sabha,DISTRICT COLLECTOR NIZAMABAD_IDA,,,Mugpal,Borgaon (P),2024-03-03,1500000.0,Action Pending,Unsanctioned,Rajya Sabha,False,237,dd69eb808452be81325589c414a121a1,1,na construction of community centers and community halls,58,8,7,building,False,True,False,False,False,False,False,False,14.220976332738882,0.9757412398921833,26,500000.0,539230.7692307692,384550.88689975033,3.0,2.4984189700222856,250,63275.0,283357.784,490170.3503311154,23.706045041485577,2.4820803934349454,6,500000.0,833333.3333333334,516397.77949432225,3.0,1.2909944487358056,238,63275.0,240501.87394957984,440718.5852830861,23.706045041485577,2.857828483092921,2,,,,,,197,500000.0,630154.3248730964,588758.041654943,3.0,1.4774247035027324,2024,3,1,6,3,6,118,2,232,False,False,True,True,0.6666666666666666,Telangana|Sitting Rajya Sabha|||Mugpal|Borgaon (P),6,238,26,2,False,building_telangana,building_sitting rajya sabha
Alok Kumar Suman,"NA - Purchase of IT systems, including hardware and software for educational purposes",Normal/Others,Bihar,GOPALGANJ (SC),DISTRICT PLANNING OFFICER GOPALGANJ_IDA,,,Kuchaikote,Bikrampur,2024-03-03,250000.0,Action Pending,Unsanctioned,Lok Sabha,False,238,b1e0861d77ea41d4b460412bace6dbf3,1,na purchase of it systems including hardware and software for educational purposes,85,12,12,school,False,False,False,False,True,False,False,False,12.429220196836383,0.44339622641509435,25,487000.0,477040.0,69333.42147430294,0.5133470225872689,-3.2746112217200745,492,430000.0,471904.2174796748,412350.68459874584,0.5813953488372093,-0.5381444138879203,2,,,,,,2,,,,,,2,,,,,,4,,,,,,2024,3,1,6,3,2,2,2,2,False,False,True,True,0.6666666666666666,Bihar|GOPALGANJ (SC)|||Kuchaikote|Bikrampur,2,2,25,2,False,school_bihar,school_gopalganj (sc)
Alok Kumar Suman,"NA - Construction of roads, link roads, pathways or any other road with or without drainage system",Normal/Others,Bihar,GOPALGANJ (SC),DISTRICT PLANNING OFFICER GOPALGANJ_IDA,,,Uchkagaon,Sankhe Khas,2024-03-03,300000.0,Action Pending,Unsanctioned,Lok Sabha,False,239,97fccf271be86310442005d7336e5d72,1,na construction of roads link roads pathways or any other road with or without drainage system,98,16,14,road,True,False,False,False,False,False,True,False,12.611541086966115,0.488544474393531,25,487000.0,477040.0,69333.42147430294,0.6160164271047228,-2.5534582923419746,492,430000.0,471904.2174796748,412350.68459874584,0.6976744186046512,-0.41688840082065826,2,,,,,,2,,,,,,2,,,,,,147,500000.0,549006.8027210884,314411.18040611234,0.6,-0.791978206371212,2024,3,1,6,3,2,2,1,1,False,False,True,True,0.6666666666666666,Bihar|GOPALGANJ (SC)|||Uchkagaon|Sankhe Khas,2,2,25,2,False,road_bihar,road_gopalganj (sc)
SHRI K R Suresh Reddy,"NA - Construction of roads, link roads, pathways or any other road with or without drainage system",Normal/Others,Telangana,Sitting Rajya Sabha,District Collector Warangal_IDA,,,Chennaraopet,Chennaraopet,2024-03-03,500000.0,Action Pending,Unsanctioned,Rajya Sabha,False,240,756625d82c2994ac772c50f96c7f5433,4,na construction of roads link roads pathways or any other road with or without drainage system,98,16,14,road,True,False,False,False,False,False,True,False,13.122365377402328,0.7277628032345014,26,500000.0,539230.7692307692,384550.88689975033,1.0,-0.10201710766303974,250,63275.0,283357.784,490170.3503311154,7.902015013828526,0.44197331775301346,6,500000.0,833333.3333333334,516397.77949432225,1.0,-0.6454972243679029,238,63275.0,240501.87394957984,440718.5852830861,7.902015013828526,0.5888068593334613,4,,,,,,147,500000.0,549006.8027210884,314411.18040611234,1.0,-0.15586851160250814,2024,3,1,6,3,6,118,1,230,False,False,True,True,0.6666666666666666,Telangana|Sitting Rajya Sabha|||Chennaraopet|Chennaraopet,6,238,26,4,True,road_telangana,road_sitting rajya sabha
Shivkumar Chanabasappa Udasi,NA - Construction of community centers and community halls,Normal/Others,Karnataka,HAVERI,DEPUTY COMMISSIONER HAVERI_IDA,,,Ranibennur,Karur,2024-03-03,500000.0,Action Pending,Unsanctioned,Lok Sabha,False,241,cf7081822f1d19d8aa3c0ae7b3c139f9,1,na construction of community centers and community halls,58,8,7,building,False,True,False,False,False,False,False,False,13.122365377402328,0.7277628032345014,54,500000.0,471296.2962962963,84452.65048950804,1.0,0.33987925230682614,492,430000.0,471904.2174796748,412350.68459874584,1.1627906976744187,0.06813565144839016,31,500000.0,450000.0,107238.05294763608,1.0,0.4662524041201569,31,500000.0,450000.0,107238.05294763608,1.0,0.4662524041201569,31,500000.0,450000.0,107238.05294763608,1.0,0.4662524041201569,197,500000.0,630154.3248730964,588758.041654943,1.0,-0.2210658974733406,2024,3,1,6,3,31,31,22,22,False,False,True,True,0.6666666666666666,Karnataka|HAVERI|||Ranibennur|Karur,31,31,54,31,False,building_karnataka,building_haveri
Bharti Pravin Pawar,"NA - Construction of roads, link roads, pathways or any other road with or without drainage system",Normal/Others,Maharashtra,DINDORI(ST),DISTRICT COLLECTOR NASHIK_IDA,,,Dindori,Umrale Bk.,2024-03-03,995000.0,Action Pending,Unsanctioned,Lok Sabha,False,242,db092f9920992323d08257c6b6a93367,1,na construction of roads link roads pathways or any other road with or without drainage system,98,16,14,road,True,False,False,False,False,False,True,False,13.81049902116535,0.9130727762803235,51,994000.0,981347.2352941176,506614.1991908868,1.0010060362173039,0.02694903681674779,492,430000.0,471904.2174796748,412350.68459874584,2.313953488372093,1.268570180814285,20,995000.0,1015350.0,254527.27596571317,1.0,-0.07995213842127201,20,995000.0,1015350.0,254527.27596571317,1.0,-0.07995213842127201,38,994000.0,930597.6052631579,344745.7832391345,1.0010060362173039,0.18681126171213855,147,500000.0,549006.8027210884,314411.18040611234,1.99,1.418502982950034,2024,3,1,6,3,20,20,6,6,False,False,True,True,0.6666666666666666,Maharashtra|DINDORI(ST)|||Dindori|Umrale Bk.,20,20,51,38,False,road_maharashtra,road_dindori(st)
Kani K Navas,NA - Installing community drinking water plants,Normal/Others,Tamil Nadu,RAMANATHAPURAM,DISTRICT COLLECTOR RAMANATHAPURAM_IDA,Mudukulathur,Mudukulathur (TP) - Ward No.1,,,2024-03-03,600000.0,Action Pending,Unsanctioned,Lok Sabha,False,243,6ad2bde37393ed74ee8d13c0a32dcda2,2,na installing community drinking water plants,47,6,6,water,False,False,True,False,False,False,False,False,13.304686600863562,0.8160377358490566,71,430000.0,638394.3661971831,521592.1019579857,1.3953488372093024,-0.07360994549774799,492,430000.0,471904.2174796748,412350.68459874584,1.3953488372093024,0.3106476775829144,62,430000.0,570306.4516129033,377774.6569492244,1.3953488372093024,0.07860121858594595,62,430000.0,570306.4516129033,377774.6569492244,1.3953488372093024,0.07860121858594595,42,430000.0,488309.5238095238,210363.27325926712,1.3953488372093024,0.530940950195335,188,63275.0,95541.96808510639,125413.82079489212,9.482418016594231,4.022348005327968,2024,3,1,6,3,59,59,8,8,True,True,False,False,0.6666666666666666,Tamil Nadu|RAMANATHAPURAM|Mudukulathur|Mudukulathur (TP) - Ward No.1||,62,62,71,42,True,water_tamil nadu,water_ramanathapuram
Bharti Pravin Pawar,NA - Crematoriums or structures on burial/ cremation ground for public convenience,Normal/Others,Maharashtra,DINDORI(ST),DISTRICT COLLECTOR NASHIK_IDA,,,Peth,Borwath,2024-03-03,994000.0,Action Pending,Unsanctioned,Lok Sabha,False,244,648ca15b6fdb168da438f4f2b08cbb32,1,na crematoriums or structures on burial cremation ground for public convenience,82,11,11,building,False,True,False,False,False,False,False,False,13.809493491674422,0.9029649595687331,51,994000.0,981347.2352941176,506614.1991908868,1.0,0.024975148201708774,492,430000.0,471904.2174796748,412350.68459874584,2.311627906976744,1.2661450605529398,20,995000.0,1015350.0,254527.27596571317,0.9989949748743718,-0.08388099043214532,20,995000.0,1015350.0,254527.27596571317,0.9989949748743718,-0.08388099043214532,38,994000.0,930597.6052631579,344745.7832391345,1.0,0.18391057358593646,197,500000.0,630154.3248730964,588758.041654943,1.988,0.6179884594088395,2024,3,1,6,3,20,20,5,5,False,False,True,True,0.6666666666666666,Maharashtra|DINDORI(ST)|||Peth|Borwath,20,20,51,38,False,building_maharashtra,building_dindori(st)
Bharti Pravin Pawar,"NA - Construction of roads, link roads, pathways or any other road with or without drainage system",Normal/Others,Maharashtra,DINDORI(ST),DISTRICT COLLECTOR NASHIK_IDA,,,Malegaon,Malagaon,2024-03-03,994000.0,Action Pending,Unsanctioned,Lok Sabha,False,245,134a34d71508eef291783551e3a6273e,1,na construction of roads link roads pathways or any other road with or without drainage system,98,16,14,road,True,False,False,False,False,False,True,False,13.809493491674422,0.9029649595687331,51,994000.0,981347.2352941176,506614.1991908868,1.0,0.024975148201708774,492,430000.0,471904.2174796748,412350.68459874584,2.311627906976744,1.2661450605529398,20,995000.0,1015350.0,254527.27596571317,0.9989949748743718,-0.08388099043214532,20,995000.0,1015350.0,254527.27596571317,0.9989949748743718,-0.08388099043214532,38,994000.0,930597.6052631579,344745.7832391345,1.0,0.18391057358593646,147,500000.0,549006.8027210884,314411.18040611234,1.988,1.4153224344761903,2024,3,1,6,3,20,20,4,4,False,False,True,True,0.6666666666666666,Maharashtra|DINDORI(ST)|||Malegaon|Malagaon,20,20,51,38,False,road_maharashtra,road_dindori(st)
Bharti Pravin Pawar,"NA - Construction of roads, link roads, pathways or any other road with or without drainage system",Normal/Others,Maharashtra,DINDORI(ST),DISTRICT COLLECTOR NASHIK_IDA,,,Surgana,Hadkaichond,2024-03-03,992000.0,Action Pending,Unsanctioned,Lok Sabha,False,246,f8b2f04c9ffecc37df26a84b212434f4,1,na construction of roads link roads pathways or any other road with or without drainage system,98,16,14,road,True,False,False,False,False,False,True,False,13.807479394331018,0.8935309973045822,51,994000.0,981347.2352941176,506614.1991908868,0.9979879275653923,0.02102737097163074,492,430000.0,471904.2174796748,412350.68459874584,2.3069767441860467,1.2612948200302492,20,995000.0,1015350.0,254527.27596571317,0.9969849246231156,-0.09173869445389196,20,995000.0,1015350.0,254527.27596571317,0.9969849246231156,-0.09173869445389196,38,994000.0,930597.6052631579,344745.7832391345,0.9979879275653923,0.17810919733353225,147,500000.0,549006.8027210884,314411.18040611234,1.984,1.4089613375285033,2024,3,1,6,3,20,20,3,3,False,False,True,True,0.6666666666666666,Maharashtra|DINDORI(ST)|||Surgana|Hadkaichond,20,20,51,38,False,road_maharashtra,road_dindori(st)
Bharti Pravin Pawar,NA - Construction of community centers and community halls,Normal/Others,Maharashtra,DINDORI(ST),DISTRICT COLLECTOR NASHIK_IDA,,,Kalwan,Sptashrungi Gad,2024-03-03,1488000.0,Action Pending,Unsanctioned,Lok Sabha,False,247,f8c2de11219a19f0efc114b17cb131ca,1,na construction of community centers and community halls,58,8,7,building,False,True,False,False,False,False,False,False,14.212944166417959,0.967654986522911,51,994000.0,981347.2352941176,506614.1991908868,1.4969818913480886,1.000076124030983,492,430000.0,471904.2174796748,412350.68459874584,3.4604651162790696,2.464154469657489,20,995000.0,1015350.0,254527.27596571317,1.4954773869346734,1.8569719029392735,20,995000.0,1015350.0,254527.27596571317,1.4954773869346734,1.8569719029392735,38,994000.0,930597.6052631579,344745.7832391345,1.4969818913480886,1.6168505079297735,197,500000.0,630154.3248730964,588758.041654943,2.976,1.4570428162910196,2024,3,1,6,3,20,20,2,2,False,False,True,True,0.6666666666666666,Maharashtra|DINDORI(ST)|||Kalwan|Sptashrungi Gad,20,20,51,38,False,building_maharashtra,building_dindori(st)
Bharti Pravin Pawar,NA - Street lights,Normal/Others,Maharashtra,DINDORI(ST),DISTRICT COLLECTOR NASHIK_IDA,,,Malegaon,Sherul,2024-03-03,500000.0,Action Pending,Unsanctioned,Lok Sabha,False,248,38fed997000c7a538bbb706efdd12da0,1,na street lights,18,3,3,electrical,False,False,False,True,False,False,False,False,13.122365377402328,0.7277628032345014,51,994000.0,981347.2352941176,506614.1991908868,0.5030181086519114,-0.9501258276275654,492,430000.0,471904.2174796748,412350.68459874584,1.1627906976744187,0.06813565144839016,20,995000.0,1015350.0,254527.27596571317,0.5025125628140703,-2.024733883803564,20,995000.0,1015350.0,254527.27596571317,0.5025125628140703,-2.024733883803564,38,994000.0,930597.6052631579,344745.7832391345,0.5030181086519114,-1.2490293607579006,145,430000.0,386886.22068965517,275909.89582542237,1.1627906976744187,0.40996637315943096,2024,3,1,6,3,20,20,1,1,False,False,True,True,0.6666666666666666,Maharashtra|DINDORI(ST)|||Malegaon|Sherul,20,20,51,38,False,electrical_maharashtra,electrical_dindori(st)
Kuruva Gorantla Madhav,NA - Crematoriums or structures on burial/ cremation ground for public convenience,Normal/Others,Andhra Pradesh,HINDUPUR,DISTRICT COLLECTOR SRI SATHYA SAI_IDA,,,Tadimarri,Kunukuntla,2024-03-03,500000.0,Action Pending,Unsanctioned,Lok Sabha,False,249,5f67e1fc70632092075dd6b9821b8a3f,1,na crematoriums or structures on burial cremation ground for public convenience,82,11,11,building,False,True,False,False,False,False,False,False,13.122365377402328,0.7277628032345014,5,500000.0,444000.0,125219.80673998823,1.0,0.4472135954999579,492,430000.0,471904.2174796748,412350.68459874584,1.1627906976744187,0.06813565144839016,3,,,,,,3,,,,,,3,,,,,,197,500000.0,630154.3248730964,588758.041654943,1.0,-0.2210658974733406,2024,3,1,6,3,3,3,1,1,False,False,True,True,0.6666666666666666,Andhra Pradesh|HINDUPUR|||Tadimarri|Kunukuntla,3,3,5,3,False,building_andhra pradesh,building_hindupur
Shivkumar Chanabasappa Udasi,"NA - Construction of roads, link roads, pathways or any other road with or without drainage system",Normal/Others,Karnataka,HAVERI,DEPUTY COMMISSIONER HAVERI_IDA,Hirekerur,Hirekerur (TP) - Ward No.8,,,2024-03-03,500000.0,Action Pending,Unsanctioned,Lok Sabha,False,250,bd2c3f295df2e257b63b128a8885c343,1,na construction of roads link roads pathways or any other road with or without drainage system,98,16,14,road,True,False,False,False,False,False,True,False,13.122365377402328,0.7277628032345014,54,500000.0,471296.2962962963,84452.65048950804,1.0,0.33987925230682614,492,430000.0,471904.2174796748,412350.68459874584,1.1627906976744187,0.06813565144839016,31,500000.0,450000.0,107238.05294763608,1.0,0.4662524041201569,31,500000.0,450000.0,107238.05294763608,1.0,0.4662524041201569,31,500000.0,450000.0,107238.05294763608,1.0,0.4662524041201569,147,500000.0,549006.8027210884,314411.18040611234,1.0,-0.15586851160250814,2024,3,1,6,3,31,31,21,21,True,True,False,False,0.6666666666666666,Karnataka|HAVERI|Hirekerur|Hirekerur (TP) - Ward No.8||,31,31,54,31,False,road_karnataka,road_haveri
Shivkumar Chanabasappa Udasi,"NA - Construction of roads, link roads, pathways or any other road with or without drainage system",Normal/Others,Karnataka,HAVERI,DEPUTY COMMISSIONER HAVERI_IDA,Haveri,Haveri (Cmc) - Ward No.1,,,2024-03-03,500000.0,Action Pending,Unsanctioned,Lok Sabha,False,251,a941b781517c75a2f3dcf09dc3c7a5c9,2,na construction of roads link roads pathways or any other road with or without drainage system,98,16,14,road,True,False,False,False,False,False,True,False,13.122365377402328,0.7277628032345014,54,500000.0,471296.2962962963,84452.65048950804,1.0,0.33987925230682614,492,430000.0,471904.2174796748,412350.68459874584,1.1627906976744187,0.06813565144839016,31,500000.0,450000.0,107238.05294763608,1.0,0.4662524041201569,31,500000.0,450000.0,107238.05294763608,1.0,0.4662524041201569,31,500000.0,450000.0,107238.05294763608,1.0,0.4662524041201569,147,500000.0,549006.8027210884,314411.18040611234,1.0,-0.15586851160250814,2024,3,1,6,3,31,31,20,20,True,True,False,False,0.6666666666666666,Karnataka|HAVERI|Haveri|Haveri (Cmc) - Ward No.1||,31,31,54,31,True,road_karnataka,road_haveri
Shivkumar Chanabasappa Udasi,NA - Lighting of public spaces,Normal/Others,Karnataka,HAVERI,DEPUTY COMMISSIONER HAVERI_IDA,Ranibennur,Ranibennur (Cmc) - Ward No.22,,,2024-03-03,500000.0,Action Pending,Unsanctioned,Lok Sabha,False,252,aac0170f6924a0327eb3fb79d24d089c,1,na lighting of public spaces,30,5,5,electrical,False,False,False,True,False,False,False,False,13.122365377402328,0.7277628032345014,54,500000.0,471296.2962962963,84452.65048950804,1.0,0.33987925230682614,492,430000.0,471904.2174796748,412350.68459874584,1.1627906976744187,0.06813565144839016,31,500000.0,450000.0,107238.05294763608,1.0,0.4662524041201569,31,500000.0,450000.0,107238.05294763608,1.0,0.4662524041201569,31,500000.0,450000.0,107238.05294763608,1.0,0.4662524041201569,145,430000.0,386886.22068965517,275909.89582542237,1.1627906976744187,0.40996637315943096,2024,3,1,6,3,31,31,23,23,True,True,False,False,0.6666666666666666,Karnataka|HAVERI|Ranibennur|Ranibennur (Cmc) - Ward No.22||,31,31,54,31,False,electrical_karnataka,electrical_haveri
Shivkumar Chanabasappa Udasi,NA - Construction of additional rooms and halls in the existing public and community building,Normal/Others,Karnataka,HAVERI,DEPUTY COMMISSIONER HAVERI_IDA,Haveri,Haveri (Cmc) - Ward No.7,,,2024-03-03,500000.0,Action Pending,Unsanctioned,Lok Sabha,False,253,bcd3106c23a41adc3bd5cbafabd8a448,1,na construction of additional rooms and halls in the existing public and community building,93,14,13,building,False,True,False,False,False,False,False,False,13.122365377402328,0.7277628032345014,54,500000.0,471296.2962962963,84452.65048950804,1.0,0.33987925230682614,492,430000.0,471904.2174796748,412350.68459874584,1.1627906976744187,0.06813565144839016,31,500000.0,450000.0,107238.05294763608,1.0,0.4662524041201569,31,500000.0,450000.0,107238.05294763608,1.0,0.4662524041201569,31,500000.0,450000.0,107238.05294763608,1.0,0.4662524041201569,197,500000.0,630154.3248730964,588758.041654943,1.0,-0.2210658974733406,2024,3,1,6,3,31,31,19,19,True,True,False,False,0.6666666666666666,Karnataka|HAVERI|Haveri|Haveri (Cmc) - Ward No.7||,31,31,54,31,False,building_karnataka,building_haveri
Shivkumar Chanabasappa Udasi,NA - Lighting of public spaces,Normal/Others,Karnataka,HAVERI,DEPUTY COMMISSIONER HAVERI_IDA,,,Ranibennur,Nagenahalli,2024-03-03,500000.0,Action Pending,Unsanctioned,Lok Sabha,False,254,f94f848431809f02975e05d706ac536d,1,na lighting of public spaces,30,5,5,electrical,False,False,False,True,False,False,False,False,13.122365377402328,0.7277628032345014,54,500000.0,471296.2962962963,84452.65048950804,1.0,0.33987925230682614,492,430000.0,471904.2174796748,412350.68459874584,1.1627906976744187,0.06813565144839016,31,500000.0,450000.0,107238.05294763608,1.0,0.4662524041201569,31,500000.0,450000.0,107238.05294763608,1.0,0.4662524041201569,31,500000.0,450000.0,107238.05294763608,1.0,0.4662524041201569,145,430000.0,386886.22068965517,275909.89582542237,1.1627906976744187,0.40996637315943096,2024,3,1,6,3,31,31,18,18,False,False,True,True,0.6666666666666666,Karnataka|HAVERI|||Ranibennur|Nagenahalli,31,31,54,31,False,electrical_karnataka,electrical_haveri
Shivkumar Chanabasappa Udasi,NA - Lighting of public spaces,Normal/Others,Karnataka,HAVERI,DEPUTY COMMISSIONER HAVERI_IDA,,,Ranibennur,Danoagihalli (Dandigihalli),2024-03-03,500000.0,Action Pending,Unsanctioned,Lok Sabha,False,255,e99bd6a5fb8b98467bbfadd6a7094b4f,1,na lighting of public spaces,30,5,5,electrical,False,False,False,True,False,False,False,False,13.122365377402328,0.7277628032345014,54,500000.0,471296.2962962963,84452.65048950804,1.0,0.33987925230682614,492,430000.0,471904.2174796748,412350.68459874584,1.1627906976744187,0.06813565144839016,31,500000.0,450000.0,107238.05294763608,1.0,0.4662524041201569,31,500000.0,450000.0,107238.05294763608,1.0,0.4662524041201569,31,500000.0,450000.0,107238.05294763608,1.0,0.4662524041201569,145,430000.0,386886.22068965517,275909.89582542237,1.1627906976744187,0.40996637315943096,2024,3,1,6,3,31,31,17,17,False,False,True,True,0.6666666666666666,Karnataka|HAVERI|||Ranibennur|Danoagihalli (Dandigihalli),31,31,54,31,False,electrical_karnataka,electrical_haveri
Shivkumar Chanabasappa Udasi,NA - Installing community drinking water plants,Normal/Others,Karnataka,HAVERI,DEPUTY COMMISSIONER HAVERI_IDA,,,Savanur,Kalasur,2024-03-03,200000.0,Action Pending,Unsanctioned,Lok Sabha,False,256,d8c20d16a5fee156be7ad15d81f04d82,1,na installing community drinking water plants,47,6,6,water,False,False,True,False,False,False,False,False,12.206077645517674,0.396900269541779,54,500000.0,471296.2962962963,84452.65048950804,0.4,-3.2124071266419367,492,430000.0,471904.2174796748,412350.68459874584,0.46511627906976744,-0.6594004269551824,31,500000.0,450000.0,107238.05294763608,0.4,-2.3312620206007844,31,500000.0,450000.0,107238.05294763608,0.4,-2.3312620206007844,31,500000.0,450000.0,107238.05294763608,0.4,-2.3312620206007844,188,63275.0,95541.96808510639,125413.82079489212,3.1608060055314104,0.8329068618819083,2024,3,1,6,3,31,31,16,16,False,False,True,True,0.6666666666666666,Karnataka|HAVERI|||Savanur|Kalasur,31,31,54,31,False,water_karnataka,water_haveri
Shivkumar Chanabasappa Udasi,NA - Construction of additional rooms and halls in the existing public and community building,Normal/Others,Karnataka,HAVERI,DEPUTY COMMISSIONER HAVERI_IDA,,,Savanur,Huvinshigli,2024-03-03,500000.0,Action Pending,Unsanctioned,Lok Sabha,False,257,4e1abe6a568041678de6b8e385c106df,1,na construction of additional rooms and halls in the existing public and community building,93,14,13,building,False,True,False,False,False,False,False,False,13.122365377402328,0.7277628032345014,54,500000.0,471296.2962962963,84452.65048950804,1.0,0.33987925230682614,492,430000.0,471904.2174796748,412350.68459874584,1.1627906976744187,0.06813565144839016,31,500000.0,450000.0,107238.05294763608,1.0,0.4662524041201569,31,500000.0,450000.0,107238.05294763608,1.0,0.4662524041201569,31,500000.0,450000.0,107238.05294763608,1.0,0.4662524041201569,197,500000.0,630154.3248730964,588758.041654943,1.0,-0.2210658974733406,2024,3,1,6,3,31,31,15,15,False,False,True,True,0.6666666666666666,Karnataka|HAVERI|||Savanur|Huvinshigli,31,31,54,31,False,building_karnataka,building_haveri
Shivkumar Chanabasappa Udasi,NA - Construction of additional rooms and halls in the existing public and community building,Normal/Others,Karnataka,HAVERI,DEPUTY COMMISSIONER HAVERI_IDA,,,Hangal,Kalkeri,2024-03-03,500000.0,Action Pending,Unsanctioned,Lok Sabha,False,258,472d53cd47dad4f2925be15a0d89cce1,1,na construction of additional rooms and halls in the existing public and community building,93,14,13,building,False,True,False,False,False,False,False,False,13.122365377402328,0.7277628032345014,54,500000.0,471296.2962962963,84452.65048950804,1.0,0.33987925230682614,492,430000.0,471904.2174796748,412350.68459874584,1.1627906976744187,0.06813565144839016,31,500000.0,450000.0,107238.05294763608,1.0,0.4662524041201569,31,500000.0,450000.0,107238.05294763608,1.0,0.4662524041201569,31,500000.0,450000.0,107238.05294763608,1.0,0.4662524041201569,197,500000.0,630154.3248730964,588758.041654943,1.0,-0.2210658974733406,2024,3,1,6,3,31,31,14,14,False,False,True,True,0.6666666666666666,Karnataka|HAVERI|||Hangal|Kalkeri,31,31,54,31,False,building_karnataka,building_haveri
Shivkumar Chanabasappa Udasi,"NA - Purchase of smart boards, visual display units and projectors",Normal/Others,Karnataka,HAVERI,DEPUTY COMMISSIONER HAVERI_IDA,,,Byadgi,Motebennur,2024-03-03,500000.0,Action Pending,Unsanctioned,Lok Sabha,False,259,22fe70c040f8cb3591aef3bb6692185f,1,na purchase of smart boards visual display units and projectors,66,10,10,school,False,False,False,False,True,False,False,False,13.122365377402328,0.7277628032345014,54,500000.0,471296.2962962963,84452.65048950804,1.0,0.33987925230682614,492,430000.0,471904.2174796748,412350.68459874584,1.1627906976744187,0.06813565144839016,31,500000.0,450000.0,107238.05294763608,1.0,0.4662524041201569,31,500000.0,450000.0,107238.05294763608,1.0,0.4662524041201569,31,500000.0,450000.0,107238.05294763608,1.0,0.4662524041201569,4,,,,,,2024,3,1,6,3,31,31,13,13,False,False,True,True,0.6666666666666666,Karnataka|HAVERI|||Byadgi|Motebennur,31,31,54,31,False,school_karnataka,school_haveri
Dr Sikander Kumar,NA - Lighting of public spaces,Normal/Others,Himachal Pradesh,Sitting Rajya Sabha,DEPUTY COMMISSIONER HAMIRPUR_IDA,,,Kangoo,Malag (26/20),2024-03-03,32600.0,Action Pending,Unsanctioned,Rajya Sabha,False,260,4d3ea971a657af51fe5ca8b8b4e94048,1,na lighting of public spaces,30,5,5,electrical,False,False,False,True,False,False,False,False,10.392098241730961,0.006738544474393531,14,125000.0,130425.0,84048.34860867972,0.2608,-1.1639134095955046,250,63275.0,283357.784,490170.3503311154,0.5152113789016199,-0.5115727294207215,3,,,,,,238,63275.0,240501.87394957984,440718.5852830861,0.5152113789016199,-0.47173384761171017,4,,,,,,145,430000.0,386886.22068965517,275909.89582542237,0.0758139534883721,-1.2840649286237424,2024,3,1,6,3,3,118,2,229,False,False,True,True,0.6666666666666666,Himachal Pradesh|Sitting Rajya Sabha|||Kangoo|Malag (26/20),3,238,14,4,False,electrical_himachal pradesh,electrical_sitting rajya sabha
Gaddam Ranjith Reddy,NA - Providing drains and gutters for public drainage,Normal/Others,Telangana,CHELVELLA,DISTRICT COLLECTOR RANGAREDDY_IDA,,,Chevella,Chevella,2024-03-03,500000.0,Action Pending,Unsanctioned,Lok Sabha,False,261,611ffa024b41ebf2e40b09f5d98180e8,2,na providing drains and gutters for public drainage,53,8,8,drainage,False,False,False,False,False,False,True,False,13.122365377402328,0.7277628032345014,26,500000.0,539230.7692307692,384550.88689975033,1.0,-0.10201710766303974,492,430000.0,471904.2174796748,412350.68459874584,1.1627906976744187,0.06813565144839016,20,500000.0,451000.0,298150.43889038014,1.0,0.16434656337371903,20,500000.0,451000.0,298150.43889038014,1.0,0.16434656337371903,9,500000.0,700000.0,244948.97427831782,1.0,-0.816496580927726,6,400000.0,800000.0,1084435.3369380767,1.25,-0.2766416675862441,2024,3,1,6,3,20,20,19,19,False,False,True,True,0.6666666666666666,Telangana|CHELVELLA|||Chevella|Chevella,20,20,26,9,True,drainage_telangana,drainage_chelvella
Gaddam Ranjith Reddy,NA - Providing drains and gutters for public drainage,Normal/Others,Telangana,CHELVELLA,DISTRICT COLLECTOR RANGAREDDY_IDA,,,Chevella,Chevella,2024-03-03,500000.0,Action Pending,Unsanctioned,Lok Sabha,False,262,611ffa024b41ebf2e40b09f5d98180e8,2,na providing drains and gutters for public drainage,53,8,8,drainage,False,False,False,False,False,False,True,False,13.122365377402328,0.7277628032345014,26,500000.0,539230.7692307692,384550.88689975033,1.0,-0.10201710766303974,492,430000.0,471904.2174796748,412350.68459874584,1.1627906976744187,0.06813565144839016,20,500000.0,451000.0,298150.43889038014,1.0,0.16434656337371903,20,500000.0,451000.0,298150.43889038014,1.0,0.16434656337371903,9,500000.0,700000.0,244948.97427831782,1.0,-0.816496580927726,6,400000.0,800000.0,1084435.3369380767,1.25,-0.2766416675862441,2024,3,1,6,3,20,20,18,18,False,False,True,True,0.6666666666666666,Telangana|CHELVELLA|||Chevella|Chevella,20,20,26,9,True,drainage_telangana,drainage_chelvella
Gaddam Ranjith Reddy,"NA - Construction of roads, link roads, pathways or any other road with or without drainage system",Normal/Others,Telangana,CHELVELLA,DISTRICT COLLECTOR RANGAREDDY_IDA,,,Shankarpalle,Mahalingapuram,2024-03-03,500000.0,Action Pending,Unsanctioned,Lok Sabha,False,263,864020eac0be5b2b26dcc092168fc797,2,na construction of roads link roads pathways or any other road with or without drainage system,98,16,14,road,True,False,False,False,False,False,True,False,13.122365377402328,0.7277628032345014,26,500000.0,539230.7692307692,384550.88689975033,1.0,-0.10201710766303974,492,430000.0,471904.2174796748,412350.68459874584,1.1627906976744187,0.06813565144839016,20,500000.0,451000.0,298150.43889038014,1.0,0.16434656337371903,20,500000.0,451000.0,298150.43889038014,1.0,0.16434656337371903,9,500000.0,700000.0,244948.97427831782,1.0,-0.816496580927726,147,500000.0,549006.8027210884,314411.18040611234,1.0,-0.15586851160250814,2024,3,1,6,3,20,20,17,17,False,False,True,True,0.6666666666666666,Telangana|CHELVELLA|||Shankarpalle|Mahalingapuram,20,20,26,9,True,road_telangana,road_chelvella
Gaddam Ranjith Reddy,"NA - Construction of roads, link roads, pathways or any other road with or without drainage system",Normal/Others,Telangana,CHELVELLA,DISTRICT COLLECTOR RANGAREDDY_IDA,,,Shankarpalle,Mahalingapuram,2024-03-03,500000.0,Action Pending,Unsanctioned,Lok Sabha,False,264,864020eac0be5b2b26dcc092168fc797,2,na construction of roads link roads pathways or any other road with or without drainage system,98,16,14,road,True,False,False,False,False,False,True,False,13.122365377402328,0.7277628032345014,26,500000.0,539230.7692307692,384550.88689975033,1.0,-0.10201710766303974,492,430000.0,471904.2174796748,412350.68459874584,1.1627906976744187,0.06813565144839016,20,500000.0,451000.0,298150.43889038014,1.0,0.16434656337371903,20,500000.0,451000.0,298150.43889038014,1.0,0.16434656337371903,9,500000.0,700000.0,244948.97427831782,1.0,-0.816496580927726,147,500000.0,549006.8027210884,314411.18040611234,1.0,-0.15586851160250814,2024,3,1,6,3,20,20,16,16,False,False,True,True,0.6666666666666666,Telangana|CHELVELLA|||Shankarpalle|Mahalingapuram,20,20,26,9,True,road_telangana,road_chelvella
Gaddam Ranjith Reddy,"NA - Construction of roads, link roads, pathways or any other road with or without drainage system",Normal/Others,Telangana,CHELVELLA,DISTRICT COLLECTOR RANGAREDDY_IDA,,,Shamshabad,Shankarapur,2024-03-03,1000000.0,Action Pending,Unsanctioned,Lok Sabha,False,265,12e03519c9af88ad316fb3f95c0c1fa9,1,na construction of roads link roads pathways or any other road with or without drainage system,98,16,14,road,True,False,False,False,False,False,True,False,13.815511557963774,0.9420485175202157,26,500000.0,539230.7692307692,384550.88689975033,2.0,1.1982009311796231,492,430000.0,471904.2174796748,412350.68459874584,2.3255813953488373,1.280695782121011,20,500000.0,451000.0,298150.43889038014,2.0,1.8413523120851376,20,500000.0,451000.0,298150.43889038014,2.0,1.8413523120851376,9,500000.0,700000.0,244948.97427831782,2.0,1.224744871391589,147,500000.0,549006.8027210884,314411.18040611234,2.0,1.4344057253192515,2024,3,1,6,3,20,20,15,15,False,False,True,True,0.6666666666666666,Telangana|CHELVELLA|||Shamshabad|Shankarapur,20,20,26,9,False,road_telangana,road_chelvella
Gaddam Ranjith Reddy,"NA - Construction of roads, link roads, pathways or any other road with or without drainage system",Normal/Others,Telangana,CHELVELLA,DISTRICT COLLECTOR RANGAREDDY_IDA,,,Shamshabad,Cherlaguda,2024-03-03,1000000.0,Action Pending,Unsanctioned,Lok Sabha,False,266,979a7bc8c7081027afd90b7e0c44d9df,1,na construction of roads link roads pathways or any other road with or without drainage system,98,16,14,road,True,False,False,False,False,False,True,False,13.815511557963774,0.9420485175202157,26,500000.0,539230.7692307692,384550.88689975033,2.0,1.1982009311796231,492,430000.0,471904.2174796748,412350.68459874584,2.3255813953488373,1.280695782121011,20,500000.0,451000.0,298150.43889038014,2.0,1.8413523120851376,20,500000.0,451000.0,298150.43889038014,2.0,1.8413523120851376,9,500000.0,700000.0,244948.97427831782,2.0,1.224744871391589,147,500000.0,549006.8027210884,314411.18040611234,2.0,1.4344057253192515,2024,3,1,6,3,20,20,14,14,False,False,True,True,0.6666666666666666,Telangana|CHELVELLA|||Shamshabad|Cherlaguda,20,20,26,9,False,road_telangana,road_chelvella
Kuruva Gorantla Madhav,"NA - Construction of roads, link roads, pathways or any other road with or without drainage system",Normal/Others,Andhra Pradesh,HINDUPUR,DISTRICT COLLECTOR SRI SATHYA SAI_IDA,,,Ramagiri,Nasanakota,2024-03-03,500000.0,Action Pending,Unsanctioned,Lok Sabha,False,267,2e4352c3ec411282155950be853d5fb7,2,na construction of roads link roads pathways or any other road with or without drainage system,98,16,14,road,True,False,False,False,False,False,True,False,13.122365377402328,0.7277628032345014,5,500000.0,444000.0,125219.80673998823,1.0,0.4472135954999579,492,430000.0,471904.2174796748,412350.68459874584,1.1627906976744187,0.06813565144839016,3,,,,,,3,,,,,,3,,,,,,147,500000.0,549006.8027210884,314411.18040611234,1.0,-0.15586851160250814,2024,3,1,6,3,3,3,2,2,False,False,True,True,0.6666666666666666,Andhra Pradesh|HINDUPUR|||Ramagiri|Nasanakota,3,3,5,3,True,road_andhra pradesh,road_hindupur
Kuruva Gorantla Madhav,"NA - Construction of roads, link roads, pathways or any other road with or without drainage system",Normal/Others,Andhra Pradesh,HINDUPUR,DISTRICT COLLECTOR SRI SATHYA SAI_IDA,,,Ramagiri,Nasanakota,2024-03-03,500000.0,Action Pending,Unsanctioned,Lok Sabha,False,268,2e4352c3ec411282155950be853d5fb7,2,na construction of roads link roads pathways or any other road with or without drainage system,98,16,14,road,True,False,False,False,False,False,True,False,13.122365377402328,0.7277628032345014,5,500000.0,444000.0,125219.80673998823,1.0,0.4472135954999579,492,430000.0,471904.2174796748,412350.68459874584,1.1627906976744187,0.06813565144839016,3,,,,,,3,,,,,,3,,,,,,147,500000.0,549006.8027210884,314411.18040611234,1.0,-0.15586851160250814,2024,3,1,6,3,3,3,3,3,False,False,True,True,0.6666666666666666,Andhra Pradesh|HINDUPUR|||Ramagiri|Nasanakota,3,3,5,3,True,road_andhra pradesh,road_hindupur
Beesetti Venkata Satyavathi,NA - Installing tube-wells and borewells,Normal/Others,Andhra Pradesh,ANAKAPALLE,DISTRICT COLLECTOR ANAKAPALLI_IDA,,,Chodavaram,Gajapathinagaram,2024-03-03,220000.0,Action Pending,Unsanctioned,Lok Sabha,False,269,0ede52a377680671e0ad55dd0731c874,1,na installing tube wells and borewells,40,6,6,water,False,False,True,False,False,False,False,False,12.301387370778713,0.431266846361186,5,500000.0,444000.0,125219.80673998823,0.44,-1.7888543819998317,492,430000.0,471904.2174796748,412350.68459874584,0.5116279069767442,-0.6108980217282777,2,,,,,,2,,,,,,2,,,,,,188,63275.0,95541.96808510639,125413.82079489212,3.4768866060845514,0.9923789190542113,2024,3,1,6,3,2,2,1,1,False,False,True,True,0.6666666666666666,Andhra Pradesh|ANAKAPALLE|||Chodavaram|Gajapathinagaram,2,2,5,2,False,water_andhra pradesh,water_anakapalle
Beesetti Venkata Satyavathi,NA - Construction of buildings for multi-gym,Normal/Others,Andhra Pradesh,ANAKAPALLE,DISTRICT COLLECTOR ANAKAPALLI_IDA,,,Chodavaram,Govada,2024-03-03,500000.0,Action Pending,Unsanctioned,Lok Sabha,False,270,c6ffde354264e173e952ed75d285d440,1,na construction of buildings for multi gym,44,7,7,building,False,True,False,False,False,False,False,False,13.122365377402328,0.7277628032345014,5,500000.0,444000.0,125219.80673998823,1.0,0.4472135954999579,492,430000.0,471904.2174796748,412350.68459874584,1.1627906976744187,0.06813565144839016,2,,,,,,2,,,,,,2,,,,,,197,500000.0,630154.3248730964,588758.041654943,1.0,-0.2210658974733406,2024,3,1,6,3,2,2,2,2,False,False,True,True,0.6666666666666666,Andhra Pradesh|ANAKAPALLE|||Chodavaram|Govada,2,2,5,2,False,building_andhra pradesh,building_anakapalle
Kani K Navas,NA - Installing community drinking water plants,Normal/Others,Tamil Nadu,RAMANATHAPURAM,DISTRICT COLLECTOR RAMANATHAPURAM_IDA,Mudukulathur,Mudukulathur (TP) - Ward No.1,,,2024-03-03,600000.0,Action Pending,Unsanctioned,Lok Sabha,False,271,6ad2bde37393ed74ee8d13c0a32dcda2,2,na installing community drinking water plants,47,6,6,water,False,False,True,False,False,False,False,False,13.304686600863562,0.8160377358490566,71,430000.0,638394.3661971831,521592.1019579857,1.3953488372093024,-0.07360994549774799,492,430000.0,471904.2174796748,412350.68459874584,1.3953488372093024,0.3106476775829144,62,430000.0,570306.4516129033,377774.6569492244,1.3953488372093024,0.07860121858594595,62,430000.0,570306.4516129033,377774.6569492244,1.3953488372093024,0.07860121858594595,42,430000.0,488309.5238095238,210363.27325926712,1.3953488372093024,0.530940950195335,188,63275.0,95541.96808510639,125413.82079489212,9.482418016594231,4.022348005327968,2024,3,1,6,3,59,59,35,35,True,True,False,False,0.6666666666666666,Tamil Nadu|RAMANATHAPURAM|Mudukulathur|Mudukulathur (TP) - Ward No.1||,62,62,71,42,True,water_tamil nadu,water_ramanathapuram
Kani K Navas,"NA - Construction of roads, link roads, pathways or any other road with or without drainage system",Normal/Others,Tamil Nadu,RAMANATHAPURAM,DISTRICT COLLECTOR RAMANATHAPURAM_IDA,Mudukulathur,Mudukulathur (TP) - Ward No.1,,,2024-03-03,250000.0,Action Pending,Unsanctioned,Lok Sabha,False,272,b7c24c7e1a76cd832e03c3f787258137,1,na construction of roads link roads pathways or any other road with or without drainage system,98,16,14,road,True,False,False,False,False,False,True,False,12.429220196836383,0.44339622641509435,71,430000.0,638394.3661971831,521592.1019579857,0.5813953488372093,-0.7446323760256407,492,430000.0,471904.2174796748,412350.68459874584,0.5813953488372093,-0.5381444138879203,62,430000.0,570306.4516129033,377774.6569492244,0.5813953488372093,-0.8478770233016312,62,430000.0,570306.4516129033,377774.6569492244,0.5813953488372093,-0.8478770233016312,42,430000.0,488309.5238095238,210363.27325926712,0.5813953488372093,-1.1328475741856976,147,500000.0,549006.8027210884,314411.18040611234,0.5,-0.9510056300633879,2024,3,1,6,3,59,59,34,34,True,True,False,False,0.6666666666666666,Tamil Nadu|RAMANATHAPURAM|Mudukulathur|Mudukulathur (TP) - Ward No.1||,62,62,71,42,False,road_tamil nadu,road_ramanathapuram
Kani K Navas,NA - Lighting of public spaces,Normal/Others,Tamil Nadu,RAMANATHAPURAM,DISTRICT COLLECTOR RAMANATHAPURAM_IDA,R.S.Mangalam,R.S.Mangalam (TP) - Ward No.1,,,2024-03-03,430000.0,Action Pending,Unsanctioned,Lok Sabha,False,273,652f46e5ab8e66871bafd3e29727278e,1,na lighting of public spaces,30,5,5,electrical,False,False,False,True,False,False,False,False,12.971542813248437,0.5990566037735849,71,430000.0,638394.3661971831,521592.1019579857,1.0,-0.3995351260398673,492,430000.0,471904.2174796748,412350.68459874584,1.0,-0.10162276684577679,62,430000.0,570306.4516129033,377774.6569492244,1.0,-0.3714024989023058,62,430000.0,570306.4516129033,377774.6569492244,1.0,-0.3714024989023058,42,430000.0,488309.5238095238,210363.27325926712,1.0,-0.27718490450402367,145,430000.0,386886.22068965517,275909.89582542237,1.0,0.1562603587717071,2024,3,1,6,3,59,59,33,33,True,True,False,False,0.6666666666666666,Tamil Nadu|RAMANATHAPURAM|R.S.Mangalam|R.S.Mangalam (TP) - Ward No.1||,62,62,71,42,False,electrical_tamil nadu,electrical_ramanathapuram
Kani K Navas,NA - Lighting of public spaces,Normal/Others,Tamil Nadu,RAMANATHAPURAM,DISTRICT COLLECTOR RAMANATHAPURAM_IDA,Sayalgudi,Sayalgudi (TP) - Ward No.1,,,2024-03-03,430000.0,Action Pending,Unsanctioned,Lok Sabha,False,274,d615cf48de2809835e6a70af6da42cb3,1,na lighting of public spaces,30,5,5,electrical,False,False,False,True,False,False,False,False,12.971542813248437,0.5990566037735849,71,430000.0,638394.3661971831,521592.1019579857,1.0,-0.3995351260398673,492,430000.0,471904.2174796748,412350.68459874584,1.0,-0.10162276684577679,62,430000.0,570306.4516129033,377774.6569492244,1.0,-0.3714024989023058,62,430000.0,570306.4516129033,377774.6569492244,1.0,-0.3714024989023058,42,430000.0,488309.5238095238,210363.27325926712,1.0,-0.27718490450402367,145,430000.0,386886.22068965517,275909.89582542237,1.0,0.1562603587717071,2024,3,1,6,3,59,59,32,32,True,True,False,False,0.6666666666666666,Tamil Nadu|RAMANATHAPURAM|Sayalgudi|Sayalgudi (TP) - Ward No.1||,62,62,71,42,False,electrical_tamil nadu,electrical_ramanathapuram
Kani K Navas,NA - Lighting of public spaces,Normal/Others,Tamil Nadu,RAMANATHAPURAM,DISTRICT COLLECTOR RAMANATHAPURAM_IDA,Thondi,Thondi (TP) - Ward No.5,,,2024-03-03,430000.0,Action Pending,Unsanctioned,Lok Sabha,False,275,deef41d46e7e4fbd70960913b143af7f,1,na lighting of public spaces,30,5,5,electrical,False,False,False,True,False,False,False,False,12.971542813248437,0.5990566037735849,71,430000.0,638394.3661971831,521592.1019579857,1.0,-0.3995351260398673,492,430000.0,471904.2174796748,412350.68459874584,1.0,-0.10162276684577679,62,430000.0,570306.4516129033,377774.6569492244,1.0,-0.3714024989023058,62,430000.0,570306.4516129033,377774.6569492244,1.0,-0.3714024989023058,42,430000.0,488309.5238095238,210363.27325926712,1.0,-0.27718490450402367,145,430000.0,386886.22068965517,275909.89582542237,1.0,0.1562603587717071,2024,3,1,6,3,59,59,31,31,True,True,False,False,0.6666666666666666,Tamil Nadu|RAMANATHAPURAM|Thondi|Thondi (TP) - Ward No.5||,62,62,71,42,False,electrical_tamil nadu,electrical_ramanathapuram
Kani K Navas,NA - Lighting of public spaces,Normal/Others,Tamil Nadu,RAMANATHAPURAM,DISTRICT COLLECTOR RAMANATHAPURAM_IDA,Paramakudi,Paramakudi (M) - Ward No.2,,,2024-03-03,430000.0,Action Pending,Unsanctioned,Lok Sabha,False,276,a4314ec12c5d4925c3f0a8289458daf5,1,na lighting of public spaces,30,5,5,electrical,False,False,False,True,False,False,False,False,12.971542813248437,0.5990566037735849,71,430000.0,638394.3661971831,521592.1019579857,1.0,-0.3995351260398673,492,430000.0,471904.2174796748,412350.68459874584,1.0,-0.10162276684577679,62,430000.0,570306.4516129033,377774.6569492244,1.0,-0.3714024989023058,62,430000.0,570306.4516129033,377774.6569492244,1.0,-0.3714024989023058,42,430000.0,488309.5238095238,210363.27325926712,1.0,-0.27718490450402367,145,430000.0,386886.22068965517,275909.89582542237,1.0,0.1562603587717071,2024,3,1,6,3,59,59,30,30,True,True,False,False,0.6666666666666666,Tamil Nadu|RAMANATHAPURAM|Paramakudi|Paramakudi (M) - Ward No.2||,62,62,71,42,False,electrical_tamil nadu,electrical_ramanathapuram
Kani K Navas,NA - Lighting of public spaces,Normal/Others,Tamil Nadu,RAMANATHAPURAM,DISTRICT COLLECTOR RAMANATHAPURAM_IDA,Paramakudi,Paramakudi (M) - Ward No.24,,,2024-03-03,430000.0,Action Pending,Unsanctioned,Lok Sabha,False,277,92945674e9454c6037c0e5dc9e568a1e,1,na lighting of public spaces,30,5,5,electrical,False,False,False,True,False,False,False,False,12.971542813248437,0.5990566037735849,71,430000.0,638394.3661971831,521592.1019579857,1.0,-0.3995351260398673,492,430000.0,471904.2174796748,412350.68459874584,1.0,-0.10162276684577679,62,430000.0,570306.4516129033,377774.6569492244,1.0,-0.3714024989023058,62,430000.0,570306.4516129033,377774.6569492244,1.0,-0.3714024989023058,42,430000.0,488309.5238095238,210363.27325926712,1.0,-0.27718490450402367,145,430000.0,386886.22068965517,275909.89582542237,1.0,0.1562603587717071,2024,3,1,6,3,59,59,29,29,True,True,False,False,0.6666666666666666,Tamil Nadu|RAMANATHAPURAM|Paramakudi|Paramakudi (M) - Ward No.24||,62,62,71,42,False,electrical_tamil nadu,electrical_ramanathapuram
Kani K Navas,NA - Lighting of public spaces,Normal/Others,Tamil Nadu,RAMANATHAPURAM,DISTRICT COLLECTOR RAMANATHAPURAM_IDA,Paramakudi,Paramakudi (M) - Ward No.16,,,2024-03-03,430000.0,Action Pending,Unsanctioned,Lok Sabha,False,278,0ce852ba8a1be97d35eab7d7fee38843,1,na lighting of public spaces,30,5,5,electrical,False,False,False,True,False,False,False,False,12.971542813248437,0.5990566037735849,71,430000.0,638394.3661971831,521592.1019579857,1.0,-0.3995351260398673,492,430000.0,471904.2174796748,412350.68459874584,1.0,-0.10162276684577679,62,430000.0,570306.4516129033,377774.6569492244,1.0,-0.3714024989023058,62,430000.0,570306.4516129033,377774.6569492244,1.0,-0.3714024989023058,42,430000.0,488309.5238095238,210363.27325926712,1.0,-0.27718490450402367,145,430000.0,386886.22068965517,275909.89582542237,1.0,0.1562603587717071,2024,3,1,6,3,59,59,28,28,True,True,False,False,0.6666666666666666,Tamil Nadu|RAMANATHAPURAM|Paramakudi|Paramakudi (M) - Ward No.16||,62,62,71,42,False,electrical_tamil nadu,electrical_ramanathapuram
Kani K Navas,NA - Lighting of public spaces,Normal/Others,Tamil Nadu,RAMANATHAPURAM,DISTRICT COLLECTOR RAMANATHAPURAM_IDA,Ramanathapuram,Ramanathapuram (M) - Ward No.11,,,2024-03-03,430000.0,Action Pending,Unsanctioned,Lok Sabha,False,279,daff83240e61cd0d9950e3eab16e6753,1,na lighting of public spaces,30,5,5,electrical,False,False,False,True,False,False,False,False,12.971542813248437,0.5990566037735849,71,430000.0,638394.3661971831,521592.1019579857,1.0,-0.3995351260398673,492,430000.0,471904.2174796748,412350.68459874584,1.0,-0.10162276684577679,62,430000.0,570306.4516129033,377774.6569492244,1.0,-0.3714024989023058,62,430000.0,570306.4516129033,377774.6569492244,1.0,-0.3714024989023058,42,430000.0,488309.5238095238,210363.27325926712,1.0,-0.27718490450402367,145,430000.0,386886.22068965517,275909.89582542237,1.0,0.1562603587717071,2024,3,1,6,3,59,59,27,27,True,True,False,False,0.6666666666666666,Tamil Nadu|RAMANATHAPURAM|Ramanathapuram|Ramanathapuram (M) - Ward No.11||,62,62,71,42,False,electrical_tamil nadu,electrical_ramanathapuram
Kani K Navas,NA - Lighting of public spaces,Normal/Others,Tamil Nadu,RAMANATHAPURAM,DISTRICT COLLECTOR RAMANATHAPURAM_IDA,Ramanathapuram,Ramanathapuram (M) - Ward No.30,,,2024-03-03,430000.0,Action Pending,Unsanctioned,Lok Sabha,False,280,a62dfe73d31e5fda5cca4d44a2bef0fa,1,na lighting of public spaces,30,5,5,electrical,False,False,False,True,False,False,False,False,12.971542813248437,0.5990566037735849,71,430000.0,638394.3661971831,521592.1019579857,1.0,-0.3995351260398673,492,430000.0,471904.2174796748,412350.68459874584,1.0,-0.10162276684577679,62,430000.0,570306.4516129033,377774.6569492244,1.0,-0.3714024989023058,62,430000.0,570306.4516129033,377774.6569492244,1.0,-0.3714024989023058,42,430000.0,488309.5238095238,210363.27325926712,1.0,-0.27718490450402367,145,430000.0,386886.22068965517,275909.89582542237,1.0,0.1562603587717071,2024,3,1,6,3,59,59,26,26,True,True,False,False,0.6666666666666666,Tamil Nadu|RAMANATHAPURAM|Ramanathapuram|Ramanathapuram (M) - Ward No.30||,62,62,71,42,False,electrical_tamil nadu,electrical_ramanathapuram
Kani K Navas,NA - Lighting of public spaces,Normal/Others,Tamil Nadu,RAMANATHAPURAM,DISTRICT COLLECTOR RAMANATHAPURAM_IDA,Rameswaram,Rameswaram (M) - Ward No.18,,,2024-03-03,430000.0,Action Pending,Unsanctioned,Lok Sabha,False,281,2bd400022842c98e4fbc41f88be54798,1,na lighting of public spaces,30,5,5,electrical,False,False,False,True,False,False,False,False,12.971542813248437,0.5990566037735849,71,430000.0,638394.3661971831,521592.1019579857,1.0,-0.3995351260398673,492,430000.0,471904.2174796748,412350.68459874584,1.0,-0.10162276684577679,62,430000.0,570306.4516129033,377774.6569492244,1.0,-0.3714024989023058,62,430000.0,570306.4516129033,377774.6569492244,1.0,-0.3714024989023058,42,430000.0,488309.5238095238,210363.27325926712,1.0,-0.27718490450402367,145,430000.0,386886.22068965517,275909.89582542237,1.0,0.1562603587717071,2024,3,1,6,3,59,59,25,25,True,True,False,False,0.6666666666666666,Tamil Nadu|RAMANATHAPURAM|Rameswaram|Rameswaram (M) - Ward No.18||,62,62,71,42,False,electrical_tamil nadu,electrical_ramanathapuram
Kani K Navas,NA - Construction of New Building,Normal/Others,Tamil Nadu,RAMANATHAPURAM,DISTRICT COLLECTOR PUDUKKOTTAI_IDA,,,Avudayarkoil,Theeyattur,2024-03-03,700000.0,Action Pending,Unsanctioned,Lok Sabha,False,282,18d40af7bab1d1ca6ec70582d86e1ed1,1,na construction of new building,33,5,5,building,False,True,False,False,False,False,False,False,13.45883704259595,0.8497304582210242,71,430000.0,638394.3661971831,521592.1019579857,1.627906976744186,0.11811074893879277,492,430000.0,471904.2174796748,412350.68459874584,1.627906976744186,0.5531597037174386,62,430000.0,570306.4516129033,377774.6569492244,1.627906976744186,0.34330928769668223,62,430000.0,570306.4516129033,377774.6569492244,1.627906976744186,0.34330928769668223,17,500000.0,608823.5294117647,394539.00873267866,1.4,0.23109621246605871,197,500000.0,630154.3248730964,588758.041654943,1.4,0.118632222721874,2024,3,1,6,3,59,59,24,24,False,False,True,True,0.6666666666666666,Tamil Nadu|RAMANATHAPURAM|||Avudayarkoil|Theeyattur,62,62,71,17,False,building_tamil nadu,building_ramanathapuram
Kani K Navas,NA - Lighting of public spaces,Normal/Others,Tamil Nadu,RAMANATHAPURAM,DISTRICT COLLECTOR PUDUKKOTTAI_IDA,,,Avudayarkoil,Kalabam,2024-03-03,400000.0,Action Pending,Unsanctioned,Lok Sabha,False,283,9add67f3076a839b6923a6c82d742145,1,na lighting of public spaces,30,5,5,electrical,False,False,False,True,False,False,False,False,12.899222326086994,0.5545822102425876,71,430000.0,638394.3661971831,521592.1019579857,0.9302325581395349,-0.45705133437082957,492,430000.0,471904.2174796748,412350.68459874584,0.9302325581395349,-0.17437637468613404,62,430000.0,570306.4516129033,377774.6569492244,0.9302325581395349,-0.45081491963552667,62,430000.0,570306.4516129033,377774.6569492244,0.9302325581395349,-0.45081491963552667,17,500000.0,608823.5294117647,394539.00873267866,0.8,-0.529284873712586,145,430000.0,386886.22068965517,275909.89582542237,0.9302325581395349,0.04752920974839689,2024,3,1,6,3,59,59,23,23,False,False,True,True,0.6666666666666666,Tamil Nadu|RAMANATHAPURAM|||Avudayarkoil|Kalabam,62,62,71,17,False,electrical_tamil nadu,electrical_ramanathapuram
Kani K Navas,NA - Construction of community centers and community halls,Normal/Others,Tamil Nadu,RAMANATHAPURAM,DISTRICT COLLECTOR PUDUKKOTTAI_IDA,,,Avudayarkoil,Kanur,2024-03-03,2000000.0,Action Pending,Unsanctioned,Lok Sabha,False,284,3d18219c05a4f780c6a74880d394c001,1,na construction of community centers and community halls,58,8,7,building,False,True,False,False,False,False,False,False,14.508658238524095,0.988544474393531,71,430000.0,638394.3661971831,521592.1019579857,4.651162790697675,2.6104797766138224,492,430000.0,471904.2174796748,412350.68459874584,4.651162790697675,3.7058160434662533,62,430000.0,570306.4516129033,377774.6569492244,4.651162790697675,3.7845141861362546,62,430000.0,570306.4516129033,377774.6569492244,4.651162790697675,3.7845141861362546,17,500000.0,608823.5294117647,394539.00873267866,4.0,3.5260809192401856,197,500000.0,630154.3248730964,588758.041654943,4.0,2.326670003990769,2024,3,1,6,3,59,59,22,22,False,False,True,True,0.6666666666666666,Tamil Nadu|RAMANATHAPURAM|||Avudayarkoil|Kanur,62,62,71,17,False,building_tamil nadu,building_ramanathapuram
Kani K Navas,NA - Construction of New Building,Normal/Others,Tamil Nadu,RAMANATHAPURAM,DISTRICT COLLECTOR PUDUKKOTTAI_IDA,,,Aranthangi,Amanji,2024-03-03,800000.0,Action Pending,Unsanctioned,Lok Sabha,False,285,51bae225acf563605e35ff9d8997b3d4,1,na construction of new building,33,5,5,building,False,True,False,False,False,False,False,False,13.592368256649284,0.8679245283018868,71,430000.0,638394.3661971831,521592.1019579857,1.8604651162790697,0.3098314433753335,492,430000.0,471904.2174796748,412350.68459874584,1.8604651162790697,0.7956717298519628,62,430000.0,570306.4516129033,377774.6569492244,1.8604651162790697,0.6080173568074185,62,430000.0,570306.4516129033,377774.6569492244,1.8604651162790697,0.6080173568074185,17,500000.0,608823.5294117647,394539.00873267866,1.6,0.48455657452560696,197,500000.0,630154.3248730964,588758.041654943,1.6,0.2884812828194813,2024,3,1,6,3,59,59,36,36,False,False,True,True,0.6666666666666666,Tamil Nadu|RAMANATHAPURAM|||Aranthangi|Amanji,62,62,71,17,False,building_tamil nadu,building_ramanathapuram
Kani K Navas,NA - Lighting of public spaces,Normal/Others,Tamil Nadu,RAMANATHAPURAM,DISTRICT COLLECTOR PUDUKKOTTAI_IDA,,,Aranthangi,Nakkudi,2024-03-03,400000.0,Action Pending,Unsanctioned,Lok Sabha,False,286,5adc80f84e379fa9197d5b5e5de8b183,1,na lighting of public spaces,30,5,5,electrical,False,False,False,True,False,False,False,False,12.899222326086994,0.5545822102425876,71,430000.0,638394.3661971831,521592.1019579857,0.9302325581395349,-0.45705133437082957,492,430000.0,471904.2174796748,412350.68459874584,0.9302325581395349,-0.17437637468613404,62,430000.0,570306.4516129033,377774.6569492244,0.9302325581395349,-0.45081491963552667,62,430000.0,570306.4516129033,377774.6569492244,0.9302325581395349,-0.45081491963552667,17,500000.0,608823.5294117647,394539.00873267866,0.8,-0.529284873712586,145,430000.0,386886.22068965517,275909.89582542237,0.9302325581395349,0.04752920974839689,2024,3,1,6,3,59,59,21,21,False,False,True,True,0.6666666666666666,Tamil Nadu|RAMANATHAPURAM|||Aranthangi|Nakkudi,62,62,71,17,False,electrical_tamil nadu,electrical_ramanathapuram
Kani K Navas,NA - Lighting of public spaces,Normal/Others,Tamil Nadu,RAMANATHAPURAM,DISTRICT COLLECTOR PUDUKKOTTAI_IDA,,,Manamelkudi,Karakathikkottai,2024-03-03,400000.0,Action Pending,Unsanctioned,Lok Sabha,False,287,263d479872db13fb40c34693bcffc7d6,1,na lighting of public spaces,30,5,5,electrical,False,False,False,True,False,False,False,False,12.899222326086994,0.5545822102425876,71,430000.0,638394.3661971831,521592.1019579857,0.9302325581395349,-0.45705133437082957,492,430000.0,471904.2174796748,412350.68459874584,0.9302325581395349,-0.17437637468613404,62,430000.0,570306.4516129033,377774.6569492244,0.9302325581395349,-0.45081491963552667,62,430000.0,570306.4516129033,377774.6569492244,0.9302325581395349,-0.45081491963552667,17,500000.0,608823.5294117647,394539.00873267866,0.8,-0.529284873712586,145,430000.0,386886.22068965517,275909.89582542237,0.9302325581395349,0.04752920974839689,2024,3,1,6,3,59,59,20,20,False,False,True,True,0.6666666666666666,Tamil Nadu|RAMANATHAPURAM|||Manamelkudi|Karakathikkottai,62,62,71,17,False,electrical_tamil nadu,electrical_ramanathapuram
Bharti Pravin Pawar,"NA - Construction of roads, link roads, pathways or any other road with or without drainage system",Normal/Others,Maharashtra,DINDORI(ST),DISTRICT COLLECTOR NASHIK_IDA,,,Kalwan,Narul,2024-03-03,995000.0,Action Pending,Unsanctioned,Lok Sabha,False,288,23fd69dbef4d1a3c57f6a46c12348596,1,na construction of roads link roads pathways or any other road with or without drainage system,98,16,14,road,True,False,False,False,False,False,True,False,13.81049902116535,0.9130727762803235,51,994000.0,981347.2352941176,506614.1991908868,1.0010060362173039,0.02694903681674779,492,430000.0,471904.2174796748,412350.68459874584,2.313953488372093,1.268570180814285,20,995000.0,1015350.0,254527.27596571317,1.0,-0.07995213842127201,20,995000.0,1015350.0,254527.27596571317,1.0,-0.07995213842127201,38,994000.0,930597.6052631579,344745.7832391345,1.0010060362173039,0.18681126171213855,147,500000.0,549006.8027210884,314411.18040611234,1.99,1.418502982950034,2024,3,1,6,3,20,20,7,7,False,False,True,True,0.6666666666666666,Maharashtra|DINDORI(ST)|||Kalwan|Narul,20,20,51,38,False,road_maharashtra,road_dindori(st)
Kani K Navas,NA - Lighting of public spaces,Normal/Others,Tamil Nadu,RAMANATHAPURAM,DISTRICT COLLECTOR PUDUKKOTTAI_IDA,,,Manamelkudi,Vettivayal,2024-03-03,430000.0,Action Pending,Unsanctioned,Lok Sabha,False,289,4701f5b7946d3cc2cc05886e10ac72a1,1,na lighting of public spaces,30,5,5,electrical,False,False,False,True,False,False,False,False,12.971542813248437,0.5990566037735849,71,430000.0,638394.3661971831,521592.1019579857,1.0,-0.3995351260398673,492,430000.0,471904.2174796748,412350.68459874584,1.0,-0.10162276684577679,62,430000.0,570306.4516129033,377774.6569492244,1.0,-0.3714024989023058,62,430000.0,570306.4516129033,377774.6569492244,1.0,-0.3714024989023058,17,500000.0,608823.5294117647,394539.00873267866,0.86,-0.45324676509472156,145,430000.0,386886.22068965517,275909.89582542237,1.0,0.1562603587717071,2024,3,1,6,3,59,59,19,19,False,False,True,True,0.6666666666666666,Tamil Nadu|RAMANATHAPURAM|||Manamelkudi|Vettivayal,62,62,71,17,False,electrical_tamil nadu,electrical_ramanathapuram
Kani K Navas,NA - Lighting of public spaces,Normal/Others,Tamil Nadu,RAMANATHAPURAM,DISTRICT COLLECTOR PUDUKKOTTAI_IDA,,,Manamelkudi,Panavayal,2024-03-03,430000.0,Action Pending,Unsanctioned,Lok Sabha,False,290,7f9f0fcd55119acdb71191cfe746745f,1,na lighting of public spaces,30,5,5,electrical,False,False,False,True,False,False,False,False,12.971542813248437,0.5990566037735849,71,430000.0,638394.3661971831,521592.1019579857,1.0,-0.3995351260398673,492,430000.0,471904.2174796748,412350.68459874584,1.0,-0.10162276684577679,62,430000.0,570306.4516129033,377774.6569492244,1.0,-0.3714024989023058,62,430000.0,570306.4516129033,377774.6569492244,1.0,-0.3714024989023058,17,500000.0,608823.5294117647,394539.00873267866,0.86,-0.45324676509472156,145,430000.0,386886.22068965517,275909.89582542237,1.0,0.1562603587717071,2024,3,1,6,3,59,59,18,18,False,False,True,True,0.6666666666666666,Tamil Nadu|RAMANATHAPURAM|||Manamelkudi|Panavayal,62,62,71,17,False,electrical_tamil nadu,electrical_ramanathapuram
Kani K Navas,"NA - Construction of roads, link roads, pathways or any other road with or without drainage system",Normal/Others,Tamil Nadu,RAMANATHAPURAM,DISTRICT COLLECTOR PUDUKKOTTAI_IDA,,,Manamelkudi,Vichur,2024-03-03,200000.0,Action Pending,Unsanctioned,Lok Sabha,False,291,8014f5072f609eabf190a9914762a40d,1,na construction of roads link roads pathways or any other road with or without drainage system,98,16,14,road,True,False,False,False,False,False,True,False,12.206077645517674,0.396900269541779,71,430000.0,638394.3661971831,521592.1019579857,0.46511627906976744,-0.8404927232439111,492,430000.0,471904.2174796748,412350.68459874584,0.46511627906976744,-0.6594004269551824,62,430000.0,570306.4516129033,377774.6569492244,0.46511627906976744,-0.9802310578569994,62,430000.0,570306.4516129033,377774.6569492244,0.46511627906976744,-0.9802310578569994,17,500000.0,608823.5294117647,394539.00873267866,0.4,-1.0362055978316824,147,500000.0,549006.8027210884,314411.18040611234,0.4,-1.1100330537555638,2024,3,1,6,3,59,59,17,17,False,False,True,True,0.6666666666666666,Tamil Nadu|RAMANATHAPURAM|||Manamelkudi|Vichur,62,62,71,17,False,road_tamil nadu,road_ramanathapuram
Kani K Navas,"NA - Construction of roads, link roads, pathways or any other road with or without drainage system",Normal/Others,Tamil Nadu,RAMANATHAPURAM,DISTRICT COLLECTOR PUDUKKOTTAI_IDA,,,Manamelkudi,Ammapattinam (Ct),2024-03-03,350000.0,Action Pending,Unsanctioned,Lok Sabha,False,292,43efd2e0b014c905f54c20effd24d6cc,1,na construction of roads link roads pathways or any other road with or without drainage system,98,16,14,road,True,False,False,False,False,False,True,False,12.765691290604371,0.5276280323450134,71,430000.0,638394.3661971831,521592.1019579857,0.813953488372093,-0.5529116815891,492,430000.0,471904.2174796748,412350.68459874584,0.813953488372093,-0.2956323877533961,62,430000.0,570306.4516129033,377774.6569492244,0.813953488372093,-0.5831689541908949,62,430000.0,570306.4516129033,377774.6569492244,0.813953488372093,-0.5831689541908949,17,500000.0,608823.5294117647,394539.00873267866,0.7,-0.6560150547423601,147,500000.0,549006.8027210884,314411.18040611234,0.7,-0.632950782679036,2024,3,1,6,3,59,59,16,16,False,False,True,True,0.6666666666666666,Tamil Nadu|RAMANATHAPURAM|||Manamelkudi|Ammapattinam (Ct),62,62,71,17,False,road_tamil nadu,road_ramanathapuram
Kani K Navas,"NA - Construction of roads, link roads, pathways or any other road with or without drainage system",Normal/Others,Tamil Nadu,RAMANATHAPURAM,DISTRICT COLLECTOR PUDUKKOTTAI_IDA,,,Manamelkudi,Ammapattinam (Ct),2024-03-03,640000.0,Action Pending,Unsanctioned,Lok Sabha,False,293,95ff9afbf81fb3b1fad86e06928f9942,1,na construction of roads link roads pathways or any other road with or without drainage system,98,16,14,road,True,False,False,False,False,False,True,False,13.369225017834633,0.8261455525606469,71,430000.0,638394.3661971831,521592.1019579857,1.4883720930232558,0.00307833227686831,492,430000.0,471904.2174796748,412350.68459874584,1.4883720930232558,0.40765248803672405,62,430000.0,570306.4516129033,377774.6569492244,1.4883720930232558,0.18448444623024046,62,430000.0,570306.4516129033,377774.6569492244,1.4883720930232558,0.18448444623024046,17,500000.0,608823.5294117647,394539.00873267866,1.28,0.07901999523032976,147,500000.0,549006.8027210884,314411.18040611234,1.28,0.28940827473558456,2024,3,1,6,3,59,59,15,15,False,False,True,True,0.6666666666666666,Tamil Nadu|RAMANATHAPURAM|||Manamelkudi|Ammapattinam (Ct),62,62,71,17,False,road_tamil nadu,road_ramanathapuram
Kani K Navas,NA - Construction of New Building,Normal/Others,Tamil Nadu,RAMANATHAPURAM,DISTRICT COLLECTOR PUDUKKOTTAI_IDA,,,Manamelkudi,Manamelkudi (Part),2024-03-03,800000.0,Action Pending,Unsanctioned,Lok Sabha,False,294,99ca3d6eee2a8ac5e497e78f617998ff,1,na construction of new building,33,5,5,building,False,True,False,False,False,False,False,False,13.592368256649284,0.8679245283018868,71,430000.0,638394.3661971831,521592.1019579857,1.8604651162790697,0.3098314433753335,492,430000.0,471904.2174796748,412350.68459874584,1.8604651162790697,0.7956717298519628,62,430000.0,570306.4516129033,377774.6569492244,1.8604651162790697,0.6080173568074185,62,430000.0,570306.4516129033,377774.6569492244,1.8604651162790697,0.6080173568074185,17,500000.0,608823.5294117647,394539.00873267866,1.6,0.48455657452560696,197,500000.0,630154.3248730964,588758.041654943,1.6,0.2884812828194813,2024,3,1,6,3,59,59,14,14,False,False,True,True,0.6666666666666666,Tamil Nadu|RAMANATHAPURAM|||Manamelkudi|Manamelkudi (Part),62,62,71,17,False,building_tamil nadu,building_ramanathapuram
Kani K Navas,NA - Construction of bus-sheds or bus-stops,Normal/Others,Tamil Nadu,RAMANATHAPURAM,DISTRICT COLLECTOR PUDUKKOTTAI_IDA,Aranthangi,Aranthangi (M) - Ward No.6,,,2024-03-03,600000.0,Action Pending,Unsanctioned,Lok Sabha,False,295,4c4fad82bf0d7f7bea44d234e4806ac2,1,na construction of bus sheds or bus stops,43,8,7,building,False,True,False,False,False,False,False,False,13.304686600863562,0.8160377358490566,71,430000.0,638394.3661971831,521592.1019579857,1.3953488372093024,-0.07360994549774799,492,430000.0,471904.2174796748,412350.68459874584,1.3953488372093024,0.3106476775829144,62,430000.0,570306.4516129033,377774.6569492244,1.3953488372093024,0.07860121858594595,62,430000.0,570306.4516129033,377774.6569492244,1.3953488372093024,0.07860121858594595,17,500000.0,608823.5294117647,394539.00873267866,1.2,-0.022364149593489535,197,500000.0,630154.3248730964,588758.041654943,1.2,-0.05121683737573329,2024,3,1,6,3,59,59,13,13,True,True,False,False,0.6666666666666666,Tamil Nadu|RAMANATHAPURAM|Aranthangi|Aranthangi (M) - Ward No.6||,62,62,71,17,False,building_tamil nadu,building_ramanathapuram
Kani K Navas,NA - Lighting of public spaces,Normal/Others,Tamil Nadu,RAMANATHAPURAM,DISTRICT COLLECTOR PUDUKKOTTAI_IDA,Aranthangi,Aranthangi (M) - Ward No.1,,,2024-03-03,500000.0,Action Pending,Unsanctioned,Lok Sabha,False,296,399a7c86a777e409392a19b2adb5655a,3,na lighting of public spaces,30,5,5,electrical,False,False,False,True,False,False,False,False,13.122365377402328,0.7277628032345014,71,430000.0,638394.3661971831,521592.1019579857,1.1627906976744187,-0.2653306399342888,492,430000.0,471904.2174796748,412350.68459874584,1.1627906976744187,0.06813565144839016,62,430000.0,570306.4516129033,377774.6569492244,1.1627906976744187,-0.18610685052479037,62,430000.0,570306.4516129033,377774.6569492244,1.1627906976744187,-0.18610685052479037,17,500000.0,608823.5294117647,394539.00873267866,1.0,-0.2758245116530378,145,430000.0,386886.22068965517,275909.89582542237,1.1627906976744187,0.40996637315943096,2024,3,1,6,3,59,59,12,12,True,True,False,False,0.6666666666666666,Tamil Nadu|RAMANATHAPURAM|Aranthangi|Aranthangi (M) - Ward No.1||,62,62,71,17,True,electrical_tamil nadu,electrical_ramanathapuram
Kani K Navas,NA - Lighting of public spaces,Normal/Others,Tamil Nadu,RAMANATHAPURAM,DISTRICT COLLECTOR PUDUKKOTTAI_IDA,Aranthangi,Aranthangi (M) - Ward No.1,,,2024-03-03,500000.0,Action Pending,Unsanctioned,Lok Sabha,False,297,399a7c86a777e409392a19b2adb5655a,3,na lighting of public spaces,30,5,5,electrical,False,False,False,True,False,False,False,False,13.122365377402328,0.7277628032345014,71,430000.0,638394.3661971831,521592.1019579857,1.1627906976744187,-0.2653306399342888,492,430000.0,471904.2174796748,412350.68459874584,1.1627906976744187,0.06813565144839016,62,430000.0,570306.4516129033,377774.6569492244,1.1627906976744187,-0.18610685052479037,62,430000.0,570306.4516129033,377774.6569492244,1.1627906976744187,-0.18610685052479037,17,500000.0,608823.5294117647,394539.00873267866,1.0,-0.2758245116530378,145,430000.0,386886.22068965517,275909.89582542237,1.1627906976744187,0.40996637315943096,2024,3,1,6,3,59,59,11,11,True,True,False,False,0.6666666666666666,Tamil Nadu|RAMANATHAPURAM|Aranthangi|Aranthangi (M) - Ward No.1||,62,62,71,17,True,electrical_tamil nadu,electrical_ramanathapuram
Kani K Navas,NA - Lighting of public spaces,Normal/Others,Tamil Nadu,RAMANATHAPURAM,DISTRICT COLLECTOR PUDUKKOTTAI_IDA,Aranthangi,Aranthangi (M) - Ward No.1,,,2024-03-03,500000.0,Action Pending,Unsanctioned,Lok Sabha,False,298,399a7c86a777e409392a19b2adb5655a,3,na lighting of public spaces,30,5,5,electrical,False,False,False,True,False,False,False,False,13.122365377402328,0.7277628032345014,71,430000.0,638394.3661971831,521592.1019579857,1.1627906976744187,-0.2653306399342888,492,430000.0,471904.2174796748,412350.68459874584,1.1627906976744187,0.06813565144839016,62,430000.0,570306.4516129033,377774.6569492244,1.1627906976744187,-0.18610685052479037,62,430000.0,570306.4516129033,377774.6569492244,1.1627906976744187,-0.18610685052479037,17,500000.0,608823.5294117647,394539.00873267866,1.0,-0.2758245116530378,145,430000.0,386886.22068965517,275909.89582542237,1.1627906976744187,0.40996637315943096,2024,3,1,6,3,59,59,10,10,True,True,False,False,0.6666666666666666,Tamil Nadu|RAMANATHAPURAM|Aranthangi|Aranthangi (M) - Ward No.1||,62,62,71,17,True,electrical_tamil nadu,electrical_ramanathapuram
Kani K Navas,NA - Construction of bus-sheds or bus-stops,Normal/Others,Tamil Nadu,RAMANATHAPURAM,DISTRICT COLLECTOR PUDUKKOTTAI_IDA,,,Aranthangi,Urvani,2024-03-03,700000.0,Action Pending,Unsanctioned,Lok Sabha,False,299,74096faba72f76b3791b3ffa2852e352,1,na construction of bus sheds or bus stops,43,8,7,building,False,True,False,False,False,False,False,False,13.45883704259595,0.8497304582210242,71,430000.0,638394.3661971831,521592.1019579857,1.627906976744186,0.11811074893879277,492,430000.0,471904.2174796748,412350.68459874584,1.627906976744186,0.5531597037174386,62,430000.0,570306.4516129033,377774.6569492244,1.627906976744186,0.34330928769668223,62,430000.0,570306.4516129033,377774.6569492244,1.627906976744186,0.34330928769668223,17,500000.0,608823.5294117647,394539.00873267866,1.4,0.23109621246605871,197,500000.0,630154.3248730964,588758.041654943,1.4,0.118632222721874,2024,3,1,6,3,59,59,9,9,False,False,True,True,0.6666666666666666,Tamil Nadu|RAMANATHAPURAM|||Aranthangi|Urvani,62,62,71,17,False,building_tamil nadu,building_ramanathapuram
Dr Sikander Kumar,NA - Lighting of public spaces,Normal/Others,Himachal Pradesh,Sitting Rajya Sabha,DEPUTY COMMISSIONER HAMIRPUR_IDA,,,Nadaun,Badhera (17/14),2024-03-03,57050.0,Action Pending,Unsanctioned,Rajya Sabha,False,300,7aa1b75a3698b18a783fdc5901716c06,1,na lighting of public spaces,30,5,5,electrical,False,False,False,True,False,False,False,False,10.951700883620386,0.029649595687331536,14,125000.0,130425.0,84048.34860867972,0.4564,-0.8730094191573744,250,63275.0,283357.784,490170.3503311154,0.9016199130778348,-0.4616921114202983,3,,,,,,238,63275.0,240501.87394957984,440718.5852830861,0.9016199130778348,-0.41625626891079137,4,,,,,,145,430000.0,386886.22068965517,275909.89582542237,0.13267441860465115,-1.1954490421697446,2024,3,1,6,3,3,118,3,231,False,False,True,True,0.6666666666666666,Himachal Pradesh|Sitting Rajya Sabha|||Nadaun|Badhera (17/14),3,238,14,4,False,electrical_himachal pradesh,electrical_sitting rajya sabha
Manoj Rajoria,NA - Construction of public libraries and reading rooms,Normal/Others,Rajasthan,KARAULI-DHOLPUR(SC),DISTRICT COLLECTOR KARAULI_IDA,,,Karauli,Karauli,2024-03-02,2000000.0,Action Pending,Unsanctioned,Lok Sabha,False,301,6e3aebfeb4b2ca1db951f695f61ca048,1,na construction of public libraries and reading rooms,55,8,8,building,False,True,False,False,False,False,False,False,14.508658238524095,0.988544474393531,52,600000.0,589519.2307692308,331627.6254715027,3.3333333333333335,4.25320649094107,492,430000.0,471904.2174796748,412350.68459874584,4.651162790697675,3.7058160434662533,11,600000.0,609090.9090909091,538896.1782283216,3.3333333333333335,2.5810335034882823,11,600000.0,609090.9090909091,538896.1782283216,3.3333333333333335,2.5810335034882823,2,,,,,,197,500000.0,630154.3248730964,588758.041654943,4.0,2.326670003990769,2024,3,1,5,2,11,11,2,2,False,False,True,True,0.6666666666666666,Rajasthan|KARAULI-DHOLPUR(SC)|||Karauli|Karauli,11,11,52,2,False,building_rajasthan,building_karauli-dholpur(sc)
Dr Ashok Bajpai,"WS/MP179/2023-2024/119127 - Construction of roads, link roads, pathways or any other road with or without drainage system",Normal/Others,Uttar Pradesh,Sitting Rajya Sabha,DISTRICT MAGISTRAE LUCKNOW_IDA,Lucknow,Lucknow (M Corp.) - Ward No.16,,,2024-03-02,1426000.0,Approved by IDA,Unsanctioned,Rajya Sabha,False,302,0922ae37c64be2818d75ab610ed4baf1,1,ws mp179 2023 2024 119127 construction of roads link roads pathways or any other road with or without drainage system,121,20,18,road,True,False,False,False,False,False,True,False,14.170384581218405,0.9649595687331537,200,63275.0,152708.3,281498.1621176738,22.536546819438957,4.523268253054277,250,63275.0,283357.784,490170.3503311154,22.536546819438957,2.3311124698344825,3,,,,,,238,63275.0,240501.87394957984,440718.5852830861,22.536546819438957,2.6899208829347208,6,876000.0,963333.3333333334,511687.2742864206,1.6278538812785388,0.9041981106758689,147,500000.0,549006.8027210884,314411.18040611234,2.852,2.7893193751765906,2024,3,1,5,2,3,118,1,185,True,True,False,False,0.6666666666666666,Uttar Pradesh|Sitting Rajya Sabha|Lucknow|Lucknow (M Corp.) - Ward No.16||,3,238,200,6,False,road_uttar pradesh,road_sitting rajya sabha
Manoj Rajoria,NA - Installing community drinking water plants,Normal/Others,Rajasthan,KARAULI-DHOLPUR(SC),DISTRICT COLLECTOR KARAULI_IDA,,,Mandrayal,Makanpur,2024-03-02,350000.0,Action Pending,Unsanctioned,Lok Sabha,False,303,643ad636079d2ebb7496d712606ec42d,1,na installing community drinking water plants,47,6,6,water,False,False,True,False,False,False,False,False,12.765691290604371,0.5276280323450134,52,600000.0,589519.2307692308,331627.6254715027,0.5833333333333334,-0.7222535529984458,492,430000.0,471904.2174796748,412350.68459874584,0.813953488372093,-0.2956323877533961,11,600000.0,609090.9090909091,538896.1782283216,0.5833333333333334,-0.4807807506497781,11,600000.0,609090.9090909091,538896.1782283216,0.5833333333333334,-0.4807807506497781,2,,,,,,188,63275.0,95541.96808510639,125413.82079489212,5.531410509679969,2.028947290674181,2024,3,1,5,2,11,11,1,1,False,False,True,True,0.6666666666666666,Rajasthan|KARAULI-DHOLPUR(SC)|||Mandrayal|Makanpur,11,11,52,2,False,water_rajasthan,water_karauli-dholpur(sc)
Bishweswar Tudu,"NA - Construction of roads, link roads, pathways or any other road with or without drainage system",Normal/Others,Odisha,MAYURBHANJ (ST),DISTRICT COLLECTOR MAYURBHANJ_IDA,,,Bangiriposi,Jaganathkhunta,2024-03-02,400000.0,Action Pending,Unsanctioned,Lok Sabha,False,304,5ab6eb1dc1ee21b9f28b16ff47885afd,1,na construction of roads link roads pathways or any other road with or without drainage system,98,16,14,road,True,False,False,False,False,False,True,False,12.899222326086994,0.5545822102425876,141,300000.0,377021.27659574465,471165.34052867413,1.3333333333333333,0.04876997823836516,492,430000.0,471904.2174796748,412350.68459874584,0.9302325581395349,-0.17437637468613404,24,400000.0,352083.3333333333,111783.14280110731,1.0,0.42865735804121646,24,400000.0,352083.3333333333,111783.14280110731,1.0,0.42865735804121646,40,400000.0,403750.0,201082.80600736325,1.0,-0.018649033572083147,147,500000.0,549006.8027210884,314411.18040611234,0.8,-0.47392335898686005,2024,3,1,5,2,24,24,16,16,False,False,True,True,0.6666666666666666,Odisha|MAYURBHANJ (ST)|||Bangiriposi|Jaganathkhunta,24,24,141,40,False,road_odisha,road_mayurbhanj (st)
Bishweswar Tudu,"NA - Construction of roads, link roads, pathways or any other road with or without drainage system",Normal/Others,Odisha,MAYURBHANJ (ST),DISTRICT COLLECTOR MAYURBHANJ_IDA,,,Rairangpur,Mundhathakura,2024-03-02,400000.0,Action Pending,Unsanctioned,Lok Sabha,False,305,d656e1ad2bb6d64535e9eee6f69deda1,1,na construction of roads link roads pathways or any other road with or without drainage system,98,16,14,road,True,False,False,False,False,False,True,False,12.899222326086994,0.5545822102425876,141,300000.0,377021.27659574465,471165.34052867413,1.3333333333333333,0.04876997823836516,492,430000.0,471904.2174796748,412350.68459874584,0.9302325581395349,-0.17437637468613404,24,400000.0,352083.3333333333,111783.14280110731,1.0,0.42865735804121646,24,400000.0,352083.3333333333,111783.14280110731,1.0,0.42865735804121646,40,400000.0,403750.0,201082.80600736325,1.0,-0.018649033572083147,147,500000.0,549006.8027210884,314411.18040611234,0.8,-0.47392335898686005,2024,3,1,5,2,24,24,12,12,False,False,True,True,0.6666666666666666,Odisha|MAYURBHANJ (ST)|||Rairangpur|Mundhathakura,24,24,141,40,False,road_odisha,road_mayurbhanj (st)
Shri Abdul Khaleque,NA - Construction of boundary walls of existing public and community buildings,Normal/Others,Assam,BARPETA,Deputy Commissioner Bongaigaon_IDA,,,Bongaigaon (Pt),Nankargaon,2024-03-02,400000.0,Action Pending,Unsanctioned,Lok Sabha,False,306,d5dbf92ad90530049c26604c8dcb91a0,1,na construction of boundary walls of existing public and community buildings,78,11,10,building,False,True,False,False,False,False,False,False,12.899222326086994,0.5545822102425876,7,400000.0,400000.0,100000.0,1.0,0.0,492,430000.0,471904.2174796748,412350.68459874584,0.9302325581395349,-0.17437637468613404,3,,,,,,3,,,,,,1,,,,,,197,500000.0,630154.3248730964,588758.041654943,0.8,-0.3909149575709479,2024,3,1,5,2,3,3,1,1,False,False,True,True,0.6666666666666666,Assam|BARPETA|||Bongaigaon (Pt)|Nankargaon,3,3,7,1,False,building_assam,building_barpeta
Bishweswar Tudu,"NA - Construction of roads, link roads, pathways or any other road with or without drainage system",Normal/Others,Odisha,MAYURBHANJ (ST),DISTRICT COLLECTOR MAYURBHANJ_IDA,,,Bisoi,Sanmanada,2024-03-02,400000.0,Action Pending,Unsanctioned,Lok Sabha,False,307,1bc88ec663f468d528436701dfced940,1,na construction of roads link roads pathways or any other road with or without drainage system,98,16,14,road,True,False,False,False,False,False,True,False,12.899222326086994,0.5545822102425876,141,300000.0,377021.27659574465,471165.34052867413,1.3333333333333333,0.04876997823836516,492,430000.0,471904.2174796748,412350.68459874584,0.9302325581395349,-0.17437637468613404,24,400000.0,352083.3333333333,111783.14280110731,1.0,0.42865735804121646,24,400000.0,352083.3333333333,111783.14280110731,1.0,0.42865735804121646,40,400000.0,403750.0,201082.80600736325,1.0,-0.018649033572083147,147,500000.0,549006.8027210884,314411.18040611234,0.8,-0.47392335898686005,2024,3,1,5,2,24,24,14,14,False,False,True,True,0.6666666666666666,Odisha|MAYURBHANJ (ST)|||Bisoi|Sanmanada,24,24,141,40,False,road_odisha,road_mayurbhanj (st)
Bishweswar Tudu,NA - Establishing public ground water recharging facilities,Normal/Others,Odisha,MAYURBHANJ (ST),DISTRICT COLLECTOR MAYURBHANJ_IDA,,,Bangiriposi,Bhulanpur,2024-03-02,200000.0,Action Pending,Unsanctioned,Lok Sabha,False,308,e6f8431f3f6195701e49165370da6504,1,na establishing public ground water recharging facilities,59,7,7,water,False,False,True,False,False,False,False,False,12.206077645517674,0.396900269541779,141,300000.0,377021.27659574465,471165.34052867413,0.6666666666666666,-0.3757094619844422,492,430000.0,471904.2174796748,412350.68459874584,0.46511627906976744,-0.6594004269551824,24,400000.0,352083.3333333333,111783.14280110731,0.5,-1.3605211798699473,24,400000.0,352083.3333333333,111783.14280110731,0.5,-1.3605211798699473,40,400000.0,403750.0,201082.80600736325,0.5,-1.0132641574165178,188,63275.0,95541.96808510639,125413.82079489212,3.1608060055314104,0.8329068618819083,2024,3,1,5,2,24,24,13,13,False,False,True,True,0.6666666666666666,Odisha|MAYURBHANJ (ST)|||Bangiriposi|Bhulanpur,24,24,141,40,False,water_odisha,water_mayurbhanj (st)
Gaddam Ranjith Reddy,NA - Lighting of public spaces,Normal/Others,Telangana,CHELVELLA,DISTRICT COLLECTOR VIKARABAD_IDA,,,Yelal,Agnoor,2024-03-02,170000.0,Action Pending,Unsanctioned,Lok Sabha,False,309,5f96fe524cd6b6edb924f50b2b9fc9ae,1,na lighting of public spaces,30,5,5,electrical,False,False,False,True,False,False,False,False,12.04355959836804,0.3564690026954178,26,500000.0,539230.7692307692,384550.88689975033,0.34,-0.9601610132991972,492,430000.0,471904.2174796748,412350.68459874584,0.3953488372093023,-0.7321540347955398,20,500000.0,451000.0,298150.43889038014,0.34,-0.9424772307758172,20,500000.0,451000.0,298150.43889038014,0.34,-0.9424772307758172,11,170000.0,247272.72727272726,139433.92048500315,1.0,-0.5541888731518407,145,430000.0,386886.22068965517,275909.89582542237,0.3953488372093023,-0.7860762660969816,2024,3,1,5,2,20,20,4,4,False,False,True,True,0.6666666666666666,Telangana|CHELVELLA|||Yelal|Agnoor,20,20,26,11,False,electrical_telangana,electrical_chelvella
Gaddam Ranjith Reddy,NA - Lighting of public spaces,Normal/Others,Telangana,CHELVELLA,DISTRICT COLLECTOR VIKARABAD_IDA,,,Yelal,Banapur,2024-03-02,170000.0,Action Pending,Unsanctioned,Lok Sabha,False,310,76d18dd05def80866f3eced6e3ad0865,1,na lighting of public spaces,30,5,5,electrical,False,False,False,True,False,False,False,False,12.04355959836804,0.3564690026954178,26,500000.0,539230.7692307692,384550.88689975033,0.34,-0.9601610132991972,492,430000.0,471904.2174796748,412350.68459874584,0.3953488372093023,-0.7321540347955398,20,500000.0,451000.0,298150.43889038014,0.34,-0.9424772307758172,20,500000.0,451000.0,298150.43889038014,0.34,-0.9424772307758172,11,170000.0,247272.72727272726,139433.92048500315,1.0,-0.5541888731518407,145,430000.0,386886.22068965517,275909.89582542237,0.3953488372093023,-0.7860762660969816,2024,3,1,5,2,20,20,3,3,False,False,True,True,0.6666666666666666,Telangana|CHELVELLA|||Yelal|Banapur,20,20,26,11,False,electrical_telangana,electrical_chelvella
Gaddam Ranjith Reddy,NA - Lighting of public spaces,Normal/Others,Telangana,CHELVELLA,DISTRICT COLLECTOR VIKARABAD_IDA,,,Yelal,Doulapur,2024-03-02,170000.0,Action Pending,Unsanctioned,Lok Sabha,False,311,55fa53ad6eeaa1f1d9665ec4fa05a3b8,1,na lighting of public spaces,30,5,5,electrical,False,False,False,True,False,False,False,False,12.04355959836804,0.3564690026954178,26,500000.0,539230.7692307692,384550.88689975033,0.34,-0.9601610132991972,492,430000.0,471904.2174796748,412350.68459874584,0.3953488372093023,-0.7321540347955398,20,500000.0,451000.0,298150.43889038014,0.34,-0.9424772307758172,20,500000.0,451000.0,298150.43889038014,0.34,-0.9424772307758172,11,170000.0,247272.72727272726,139433.92048500315,1.0,-0.5541888731518407,145,430000.0,386886.22068965517,275909.89582542237,0.3953488372093023,-0.7860762660969816,2024,3,1,5,2,20,20,2,2,False,False,True,True,0.6666666666666666,Telangana|CHELVELLA|||Yelal|Doulapur,20,20,26,11,False,electrical_telangana,electrical_chelvella
Gaddam Ranjith Reddy,NA - Lighting of public spaces,Normal/Others,Telangana,CHELVELLA,DISTRICT COLLECTOR VIKARABAD_IDA,,,Yelal,Rasnam,2024-03-02,170000.0,Action Pending,Unsanctioned,Lok Sabha,False,312,9fc6ad2d5770a41caaa91a8d14ed6226,1,na lighting of public spaces,30,5,5,electrical,False,False,False,True,False,False,False,False,12.04355959836804,0.3564690026954178,26,500000.0,539230.7692307692,384550.88689975033,0.34,-0.9601610132991972,492,430000.0,471904.2174796748,412350.68459874584,0.3953488372093023,-0.7321540347955398,20,500000.0,451000.0,298150.43889038014,0.34,-0.9424772307758172,20,500000.0,451000.0,298150.43889038014,0.34,-0.9424772307758172,11,170000.0,247272.72727272726,139433.92048500315,1.0,-0.5541888731518407,145,430000.0,386886.22068965517,275909.89582542237,0.3953488372093023,-0.7860762660969816,2024,3,1,5,2,20,20,1,1,False,False,True,True,0.6666666666666666,Telangana|CHELVELLA|||Yelal|Rasnam,20,20,26,11,False,electrical_telangana,electrical_chelvella
Gaddam Ranjith Reddy,NA - Lighting of public spaces,Normal/Others,Telangana,CHELVELLA,DISTRICT COLLECTOR VIKARABAD_IDA,,,Yelal,Kokat,2024-03-02,340000.0,Action Pending,Unsanctioned,Lok Sabha,False,313,1d94f8628a1b0643c340c19b2220b042,1,na lighting of public spaces,30,5,5,electrical,False,False,False,True,False,False,False,False,12.73670383776449,0.5215633423180593,26,500000.0,539230.7692307692,384550.88689975033,0.68,-0.5180868800926919,492,430000.0,471904.2174796748,412350.68459874584,0.7906976744186046,-0.31988359036684855,20,500000.0,451000.0,298150.43889038014,0.68,-0.37229527621393493,20,500000.0,451000.0,298150.43889038014,0.68,-0.37229527621393493,11,170000.0,247272.72727272726,139433.92048500315,2.0,0.6650266477822091,145,430000.0,386886.22068965517,275909.89582542237,0.7906976744186046,-0.16993308829822357,2024,3,1,5,2,20,20,5,5,False,False,True,True,0.6666666666666666,Telangana|CHELVELLA|||Yelal|Kokat,20,20,26,11,False,electrical_telangana,electrical_chelvella
Bishweswar Tudu,"NA - Construction of roads, link roads, pathways or any other road with or without drainage system",Normal/Others,Odisha,MAYURBHANJ (ST),DISTRICT COLLECTOR MAYURBHANJ_IDA,,,Raruan,Ekaghari,2024-03-02,400000.0,Action Pending,Unsanctioned,Lok Sabha,False,314,307d1879c941f51e0751d448f953e039,1,na construction of roads link roads pathways or any other road with or without drainage system,98,16,14,road,True,False,False,False,False,False,True,False,12.899222326086994,0.5545822102425876,141,300000.0,377021.27659574465,471165.34052867413,1.3333333333333333,0.04876997823836516,492,430000.0,471904.2174796748,412350.68459874584,0.9302325581395349,-0.17437637468613404,24,400000.0,352083.3333333333,111783.14280110731,1.0,0.42865735804121646,24,400000.0,352083.3333333333,111783.14280110731,1.0,0.42865735804121646,40,400000.0,403750.0,201082.80600736325,1.0,-0.018649033572083147,147,500000.0,549006.8027210884,314411.18040611234,0.8,-0.47392335898686005,2024,3,1,5,2,24,24,11,11,False,False,True,True,0.6666666666666666,Odisha|MAYURBHANJ (ST)|||Raruan|Ekaghari,24,24,141,40,False,road_odisha,road_mayurbhanj (st)
Bishweswar Tudu,"NA - Construction of roads, link roads, pathways or any other road with or without drainage system",Normal/Others,Odisha,MAYURBHANJ (ST),DISTRICT COLLECTOR MAYURBHANJ_IDA,,,Kaptipada,Baniagan,2024-03-02,400000.0,Action Pending,Unsanctioned,Lok Sabha,False,315,b6ebbabcd03f542335604f6f2620d3fc,1,na construction of roads link roads pathways or any other road with or without drainage system,98,16,14,road,True,False,False,False,False,False,True,False,12.899222326086994,0.5545822102425876,141,300000.0,377021.27659574465,471165.34052867413,1.3333333333333333,0.04876997823836516,492,430000.0,471904.2174796748,412350.68459874584,0.9302325581395349,-0.17437637468613404,24,400000.0,352083.3333333333,111783.14280110731,1.0,0.42865735804121646,24,400000.0,352083.3333333333,111783.14280110731,1.0,0.42865735804121646,40,400000.0,403750.0,201082.80600736325,1.0,-0.018649033572083147,147,500000.0,549006.8027210884,314411.18040611234,0.8,-0.47392335898686005,2024,3,1,5,2,24,24,9,9,False,False,True,True,0.6666666666666666,Odisha|MAYURBHANJ (ST)|||Kaptipada|Baniagan,24,24,141,40,False,road_odisha,road_mayurbhanj (st)
Bishweswar Tudu,"NA - Construction of roads, link roads, pathways or any other road with or without drainage system",Normal/Others,Odisha,MAYURBHANJ (ST),DISTRICT COLLECTOR MAYURBHANJ_IDA,,,Suliapada,Bhaliasul,2024-03-02,400000.0,Action Pending,Unsanctioned,Lok Sabha,False,316,22adc5d0dcb21a87f3f04ff63c5f905b,1,na construction of roads link roads pathways or any other road with or without drainage system,98,16,14,road,True,False,False,False,False,False,True,False,12.899222326086994,0.5545822102425876,141,300000.0,377021.27659574465,471165.34052867413,1.3333333333333333,0.04876997823836516,492,430000.0,471904.2174796748,412350.68459874584,0.9302325581395349,-0.17437637468613404,24,400000.0,352083.3333333333,111783.14280110731,1.0,0.42865735804121646,24,400000.0,352083.3333333333,111783.14280110731,1.0,0.42865735804121646,40,400000.0,403750.0,201082.80600736325,1.0,-0.018649033572083147,147,500000.0,549006.8027210884,314411.18040611234,0.8,-0.47392335898686005,2024,3,1,5,2,24,24,1,1,False,False,True,True,0.6666666666666666,Odisha|MAYURBHANJ (ST)|||Suliapada|Bhaliasul,24,24,141,40,False,road_odisha,road_mayurbhanj (st)
Bishweswar Tudu,NA - Construction of rooms and halls in school and colleges,Normal/Others,Odisha,MAYURBHANJ (ST),DISTRICT COLLECTOR MAYURBHANJ_IDA,,,Jharpokharia,Sirsa,2024-03-02,300000.0,Action Pending,Unsanctioned,Lok Sabha,False,317,ebbaa19a9edcc6b23b1b6f8e1c8bb8f8,1,na construction of rooms and halls in school and colleges,59,10,9,building,False,True,False,False,True,False,False,False,12.611541086966115,0.488544474393531,141,300000.0,377021.27659574465,471165.34052867413,1.0,-0.1634697418730385,492,430000.0,471904.2174796748,412350.68459874584,0.6976744186046512,-0.41688840082065826,24,400000.0,352083.3333333333,111783.14280110731,0.75,-0.46593191091436537,24,400000.0,352083.3333333333,111783.14280110731,0.75,-0.46593191091436537,40,400000.0,403750.0,201082.80600736325,0.75,-0.5159565954943004,197,500000.0,630154.3248730964,588758.041654943,0.6,-0.5607640176685552,2024,3,1,5,2,24,24,2,2,False,False,True,True,0.6666666666666666,Odisha|MAYURBHANJ (ST)|||Jharpokharia|Sirsa,24,24,141,40,False,building_odisha,building_mayurbhanj (st)
Bishweswar Tudu,NA - Construction of rooms and halls in school and colleges,Normal/Others,Odisha,MAYURBHANJ (ST),DISTRICT COLLECTOR MAYURBHANJ_IDA,,,Bisoi,Bisoi,2024-03-02,400000.0,Action Pending,Unsanctioned,Lok Sabha,False,318,58f3dd0b7363e28f61ab5121d14e3207,1,na construction of rooms and halls in school and colleges,59,10,9,building,False,True,False,False,True,False,False,False,12.899222326086994,0.5545822102425876,141,300000.0,377021.27659574465,471165.34052867413,1.3333333333333333,0.04876997823836516,492,430000.0,471904.2174796748,412350.68459874584,0.9302325581395349,-0.17437637468613404,24,400000.0,352083.3333333333,111783.14280110731,1.0,0.42865735804121646,24,400000.0,352083.3333333333,111783.14280110731,1.0,0.42865735804121646,40,400000.0,403750.0,201082.80600736325,1.0,-0.018649033572083147,197,500000.0,630154.3248730964,588758.041654943,0.8,-0.3909149575709479,2024,3,1,5,2,24,24,3,3,False,False,True,True,0.6666666666666666,Odisha|MAYURBHANJ (ST)|||Bisoi|Bisoi,24,24,141,40,False,building_odisha,building_mayurbhanj (st)
Bishweswar Tudu,"NA - Construction of roads, link roads, pathways or any other road with or without drainage system",Normal/Others,Odisha,MAYURBHANJ (ST),DISTRICT COLLECTOR MAYURBHANJ_IDA,,,Baripada Sadar,Sindurgoura,2024-03-02,400000.0,Action Pending,Unsanctioned,Lok Sabha,False,319,01079a4dc067efc53cfa05d5f7d6574a,1,na construction of roads link roads pathways or any other road with or without drainage system,98,16,14,road,True,False,False,False,False,False,True,False,12.899222326086994,0.5545822102425876,141,300000.0,377021.27659574465,471165.34052867413,1.3333333333333333,0.04876997823836516,492,430000.0,471904.2174796748,412350.68459874584,0.9302325581395349,-0.17437637468613404,24,400000.0,352083.3333333333,111783.14280110731,1.0,0.42865735804121646,24,400000.0,352083.3333333333,111783.14280110731,1.0,0.42865735804121646,40,400000.0,403750.0,201082.80600736325,1.0,-0.018649033572083147,147,500000.0,549006.8027210884,314411.18040611234,0.8,-0.47392335898686005,2024,3,1,5,2,24,24,4,4,False,False,True,True,0.6666666666666666,Odisha|MAYURBHANJ (ST)|||Baripada Sadar|Sindurgoura,24,24,141,40,False,road_odisha,road_mayurbhanj (st)
Bishweswar Tudu,NA - Construction of buildings for community cultural activities,Normal/Others,Odisha,MAYURBHANJ (ST),DISTRICT COLLECTOR MAYURBHANJ_IDA,,,Rasagobindapur,Tambakhuri,2024-03-02,300000.0,Action Pending,Unsanctioned,Lok Sabha,False,320,2d7904847891af3b2f32ad0e698b1be4,1,na construction of buildings for community cultural activities,64,8,8,building,False,True,False,False,False,False,False,False,12.611541086966115,0.488544474393531,141,300000.0,377021.27659574465,471165.34052867413,1.0,-0.1634697418730385,492,430000.0,471904.2174796748,412350.68459874584,0.6976744186046512,-0.41688840082065826,24,400000.0,352083.3333333333,111783.14280110731,0.75,-0.46593191091436537,24,400000.0,352083.3333333333,111783.14280110731,0.75,-0.46593191091436537,40,400000.0,403750.0,201082.80600736325,0.75,-0.5159565954943004,197,500000.0,630154.3248730964,588758.041654943,0.6,-0.5607640176685552,2024,3,1,5,2,24,24,10,10,False,False,True,True,0.6666666666666666,Odisha|MAYURBHANJ (ST)|||Rasagobindapur|Tambakhuri,24,24,141,40,False,building_odisha,building_mayurbhanj (st)
Bishweswar Tudu,NA - Construction of boundary walls of existing public and community buildings,Normal/Others,Odisha,MAYURBHANJ (ST),DISTRICT COLLECTOR MAYURBHANJ_IDA,,,Rasagobindapur,Sanmundia,2024-03-02,400000.0,Action Pending,Unsanctioned,Lok Sabha,False,321,eb92c78324506e99c3443ca1efbb235b,1,na construction of boundary walls of existing public and community buildings,78,11,10,building,False,True,False,False,False,False,False,False,12.899222326086994,0.5545822102425876,141,300000.0,377021.27659574465,471165.34052867413,1.3333333333333333,0.04876997823836516,492,430000.0,471904.2174796748,412350.68459874584,0.9302325581395349,-0.17437637468613404,24,400000.0,352083.3333333333,111783.14280110731,1.0,0.42865735804121646,24,400000.0,352083.3333333333,111783.14280110731,1.0,0.42865735804121646,40,400000.0,403750.0,201082.80600736325,1.0,-0.018649033572083147,197,500000.0,630154.3248730964,588758.041654943,0.8,-0.3909149575709479,2024,3,1,5,2,24,24,6,6,False,False,True,True,0.6666666666666666,Odisha|MAYURBHANJ (ST)|||Rasagobindapur|Sanmundia,24,24,141,40,False,building_odisha,building_mayurbhanj (st)
Bishweswar Tudu,NA - Installation of fixed weighing scale machine for agriculture and horticulture produce,Normal/Others,Odisha,MAYURBHANJ (ST),DISTRICT COLLECTOR MAYURBHANJ_IDA,,,Raruan,Kanika,2024-03-02,400000.0,Action Pending,Unsanctioned,Lok Sabha,False,322,8dca4f75caeed6f08246d39984f1fcae,1,na installation of fixed weighing scale machine for agriculture and horticulture produce,90,12,12,other,False,False,False,False,False,False,False,False,12.899222326086994,0.5545822102425876,141,300000.0,377021.27659574465,471165.34052867413,1.3333333333333333,0.04876997823836516,492,430000.0,471904.2174796748,412350.68459874584,0.9302325581395349,-0.17437637468613404,24,400000.0,352083.3333333333,111783.14280110731,1.0,0.42865735804121646,24,400000.0,352083.3333333333,111783.14280110731,1.0,0.42865735804121646,40,400000.0,403750.0,201082.80600736325,1.0,-0.018649033572083147,50,100000.0,266712.36,314672.4568884196,4.0,0.42357580742207374,2024,3,1,5,2,24,24,7,7,False,False,True,True,0.6666666666666666,Odisha|MAYURBHANJ (ST)|||Raruan|Kanika,24,24,141,40,False,other_odisha,other_mayurbhanj (st)
Bishweswar Tudu,NA - Construction of boundary walls of existing public and community buildings,Normal/Others,Odisha,MAYURBHANJ (ST),DISTRICT COLLECTOR MAYURBHANJ_IDA,,,Rairangpur Town,Nagbhan (Og),2024-03-02,400000.0,Action Pending,Unsanctioned,Lok Sabha,False,323,13516229a269efdac84e2eca25550acc,1,na construction of boundary walls of existing public and community buildings,78,11,10,building,False,True,False,False,False,False,False,False,12.899222326086994,0.5545822102425876,141,300000.0,377021.27659574465,471165.34052867413,1.3333333333333333,0.04876997823836516,492,430000.0,471904.2174796748,412350.68459874584,0.9302325581395349,-0.17437637468613404,24,400000.0,352083.3333333333,111783.14280110731,1.0,0.42865735804121646,24,400000.0,352083.3333333333,111783.14280110731,1.0,0.42865735804121646,40,400000.0,403750.0,201082.80600736325,1.0,-0.018649033572083147,197,500000.0,630154.3248730964,588758.041654943,0.8,-0.3909149575709479,2024,3,1,5,2,24,24,5,5,False,False,True,True,0.6666666666666666,Odisha|MAYURBHANJ (ST)|||Rairangpur Town|Nagbhan (Og),24,24,141,40,False,building_odisha,building_mayurbhanj (st)
Bishweswar Tudu,NA - Purchase of mobile sanitation equipment,Normal/Others,Odisha,MAYURBHANJ (ST),DISTRICT COLLECTOR MAYURBHANJ_IDA,,,Raruan,Khiching,2024-03-02,200000.0,Action Pending,Unsanctioned,Lok Sabha,False,324,df65e5c7fc16f034d8024927b767b69e,1,na purchase of mobile sanitation equipment,44,6,6,other,False,False,False,False,False,False,False,False,12.206077645517674,0.396900269541779,141,300000.0,377021.27659574465,471165.34052867413,0.6666666666666666,-0.3757094619844422,492,430000.0,471904.2174796748,412350.68459874584,0.46511627906976744,-0.6594004269551824,24,400000.0,352083.3333333333,111783.14280110731,0.5,-1.3605211798699473,24,400000.0,352083.3333333333,111783.14280110731,0.5,-1.3605211798699473,40,400000.0,403750.0,201082.80600736325,0.5,-1.0132641574165178,50,100000.0,266712.36,314672.4568884196,2.0,-0.21200571749962746,2024,3,1,5,2,24,24,8,8,False,False,True,True,0.6666666666666666,Odisha|MAYURBHANJ (ST)|||Raruan|Khiching,24,24,141,40,False,other_odisha,other_mayurbhanj (st)
Bishweswar Tudu,NA - Construction of buildings for community cultural activities,Normal/Others,Odisha,MAYURBHANJ (ST),DISTRICT COLLECTOR MAYURBHANJ_IDA,,,Jharpokharia,Saraskana,2024-03-02,500000.0,Action Pending,Unsanctioned,Lok Sabha,False,325,62ebb40ef255eba13f96ba8521a6116d,1,na construction of buildings for community cultural activities,64,8,8,building,False,True,False,False,False,False,False,False,13.122365377402328,0.7277628032345014,141,300000.0,377021.27659574465,471165.34052867413,1.6666666666666667,0.26100969834976884,492,430000.0,471904.2174796748,412350.68459874584,1.1627906976744187,0.06813565144839016,24,400000.0,352083.3333333333,111783.14280110731,1.25,1.3232466269967982,24,400000.0,352083.3333333333,111783.14280110731,1.25,1.3232466269967982,40,400000.0,403750.0,201082.80600736325,1.25,0.4786585283501341,197,500000.0,630154.3248730964,588758.041654943,1.0,-0.2210658974733406,2024,3,1,5,2,24,24,15,15,False,False,True,True,0.6666666666666666,Odisha|MAYURBHANJ (ST)|||Jharpokharia|Saraskana,24,24,141,40,False,building_odisha,building_mayurbhanj (st)
Bishweswar Tudu,NA - Construction of buildings for community cultural activities,Normal/Others,Odisha,MAYURBHANJ (ST),DISTRICT COLLECTOR MAYURBHANJ_IDA,,,Jharpokharia,Jharpokharia,2024-03-02,500000.0,Action Pending,Unsanctioned,Lok Sabha,False,326,71ad5a6596cce0ce1f4c1bd2d5bc470a,1,na construction of buildings for community cultural activities,64,8,8,building,False,True,False,False,False,False,False,False,13.122365377402328,0.7277628032345014,141,300000.0,377021.27659574465,471165.34052867413,1.6666666666666667,0.26100969834976884,492,430000.0,471904.2174796748,412350.68459874584,1.1627906976744187,0.06813565144839016,24,400000.0,352083.3333333333,111783.14280110731,1.25,1.3232466269967982,24,400000.0,352083.3333333333,111783.14280110731,1.25,1.3232466269967982,40,400000.0,403750.0,201082.80600736325,1.25,0.4786585283501341,197,500000.0,630154.3248730964,588758.041654943,1.0,-0.2210658974733406,2024,3,1,5,2,24,24,17,17,False,False,True,True,0.6666666666666666,Odisha|MAYURBHANJ (ST)|||Jharpokharia|Jharpokharia,24,24,141,40,False,building_odisha,building_mayurbhanj (st)
Bishweswar Tudu,NA - Construction of buildings for crèches and anganwadies,Normal/Others,Odisha,MAYURBHANJ (ST),DISTRICT COLLECTOR MAYURBHANJ_IDA,,,Badampahar,Dhangdimuta,2024-03-02,400000.0,Action Pending,Unsanctioned,Lok Sabha,False,327,6ad32d1cb2918f39a27b1443b945baaf,1,na construction of buildings for crèches and anganwadies,58,8,8,building,False,True,False,False,False,False,False,False,12.899222326086994,0.5545822102425876,141,300000.0,377021.27659574465,471165.34052867413,1.3333333333333333,0.04876997823836516,492,430000.0,471904.2174796748,412350.68459874584,0.9302325581395349,-0.17437637468613404,24,400000.0,352083.3333333333,111783.14280110731,1.0,0.42865735804121646,24,400000.0,352083.3333333333,111783.14280110731,1.0,0.42865735804121646,40,400000.0,403750.0,201082.80600736325,1.0,-0.018649033572083147,197,500000.0,630154.3248730964,588758.041654943,0.8,-0.3909149575709479,2024,3,1,5,2,24,24,19,19,False,False,True,True,0.6666666666666666,Odisha|MAYURBHANJ (ST)|||Badampahar|Dhangdimuta,24,24,141,40,False,building_odisha,building_mayurbhanj (st)
Bishweswar Tudu,"NA - Construction of roads, link roads, pathways or any other road with or without drainage system",Normal/Others,Odisha,MAYURBHANJ (ST),DISTRICT COLLECTOR MAYURBHANJ_IDA,,,Muruda,Panchabhaya,2024-03-02,400000.0,Action Pending,Unsanctioned,Lok Sabha,False,328,cfe7335fe4d2a2302c03abad511f80ab,1,na construction of roads link roads pathways or any other road with or without drainage system,98,16,14,road,True,False,False,False,False,False,True,False,12.899222326086994,0.5545822102425876,141,300000.0,377021.27659574465,471165.34052867413,1.3333333333333333,0.04876997823836516,492,430000.0,471904.2174796748,412350.68459874584,0.9302325581395349,-0.17437637468613404,24,400000.0,352083.3333333333,111783.14280110731,1.0,0.42865735804121646,24,400000.0,352083.3333333333,111783.14280110731,1.0,0.42865735804121646,40,400000.0,403750.0,201082.80600736325,1.0,-0.018649033572083147,147,500000.0,549006.8027210884,314411.18040611234,0.8,-0.47392335898686005,2024,3,1,5,2,24,24,18,18,False,False,True,True,0.6666666666666666,Odisha|MAYURBHANJ (ST)|||Muruda|Panchabhaya,24,24,141,40,False,road_odisha,road_mayurbhanj (st)
Bishweswar Tudu,NA - Street lights,Normal/Others,Odisha,MAYURBHANJ (ST),DISTRICT COLLECTOR MAYURBHANJ_IDA,,,Bisoi,Majhigan,2024-03-02,100000.0,Action Pending,Unsanctioned,Lok Sabha,False,329,99cf050bd413c43690e4f6424b479fd5,1,na street lights,18,3,3,electrical,False,False,False,True,False,False,False,False,11.51293546492023,0.3059299191374663,141,300000.0,377021.27659574465,471165.34052867413,0.3333333333333333,-0.5879491820958459,492,430000.0,471904.2174796748,412350.68459874584,0.23255813953488372,-0.9019124530897067,24,400000.0,352083.3333333333,111783.14280110731,0.25,-2.255110448825529,24,400000.0,352083.3333333333,111783.14280110731,0.25,-2.255110448825529,40,400000.0,403750.0,201082.80600736325,0.25,-1.510571719338735,145,430000.0,386886.22068965517,275909.89582542237,0.23255813953488372,-1.0397822804847054,2024,3,1,5,2,24,24,22,22,False,False,True,True,0.6666666666666666,Odisha|MAYURBHANJ (ST)|||Bisoi|Majhigan,24,24,141,40,False,electrical_odisha,electrical_mayurbhanj (st)
Smt Mamata Mohanta,NA - Lighting of public spaces,Normal/Others,Odisha,Sitting Rajya Sabha,DISTRICT COLLECTOR MAYURBHANJ_IDA,,,Jharpokharia,Ghiajodi,2024-03-02,350000.0,Action Pending,Unsanctioned,Rajya Sabha,False,330,78d74bc57c449a1c10a3843ed3128f43,1,na lighting of public spaces,30,5,5,electrical,False,False,False,True,False,False,False,False,12.765691290604371,0.5276280323450134,141,300000.0,377021.27659574465,471165.34052867413,1.1666666666666667,-0.05734988181733668,250,63275.0,283357.784,490170.3503311154,5.531410509679969,0.1359572564007237,16,350000.0,481250.0,274393.27008268016,1.0,-0.4783280579747884,238,63275.0,240501.87394957984,440718.5852830861,5.531410509679969,0.24845361576954236,40,400000.0,403750.0,201082.80600736325,0.875,-0.26730281453319177,145,430000.0,386886.22068965517,275909.89582542237,0.813953488372093,-0.13368937195712016,2024,3,1,5,2,16,118,12,197,False,False,True,True,0.6666666666666666,Odisha|Sitting Rajya Sabha|||Jharpokharia|Ghiajodi,16,238,141,40,False,electrical_odisha,electrical_sitting rajya sabha
Smt Mamata Mohanta,NA - Lighting of public spaces,Normal/Others,Odisha,Sitting Rajya Sabha,DISTRICT COLLECTOR MAYURBHANJ_IDA,,,Jharpokharia,Belbaria,2024-03-02,350000.0,Action Pending,Unsanctioned,Rajya Sabha,False,331,cf7d8de6ddbd1256bdda371913acbf8c,1,na lighting of public spaces,30,5,5,electrical,False,False,False,True,False,False,False,False,12.765691290604371,0.5276280323450134,141,300000.0,377021.27659574465,471165.34052867413,1.1666666666666667,-0.05734988181733668,250,63275.0,283357.784,490170.3503311154,5.531410509679969,0.1359572564007237,16,350000.0,481250.0,274393.27008268016,1.0,-0.4783280579747884,238,63275.0,240501.87394957984,440718.5852830861,5.531410509679969,0.24845361576954236,40,400000.0,403750.0,201082.80600736325,0.875,-0.26730281453319177,145,430000.0,386886.22068965517,275909.89582542237,0.813953488372093,-0.13368937195712016,2024,3,1,5,2,16,118,13,198,False,False,True,True,0.6666666666666666,Odisha|Sitting Rajya Sabha|||Jharpokharia|Belbaria,16,238,141,40,False,electrical_odisha,electrical_sitting rajya sabha
Smt Mamata Mohanta,"NA - Construction of roads, link roads, pathways or any other road with or without drainage system",Normal/Others,Odisha,Sitting Rajya Sabha,DISTRICT COLLECTOR MAYURBHANJ_IDA,,,Jharpokharia,Pahadpur,2024-03-02,300000.0,Action Pending,Unsanctioned,Rajya Sabha,False,332,5b0caad385f0962017b1130cfb0d4731,1,na construction of roads link roads pathways or any other road with or without drainage system,98,16,14,road,True,False,False,False,False,False,True,False,12.611541086966115,0.488544474393531,141,300000.0,377021.27659574465,471165.34052867413,1.0,-0.1634697418730385,250,63275.0,283357.784,490170.3503311154,4.7412090082971154,0.03395190261662709,16,350000.0,481250.0,274393.27008268016,0.8571428571428571,-0.6605482705366125,238,63275.0,240501.87394957984,440718.5852830861,4.7412090082971154,0.13500253458156938,40,400000.0,403750.0,201082.80600736325,0.75,-0.5159565954943004,147,500000.0,549006.8027210884,314411.18040611234,0.6,-0.791978206371212,2024,3,1,5,2,16,118,14,199,False,False,True,True,0.6666666666666666,Odisha|Sitting Rajya Sabha|||Jharpokharia|Pahadpur,16,238,141,40,False,road_odisha,road_sitting rajya sabha
Smt Mamata Mohanta,NA - Construction of public toilets and bathrooms,Normal/Others,Odisha,Sitting Rajya Sabha,DISTRICT COLLECTOR MAYURBHANJ_IDA,,,Jharpokharia,Rajaloka,2024-03-02,400000.0,Action Pending,Unsanctioned,Rajya Sabha,False,333,3bd4d8033d3ac6476472b5202f75fe33,1,na construction of public toilets and bathrooms,49,7,7,other,False,False,False,False,False,False,False,False,12.899222326086994,0.5545822102425876,141,300000.0,377021.27659574465,471165.34052867413,1.3333333333333333,0.04876997823836516,250,63275.0,283357.784,490170.3503311154,6.321612011062821,0.2379626101848203,16,350000.0,481250.0,274393.27008268016,1.1428571428571428,-0.29610784541296425,238,63275.0,240501.87394957984,440718.5852830861,6.321612011062821,0.36190469695751537,40,400000.0,403750.0,201082.80600736325,1.0,-0.018649033572083147,50,100000.0,266712.36,314672.4568884196,4.0,0.42357580742207374,2024,3,1,5,2,16,118,15,200,False,False,True,True,0.6666666666666666,Odisha|Sitting Rajya Sabha|||Jharpokharia|Rajaloka,16,238,141,40,False,other_odisha,other_sitting rajya sabha
Dr Amar Patnaik,NA - Construction of community centers and community halls,Normal/Others,Odisha,Sitting Rajya Sabha,DISTRICT COLLECTOR KHORDHA_IDA,,,Balianta,Budhalo,2024-03-02,200000.0,Action Pending,Unsanctioned,Rajya Sabha,False,334,c9d11342cab7b545c1763586590948cd,1,na construction of community centers and community halls,58,8,7,building,False,True,False,False,False,False,False,False,12.206077645517674,0.396900269541779,141,300000.0,377021.27659574465,471165.34052867413,0.6666666666666666,-0.3757094619844422,250,63275.0,283357.784,490170.3503311154,3.1608060055314104,-0.1700588049515661,3,,,,,,238,63275.0,240501.87394957984,440718.5852830861,3.1608060055314104,-0.0918996277943766,3,,,,,,197,500000.0,630154.3248730964,588758.041654943,0.4,-0.7306130777661625,2024,3,1,5,2,2,118,2,201,False,False,True,True,0.6666666666666666,Odisha|Sitting Rajya Sabha|||Balianta|Budhalo,3,238,141,3,False,building_odisha,building_sitting rajya sabha
Dr Amar Patnaik,NA - Construction of boundary walls of existing public and community buildings,Normal/Others,Odisha,Sitting Rajya Sabha,DISTRICT COLLECTOR KHORDHA_IDA,,,Balianta,Budhalo,2024-03-02,200000.0,Action Pending,Unsanctioned,Rajya Sabha,False,335,29607a0cf50bc238561a284aaf01a2b3,1,na construction of boundary walls of existing public and community buildings,78,11,10,building,False,True,False,False,False,False,False,False,12.206077645517674,0.396900269541779,141,300000.0,377021.27659574465,471165.34052867413,0.6666666666666666,-0.3757094619844422,250,63275.0,283357.784,490170.3503311154,3.1608060055314104,-0.1700588049515661,3,,,,,,238,63275.0,240501.87394957984,440718.5852830861,3.1608060055314104,-0.0918996277943766,3,,,,,,197,500000.0,630154.3248730964,588758.041654943,0.4,-0.7306130777661625,2024,3,1,5,2,2,118,3,202,False,False,True,True,0.6666666666666666,Odisha|Sitting Rajya Sabha|||Balianta|Budhalo,3,238,141,3,False,building_odisha,building_sitting rajya sabha
Bishweswar Tudu,NA - Construction of community centers and community halls,Normal/Others,Odisha,MAYURBHANJ (ST),DISTRICT COLLECTOR MAYURBHANJ_IDA,,,Kaptipada,Chakradharpur,2024-03-02,400000.0,Action Pending,Unsanctioned,Lok Sabha,False,336,7b746498e255921322db8aa301f142b8,1,na construction of community centers and community halls,58,8,7,building,False,True,False,False,False,False,False,False,12.899222326086994,0.5545822102425876,141,300000.0,377021.27659574465,471165.34052867413,1.3333333333333333,0.04876997823836516,492,430000.0,471904.2174796748,412350.68459874584,0.9302325581395349,-0.17437637468613404,24,400000.0,352083.3333333333,111783.14280110731,1.0,0.42865735804121646,24,400000.0,352083.3333333333,111783.14280110731,1.0,0.42865735804121646,40,400000.0,403750.0,201082.80600736325,1.0,-0.018649033572083147,197,500000.0,630154.3248730964,588758.041654943,0.8,-0.3909149575709479,2024,3,1,5,2,24,24,24,24,False,False,True,True,0.6666666666666666,Odisha|MAYURBHANJ (ST)|||Kaptipada|Chakradharpur,24,24,141,40,False,building_odisha,building_mayurbhanj (st)
Sunil Kumar Soni,NA - Construction of community centers and community halls,Normal/Others,Chhattisgarh,RAIPUR,DISTRICT COLLECTOR RAIPUR_IDA,Raipur,Rajeev Gandhi Ward,,,2024-03-02,500000.0,Action Pending,Unsanctioned,Lok Sabha,False,337,f0bdb93562cc9d94c7af896c6fd13d79,1,na construction of community centers and community halls,58,8,7,building,False,True,False,False,False,False,False,False,13.122365377402328,0.7277628032345014,1,,,,,,492,430000.0,471904.2174796748,412350.68459874584,1.1627906976744187,0.06813565144839016,1,,,,,,1,,,,,,1,,,,,,197,500000.0,630154.3248730964,588758.041654943,1.0,-0.2210658974733406,2024,3,1,5,2,1,1,1,1,True,True,False,False,0.6666666666666666,Chhattisgarh|RAIPUR|Raipur|Rajeev Gandhi Ward||,1,1,1,1,False,building_chhattisgarh,building_raipur
Smt Mamata Mohanta,"NA - Construction of roads, link roads, pathways or any other road with or without drainage system",Normal/Others,Odisha,Sitting Rajya Sabha,DISTRICT COLLECTOR MAYURBHANJ_IDA,,,Jharpokharia,Kendumundi,2024-03-02,300000.0,Action Pending,Unsanctioned,Rajya Sabha,False,338,d8c5c138da1b6a37c487adb1b997c5b8,1,na construction of roads link roads pathways or any other road with or without drainage system,98,16,14,road,True,False,False,False,False,False,True,False,12.611541086966115,0.488544474393531,141,300000.0,377021.27659574465,471165.34052867413,1.0,-0.1634697418730385,250,63275.0,283357.784,490170.3503311154,4.7412090082971154,0.03395190261662709,16,350000.0,481250.0,274393.27008268016,0.8571428571428571,-0.6605482705366125,238,63275.0,240501.87394957984,440718.5852830861,4.7412090082971154,0.13500253458156938,40,400000.0,403750.0,201082.80600736325,0.75,-0.5159565954943004,147,500000.0,549006.8027210884,314411.18040611234,0.6,-0.791978206371212,2024,3,1,5,2,16,118,16,203,False,False,True,True,0.6666666666666666,Odisha|Sitting Rajya Sabha|||Jharpokharia|Kendumundi,16,238,141,40,False,road_odisha,road_sitting rajya sabha
Smt Mamata Mohanta,NA - Lighting of public spaces,Normal/Others,Odisha,Sitting Rajya Sabha,DISTRICT COLLECTOR MAYURBHANJ_IDA,,,Jharpokharia,Jharpokharia,2024-03-02,350000.0,Action Pending,Unsanctioned,Rajya Sabha,False,339,7635ff77a23e3b8be6a3db064b680d15,1,na lighting of public spaces,30,5,5,electrical,False,False,False,True,False,False,False,False,12.765691290604371,0.5276280323450134,141,300000.0,377021.27659574465,471165.34052867413,1.1666666666666667,-0.05734988181733668,250,63275.0,283357.784,490170.3503311154,5.531410509679969,0.1359572564007237,16,350000.0,481250.0,274393.27008268016,1.0,-0.4783280579747884,238,63275.0,240501.87394957984,440718.5852830861,5.531410509679969,0.24845361576954236,40,400000.0,403750.0,201082.80600736325,0.875,-0.26730281453319177,145,430000.0,386886.22068965517,275909.89582542237,0.813953488372093,-0.13368937195712016,2024,3,1,5,2,16,118,10,195,False,False,True,True,0.6666666666666666,Odisha|Sitting Rajya Sabha|||Jharpokharia|Jharpokharia,16,238,141,40,False,electrical_odisha,electrical_sitting rajya sabha
Smt Mamata Mohanta,NA - Lighting of public spaces,Normal/Others,Odisha,Sitting Rajya Sabha,DISTRICT COLLECTOR MAYURBHANJ_IDA,,,Jharpokharia,Saragada,2024-03-02,350000.0,Action Pending,Unsanctioned,Rajya Sabha,False,340,657668a6c2650a4e1c78855bd0b48284,1,na lighting of public spaces,30,5,5,electrical,False,False,False,True,False,False,False,False,12.765691290604371,0.5276280323450134,141,300000.0,377021.27659574465,471165.34052867413,1.1666666666666667,-0.05734988181733668,250,63275.0,283357.784,490170.3503311154,5.531410509679969,0.1359572564007237,16,350000.0,481250.0,274393.27008268016,1.0,-0.4783280579747884,238,63275.0,240501.87394957984,440718.5852830861,5.531410509679969,0.24845361576954236,40,400000.0,403750.0,201082.80600736325,0.875,-0.26730281453319177,145,430000.0,386886.22068965517,275909.89582542237,0.813953488372093,-0.13368937195712016,2024,3,1,5,2,16,118,11,196,False,False,True,True,0.6666666666666666,Odisha|Sitting Rajya Sabha|||Jharpokharia|Saragada,16,238,141,40,False,electrical_odisha,electrical_sitting rajya sabha
Smt Mamata Mohanta,NA - Lighting of public spaces,Normal/Others,Odisha,Sitting Rajya Sabha,DISTRICT COLLECTOR MAYURBHANJ_IDA,,,Jharpokharia,Umadeipur,2024-03-02,350000.0,Action Pending,Unsanctioned,Rajya Sabha,False,341,47c4d918f6dfcb1fe028907b8dfc759a,1,na lighting of public spaces,30,5,5,electrical,False,False,False,True,False,False,False,False,12.765691290604371,0.5276280323450134,141,300000.0,377021.27659574465,471165.34052867413,1.1666666666666667,-0.05734988181733668,250,63275.0,283357.784,490170.3503311154,5.531410509679969,0.1359572564007237,16,350000.0,481250.0,274393.27008268016,1.0,-0.4783280579747884,238,63275.0,240501.87394957984,440718.5852830861,5.531410509679969,0.24845361576954236,40,400000.0,403750.0,201082.80600736325,0.875,-0.26730281453319177,145,430000.0,386886.22068965517,275909.89582542237,0.813953488372093,-0.13368937195712016,2024,3,1,5,2,16,118,8,193,False,False,True,True,0.6666666666666666,Odisha|Sitting Rajya Sabha|||Jharpokharia|Umadeipur,16,238,141,40,False,electrical_odisha,electrical_sitting rajya sabha
Smt Mamata Mohanta,NA - Providing drains and gutters for public drainage,Normal/Others,Odisha,Sitting Rajya Sabha,DISTRICT COLLECTOR MAYURBHANJ_IDA,,,Jharpokharia,Baghajhampa,2024-03-02,300000.0,Action Pending,Unsanctioned,Rajya Sabha,False,342,c3c8782a470df10e04a566bfa61ae8cd,1,na providing drains and gutters for public drainage,53,8,8,drainage,False,False,False,False,False,False,True,False,12.611541086966115,0.488544474393531,141,300000.0,377021.27659574465,471165.34052867413,1.0,-0.1634697418730385,250,63275.0,283357.784,490170.3503311154,4.7412090082971154,0.03395190261662709,16,350000.0,481250.0,274393.27008268016,0.8571428571428571,-0.6605482705366125,238,63275.0,240501.87394957984,440718.5852830861,4.7412090082971154,0.13500253458156938,40,400000.0,403750.0,201082.80600736325,0.75,-0.5159565954943004,6,400000.0,800000.0,1084435.3369380767,0.75,-0.46106944597707344,2024,3,1,5,2,16,118,7,192,False,False,True,True,0.6666666666666666,Odisha|Sitting Rajya Sabha|||Jharpokharia|Baghajhampa,16,238,141,40,False,drainage_odisha,drainage_sitting rajya sabha
Smt Mamata Mohanta,NA - Lighting of public spaces,Normal/Others,Odisha,Sitting Rajya Sabha,DISTRICT COLLECTOR MAYURBHANJ_IDA,,,Jharpokharia,Sansanadi,2024-03-02,350000.0,Action Pending,Unsanctioned,Rajya Sabha,False,343,acfa9db8da06f32cfcb071a1dc49c156,1,na lighting of public spaces,30,5,5,electrical,False,False,False,True,False,False,False,False,12.765691290604371,0.5276280323450134,141,300000.0,377021.27659574465,471165.34052867413,1.1666666666666667,-0.05734988181733668,250,63275.0,283357.784,490170.3503311154,5.531410509679969,0.1359572564007237,16,350000.0,481250.0,274393.27008268016,1.0,-0.4783280579747884,238,63275.0,240501.87394957984,440718.5852830861,5.531410509679969,0.24845361576954236,40,400000.0,403750.0,201082.80600736325,0.875,-0.26730281453319177,145,430000.0,386886.22068965517,275909.89582542237,0.813953488372093,-0.13368937195712016,2024,3,1,5,2,16,118,6,191,False,False,True,True,0.6666666666666666,Odisha|Sitting Rajya Sabha|||Jharpokharia|Sansanadi,16,238,141,40,False,electrical_odisha,electrical_sitting rajya sabha
Smt Mamata Mohanta,NA - Street lights,Normal/Others,Odisha,Sitting Rajya Sabha,DISTRICT COLLECTOR MAYURBHANJ_IDA,,,Jharpokharia,Kanimahuli,2024-03-02,1000000.0,Action Pending,Unsanctioned,Rajya Sabha,False,344,70335cbab320e65bd5b612d87c6f6bfa,1,na street lights,18,3,3,electrical,False,False,False,True,False,False,False,False,13.815511557963774,0.9420485175202157,141,300000.0,377021.27659574465,471165.34052867413,3.3333333333333335,1.3222082989067871,250,63275.0,283357.784,490170.3503311154,15.804030027657053,1.4620268555939795,16,350000.0,481250.0,274393.27008268016,2.857142857142857,1.8905347053289254,238,63275.0,240501.87394957984,440718.5852830861,15.804030027657053,1.723317671213191,40,400000.0,403750.0,201082.80600736325,2.5,2.9651963379612205,145,430000.0,386886.22068965517,275909.89582542237,2.3255813953488373,2.2221521902146013,2024,3,1,5,2,16,118,5,190,False,False,True,True,0.6666666666666666,Odisha|Sitting Rajya Sabha|||Jharpokharia|Kanimahuli,16,238,141,40,False,electrical_odisha,electrical_sitting rajya sabha
Smt Mamata Mohanta,"NA - Construction of roads, link roads, pathways or any other road with or without drainage system",Normal/Others,Odisha,Sitting Rajya Sabha,DISTRICT COLLECTOR MAYURBHANJ_IDA,,,Jharpokharia,Kanimahuli,2024-03-02,700000.0,Action Pending,Unsanctioned,Rajya Sabha,False,345,a18973feba4676c853a4fd6ec69a18cd,1,na construction of roads link roads pathways or any other road with or without drainage system,98,16,14,road,True,False,False,False,False,False,True,False,13.45883704259595,0.8497304582210242,141,300000.0,377021.27659574465,471165.34052867413,2.3333333333333335,0.6854891385725762,250,63275.0,283357.784,490170.3503311154,11.062821019359937,0.8499947328893999,16,350000.0,481250.0,274393.27008268016,2.0,0.7972134299579806,238,63275.0,240501.87394957984,440718.5852830861,11.062821019359937,1.0426111840853534,40,400000.0,403750.0,201082.80600736325,1.75,1.4732736521945686,147,500000.0,549006.8027210884,314411.18040611234,1.4,0.4802411831661957,2024,3,1,5,2,16,118,4,189,False,False,True,True,0.6666666666666666,Odisha|Sitting Rajya Sabha|||Jharpokharia|Kanimahuli,16,238,141,40,False,road_odisha,road_sitting rajya sabha
Smt Mamata Mohanta,NA - Providing drains and gutters for public drainage,Normal/Others,Odisha,Sitting Rajya Sabha,DISTRICT COLLECTOR MAYURBHANJ_IDA,,,Jharpokharia,Kanimahuli,2024-03-02,300000.0,Action Pending,Unsanctioned,Rajya Sabha,False,346,5f872d1882c78f0c02b293b8086b410e,1,na providing drains and gutters for public drainage,53,8,8,drainage,False,False,False,False,False,False,True,False,12.611541086966115,0.488544474393531,141,300000.0,377021.27659574465,471165.34052867413,1.0,-0.1634697418730385,250,63275.0,283357.784,490170.3503311154,4.7412090082971154,0.03395190261662709,16,350000.0,481250.0,274393.27008268016,0.8571428571428571,-0.6605482705366125,238,63275.0,240501.87394957984,440718.5852830861,4.7412090082971154,0.13500253458156938,40,400000.0,403750.0,201082.80600736325,0.75,-0.5159565954943004,6,400000.0,800000.0,1084435.3369380767,0.75,-0.46106944597707344,2024,3,1,5,2,16,118,3,188,False,False,True,True,0.6666666666666666,Odisha|Sitting Rajya Sabha|||Jharpokharia|Kanimahuli,16,238,141,40,False,drainage_odisha,drainage_sitting rajya sabha
Smt Mamata Mohanta,"NA - Construction of roads, link roads, pathways or any other road with or without drainage system",Normal/Others,Odisha,Sitting Rajya Sabha,DISTRICT COLLECTOR MAYURBHANJ_IDA,,,Jharpokharia,Umadeipur,2024-03-02,300000.0,Action Pending,Unsanctioned,Rajya Sabha,False,347,e7445f134eb0de642b4bccf2c2562370,1,na construction of roads link roads pathways or any other road with or without drainage system,98,16,14,road,True,False,False,False,False,False,True,False,12.611541086966115,0.488544474393531,141,300000.0,377021.27659574465,471165.34052867413,1.0,-0.1634697418730385,250,63275.0,283357.784,490170.3503311154,4.7412090082971154,0.03395190261662709,16,350000.0,481250.0,274393.27008268016,0.8571428571428571,-0.6605482705366125,238,63275.0,240501.87394957984,440718.5852830861,4.7412090082971154,0.13500253458156938,40,400000.0,403750.0,201082.80600736325,0.75,-0.5159565954943004,147,500000.0,549006.8027210884,314411.18040611234,0.6,-0.791978206371212,2024,3,1,5,2,16,118,9,194,False,False,True,True,0.6666666666666666,Odisha|Sitting Rajya Sabha|||Jharpokharia|Umadeipur,16,238,141,40,False,road_odisha,road_sitting rajya sabha
Smt Mamata Mohanta,"NA - Construction of roads, link roads, pathways or any other road with or without drainage system",Normal/Others,Odisha,Sitting Rajya Sabha,DISTRICT COLLECTOR MAYURBHANJ_IDA,,,Bisoi,Nangalkatapokharia,2024-03-02,1000000.0,Action Pending,Unsanctioned,Rajya Sabha,False,348,a14327dc909f4ecc5deb2a6ad12ad7b1,1,na construction of roads link roads pathways or any other road with or without drainage system,98,16,14,road,True,False,False,False,False,False,True,False,13.815511557963774,0.9420485175202157,141,300000.0,377021.27659574465,471165.34052867413,3.3333333333333335,1.3222082989067871,250,63275.0,283357.784,490170.3503311154,15.804030027657053,1.4620268555939795,16,350000.0,481250.0,274393.27008268016,2.857142857142857,1.8905347053289254,238,63275.0,240501.87394957984,440718.5852830861,15.804030027657053,1.723317671213191,40,400000.0,403750.0,201082.80600736325,2.5,2.9651963379612205,147,500000.0,549006.8027210884,314411.18040611234,2.0,1.4344057253192515,2024,3,1,5,2,16,118,2,187,False,False,True,True,0.6666666666666666,Odisha|Sitting Rajya Sabha|||Bisoi|Nangalkatapokharia,16,238,141,40,False,road_odisha,road_sitting rajya sabha
Smt Mamata Mohanta,NA - Street lights,Normal/Others,Odisha,Sitting Rajya Sabha,DISTRICT COLLECTOR MAYURBHANJ_IDA,,,Bisoi,Kitabeda,2024-03-02,1000000.0,Action Pending,Unsanctioned,Rajya Sabha,False,349,d1746c21a559bc95e75a6535d0f89727,1,na street lights,18,3,3,electrical,False,False,False,True,False,False,False,False,13.815511557963774,0.9420485175202157,141,300000.0,377021.27659574465,471165.34052867413,3.3333333333333335,1.3222082989067871,250,63275.0,283357.784,490170.3503311154,15.804030027657053,1.4620268555939795,16,350000.0,481250.0,274393.27008268016,2.857142857142857,1.8905347053289254,238,63275.0,240501.87394957984,440718.5852830861,15.804030027657053,1.723317671213191,40,400000.0,403750.0,201082.80600736325,2.5,2.9651963379612205,145,430000.0,386886.22068965517,275909.89582542237,2.3255813953488373,2.2221521902146013,2024,3,1,5,2,16,118,1,186,False,False,True,True,0.6666666666666666,Odisha|Sitting Rajya Sabha|||Bisoi|Kitabeda,16,238,141,40,False,electrical_odisha,electrical_sitting rajya sabha
Bishweswar Tudu,NA - Street lights,Normal/Others,Odisha,MAYURBHANJ (ST),DISTRICT COLLECTOR MAYURBHANJ_IDA,,,Rasagobindapur,Amarada,2024-03-02,50000.0,Action Pending,Unsanctioned,Lok Sabha,False,350,c23d98b7bef85bacfd8a11eb5e63ed5d,1,na street lights,18,3,3,electrical,False,False,False,True,False,False,False,False,10.819798284210286,0.022911051212938006,141,300000.0,377021.27659574465,471165.34052867413,0.16666666666666666,-0.6940690421515477,492,430000.0,471904.2174796748,412350.68459874584,0.11627906976744186,-1.0231684661569689,24,400000.0,352083.3333333333,111783.14280110731,0.125,-2.70240508330332,24,400000.0,352083.3333333333,111783.14280110731,0.125,-2.70240508330332,40,400000.0,403750.0,201082.80600736325,0.125,-1.7592255002998436,145,430000.0,386886.22068965517,275909.89582542237,0.11627906976744186,-1.2210008621902224,2024,3,1,5,2,24,24,21,21,False,False,True,True,0.6666666666666666,Odisha|MAYURBHANJ (ST)|||Rasagobindapur|Amarada,24,24,141,40,False,electrical_odisha,electrical_mayurbhanj (st)
Bishweswar Tudu,NA - Construction of buildings for community cultural activities,Normal/Others,Odisha,MAYURBHANJ (ST),DISTRICT COLLECTOR MAYURBHANJ_IDA,Baripada,Baripada (M) - Ward No.3,,,2024-03-02,300000.0,Action Pending,Unsanctioned,Lok Sabha,False,351,a6312b15f9e6f7032fdab9e9b99e1d1e,1,na construction of buildings for community cultural activities,64,8,8,building,False,True,False,False,False,False,False,False,12.611541086966115,0.488544474393531,141,300000.0,377021.27659574465,471165.34052867413,1.0,-0.1634697418730385,492,430000.0,471904.2174796748,412350.68459874584,0.6976744186046512,-0.41688840082065826,24,400000.0,352083.3333333333,111783.14280110731,0.75,-0.46593191091436537,24,400000.0,352083.3333333333,111783.14280110731,0.75,-0.46593191091436537,40,400000.0,403750.0,201082.80600736325,0.75,-0.5159565954943004,197,500000.0,630154.3248730964,588758.041654943,0.6,-0.5607640176685552,2024,3,1,5,2,24,24,20,20,True,True,False,False,0.6666666666666666,Odisha|MAYURBHANJ (ST)|Baripada|Baripada (M) - Ward No.3||,24,24,141,40,False,building_odisha,building_mayurbhanj (st)
Bishweswar Tudu,"NA - Construction of roads, link roads, pathways or any other road with or without drainage system",Normal/Others,Odisha,MAYURBHANJ (ST),DISTRICT COLLECTOR MAYURBHANJ_IDA,Rairangpur,Rairangpur (M) - Ward No.10,,,2024-03-02,400000.0,Action Pending,Unsanctioned,Lok Sabha,False,352,a624706597087b7e5c4bc3c77595b01a,1,na construction of roads link roads pathways or any other road with or without drainage system,98,16,14,road,True,False,False,False,False,False,True,False,12.899222326086994,0.5545822102425876,141,300000.0,377021.27659574465,471165.34052867413,1.3333333333333333,0.04876997823836516,492,430000.0,471904.2174796748,412350.68459874584,0.9302325581395349,-0.17437637468613404,24,400000.0,352083.3333333333,111783.14280110731,1.0,0.42865735804121646,24,400000.0,352083.3333333333,111783.14280110731,1.0,0.42865735804121646,40,400000.0,403750.0,201082.80600736325,1.0,-0.018649033572083147,147,500000.0,549006.8027210884,314411.18040611234,0.8,-0.47392335898686005,2024,3,1,5,2,24,24,23,23,True,True,False,False,0.6666666666666666,Odisha|MAYURBHANJ (ST)|Rairangpur|Rairangpur (M) - Ward No.10||,24,24,141,40,False,road_odisha,road_mayurbhanj (st)
Smt Jaya Bachchan,NA - Installing hand pumps,Normal/Others,Uttar Pradesh,Sitting Rajya Sabha,DISTRICT MAGISTRATE BHADOHI_IDA,,,Gyanpur,Tulapur Rohi,2024-03-01,63275.0,Action Pending,Unsanctioned,Rajya Sabha,False,353,3504c2c6855908879a0aed2ac991a7d2,4,na installing hand pumps,26,4,4,water,False,False,True,False,False,False,False,False,11.05526138931847,0.158355795148248,200,63275.0,152708.3,281498.1621176738,1.0,-0.3177047385574563,250,63275.0,283357.784,490170.3503311154,1.0,-0.4489924448741783,168,63275.0,74697.88095238095,73360.78743927367,1.0,-0.15570826528868079,238,63275.0,240501.87394957984,440718.5852830861,1.0,-0.4021316093028887,168,63275.0,74697.88095238095,73360.78743927367,1.0,-0.15570826528868079,188,63275.0,95541.96808510639,125413.82079489212,1.0,-0.25728398896224813,2024,3,1,4,1,60,118,156,171,False,False,True,True,0.6666666666666666,Uttar Pradesh|Sitting Rajya Sabha|||Gyanpur|Tulapur Rohi,168,238,200,168,True,water_uttar pradesh,water_sitting rajya sabha
Sushil Kumar Rinku,NA - Construction of additional rooms and halls in the existing public and community building,Normal/Others,Punjab,JALANDHAR(SC),DEPUTY COMMISSIONER JALANDHAR_IDA,,,Adampur,Dhadda (6),2024-03-01,200000.0,Action Pending,Unsanctioned,Lok Sabha,False,354,bd61bc1fa48099ac65e917ed9e0f43d8,1,na construction of additional rooms and halls in the existing public and community building,93,14,13,building,False,True,False,False,False,False,False,False,12.206077645517674,0.396900269541779,2,,,,,,492,430000.0,471904.2174796748,412350.68459874584,0.46511627906976744,-0.6594004269551824,1,,,,,,1,,,,,,1,,,,,,197,500000.0,630154.3248730964,588758.041654943,0.4,-0.7306130777661625,2024,3,1,4,1,1,1,1,1,False,False,True,True,0.6666666666666666,Punjab|JALANDHAR(SC)|||Adampur|Dhadda (6),1,1,2,1,False,building_punjab,building_jalandhar(sc)
Smt Jaya Bachchan,NA - Installing hand pumps,Normal/Others,Uttar Pradesh,Sitting Rajya Sabha,DISTRICT MAGISTRATE BHADOHI_IDA,,,Gyanpur,Sagar Raipur,2024-03-01,63275.0,Action Pending,Unsanctioned,Rajya Sabha,False,355,0234bfec8df8ec0b6c785c3e8133aa91,7,na installing hand pumps,26,4,4,water,False,False,True,False,False,False,False,False,11.05526138931847,0.158355795148248,200,63275.0,152708.3,281498.1621176738,1.0,-0.3177047385574563,250,63275.0,283357.784,490170.3503311154,1.0,-0.4489924448741783,168,63275.0,74697.88095238095,73360.78743927367,1.0,-0.15570826528868079,238,63275.0,240501.87394957984,440718.5852830861,1.0,-0.4021316093028887,168,63275.0,74697.88095238095,73360.78743927367,1.0,-0.15570826528868079,188,63275.0,95541.96808510639,125413.82079489212,1.0,-0.25728398896224813,2024,3,1,4,1,60,118,160,176,False,False,True,True,0.6666666666666666,Uttar Pradesh|Sitting Rajya Sabha|||Gyanpur|Sagar Raipur,168,238,200,168,True,water_uttar pradesh,water_sitting rajya sabha
Smt Jaya Bachchan,NA - Installing hand pumps,Normal/Others,Uttar Pradesh,Sitting Rajya Sabha,DISTRICT MAGISTRATE BHADOHI_IDA,,,Gyanpur,Sagar Raipur,2024-03-01,63275.0,Action Pending,Unsanctioned,Rajya Sabha,False,356,0234bfec8df8ec0b6c785c3e8133aa91,7,na installing hand pumps,26,4,4,water,False,False,True,False,False,False,False,False,11.05526138931847,0.158355795148248,200,63275.0,152708.3,281498.1621176738,1.0,-0.3177047385574563,250,63275.0,283357.784,490170.3503311154,1.0,-0.4489924448741783,168,63275.0,74697.88095238095,73360.78743927367,1.0,-0.15570826528868079,238,63275.0,240501.87394957984,440718.5852830861,1.0,-0.4021316093028887,168,63275.0,74697.88095238095,73360.78743927367,1.0,-0.15570826528868079,188,63275.0,95541.96808510639,125413.82079489212,1.0,-0.25728398896224813,2024,3,1,4,1,60,118,157,172,False,False,True,True,0.6666666666666666,Uttar Pradesh|Sitting Rajya Sabha|||Gyanpur|Sagar Raipur,168,238,200,168,True,water_uttar pradesh,water_sitting rajya sabha
Smt Jaya Bachchan,NA - Installing hand pumps,Normal/Others,Uttar Pradesh,Sitting Rajya Sabha,DISTRICT MAGISTRATE BHADOHI_IDA,,,Gyanpur,Sagar Raipur,2024-03-01,63275.0,Action Pending,Unsanctioned,Rajya Sabha,False,357,0234bfec8df8ec0b6c785c3e8133aa91,7,na installing hand pumps,26,4,4,water,False,False,True,False,False,False,False,False,11.05526138931847,0.158355795148248,200,63275.0,152708.3,281498.1621176738,1.0,-0.3177047385574563,250,63275.0,283357.784,490170.3503311154,1.0,-0.4489924448741783,168,63275.0,74697.88095238095,73360.78743927367,1.0,-0.15570826528868079,238,63275.0,240501.87394957984,440718.5852830861,1.0,-0.4021316093028887,168,63275.0,74697.88095238095,73360.78743927367,1.0,-0.15570826528868079,188,63275.0,95541.96808510639,125413.82079489212,1.0,-0.25728398896224813,2024,3,1,4,1,60,118,158,173,False,False,True,True,0.6666666666666666,Uttar Pradesh|Sitting Rajya Sabha|||Gyanpur|Sagar Raipur,168,238,200,168,True,water_uttar pradesh,water_sitting rajya sabha
SHRI Sudhanshu Trivedi,"WS/MP199/2023-2024/117757 - Construction of roads, link roads, pathways or any other road with or without drainage system",Normal/Others,Uttar Pradesh,Sitting Rajya Sabha,DISTRICT MAGISTRAE LUCKNOW_IDA,Lucknow,Lucknow (M Corp.) - Ward No.36,,,2024-03-01,1650000.0,Approved by IDA,Unsanctioned,Rajya Sabha,False,358,7b4ae01391dc7515d089edb9a5f13705,1,ws mp199 2023 2024 117757 construction of roads link roads pathways or any other road with or without drainage system,121,20,18,road,True,False,False,False,False,False,True,False,14.316286451937186,0.9784366576819407,200,63275.0,152708.3,281498.1621176738,26.076649545634137,5.319010570925475,250,63275.0,283357.784,490170.3503311154,26.076649545634137,2.7880964547872353,4,,,,,,238,63275.0,240501.87394957984,440718.5852830861,26.076649545634137,3.19818172665684,6,876000.0,963333.3333333334,511687.2742864206,1.8835616438356164,1.3419654956716787,147,500000.0,549006.8027210884,314411.18040611234,3.3,3.5017622333175393,2024,3,1,4,1,4,118,4,174,True,True,False,False,0.6666666666666666,Uttar Pradesh|Sitting Rajya Sabha|Lucknow|Lucknow (M Corp.) - Ward No.36||,4,238,200,6,False,road_uttar pradesh,road_sitting rajya sabha
Smt Jaya Bachchan,NA - Installing hand pumps,Normal/Others,Uttar Pradesh,Sitting Rajya Sabha,DISTRICT MAGISTRATE BHADOHI_IDA,,,Aurai,Dhamahapur,2024-03-01,63275.0,Action Pending,Unsanctioned,Rajya Sabha,False,359,f50fa9bdc63cf68bb39e14c1c2423b44,2,na installing hand pumps,26,4,4,water,False,False,True,False,False,False,False,False,11.05526138931847,0.158355795148248,200,63275.0,152708.3,281498.1621176738,1.0,-0.3177047385574563,250,63275.0,283357.784,490170.3503311154,1.0,-0.4489924448741783,168,63275.0,74697.88095238095,73360.78743927367,1.0,-0.15570826528868079,238,63275.0,240501.87394957984,440718.5852830861,1.0,-0.4021316093028887,168,63275.0,74697.88095238095,73360.78743927367,1.0,-0.15570826528868079,188,63275.0,95541.96808510639,125413.82079489212,1.0,-0.25728398896224813,2024,3,1,4,1,60,118,159,175,False,False,True,True,0.6666666666666666,Uttar Pradesh|Sitting Rajya Sabha|||Aurai|Dhamahapur,168,238,200,168,True,water_uttar pradesh,water_sitting rajya sabha
Smt Jaya Bachchan,NA - Installing hand pumps,Normal/Others,Uttar Pradesh,Sitting Rajya Sabha,DISTRICT MAGISTRATE BHADOHI_IDA,,,Gyanpur,Tulapur Rohi,2024-03-01,63275.0,Action Pending,Unsanctioned,Rajya Sabha,False,360,3504c2c6855908879a0aed2ac991a7d2,4,na installing hand pumps,26,4,4,water,False,False,True,False,False,False,False,False,11.05526138931847,0.158355795148248,200,63275.0,152708.3,281498.1621176738,1.0,-0.3177047385574563,250,63275.0,283357.784,490170.3503311154,1.0,-0.4489924448741783,168,63275.0,74697.88095238095,73360.78743927367,1.0,-0.15570826528868079,238,63275.0,240501.87394957984,440718.5852830861,1.0,-0.4021316093028887,168,63275.0,74697.88095238095,73360.78743927367,1.0,-0.15570826528868079,188,63275.0,95541.96808510639,125413.82079489212,1.0,-0.25728398896224813,2024,3,1,4,1,60,118,168,184,False,False,True,True,0.6666666666666666,Uttar Pradesh|Sitting Rajya Sabha|||Gyanpur|Tulapur Rohi,168,238,200,168,True,water_uttar pradesh,water_sitting rajya sabha
Smt Jaya Bachchan,NA - Installing hand pumps,Normal/Others,Uttar Pradesh,Sitting Rajya Sabha,DISTRICT MAGISTRATE BHADOHI_IDA,,,Gyanpur,Tulapur Rohi,2024-03-01,63275.0,Action Pending,Unsanctioned,Rajya Sabha,False,361,3504c2c6855908879a0aed2ac991a7d2,4,na installing hand pumps,26,4,4,water,False,False,True,False,False,False,False,False,11.05526138931847,0.158355795148248,200,63275.0,152708.3,281498.1621176738,1.0,-0.3177047385574563,250,63275.0,283357.784,490170.3503311154,1.0,-0.4489924448741783,168,63275.0,74697.88095238095,73360.78743927367,1.0,-0.15570826528868079,238,63275.0,240501.87394957984,440718.5852830861,1.0,-0.4021316093028887,168,63275.0,74697.88095238095,73360.78743927367,1.0,-0.15570826528868079,188,63275.0,95541.96808510639,125413.82079489212,1.0,-0.25728398896224813,2024,3,1,4,1,60,118,161,177,False,False,True,True,0.6666666666666666,Uttar Pradesh|Sitting Rajya Sabha|||Gyanpur|Tulapur Rohi,168,238,200,168,True,water_uttar pradesh,water_sitting rajya sabha
Smt Jaya Bachchan,NA - Installing hand pumps,Normal/Others,Uttar Pradesh,Sitting Rajya Sabha,DISTRICT MAGISTRATE BHADOHI_IDA,,,Gyanpur,Tulapur Rohi,2024-03-01,63275.0,Action Pending,Unsanctioned,Rajya Sabha,False,362,3504c2c6855908879a0aed2ac991a7d2,4,na installing hand pumps,26,4,4,water,False,False,True,False,False,False,False,False,11.05526138931847,0.158355795148248,200,63275.0,152708.3,281498.1621176738,1.0,-0.3177047385574563,250,63275.0,283357.784,490170.3503311154,1.0,-0.4489924448741783,168,63275.0,74697.88095238095,73360.78743927367,1.0,-0.15570826528868079,238,63275.0,240501.87394957984,440718.5852830861,1.0,-0.4021316093028887,168,63275.0,74697.88095238095,73360.78743927367,1.0,-0.15570826528868079,188,63275.0,95541.96808510639,125413.82079489212,1.0,-0.25728398896224813,2024,3,1,4,1,60,118,162,178,False,False,True,True,0.6666666666666666,Uttar Pradesh|Sitting Rajya Sabha|||Gyanpur|Tulapur Rohi,168,238,200,168,True,water_uttar pradesh,water_sitting rajya sabha
Smt Jaya Bachchan,NA - Installing hand pumps,Normal/Others,Uttar Pradesh,Sitting Rajya Sabha,DISTRICT MAGISTRATE BHADOHI_IDA,,,Gyanpur,Tulsipur,2024-03-01,63275.0,Action Pending,Unsanctioned,Rajya Sabha,False,363,f8200b3a0c3ea3c945aa57f0a3f76d66,1,na installing hand pumps,26,4,4,water,False,False,True,False,False,False,False,False,11.05526138931847,0.158355795148248,200,63275.0,152708.3,281498.1621176738,1.0,-0.3177047385574563,250,63275.0,283357.784,490170.3503311154,1.0,-0.4489924448741783,168,63275.0,74697.88095238095,73360.78743927367,1.0,-0.15570826528868079,238,63275.0,240501.87394957984,440718.5852830861,1.0,-0.4021316093028887,168,63275.0,74697.88095238095,73360.78743927367,1.0,-0.15570826528868079,188,63275.0,95541.96808510639,125413.82079489212,1.0,-0.25728398896224813,2024,3,1,4,1,60,118,163,179,False,False,True,True,0.6666666666666666,Uttar Pradesh|Sitting Rajya Sabha|||Gyanpur|Tulsipur,168,238,200,168,False,water_uttar pradesh,water_sitting rajya sabha
Smt Jaya Bachchan,NA - Installing hand pumps,Normal/Others,Uttar Pradesh,Sitting Rajya Sabha,DISTRICT MAGISTRATE BHADOHI_IDA,,,Gyanpur,Golekkhara,2024-03-01,63275.0,Action Pending,Unsanctioned,Rajya Sabha,False,364,a76cda6689d4817cc000c940ff173f36,1,na installing hand pumps,26,4,4,water,False,False,True,False,False,False,False,False,11.05526138931847,0.158355795148248,200,63275.0,152708.3,281498.1621176738,1.0,-0.3177047385574563,250,63275.0,283357.784,490170.3503311154,1.0,-0.4489924448741783,168,63275.0,74697.88095238095,73360.78743927367,1.0,-0.15570826528868079,238,63275.0,240501.87394957984,440718.5852830861,1.0,-0.4021316093028887,168,63275.0,74697.88095238095,73360.78743927367,1.0,-0.15570826528868079,188,63275.0,95541.96808510639,125413.82079489212,1.0,-0.25728398896224813,2024,3,1,4,1,60,118,164,180,False,False,True,True,0.6666666666666666,Uttar Pradesh|Sitting Rajya Sabha|||Gyanpur|Golekkhara,168,238,200,168,False,water_uttar pradesh,water_sitting rajya sabha
Smt Jaya Bachchan,NA - Installing hand pumps,Normal/Others,Uttar Pradesh,Sitting Rajya Sabha,DISTRICT MAGISTRATE BHADOHI_IDA,,,Gyanpur,Sagar Raipur,2024-03-01,63275.0,Action Pending,Unsanctioned,Rajya Sabha,False,365,0234bfec8df8ec0b6c785c3e8133aa91,7,na installing hand pumps,26,4,4,water,False,False,True,False,False,False,False,False,11.05526138931847,0.158355795148248,200,63275.0,152708.3,281498.1621176738,1.0,-0.3177047385574563,250,63275.0,283357.784,490170.3503311154,1.0,-0.4489924448741783,168,63275.0,74697.88095238095,73360.78743927367,1.0,-0.15570826528868079,238,63275.0,240501.87394957984,440718.5852830861,1.0,-0.4021316093028887,168,63275.0,74697.88095238095,73360.78743927367,1.0,-0.15570826528868079,188,63275.0,95541.96808510639,125413.82079489212,1.0,-0.25728398896224813,2024,3,1,4,1,60,118,165,181,False,False,True,True,0.6666666666666666,Uttar Pradesh|Sitting Rajya Sabha|||Gyanpur|Sagar Raipur,168,238,200,168,True,water_uttar pradesh,water_sitting rajya sabha
Smt Jaya Bachchan,NA - Installing hand pumps,Normal/Others,Uttar Pradesh,Sitting Rajya Sabha,DISTRICT MAGISTRATE BHADOHI_IDA,,,Gyanpur,Sagar Raipur,2024-03-01,63275.0,Action Pending,Unsanctioned,Rajya Sabha,False,366,0234bfec8df8ec0b6c785c3e8133aa91,7,na installing hand pumps,26,4,4,water,False,False,True,False,False,False,False,False,11.05526138931847,0.158355795148248,200,63275.0,152708.3,281498.1621176738,1.0,-0.3177047385574563,250,63275.0,283357.784,490170.3503311154,1.0,-0.4489924448741783,168,63275.0,74697.88095238095,73360.78743927367,1.0,-0.15570826528868079,238,63275.0,240501.87394957984,440718.5852830861,1.0,-0.4021316093028887,168,63275.0,74697.88095238095,73360.78743927367,1.0,-0.15570826528868079,188,63275.0,95541.96808510639,125413.82079489212,1.0,-0.25728398896224813,2024,3,1,4,1,60,118,166,182,False,False,True,True,0.6666666666666666,Uttar Pradesh|Sitting Rajya Sabha|||Gyanpur|Sagar Raipur,168,238,200,168,True,water_uttar pradesh,water_sitting rajya sabha
Smt Jaya Bachchan,NA - Installing hand pumps,Normal/Others,Uttar Pradesh,Sitting Rajya Sabha,DISTRICT MAGISTRATE BHADOHI_IDA,,,Aurai,Savara Raghunathpur,2024-03-01,63275.0,Action Pending,Unsanctioned,Rajya Sabha,False,367,7cbf054a35b7430a6243bfcfb97687b4,2,na installing hand pumps,26,4,4,water,False,False,True,False,False,False,False,False,11.05526138931847,0.158355795148248,200,63275.0,152708.3,281498.1621176738,1.0,-0.3177047385574563,250,63275.0,283357.784,490170.3503311154,1.0,-0.4489924448741783,168,63275.0,74697.88095238095,73360.78743927367,1.0,-0.15570826528868079,238,63275.0,240501.87394957984,440718.5852830861,1.0,-0.4021316093028887,168,63275.0,74697.88095238095,73360.78743927367,1.0,-0.15570826528868079,188,63275.0,95541.96808510639,125413.82079489212,1.0,-0.25728398896224813,2024,3,1,4,1,60,118,167,183,False,False,True,True,0.6666666666666666,Uttar Pradesh|Sitting Rajya Sabha|||Aurai|Savara Raghunathpur,168,238,200,168,True,water_uttar pradesh,water_sitting rajya sabha
Smt Jaya Bachchan,NA - Installing hand pumps,Normal/Others,Uttar Pradesh,Sitting Rajya Sabha,DISTRICT MAGISTRATE BHADOHI_IDA,,,Aurai,Dhamahapur,2024-03-01,63275.0,Action Pending,Unsanctioned,Rajya Sabha,False,368,f50fa9bdc63cf68bb39e14c1c2423b44,2,na installing hand pumps,26,4,4,water,False,False,True,False,False,False,False,False,11.05526138931847,0.158355795148248,200,63275.0,152708.3,281498.1621176738,1.0,-0.3177047385574563,250,63275.0,283357.784,490170.3503311154,1.0,-0.4489924448741783,168,63275.0,74697.88095238095,73360.78743927367,1.0,-0.15570826528868079,238,63275.0,240501.87394957984,440718.5852830861,1.0,-0.4021316093028887,168,63275.0,74697.88095238095,73360.78743927367,1.0,-0.15570826528868079,188,63275.0,95541.96808510639,125413.82079489212,1.0,-0.25728398896224813,2024,3,1,4,1,60,118,154,169,False,False,True,True,0.6666666666666666,Uttar Pradesh|Sitting Rajya Sabha|||Aurai|Dhamahapur,168,238,200,168,True,water_uttar pradesh,water_sitting rajya sabha
Smt Jaya Bachchan,NA - Installing hand pumps,Normal/Others,Uttar Pradesh,Sitting Rajya Sabha,DISTRICT MAGISTRATE BHADOHI_IDA,,,Gyanpur,Sagar Raipur,2024-03-01,63275.0,Action Pending,Unsanctioned,Rajya Sabha,False,369,0234bfec8df8ec0b6c785c3e8133aa91,7,na installing hand pumps,26,4,4,water,False,False,True,False,False,False,False,False,11.05526138931847,0.158355795148248,200,63275.0,152708.3,281498.1621176738,1.0,-0.3177047385574563,250,63275.0,283357.784,490170.3503311154,1.0,-0.4489924448741783,168,63275.0,74697.88095238095,73360.78743927367,1.0,-0.15570826528868079,238,63275.0,240501.87394957984,440718.5852830861,1.0,-0.4021316093028887,168,63275.0,74697.88095238095,73360.78743927367,1.0,-0.15570826528868079,188,63275.0,95541.96808510639,125413.82079489212,1.0,-0.25728398896224813,2024,3,1,4,1,60,118,155,170,False,False,True,True,0.6666666666666666,Uttar Pradesh|Sitting Rajya Sabha|||Gyanpur|Sagar Raipur,168,238,200,168,True,water_uttar pradesh,water_sitting rajya sabha
Smt Jaya Bachchan,NA - Installing hand pumps,Normal/Others,Uttar Pradesh,Sitting Rajya Sabha,DISTRICT MAGISTRATE BHADOHI_IDA,,,Bhadohi,Nawada Kala,2024-03-01,63275.0,Action Pending,Unsanctioned,Rajya Sabha,False,370,473e71ac22a6b7921aa8155ab79e4620,1,na installing hand pumps,26,4,4,water,False,False,True,False,False,False,False,False,11.05526138931847,0.158355795148248,200,63275.0,152708.3,281498.1621176738,1.0,-0.3177047385574563,250,63275.0,283357.784,490170.3503311154,1.0,-0.4489924448741783,168,63275.0,74697.88095238095,73360.78743927367,1.0,-0.15570826528868079,238,63275.0,240501.87394957984,440718.5852830861,1.0,-0.4021316093028887,168,63275.0,74697.88095238095,73360.78743927367,1.0,-0.15570826528868079,188,63275.0,95541.96808510639,125413.82079489212,1.0,-0.25728398896224813,2024,3,1,4,1,60,118,153,168,False,False,True,True,0.6666666666666666,Uttar Pradesh|Sitting Rajya Sabha|||Bhadohi|Nawada Kala,168,238,200,168,False,water_uttar pradesh,water_sitting rajya sabha
Smt Jaya Bachchan,NA - Installing hand pumps,Normal/Others,Uttar Pradesh,Sitting Rajya Sabha,DISTRICT MAGISTRATE BHADOHI_IDA,,,Gyanpur,Sagar Raipur,2024-03-01,63275.0,Action Pending,Unsanctioned,Rajya Sabha,False,371,0234bfec8df8ec0b6c785c3e8133aa91,7,na installing hand pumps,26,4,4,water,False,False,True,False,False,False,False,False,11.05526138931847,0.158355795148248,200,63275.0,152708.3,281498.1621176738,1.0,-0.3177047385574563,250,63275.0,283357.784,490170.3503311154,1.0,-0.4489924448741783,168,63275.0,74697.88095238095,73360.78743927367,1.0,-0.15570826528868079,238,63275.0,240501.87394957984,440718.5852830861,1.0,-0.4021316093028887,168,63275.0,74697.88095238095,73360.78743927367,1.0,-0.15570826528868079,188,63275.0,95541.96808510639,125413.82079489212,1.0,-0.25728398896224813,2024,3,1,4,1,60,118,131,146,False,False,True,True,0.6666666666666666,Uttar Pradesh|Sitting Rajya Sabha|||Gyanpur|Sagar Raipur,168,238,200,168,True,water_uttar pradesh,water_sitting rajya sabha
Smt Jaya Bachchan,NA - Installing hand pumps,Normal/Others,Uttar Pradesh,Sitting Rajya Sabha,DISTRICT MAGISTRATE BHADOHI_IDA,,,Bhadohi,Duhiya,2024-03-01,63275.0,Action Pending,Unsanctioned,Rajya Sabha,False,372,24555453594427f075118ed2a62641b2,1,na installing hand pumps,26,4,4,water,False,False,True,False,False,False,False,False,11.05526138931847,0.158355795148248,200,63275.0,152708.3,281498.1621176738,1.0,-0.3177047385574563,250,63275.0,283357.784,490170.3503311154,1.0,-0.4489924448741783,168,63275.0,74697.88095238095,73360.78743927367,1.0,-0.15570826528868079,238,63275.0,240501.87394957984,440718.5852830861,1.0,-0.4021316093028887,168,63275.0,74697.88095238095,73360.78743927367,1.0,-0.15570826528868079,188,63275.0,95541.96808510639,125413.82079489212,1.0,-0.25728398896224813,2024,3,1,4,1,60,118,127,142,False,False,True,True,0.6666666666666666,Uttar Pradesh|Sitting Rajya Sabha|||Bhadohi|Duhiya,168,238,200,168,False,water_uttar pradesh,water_sitting rajya sabha
Smt Jaya Bachchan,NA - Installing hand pumps,Normal/Others,Uttar Pradesh,Sitting Rajya Sabha,DISTRICT MAGISTRATE BHADOHI_IDA,,,Aurai,Khamariya 1,2024-03-01,63275.0,Action Pending,Unsanctioned,Rajya Sabha,False,373,883cc683b52a1eaa9cc3a42464cb6731,1,na installing hand pumps,26,4,4,water,False,False,True,False,False,False,False,False,11.05526138931847,0.158355795148248,200,63275.0,152708.3,281498.1621176738,1.0,-0.3177047385574563,250,63275.0,283357.784,490170.3503311154,1.0,-0.4489924448741783,168,63275.0,74697.88095238095,73360.78743927367,1.0,-0.15570826528868079,238,63275.0,240501.87394957984,440718.5852830861,1.0,-0.4021316093028887,168,63275.0,74697.88095238095,73360.78743927367,1.0,-0.15570826528868079,188,63275.0,95541.96808510639,125413.82079489212,1.0,-0.25728398896224813,2024,3,1,4,1,60,118,126,141,False,False,True,True,0.6666666666666666,Uttar Pradesh|Sitting Rajya Sabha|||Aurai|Khamariya 1,168,238,200,168,False,water_uttar pradesh,water_sitting rajya sabha
SHRI Sudhanshu Trivedi,"WS/MP199/2023-2024/117759 - Construction of roads, link roads, pathways or any other road with or without drainage system",Normal/Others,Uttar Pradesh,Sitting Rajya Sabha,DISTRICT MAGISTRAE LUCKNOW_IDA,Lucknow,Lucknow (M Corp.) - Ward No.43,,,2024-03-01,663000.0,Approved by IDA,Unsanctioned,Rajya Sabha,False,374,00004d68269d9ba894f8885d12d8f069,1,ws mp199 2023 2024 117759 construction of roads link roads pathways or any other road with or without drainage system,121,20,18,road,True,False,False,False,False,False,True,False,13.404531777462488,0.8382749326145552,200,63275.0,152708.3,281498.1621176738,10.478071908336625,1.812770982805509,250,63275.0,283357.784,490170.3503311154,10.478071908336625,0.7745107710891684,4,,,,,,238,63275.0,240501.87394957984,440718.5852830861,10.478071908336625,0.9586573840062532,6,876000.0,963333.3333333334,511687.2742864206,0.7568493150684932,-0.5869470444661081,147,500000.0,549006.8027210884,314411.18040611234,1.326,0.3625608896339855,2024,3,1,4,1,4,118,3,140,True,True,False,False,0.6666666666666666,Uttar Pradesh|Sitting Rajya Sabha|Lucknow|Lucknow (M Corp.) - Ward No.43||,4,238,200,6,False,road_uttar pradesh,road_sitting rajya sabha
SHRI Sudhanshu Trivedi,"WS/MP199/2023-2024/117760 - Construction of roads, link roads, pathways or any other road with or without drainage system",Normal/Others,Uttar Pradesh,Sitting Rajya Sabha,DISTRICT MAGISTRAE LUCKNOW_IDA,Lucknow,Lucknow (M Corp.) - Ward No.100,,,2024-03-01,698000.0,Approved by IDA,Unsanctioned,Rajya Sabha,False,375,69a07aaefc2e764521dc06c3f00856fb,1,ws mp199 2023 2024 117760 construction of roads link roads pathways or any other road with or without drainage system,121,20,18,road,True,False,False,False,False,False,True,False,13.455975814408239,0.8409703504043127,200,63275.0,152708.3,281498.1621176738,11.031212959304623,1.9371057199728836,250,63275.0,283357.784,490170.3503311154,11.031212959304623,0.845914518738036,4,,,,,,238,63275.0,240501.87394957984,440718.5852830861,11.031212959304623,1.0380731408378343,6,876000.0,963333.3333333334,511687.2742864206,0.7968036529680366,-0.5185458905605128,147,500000.0,549006.8027210884,314411.18040611234,1.396,0.4738800862185087,2024,3,1,4,1,4,118,2,139,True,True,False,False,0.6666666666666666,Uttar Pradesh|Sitting Rajya Sabha|Lucknow|Lucknow (M Corp.) - Ward No.100||,4,238,200,6,False,road_uttar pradesh,road_sitting rajya sabha
Smt Jaya Bachchan,NA - Installing hand pumps,Normal/Others,Uttar Pradesh,Sitting Rajya Sabha,DISTRICT MAGISTRATE BHADOHI_IDA,,,Bhadohi,Kapuripur,2024-03-01,63275.0,Action Pending,Unsanctioned,Rajya Sabha,False,376,749a9a26586c9e31b285d5196c4abba7,1,na installing hand pumps,26,4,4,water,False,False,True,False,False,False,False,False,11.05526138931847,0.158355795148248,200,63275.0,152708.3,281498.1621176738,1.0,-0.3177047385574563,250,63275.0,283357.784,490170.3503311154,1.0,-0.4489924448741783,168,63275.0,74697.88095238095,73360.78743927367,1.0,-0.15570826528868079,238,63275.0,240501.87394957984,440718.5852830861,1.0,-0.4021316093028887,168,63275.0,74697.88095238095,73360.78743927367,1.0,-0.15570826528868079,188,63275.0,95541.96808510639,125413.82079489212,1.0,-0.25728398896224813,2024,3,1,4,1,60,118,125,138,False,False,True,True,0.6666666666666666,Uttar Pradesh|Sitting Rajya Sabha|||Bhadohi|Kapuripur,168,238,200,168,False,water_uttar pradesh,water_sitting rajya sabha
Smt Jaya Bachchan,NA - Installing hand pumps,Normal/Others,Uttar Pradesh,Sitting Rajya Sabha,DISTRICT MAGISTRATE BHADOHI_IDA,,,Bhadohi,Kador,2024-03-01,63275.0,Action Pending,Unsanctioned,Rajya Sabha,False,377,416e39cbc6989427459fb84fbb6ebac3,1,na installing hand pumps,26,4,4,water,False,False,True,False,False,False,False,False,11.05526138931847,0.158355795148248,200,63275.0,152708.3,281498.1621176738,1.0,-0.3177047385574563,250,63275.0,283357.784,490170.3503311154,1.0,-0.4489924448741783,168,63275.0,74697.88095238095,73360.78743927367,1.0,-0.15570826528868079,238,63275.0,240501.87394957984,440718.5852830861,1.0,-0.4021316093028887,168,63275.0,74697.88095238095,73360.78743927367,1.0,-0.15570826528868079,188,63275.0,95541.96808510639,125413.82079489212,1.0,-0.25728398896224813,2024,3,1,4,1,60,118,124,137,False,False,True,True,0.6666666666666666,Uttar Pradesh|Sitting Rajya Sabha|||Bhadohi|Kador,168,238,200,168,False,water_uttar pradesh,water_sitting rajya sabha
Smt Jaya Bachchan,NA - Installing hand pumps,Normal/Others,Uttar Pradesh,Sitting Rajya Sabha,DISTRICT MAGISTRATE BHADOHI_IDA,,,Bhadohi,Haripatti,2024-03-01,63275.0,Action Pending,Unsanctioned,Rajya Sabha,False,378,8f04d6bfec548251c2817d2fea42bb7e,1,na installing hand pumps,26,4,4,water,False,False,True,False,False,False,False,False,11.05526138931847,0.158355795148248,200,63275.0,152708.3,281498.1621176738,1.0,-0.3177047385574563,250,63275.0,283357.784,490170.3503311154,1.0,-0.4489924448741783,168,63275.0,74697.88095238095,73360.78743927367,1.0,-0.15570826528868079,238,63275.0,240501.87394957984,440718.5852830861,1.0,-0.4021316093028887,168,63275.0,74697.88095238095,73360.78743927367,1.0,-0.15570826528868079,188,63275.0,95541.96808510639,125413.82079489212,1.0,-0.25728398896224813,2024,3,1,4,1,60,118,123,136,False,False,True,True,0.6666666666666666,Uttar Pradesh|Sitting Rajya Sabha|||Bhadohi|Haripatti,168,238,200,168,False,water_uttar pradesh,water_sitting rajya sabha
Smt Jaya Bachchan,NA - Installing hand pumps,Normal/Others,Uttar Pradesh,Sitting Rajya Sabha,DISTRICT MAGISTRATE BHADOHI_IDA,,,Bhadohi,Chak Banwari,2024-03-01,63275.0,Action Pending,Unsanctioned,Rajya Sabha,False,379,882e26c04c5c94a9948a5713f20bbf09,1,na installing hand pumps,26,4,4,water,False,False,True,False,False,False,False,False,11.05526138931847,0.158355795148248,200,63275.0,152708.3,281498.1621176738,1.0,-0.3177047385574563,250,63275.0,283357.784,490170.3503311154,1.0,-0.4489924448741783,168,63275.0,74697.88095238095,73360.78743927367,1.0,-0.15570826528868079,238,63275.0,240501.87394957984,440718.5852830861,1.0,-0.4021316093028887,168,63275.0,74697.88095238095,73360.78743927367,1.0,-0.15570826528868079,188,63275.0,95541.96808510639,125413.82079489212,1.0,-0.25728398896224813,2024,3,1,4,1,60,118,119,131,False,False,True,True,0.6666666666666666,Uttar Pradesh|Sitting Rajya Sabha|||Bhadohi|Chak Banwari,168,238,200,168,False,water_uttar pradesh,water_sitting rajya sabha
Smt Jaya Bachchan,NA - Installing hand pumps,Normal/Others,Uttar Pradesh,Sitting Rajya Sabha,DISTRICT MAGISTRATE BHADOHI_IDA,,,Gyanpur,Mailauna,2024-03-01,63275.0,Action Pending,Unsanctioned,Rajya Sabha,False,380,59e43679a0ddd5117a3b249360f2a84e,1,na installing hand pumps,26,4,4,water,False,False,True,False,False,False,False,False,11.05526138931847,0.158355795148248,200,63275.0,152708.3,281498.1621176738,1.0,-0.3177047385574563,250,63275.0,283357.784,490170.3503311154,1.0,-0.4489924448741783,168,63275.0,74697.88095238095,73360.78743927367,1.0,-0.15570826528868079,238,63275.0,240501.87394957984,440718.5852830861,1.0,-0.4021316093028887,168,63275.0,74697.88095238095,73360.78743927367,1.0,-0.15570826528868079,188,63275.0,95541.96808510639,125413.82079489212,1.0,-0.25728398896224813,2024,3,1,4,1,60,118,121,134,False,False,True,True,0.6666666666666666,Uttar Pradesh|Sitting Rajya Sabha|||Gyanpur|Mailauna,168,238,200,168,False,water_uttar pradesh,water_sitting rajya sabha
SHRI Sudhanshu Trivedi,"WS/MP199/2023-2024/117758 - Construction of roads, link roads, pathways or any other road with or without drainage system",Normal/Others,Uttar Pradesh,Sitting Rajya Sabha,DISTRICT MAGISTRAE LUCKNOW_IDA,Lucknow,Lucknow (M Corp.) - Ward No.43,,,2024-03-01,1054000.0,Approved by IDA,Unsanctioned,Rajya Sabha,False,381,07b66d420d5ed6fa58519289c9541cba,1,ws mp199 2023 2024 117758 construction of roads link roads pathways or any other road with or without drainage system,121,20,18,road,True,False,False,False,False,False,True,False,13.868103956849598,0.9622641509433962,200,63275.0,152708.3,281498.1621176738,16.657447649150534,3.2017676180181804,250,63275.0,283357.784,490170.3503311154,16.657447649150534,1.5721926376808038,4,,,,,,238,63275.0,240501.87394957984,440718.5852830861,16.657447649150534,1.8458448388962019,6,876000.0,963333.3333333334,511687.2742864206,1.2031963470319635,0.17719156059354196,147,500000.0,549006.8027210884,314411.18040611234,2.108,1.6061553429068014,2024,3,1,4,1,4,118,1,133,True,True,False,False,0.6666666666666666,Uttar Pradesh|Sitting Rajya Sabha|Lucknow|Lucknow (M Corp.) - Ward No.43||,4,238,200,6,False,road_uttar pradesh,road_sitting rajya sabha
Smt Jaya Bachchan,NA - Installing hand pumps,Normal/Others,Uttar Pradesh,Sitting Rajya Sabha,DISTRICT MAGISTRATE BHADOHI_IDA,,,Bhadohi,Gopipur,2024-03-01,63275.0,Action Pending,Unsanctioned,Rajya Sabha,False,382,6ff747f64f70d7aaaf3943cb75470b31,1,na installing hand pumps,26,4,4,water,False,False,True,False,False,False,False,False,11.05526138931847,0.158355795148248,200,63275.0,152708.3,281498.1621176738,1.0,-0.3177047385574563,250,63275.0,283357.784,490170.3503311154,1.0,-0.4489924448741783,168,63275.0,74697.88095238095,73360.78743927367,1.0,-0.15570826528868079,238,63275.0,240501.87394957984,440718.5852830861,1.0,-0.4021316093028887,168,63275.0,74697.88095238095,73360.78743927367,1.0,-0.15570826528868079,188,63275.0,95541.96808510639,125413.82079489212,1.0,-0.25728398896224813,2024,3,1,4,1,60,118,120,132,False,False,True,True,0.6666666666666666,Uttar Pradesh|Sitting Rajya Sabha|||Bhadohi|Gopipur,168,238,200,168,False,water_uttar pradesh,water_sitting rajya sabha
Smt Jaya Bachchan,NA - Installing hand pumps,Normal/Others,Uttar Pradesh,Sitting Rajya Sabha,DISTRICT MAGISTRATE BHADOHI_IDA,,,Gyanpur,Khedopur N. Koirauna,2024-03-01,63275.0,Action Pending,Unsanctioned,Rajya Sabha,False,383,e174d3afed7f866e439712a6738f00fb,4,na installing hand pumps,26,4,4,water,False,False,True,False,False,False,False,False,11.05526138931847,0.158355795148248,200,63275.0,152708.3,281498.1621176738,1.0,-0.3177047385574563,250,63275.0,283357.784,490170.3503311154,1.0,-0.4489924448741783,168,63275.0,74697.88095238095,73360.78743927367,1.0,-0.15570826528868079,238,63275.0,240501.87394957984,440718.5852830861,1.0,-0.4021316093028887,168,63275.0,74697.88095238095,73360.78743927367,1.0,-0.15570826528868079,188,63275.0,95541.96808510639,125413.82079489212,1.0,-0.25728398896224813,2024,3,1,4,1,60,118,128,143,False,False,True,True,0.6666666666666666,Uttar Pradesh|Sitting Rajya Sabha|||Gyanpur|Khedopur N. Koirauna,168,238,200,168,True,water_uttar pradesh,water_sitting rajya sabha
Smt Jaya Bachchan,NA - Installing hand pumps,Normal/Others,Uttar Pradesh,Sitting Rajya Sabha,DISTRICT MAGISTRATE BHADOHI_IDA,,,Gyanpur,Khedopur N. Koirauna,2024-03-01,63275.0,Action Pending,Unsanctioned,Rajya Sabha,False,384,e174d3afed7f866e439712a6738f00fb,4,na installing hand pumps,26,4,4,water,False,False,True,False,False,False,False,False,11.05526138931847,0.158355795148248,200,63275.0,152708.3,281498.1621176738,1.0,-0.3177047385574563,250,63275.0,283357.784,490170.3503311154,1.0,-0.4489924448741783,168,63275.0,74697.88095238095,73360.78743927367,1.0,-0.15570826528868079,238,63275.0,240501.87394957984,440718.5852830861,1.0,-0.4021316093028887,168,63275.0,74697.88095238095,73360.78743927367,1.0,-0.15570826528868079,188,63275.0,95541.96808510639,125413.82079489212,1.0,-0.25728398896224813,2024,3,1,4,1,60,118,118,130,False,False,True,True,0.6666666666666666,Uttar Pradesh|Sitting Rajya Sabha|||Gyanpur|Khedopur N. Koirauna,168,238,200,168,True,water_uttar pradesh,water_sitting rajya sabha
Smt Jaya Bachchan,NA - Installing hand pumps,Normal/Others,Uttar Pradesh,Sitting Rajya Sabha,DISTRICT MAGISTRATE BHADOHI_IDA,,,Gyanpur,Khedopur N. Koirauna,2024-03-01,63275.0,Action Pending,Unsanctioned,Rajya Sabha,False,385,e174d3afed7f866e439712a6738f00fb,4,na installing hand pumps,26,4,4,water,False,False,True,False,False,False,False,False,11.05526138931847,0.158355795148248,200,63275.0,152708.3,281498.1621176738,1.0,-0.3177047385574563,250,63275.0,283357.784,490170.3503311154,1.0,-0.4489924448741783,168,63275.0,74697.88095238095,73360.78743927367,1.0,-0.15570826528868079,238,63275.0,240501.87394957984,440718.5852830861,1.0,-0.4021316093028887,168,63275.0,74697.88095238095,73360.78743927367,1.0,-0.15570826528868079,188,63275.0,95541.96808510639,125413.82079489212,1.0,-0.25728398896224813,2024,3,1,4,1,60,118,117,129,False,False,True,True,0.6666666666666666,Uttar Pradesh|Sitting Rajya Sabha|||Gyanpur|Khedopur N. Koirauna,168,238,200,168,True,water_uttar pradesh,water_sitting rajya sabha
Smt Jaya Bachchan,NA - Installing hand pumps,Normal/Others,Uttar Pradesh,Sitting Rajya Sabha,DISTRICT MAGISTRATE BHADOHI_IDA,,,Gyanpur,Khedopur N. Koirauna,2024-03-01,63275.0,Action Pending,Unsanctioned,Rajya Sabha,False,386,e174d3afed7f866e439712a6738f00fb,4,na installing hand pumps,26,4,4,water,False,False,True,False,False,False,False,False,11.05526138931847,0.158355795148248,200,63275.0,152708.3,281498.1621176738,1.0,-0.3177047385574563,250,63275.0,283357.784,490170.3503311154,1.0,-0.4489924448741783,168,63275.0,74697.88095238095,73360.78743927367,1.0,-0.15570826528868079,238,63275.0,240501.87394957984,440718.5852830861,1.0,-0.4021316093028887,168,63275.0,74697.88095238095,73360.78743927367,1.0,-0.15570826528868079,188,63275.0,95541.96808510639,125413.82079489212,1.0,-0.25728398896224813,2024,3,1,4,1,60,118,116,128,False,False,True,True,0.6666666666666666,Uttar Pradesh|Sitting Rajya Sabha|||Gyanpur|Khedopur N. Koirauna,168,238,200,168,True,water_uttar pradesh,water_sitting rajya sabha
Smt Jaya Bachchan,NA - Installing hand pumps,Normal/Others,Uttar Pradesh,Sitting Rajya Sabha,DISTRICT MAGISTRATE BHADOHI_IDA,,,Aurai,Ghosiyna,2024-03-01,63275.0,Action Pending,Unsanctioned,Rajya Sabha,False,387,34c80569aa56b8daf58f8b54873617b6,1,na installing hand pumps,26,4,4,water,False,False,True,False,False,False,False,False,11.05526138931847,0.158355795148248,200,63275.0,152708.3,281498.1621176738,1.0,-0.3177047385574563,250,63275.0,283357.784,490170.3503311154,1.0,-0.4489924448741783,168,63275.0,74697.88095238095,73360.78743927367,1.0,-0.15570826528868079,238,63275.0,240501.87394957984,440718.5852830861,1.0,-0.4021316093028887,168,63275.0,74697.88095238095,73360.78743927367,1.0,-0.15570826528868079,188,63275.0,95541.96808510639,125413.82079489212,1.0,-0.25728398896224813,2024,3,1,4,1,60,118,115,127,False,False,True,True,0.6666666666666666,Uttar Pradesh|Sitting Rajya Sabha|||Aurai|Ghosiyna,168,238,200,168,False,water_uttar pradesh,water_sitting rajya sabha
Smt Jaya Bachchan,NA - Installing hand pumps,Normal/Others,Uttar Pradesh,Sitting Rajya Sabha,DISTRICT MAGISTRATE BHADOHI_IDA,,,Bhadohi,Parshottampur,2024-03-01,63275.0,Action Pending,Unsanctioned,Rajya Sabha,False,388,15d1b00eb94207e356889ba765b0586b,1,na installing hand pumps,26,4,4,water,False,False,True,False,False,False,False,False,11.05526138931847,0.158355795148248,200,63275.0,152708.3,281498.1621176738,1.0,-0.3177047385574563,250,63275.0,283357.784,490170.3503311154,1.0,-0.4489924448741783,168,63275.0,74697.88095238095,73360.78743927367,1.0,-0.15570826528868079,238,63275.0,240501.87394957984,440718.5852830861,1.0,-0.4021316093028887,168,63275.0,74697.88095238095,73360.78743927367,1.0,-0.15570826528868079,188,63275.0,95541.96808510639,125413.82079489212,1.0,-0.25728398896224813,2024,3,1,4,1,60,118,114,126,False,False,True,True,0.6666666666666666,Uttar Pradesh|Sitting Rajya Sabha|||Bhadohi|Parshottampur,168,238,200,168,False,water_uttar pradesh,water_sitting rajya sabha
Smt Jaya Bachchan,NA - Installing hand pumps,Normal/Others,Uttar Pradesh,Sitting Rajya Sabha,DISTRICT MAGISTRATE BHADOHI_IDA,,,Aurai,Chandrapura,2024-03-01,63275.0,Action Pending,Unsanctioned,Rajya Sabha,False,389,b9f08bb7b6fd95eaffbe3d2670309ccc,1,na installing hand pumps,26,4,4,water,False,False,True,False,False,False,False,False,11.05526138931847,0.158355795148248,200,63275.0,152708.3,281498.1621176738,1.0,-0.3177047385574563,250,63275.0,283357.784,490170.3503311154,1.0,-0.4489924448741783,168,63275.0,74697.88095238095,73360.78743927367,1.0,-0.15570826528868079,238,63275.0,240501.87394957984,440718.5852830861,1.0,-0.4021316093028887,168,63275.0,74697.88095238095,73360.78743927367,1.0,-0.15570826528868079,188,63275.0,95541.96808510639,125413.82079489212,1.0,-0.25728398896224813,2024,3,1,4,1,60,118,113,125,False,False,True,True,0.6666666666666666,Uttar Pradesh|Sitting Rajya Sabha|||Aurai|Chandrapura,168,238,200,168,False,water_uttar pradesh,water_sitting rajya sabha
Smt Jaya Bachchan,NA - Installing hand pumps,Normal/Others,Uttar Pradesh,Sitting Rajya Sabha,DISTRICT MAGISTRATE BHADOHI_IDA,,,Aurai,Bejavan,2024-03-01,63275.0,Action Pending,Unsanctioned,Rajya Sabha,False,390,080e4f5ac8bbd061b798ebebc1d95d93,2,na installing hand pumps,26,4,4,water,False,False,True,False,False,False,False,False,11.05526138931847,0.158355795148248,200,63275.0,152708.3,281498.1621176738,1.0,-0.3177047385574563,250,63275.0,283357.784,490170.3503311154,1.0,-0.4489924448741783,168,63275.0,74697.88095238095,73360.78743927367,1.0,-0.15570826528868079,238,63275.0,240501.87394957984,440718.5852830861,1.0,-0.4021316093028887,168,63275.0,74697.88095238095,73360.78743927367,1.0,-0.15570826528868079,188,63275.0,95541.96808510639,125413.82079489212,1.0,-0.25728398896224813,2024,3,1,4,1,60,118,112,124,False,False,True,True,0.6666666666666666,Uttar Pradesh|Sitting Rajya Sabha|||Aurai|Bejavan,168,238,200,168,True,water_uttar pradesh,water_sitting rajya sabha
Smt Jaya Bachchan,NA - Installing hand pumps,Normal/Others,Uttar Pradesh,Sitting Rajya Sabha,DISTRICT MAGISTRATE BHADOHI_IDA,,,Aurai,Newad,2024-03-01,63275.0,Action Pending,Unsanctioned,Rajya Sabha,False,391,168270fa7146a96965785d5135f1e0f0,1,na installing hand pumps,26,4,4,water,False,False,True,False,False,False,False,False,11.05526138931847,0.158355795148248,200,63275.0,152708.3,281498.1621176738,1.0,-0.3177047385574563,250,63275.0,283357.784,490170.3503311154,1.0,-0.4489924448741783,168,63275.0,74697.88095238095,73360.78743927367,1.0,-0.15570826528868079,238,63275.0,240501.87394957984,440718.5852830861,1.0,-0.4021316093028887,168,63275.0,74697.88095238095,73360.78743927367,1.0,-0.15570826528868079,188,63275.0,95541.96808510639,125413.82079489212,1.0,-0.25728398896224813,2024,3,1,4,1,60,118,111,123,False,False,True,True,0.6666666666666666,Uttar Pradesh|Sitting Rajya Sabha|||Aurai|Newad,168,238,200,168,False,water_uttar pradesh,water_sitting rajya sabha
Smt Jaya Bachchan,NA - Installing hand pumps,Normal/Others,Uttar Pradesh,Sitting Rajya Sabha,DISTRICT MAGISTRATE BHADOHI_IDA,,,Aurai,Aurangabad,2024-03-01,63275.0,Action Pending,Unsanctioned,Rajya Sabha,False,392,977f29af62eed2943980145a281b10d8,1,na installing hand pumps,26,4,4,water,False,False,True,False,False,False,False,False,11.05526138931847,0.158355795148248,200,63275.0,152708.3,281498.1621176738,1.0,-0.3177047385574563,250,63275.0,283357.784,490170.3503311154,1.0,-0.4489924448741783,168,63275.0,74697.88095238095,73360.78743927367,1.0,-0.15570826528868079,238,63275.0,240501.87394957984,440718.5852830861,1.0,-0.4021316093028887,168,63275.0,74697.88095238095,73360.78743927367,1.0,-0.15570826528868079,188,63275.0,95541.96808510639,125413.82079489212,1.0,-0.25728398896224813,2024,3,1,4,1,60,118,110,122,False,False,True,True,0.6666666666666666,Uttar Pradesh|Sitting Rajya Sabha|||Aurai|Aurangabad,168,238,200,168,False,water_uttar pradesh,water_sitting rajya sabha
Smt Jaya Bachchan,NA - Installing hand pumps,Normal/Others,Uttar Pradesh,Sitting Rajya Sabha,DISTRICT MAGISTRATE BHADOHI_IDA,,,Aurai,Narathua,2024-03-01,63275.0,Action Pending,Unsanctioned,Rajya Sabha,False,393,9e382acea55695ea8a45869ede26be84,1,na installing hand pumps,26,4,4,water,False,False,True,False,False,False,False,False,11.05526138931847,0.158355795148248,200,63275.0,152708.3,281498.1621176738,1.0,-0.3177047385574563,250,63275.0,283357.784,490170.3503311154,1.0,-0.4489924448741783,168,63275.0,74697.88095238095,73360.78743927367,1.0,-0.15570826528868079,238,63275.0,240501.87394957984,440718.5852830861,1.0,-0.4021316093028887,168,63275.0,74697.88095238095,73360.78743927367,1.0,-0.15570826528868079,188,63275.0,95541.96808510639,125413.82079489212,1.0,-0.25728398896224813,2024,3,1,4,1,60,118,109,121,False,False,True,True,0.6666666666666666,Uttar Pradesh|Sitting Rajya Sabha|||Aurai|Narathua,168,238,200,168,False,water_uttar pradesh,water_sitting rajya sabha
Smt Jaya Bachchan,NA - Installing hand pumps,Normal/Others,Uttar Pradesh,Sitting Rajya Sabha,DISTRICT MAGISTRATE BHADOHI_IDA,,,Aurai,Madhopur,2024-03-01,63275.0,Action Pending,Unsanctioned,Rajya Sabha,False,394,38b40968f7f7cab099307af0ba6fe3bf,1,na installing hand pumps,26,4,4,water,False,False,True,False,False,False,False,False,11.05526138931847,0.158355795148248,200,63275.0,152708.3,281498.1621176738,1.0,-0.3177047385574563,250,63275.0,283357.784,490170.3503311154,1.0,-0.4489924448741783,168,63275.0,74697.88095238095,73360.78743927367,1.0,-0.15570826528868079,238,63275.0,240501.87394957984,440718.5852830861,1.0,-0.4021316093028887,168,63275.0,74697.88095238095,73360.78743927367,1.0,-0.15570826528868079,188,63275.0,95541.96808510639,125413.82079489212,1.0,-0.25728398896224813,2024,3,1,4,1,60,118,122,135,False,False,True,True,0.6666666666666666,Uttar Pradesh|Sitting Rajya Sabha|||Aurai|Madhopur,168,238,200,168,False,water_uttar pradesh,water_sitting rajya sabha
Sonal Mansingh (NRS),NA - Construction of rooms and halls in school and colleges,Normal/Others,Gujarat,Nominated Rajya Sabha,DISTRICT PLANNING OFFICER SIWAN_IDA,,,Siwan,Sarsar,2024-03-01,1000000.0,Action Pending,Unsanctioned,Rajya Sabha,False,395,b56ac9ba48aa89cc012fba4533555eeb,1,na construction of rooms and halls in school and colleges,59,10,9,building,False,True,False,False,True,False,False,False,13.815511557963774,0.9420485175202157,5,450000.0,560000.0,248495.47279578357,2.2222222222222223,1.7706560004881742,250,63275.0,283357.784,490170.3503311154,15.804030027657053,1.4620268555939795,1,,,,,,12,950000.0,1133333.3333333333,652733.1813693908,1.0526315789473684,-0.2042692743972488,1,,,,,,197,500000.0,630154.3248730964,588758.041654943,2.0,0.6281794030146959,2024,3,1,4,1,1,1,1,12,False,False,True,True,0.6666666666666666,Gujarat|Nominated Rajya Sabha|||Siwan|Sarsar,1,12,5,1,False,building_gujarat,building_nominated rajya sabha
Smt Jaya Bachchan,NA - Installing hand pumps,Normal/Others,Uttar Pradesh,Sitting Rajya Sabha,DISTRICT MAGISTRATE BHADOHI_IDA,,,Aurai,Bejavan,2024-03-01,63275.0,Action Pending,Unsanctioned,Rajya Sabha,False,396,080e4f5ac8bbd061b798ebebc1d95d93,2,na installing hand pumps,26,4,4,water,False,False,True,False,False,False,False,False,11.05526138931847,0.158355795148248,200,63275.0,152708.3,281498.1621176738,1.0,-0.3177047385574563,250,63275.0,283357.784,490170.3503311154,1.0,-0.4489924448741783,168,63275.0,74697.88095238095,73360.78743927367,1.0,-0.15570826528868079,238,63275.0,240501.87394957984,440718.5852830861,1.0,-0.4021316093028887,168,63275.0,74697.88095238095,73360.78743927367,1.0,-0.15570826528868079,188,63275.0,95541.96808510639,125413.82079489212,1.0,-0.25728398896224813,2024,3,1,4,1,60,118,151,166,False,False,True,True,0.6666666666666666,Uttar Pradesh|Sitting Rajya Sabha|||Aurai|Bejavan,168,238,200,168,True,water_uttar pradesh,water_sitting rajya sabha
Smt Jaya Bachchan,NA - Installing hand pumps,Normal/Others,Uttar Pradesh,Sitting Rajya Sabha,DISTRICT MAGISTRATE BHADOHI_IDA,,,Aurai,Heera Chak,2024-03-01,63275.0,Action Pending,Unsanctioned,Rajya Sabha,False,397,fde8e39042f9f674ccf2dbee24c05a05,3,na installing hand pumps,26,4,4,water,False,False,True,False,False,False,False,False,11.05526138931847,0.158355795148248,200,63275.0,152708.3,281498.1621176738,1.0,-0.3177047385574563,250,63275.0,283357.784,490170.3503311154,1.0,-0.4489924448741783,168,63275.0,74697.88095238095,73360.78743927367,1.0,-0.15570826528868079,238,63275.0,240501.87394957984,440718.5852830861,1.0,-0.4021316093028887,168,63275.0,74697.88095238095,73360.78743927367,1.0,-0.15570826528868079,188,63275.0,95541.96808510639,125413.82079489212,1.0,-0.25728398896224813,2024,3,1,4,1,60,118,130,145,False,False,True,True,0.6666666666666666,Uttar Pradesh|Sitting Rajya Sabha|||Aurai|Heera Chak,168,238,200,168,True,water_uttar pradesh,water_sitting rajya sabha
Smt Jaya Bachchan,NA - Installing hand pumps,Normal/Others,Uttar Pradesh,Sitting Rajya Sabha,DISTRICT MAGISTRATE BHADOHI_IDA,,,Aurai,Jathi,2024-03-01,63275.0,Action Pending,Unsanctioned,Rajya Sabha,False,398,768e56f6eaf2790d91d6e9e2a3d45fce,1,na installing hand pumps,26,4,4,water,False,False,True,False,False,False,False,False,11.05526138931847,0.158355795148248,200,63275.0,152708.3,281498.1621176738,1.0,-0.3177047385574563,250,63275.0,283357.784,490170.3503311154,1.0,-0.4489924448741783,168,63275.0,74697.88095238095,73360.78743927367,1.0,-0.15570826528868079,238,63275.0,240501.87394957984,440718.5852830861,1.0,-0.4021316093028887,168,63275.0,74697.88095238095,73360.78743927367,1.0,-0.15570826528868079,188,63275.0,95541.96808510639,125413.82079489212,1.0,-0.25728398896224813,2024,3,1,4,1,60,118,150,165,False,False,True,True,0.6666666666666666,Uttar Pradesh|Sitting Rajya Sabha|||Aurai|Jathi,168,238,200,168,False,water_uttar pradesh,water_sitting rajya sabha
Smt Jaya Bachchan,NA - Installing hand pumps,Normal/Others,Uttar Pradesh,Sitting Rajya Sabha,DISTRICT MAGISTRATE BHADOHI_IDA,,,Aurai,Heera Chak,2024-03-01,63275.0,Action Pending,Unsanctioned,Rajya Sabha,False,399,fde8e39042f9f674ccf2dbee24c05a05,3,na installing hand pumps,26,4,4,water,False,False,True,False,False,False,False,False,11.05526138931847,0.158355795148248,200,63275.0,152708.3,281498.1621176738,1.0,-0.3177047385574563,250,63275.0,283357.784,490170.3503311154,1.0,-0.4489924448741783,168,63275.0,74697.88095238095,73360.78743927367,1.0,-0.15570826528868079,238,63275.0,240501.87394957984,440718.5852830861,1.0,-0.4021316093028887,168,63275.0,74697.88095238095,73360.78743927367,1.0,-0.15570826528868079,188,63275.0,95541.96808510639,125413.82079489212,1.0,-0.25728398896224813,2024,3,1,4,1,60,118,149,164,False,False,True,True,0.6666666666666666,Uttar Pradesh|Sitting Rajya Sabha|||Aurai|Heera Chak,168,238,200,168,True,water_uttar pradesh,water_sitting rajya sabha
Smt Jaya Bachchan,NA - Installing hand pumps,Normal/Others,Uttar Pradesh,Sitting Rajya Sabha,DISTRICT MAGISTRATE BHADOHI_IDA,,,Aurai,Bhawanipur,2024-03-01,63275.0,Action Pending,Unsanctioned,Rajya Sabha,False,400,171e5bbaaabe6acdbedc9a852bd74380,2,na installing hand pumps,26,4,4,water,False,False,True,False,False,False,False,False,11.05526138931847,0.158355795148248,200,63275.0,152708.3,281498.1621176738,1.0,-0.3177047385574563,250,63275.0,283357.784,490170.3503311154,1.0,-0.4489924448741783,168,63275.0,74697.88095238095,73360.78743927367,1.0,-0.15570826528868079,238,63275.0,240501.87394957984,440718.5852830861,1.0,-0.4021316093028887,168,63275.0,74697.88095238095,73360.78743927367,1.0,-0.15570826528868079,188,63275.0,95541.96808510639,125413.82079489212,1.0,-0.25728398896224813,2024,3,1,4,1,60,118,148,163,False,False,True,True,0.6666666666666666,Uttar Pradesh|Sitting Rajya Sabha|||Aurai|Bhawanipur,168,238,200,168,True,water_uttar pradesh,water_sitting rajya sabha
Smt Jaya Bachchan,NA - Installing hand pumps,Normal/Others,Uttar Pradesh,Sitting Rajya Sabha,DISTRICT MAGISTRATE BHADOHI_IDA,,,Aurai,Bhawanipur,2024-03-01,63275.0,Action Pending,Unsanctioned,Rajya Sabha,False,401,171e5bbaaabe6acdbedc9a852bd74380,2,na installing hand pumps,26,4,4,water,False,False,True,False,False,False,False,False,11.05526138931847,0.158355795148248,200,63275.0,152708.3,281498.1621176738,1.0,-0.3177047385574563,250,63275.0,283357.784,490170.3503311154,1.0,-0.4489924448741783,168,63275.0,74697.88095238095,73360.78743927367,1.0,-0.15570826528868079,238,63275.0,240501.87394957984,440718.5852830861,1.0,-0.4021316093028887,168,63275.0,74697.88095238095,73360.78743927367,1.0,-0.15570826528868079,188,63275.0,95541.96808510639,125413.82079489212,1.0,-0.25728398896224813,2024,3,1,4,1,60,118,129,144,False,False,True,True,0.6666666666666666,Uttar Pradesh|Sitting Rajya Sabha|||Aurai|Bhawanipur,168,238,200,168,True,water_uttar pradesh,water_sitting rajya sabha
Smt Rama Devi,NA - Renovation of ponds and lakes,Normal/Others,Bihar,SHEOHAR,DISTRICT PLANNING OFFICER SEOHAR_IDA,,,Tariani Chowk,Pachra Bansi,2024-03-01,650000.0,Action Pending,Unsanctioned,Lok Sabha,False,402,ddbc84d4f35987fddb8121304b9c891f,1,na renovation of ponds and lakes,34,6,6,water,False,False,True,False,False,False,False,True,13.384729180332174,0.8322102425876011,25,487000.0,477040.0,69333.42147430294,1.3347022587268993,2.494612213304722,492,430000.0,471904.2174796748,412350.68459874584,1.5116279069767442,0.4319036906501765,1,,,,,,1,,,,,,1,,,,,,188,63275.0,95541.96808510639,125413.82079489212,10.272619517977084,4.421028148258726,2024,3,1,4,1,1,1,1,1,False,False,True,True,0.6666666666666666,Bihar|SHEOHAR|||Tariani Chowk|Pachra Bansi,1,1,25,1,False,water_bihar,water_sheohar
Prabhubhai Nagarbhai Vasava,NA - Fitting of Sitting RCC Benches in Public Places,Normal/Others,Gujarat,BARDOLI(ST),District collector Tapi_IDA,Vyara,Vyara (M) - Ward No.1,,,2024-03-01,450000.0,Action Pending,Unsanctioned,Lok Sabha,False,403,c4cb9a6af1ca74b0e4f7d8e57c35ba82,1,na fitting of sitting rcc benches in public places,52,9,9,other,False,False,False,False,False,False,False,False,13.017005083966255,0.6233153638814016,5,450000.0,560000.0,248495.47279578357,1.0,-0.44266400012204354,492,430000.0,471904.2174796748,412350.68459874584,1.0465116279069768,-0.05312036161887194,2,,,,,,2,,,,,,2,,,,,,50,100000.0,266712.36,314672.4568884196,4.5,0.582471188652499,2024,3,1,4,1,2,2,2,2,True,True,False,False,0.6666666666666666,Gujarat|BARDOLI(ST)|Vyara|Vyara (M) - Ward No.1||,2,2,5,2,False,other_gujarat,other_bardoli(st)
Prabhubhai Nagarbhai Vasava,NA - Fitting of Sitting RCC Benches in Public Places,Normal/Others,Gujarat,BARDOLI(ST),District collector Tapi_IDA,Songadh,Songadh (M) - Ward No.1,,,2024-03-01,450000.0,Action Pending,Unsanctioned,Lok Sabha,False,404,70af60bac365e2601d353a86beb609ce,1,na fitting of sitting rcc benches in public places,52,9,9,other,False,False,False,False,False,False,False,False,13.017005083966255,0.6233153638814016,5,450000.0,560000.0,248495.47279578357,1.0,-0.44266400012204354,492,430000.0,471904.2174796748,412350.68459874584,1.0465116279069768,-0.05312036161887194,2,,,,,,2,,,,,,2,,,,,,50,100000.0,266712.36,314672.4568884196,4.5,0.582471188652499,2024,3,1,4,1,2,2,1,1,True,True,False,False,0.6666666666666666,Gujarat|BARDOLI(ST)|Songadh|Songadh (M) - Ward No.1||,2,2,5,2,False,other_gujarat,other_bardoli(st)
Smt Jaya Bachchan,NA - Installing hand pumps,Normal/Others,Uttar Pradesh,Sitting Rajya Sabha,DISTRICT MAGISTRATE BHADOHI_IDA,,,Aurai,Khetalpur,2024-03-01,63275.0,Action Pending,Unsanctioned,Rajya Sabha,False,405,148285d89881de6cecfadeafe819b264,1,na installing hand pumps,26,4,4,water,False,False,True,False,False,False,False,False,11.05526138931847,0.158355795148248,200,63275.0,152708.3,281498.1621176738,1.0,-0.3177047385574563,250,63275.0,283357.784,490170.3503311154,1.0,-0.4489924448741783,168,63275.0,74697.88095238095,73360.78743927367,1.0,-0.15570826528868079,238,63275.0,240501.87394957984,440718.5852830861,1.0,-0.4021316093028887,168,63275.0,74697.88095238095,73360.78743927367,1.0,-0.15570826528868079,188,63275.0,95541.96808510639,125413.82079489212,1.0,-0.25728398896224813,2024,3,1,4,1,60,118,147,162,False,False,True,True,0.6666666666666666,Uttar Pradesh|Sitting Rajya Sabha|||Aurai|Khetalpur,168,238,200,168,False,water_uttar pradesh,water_sitting rajya sabha
Smt Jaya Bachchan,NA - Installing hand pumps,Normal/Others,Uttar Pradesh,Sitting Rajya Sabha,DISTRICT MAGISTRATE BHADOHI_IDA,,,Aurai,Natawa,2024-03-01,63275.0,Action Pending,Unsanctioned,Rajya Sabha,False,406,dc741f2f150ebf79579a6b0c4f001655,1,na installing hand pumps,26,4,4,water,False,False,True,False,False,False,False,False,11.05526138931847,0.158355795148248,200,63275.0,152708.3,281498.1621176738,1.0,-0.3177047385574563,250,63275.0,283357.784,490170.3503311154,1.0,-0.4489924448741783,168,63275.0,74697.88095238095,73360.78743927367,1.0,-0.15570826528868079,238,63275.0,240501.87394957984,440718.5852830861,1.0,-0.4021316093028887,168,63275.0,74697.88095238095,73360.78743927367,1.0,-0.15570826528868079,188,63275.0,95541.96808510639,125413.82079489212,1.0,-0.25728398896224813,2024,3,1,4,1,60,118,146,161,False,False,True,True,0.6666666666666666,Uttar Pradesh|Sitting Rajya Sabha|||Aurai|Natawa,168,238,200,168,False,water_uttar pradesh,water_sitting rajya sabha
Smt Jaya Bachchan,NA - Installing hand pumps,Normal/Others,Uttar Pradesh,Sitting Rajya Sabha,DISTRICT MAGISTRATE BHADOHI_IDA,,,Aurai,Faudipur,2024-03-01,63275.0,Action Pending,Unsanctioned,Rajya Sabha,False,407,49768a661d469fd8f9fca064941de187,1,na installing hand pumps,26,4,4,water,False,False,True,False,False,False,False,False,11.05526138931847,0.158355795148248,200,63275.0,152708.3,281498.1621176738,1.0,-0.3177047385574563,250,63275.0,283357.784,490170.3503311154,1.0,-0.4489924448741783,168,63275.0,74697.88095238095,73360.78743927367,1.0,-0.15570826528868079,238,63275.0,240501.87394957984,440718.5852830861,1.0,-0.4021316093028887,168,63275.0,74697.88095238095,73360.78743927367,1.0,-0.15570826528868079,188,63275.0,95541.96808510639,125413.82079489212,1.0,-0.25728398896224813,2024,3,1,4,1,60,118,145,160,False,False,True,True,0.6666666666666666,Uttar Pradesh|Sitting Rajya Sabha|||Aurai|Faudipur,168,238,200,168,False,water_uttar pradesh,water_sitting rajya sabha
Smt Jaya Bachchan,NA - Installing hand pumps,Normal/Others,Uttar Pradesh,Sitting Rajya Sabha,DISTRICT MAGISTRATE BHADOHI_IDA,,,Aurai,Chagaura,2024-03-01,63275.0,Action Pending,Unsanctioned,Rajya Sabha,False,408,855b1540a44b1725b46253b551d44902,3,na installing hand pumps,26,4,4,water,False,False,True,False,False,False,False,False,11.05526138931847,0.158355795148248,200,63275.0,152708.3,281498.1621176738,1.0,-0.3177047385574563,250,63275.0,283357.784,490170.3503311154,1.0,-0.4489924448741783,168,63275.0,74697.88095238095,73360.78743927367,1.0,-0.15570826528868079,238,63275.0,240501.87394957984,440718.5852830861,1.0,-0.4021316093028887,168,63275.0,74697.88095238095,73360.78743927367,1.0,-0.15570826528868079,188,63275.0,95541.96808510639,125413.82079489212,1.0,-0.25728398896224813,2024,3,1,4,1,60,118,144,159,False,False,True,True,0.6666666666666666,Uttar Pradesh|Sitting Rajya Sabha|||Aurai|Chagaura,168,238,200,168,True,water_uttar pradesh,water_sitting rajya sabha
Smt Jaya Bachchan,NA - Installing hand pumps,Normal/Others,Uttar Pradesh,Sitting Rajya Sabha,DISTRICT MAGISTRATE BHADOHI_IDA,,,Aurai,Bandi Patti,2024-03-01,63275.0,Action Pending,Unsanctioned,Rajya Sabha,False,409,7833abf66b8bfb860e5d303366b64a29,1,na installing hand pumps,26,4,4,water,False,False,True,False,False,False,False,False,11.05526138931847,0.158355795148248,200,63275.0,152708.3,281498.1621176738,1.0,-0.3177047385574563,250,63275.0,283357.784,490170.3503311154,1.0,-0.4489924448741783,168,63275.0,74697.88095238095,73360.78743927367,1.0,-0.15570826528868079,238,63275.0,240501.87394957984,440718.5852830861,1.0,-0.4021316093028887,168,63275.0,74697.88095238095,73360.78743927367,1.0,-0.15570826528868079,188,63275.0,95541.96808510639,125413.82079489212,1.0,-0.25728398896224813,2024,3,1,4,1,60,118,152,167,False,False,True,True,0.6666666666666666,Uttar Pradesh|Sitting Rajya Sabha|||Aurai|Bandi Patti,168,238,200,168,False,water_uttar pradesh,water_sitting rajya sabha
Smt Jaya Bachchan,NA - Installing hand pumps,Normal/Others,Uttar Pradesh,Sitting Rajya Sabha,DISTRICT MAGISTRATE BHADOHI_IDA,,,Aurai,Kathari,2024-03-01,63275.0,Action Pending,Unsanctioned,Rajya Sabha,False,410,1e13a23bf165d65abef27e912a0224c7,4,na installing hand pumps,26,4,4,water,False,False,True,False,False,False,False,False,11.05526138931847,0.158355795148248,200,63275.0,152708.3,281498.1621176738,1.0,-0.3177047385574563,250,63275.0,283357.784,490170.3503311154,1.0,-0.4489924448741783,168,63275.0,74697.88095238095,73360.78743927367,1.0,-0.15570826528868079,238,63275.0,240501.87394957984,440718.5852830861,1.0,-0.4021316093028887,168,63275.0,74697.88095238095,73360.78743927367,1.0,-0.15570826528868079,188,63275.0,95541.96808510639,125413.82079489212,1.0,-0.25728398896224813,2024,3,1,4,1,60,118,143,158,False,False,True,True,0.6666666666666666,Uttar Pradesh|Sitting Rajya Sabha|||Aurai|Kathari,168,238,200,168,True,water_uttar pradesh,water_sitting rajya sabha
Smt Jaya Bachchan,NA - Installing hand pumps,Normal/Others,Uttar Pradesh,Sitting Rajya Sabha,DISTRICT MAGISTRATE BHADOHI_IDA,,,Aurai,Kathari,2024-03-01,63275.0,Action Pending,Unsanctioned,Rajya Sabha,False,411,1e13a23bf165d65abef27e912a0224c7,4,na installing hand pumps,26,4,4,water,False,False,True,False,False,False,False,False,11.05526138931847,0.158355795148248,200,63275.0,152708.3,281498.1621176738,1.0,-0.3177047385574563,250,63275.0,283357.784,490170.3503311154,1.0,-0.4489924448741783,168,63275.0,74697.88095238095,73360.78743927367,1.0,-0.15570826528868079,238,63275.0,240501.87394957984,440718.5852830861,1.0,-0.4021316093028887,168,63275.0,74697.88095238095,73360.78743927367,1.0,-0.15570826528868079,188,63275.0,95541.96808510639,125413.82079489212,1.0,-0.25728398896224813,2024,3,1,4,1,60,118,142,157,False,False,True,True,0.6666666666666666,Uttar Pradesh|Sitting Rajya Sabha|||Aurai|Kathari,168,238,200,168,True,water_uttar pradesh,water_sitting rajya sabha
Smt Jaya Bachchan,NA - Installing hand pumps,Normal/Others,Uttar Pradesh,Sitting Rajya Sabha,DISTRICT MAGISTRATE BHADOHI_IDA,,,Aurai,Kathari,2024-03-01,63275.0,Action Pending,Unsanctioned,Rajya Sabha,False,412,1e13a23bf165d65abef27e912a0224c7,4,na installing hand pumps,26,4,4,water,False,False,True,False,False,False,False,False,11.05526138931847,0.158355795148248,200,63275.0,152708.3,281498.1621176738,1.0,-0.3177047385574563,250,63275.0,283357.784,490170.3503311154,1.0,-0.4489924448741783,168,63275.0,74697.88095238095,73360.78743927367,1.0,-0.15570826528868079,238,63275.0,240501.87394957984,440718.5852830861,1.0,-0.4021316093028887,168,63275.0,74697.88095238095,73360.78743927367,1.0,-0.15570826528868079,188,63275.0,95541.96808510639,125413.82079489212,1.0,-0.25728398896224813,2024,3,1,4,1,60,118,141,156,False,False,True,True,0.6666666666666666,Uttar Pradesh|Sitting Rajya Sabha|||Aurai|Kathari,168,238,200,168,True,water_uttar pradesh,water_sitting rajya sabha
Smt Jaya Bachchan,NA - Installing hand pumps,Normal/Others,Uttar Pradesh,Sitting Rajya Sabha,DISTRICT MAGISTRATE BHADOHI_IDA,,,Aurai,Kathari,2024-03-01,63275.0,Action Pending,Unsanctioned,Rajya Sabha,False,413,1e13a23bf165d65abef27e912a0224c7,4,na installing hand pumps,26,4,4,water,False,False,True,False,False,False,False,False,11.05526138931847,0.158355795148248,200,63275.0,152708.3,281498.1621176738,1.0,-0.3177047385574563,250,63275.0,283357.784,490170.3503311154,1.0,-0.4489924448741783,168,63275.0,74697.88095238095,73360.78743927367,1.0,-0.15570826528868079,238,63275.0,240501.87394957984,440718.5852830861,1.0,-0.4021316093028887,168,63275.0,74697.88095238095,73360.78743927367,1.0,-0.15570826528868079,188,63275.0,95541.96808510639,125413.82079489212,1.0,-0.25728398896224813,2024,3,1,4,1,60,118,140,155,False,False,True,True,0.6666666666666666,Uttar Pradesh|Sitting Rajya Sabha|||Aurai|Kathari,168,238,200,168,True,water_uttar pradesh,water_sitting rajya sabha
Smt Jaya Bachchan,NA - Installing hand pumps,Normal/Others,Uttar Pradesh,Sitting Rajya Sabha,DISTRICT MAGISTRATE BHADOHI_IDA,,,Aurai,Kurauna,2024-03-01,63275.0,Action Pending,Unsanctioned,Rajya Sabha,False,414,d8ce63da508682d39235c6981d7faeff,1,na installing hand pumps,26,4,4,water,False,False,True,False,False,False,False,False,11.05526138931847,0.158355795148248,200,63275.0,152708.3,281498.1621176738,1.0,-0.3177047385574563,250,63275.0,283357.784,490170.3503311154,1.0,-0.4489924448741783,168,63275.0,74697.88095238095,73360.78743927367,1.0,-0.15570826528868079,238,63275.0,240501.87394957984,440718.5852830861,1.0,-0.4021316093028887,168,63275.0,74697.88095238095,73360.78743927367,1.0,-0.15570826528868079,188,63275.0,95541.96808510639,125413.82079489212,1.0,-0.25728398896224813,2024,3,1,4,1,60,118,139,154,False,False,True,True,0.6666666666666666,Uttar Pradesh|Sitting Rajya Sabha|||Aurai|Kurauna,168,238,200,168,False,water_uttar pradesh,water_sitting rajya sabha
Smt Jaya Bachchan,NA - Installing hand pumps,Normal/Others,Uttar Pradesh,Sitting Rajya Sabha,DISTRICT MAGISTRATE BHADOHI_IDA,,,Aurai,Savara Raghunathpur,2024-03-01,63275.0,Action Pending,Unsanctioned,Rajya Sabha,False,415,7cbf054a35b7430a6243bfcfb97687b4,2,na installing hand pumps,26,4,4,water,False,False,True,False,False,False,False,False,11.05526138931847,0.158355795148248,200,63275.0,152708.3,281498.1621176738,1.0,-0.3177047385574563,250,63275.0,283357.784,490170.3503311154,1.0,-0.4489924448741783,168,63275.0,74697.88095238095,73360.78743927367,1.0,-0.15570826528868079,238,63275.0,240501.87394957984,440718.5852830861,1.0,-0.4021316093028887,168,63275.0,74697.88095238095,73360.78743927367,1.0,-0.15570826528868079,188,63275.0,95541.96808510639,125413.82079489212,1.0,-0.25728398896224813,2024,3,1,4,1,60,118,138,153,False,False,True,True,0.6666666666666666,Uttar Pradesh|Sitting Rajya Sabha|||Aurai|Savara Raghunathpur,168,238,200,168,True,water_uttar pradesh,water_sitting rajya sabha
Smt Jaya Bachchan,NA - Installing hand pumps,Normal/Others,Uttar Pradesh,Sitting Rajya Sabha,DISTRICT MAGISTRATE BHADOHI_IDA,,,Aurai,Udaikaranpur,2024-03-01,63275.0,Action Pending,Unsanctioned,Rajya Sabha,False,416,8a4af9d3c9e8bf647a10178285d3b120,1,na installing hand pumps,26,4,4,water,False,False,True,False,False,False,False,False,11.05526138931847,0.158355795148248,200,63275.0,152708.3,281498.1621176738,1.0,-0.3177047385574563,250,63275.0,283357.784,490170.3503311154,1.0,-0.4489924448741783,168,63275.0,74697.88095238095,73360.78743927367,1.0,-0.15570826528868079,238,63275.0,240501.87394957984,440718.5852830861,1.0,-0.4021316093028887,168,63275.0,74697.88095238095,73360.78743927367,1.0,-0.15570826528868079,188,63275.0,95541.96808510639,125413.82079489212,1.0,-0.25728398896224813,2024,3,1,4,1,60,118,137,152,False,False,True,True,0.6666666666666666,Uttar Pradesh|Sitting Rajya Sabha|||Aurai|Udaikaranpur,168,238,200,168,False,water_uttar pradesh,water_sitting rajya sabha
Smt Jaya Bachchan,NA - Installing hand pumps,Normal/Others,Uttar Pradesh,Sitting Rajya Sabha,DISTRICT MAGISTRATE BHADOHI_IDA,,,Aurai,Ugapur,2024-03-01,63275.0,Action Pending,Unsanctioned,Rajya Sabha,False,417,d88cd823c535bfd7e03a6b35dc02b947,2,na installing hand pumps,26,4,4,water,False,False,True,False,False,False,False,False,11.05526138931847,0.158355795148248,200,63275.0,152708.3,281498.1621176738,1.0,-0.3177047385574563,250,63275.0,283357.784,490170.3503311154,1.0,-0.4489924448741783,168,63275.0,74697.88095238095,73360.78743927367,1.0,-0.15570826528868079,238,63275.0,240501.87394957984,440718.5852830861,1.0,-0.4021316093028887,168,63275.0,74697.88095238095,73360.78743927367,1.0,-0.15570826528868079,188,63275.0,95541.96808510639,125413.82079489212,1.0,-0.25728398896224813,2024,3,1,4,1,60,118,136,151,False,False,True,True,0.6666666666666666,Uttar Pradesh|Sitting Rajya Sabha|||Aurai|Ugapur,168,238,200,168,True,water_uttar pradesh,water_sitting rajya sabha
Smt Jaya Bachchan,NA - Installing hand pumps,Normal/Others,Uttar Pradesh,Sitting Rajya Sabha,DISTRICT MAGISTRATE BHADOHI_IDA,,,Aurai,Ugapur,2024-03-01,63275.0,Action Pending,Unsanctioned,Rajya Sabha,False,418,d88cd823c535bfd7e03a6b35dc02b947,2,na installing hand pumps,26,4,4,water,False,False,True,False,False,False,False,False,11.05526138931847,0.158355795148248,200,63275.0,152708.3,281498.1621176738,1.0,-0.3177047385574563,250,63275.0,283357.784,490170.3503311154,1.0,-0.4489924448741783,168,63275.0,74697.88095238095,73360.78743927367,1.0,-0.15570826528868079,238,63275.0,240501.87394957984,440718.5852830861,1.0,-0.4021316093028887,168,63275.0,74697.88095238095,73360.78743927367,1.0,-0.15570826528868079,188,63275.0,95541.96808510639,125413.82079489212,1.0,-0.25728398896224813,2024,3,1,4,1,60,118,135,150,False,False,True,True,0.6666666666666666,Uttar Pradesh|Sitting Rajya Sabha|||Aurai|Ugapur,168,238,200,168,True,water_uttar pradesh,water_sitting rajya sabha
Smt Jaya Bachchan,NA - Installing hand pumps,Normal/Others,Uttar Pradesh,Sitting Rajya Sabha,DISTRICT MAGISTRATE BHADOHI_IDA,,,Aurai,Heera Chak,2024-03-01,63275.0,Action Pending,Unsanctioned,Rajya Sabha,False,419,fde8e39042f9f674ccf2dbee24c05a05,3,na installing hand pumps,26,4,4,water,False,False,True,False,False,False,False,False,11.05526138931847,0.158355795148248,200,63275.0,152708.3,281498.1621176738,1.0,-0.3177047385574563,250,63275.0,283357.784,490170.3503311154,1.0,-0.4489924448741783,168,63275.0,74697.88095238095,73360.78743927367,1.0,-0.15570826528868079,238,63275.0,240501.87394957984,440718.5852830861,1.0,-0.4021316093028887,168,63275.0,74697.88095238095,73360.78743927367,1.0,-0.15570826528868079,188,63275.0,95541.96808510639,125413.82079489212,1.0,-0.25728398896224813,2024,3,1,4,1,60,118,134,149,False,False,True,True,0.6666666666666666,Uttar Pradesh|Sitting Rajya Sabha|||Aurai|Heera Chak,168,238,200,168,True,water_uttar pradesh,water_sitting rajya sabha
Smt Jaya Bachchan,NA - Installing hand pumps,Normal/Others,Uttar Pradesh,Sitting Rajya Sabha,DISTRICT MAGISTRATE BHADOHI_IDA,,,Aurai,Chagaura,2024-03-01,63275.0,Action Pending,Unsanctioned,Rajya Sabha,False,420,855b1540a44b1725b46253b551d44902,3,na installing hand pumps,26,4,4,water,False,False,True,False,False,False,False,False,11.05526138931847,0.158355795148248,200,63275.0,152708.3,281498.1621176738,1.0,-0.3177047385574563,250,63275.0,283357.784,490170.3503311154,1.0,-0.4489924448741783,168,63275.0,74697.88095238095,73360.78743927367,1.0,-0.15570826528868079,238,63275.0,240501.87394957984,440718.5852830861,1.0,-0.4021316093028887,168,63275.0,74697.88095238095,73360.78743927367,1.0,-0.15570826528868079,188,63275.0,95541.96808510639,125413.82079489212,1.0,-0.25728398896224813,2024,3,1,4,1,60,118,133,148,False,False,True,True,0.6666666666666666,Uttar Pradesh|Sitting Rajya Sabha|||Aurai|Chagaura,168,238,200,168,True,water_uttar pradesh,water_sitting rajya sabha
Smt Jaya Bachchan,NA - Installing hand pumps,Normal/Others,Uttar Pradesh,Sitting Rajya Sabha,DISTRICT MAGISTRATE BHADOHI_IDA,,,Aurai,Chagaura,2024-03-01,63275.0,Action Pending,Unsanctioned,Rajya Sabha,False,421,855b1540a44b1725b46253b551d44902,3,na installing hand pumps,26,4,4,water,False,False,True,False,False,False,False,False,11.05526138931847,0.158355795148248,200,63275.0,152708.3,281498.1621176738,1.0,-0.3177047385574563,250,63275.0,283357.784,490170.3503311154,1.0,-0.4489924448741783,168,63275.0,74697.88095238095,73360.78743927367,1.0,-0.15570826528868079,238,63275.0,240501.87394957984,440718.5852830861,1.0,-0.4021316093028887,168,63275.0,74697.88095238095,73360.78743927367,1.0,-0.15570826528868079,188,63275.0,95541.96808510639,125413.82079489212,1.0,-0.25728398896224813,2024,3,1,4,1,60,118,132,147,False,False,True,True,0.6666666666666666,Uttar Pradesh|Sitting Rajya Sabha|||Aurai|Chagaura,168,238,200,168,True,water_uttar pradesh,water_sitting rajya sabha
Smt Jaya Bachchan,NA - Installing hand pumps,Normal/Others,Uttar Pradesh,Sitting Rajya Sabha,DISTRICT MAGISTRATE BHADOHI_IDA,,,Gyanpur,Lakshman Patti,2024-02-29,63275.0,Action Pending,Unsanctioned,Rajya Sabha,False,422,4314f6138535c7bd3e4d5854fcf8f01f,3,na installing hand pumps,26,4,4,water,False,False,True,False,False,False,False,False,11.05526138931847,0.158355795148248,200,63275.0,152708.3,281498.1621176738,1.0,-0.3177047385574563,250,63275.0,283357.784,490170.3503311154,1.0,-0.4489924448741783,168,63275.0,74697.88095238095,73360.78743927367,1.0,-0.15570826528868079,238,63275.0,240501.87394957984,440718.5852830861,1.0,-0.4021316093028887,168,63275.0,74697.88095238095,73360.78743927367,1.0,-0.15570826528868079,188,63275.0,95541.96808510639,125413.82079489212,1.0,-0.25728398896224813,2024,2,1,3,29,108,120,81,93,False,False,True,True,0.6666666666666666,Uttar Pradesh|Sitting Rajya Sabha|||Gyanpur|Lakshman Patti,168,238,200,168,True,water_uttar pradesh,water_sitting rajya sabha
Smt Jaya Bachchan,NA - Installing hand pumps,Normal/Others,Uttar Pradesh,Sitting Rajya Sabha,DISTRICT MAGISTRATE BHADOHI_IDA,,,Bhadohi,Balibhadrapur,2024-02-29,63275.0,Action Pending,Unsanctioned,Rajya Sabha,False,423,19e3154f64a86fa490faf992c4e6624c,1,na installing hand pumps,26,4,4,water,False,False,True,False,False,False,False,False,11.05526138931847,0.158355795148248,200,63275.0,152708.3,281498.1621176738,1.0,-0.3177047385574563,250,63275.0,283357.784,490170.3503311154,1.0,-0.4489924448741783,168,63275.0,74697.88095238095,73360.78743927367,1.0,-0.15570826528868079,238,63275.0,240501.87394957984,440718.5852830861,1.0,-0.4021316093028887,168,63275.0,74697.88095238095,73360.78743927367,1.0,-0.15570826528868079,188,63275.0,95541.96808510639,125413.82079489212,1.0,-0.25728398896224813,2024,2,1,3,29,108,120,80,92,False,False,True,True,0.6666666666666666,Uttar Pradesh|Sitting Rajya Sabha|||Bhadohi|Balibhadrapur,168,238,200,168,False,water_uttar pradesh,water_sitting rajya sabha
SHRI Anil Agarwal,NA - Lighting of public spaces,Normal/Others,Uttar Pradesh,Sitting Rajya Sabha,DISTRICT MAGISTRAE MATHURA_IDA,Mathura-Vrindavan,Mathura (MB) - Ward No.1,,,2024-02-29,2000000.0,Action Pending,Unsanctioned,Rajya Sabha,False,424,20ed819707baab46a5a2b66170bbe166,1,na lighting of public spaces,30,5,5,electrical,False,False,False,True,False,False,False,False,14.508658238524095,0.988544474393531,200,63275.0,152708.3,281498.1621176738,31.608060055314105,6.562357942599222,250,63275.0,283357.784,490170.3503311154,31.608060055314105,3.5021339312759117,1,,,,,,238,63275.0,240501.87394957984,440718.5852830861,31.608060055314105,3.992339294972651,1,,,,,,145,430000.0,386886.22068965517,275909.89582542237,4.651162790697675,5.846523824324942,2024,2,1,3,29,1,120,1,91,True,True,False,False,0.6666666666666666,Uttar Pradesh|Sitting Rajya Sabha|Mathura-Vrindavan|Mathura (MB) - Ward No.1||,1,238,200,1,False,electrical_uttar pradesh,electrical_sitting rajya sabha
Smt Jaya Bachchan,NA - Installing hand pumps,Normal/Others,Uttar Pradesh,Sitting Rajya Sabha,DISTRICT MAGISTRATE BHADOHI_IDA,,,Bhadohi,Jamunipur Badfaros,2024-02-29,63275.0,Action Pending,Unsanctioned,Rajya Sabha,False,425,7ffcf82bce39923540db09e075b57afe,1,na installing hand pumps,26,4,4,water,False,False,True,False,False,False,False,False,11.05526138931847,0.158355795148248,200,63275.0,152708.3,281498.1621176738,1.0,-0.3177047385574563,250,63275.0,283357.784,490170.3503311154,1.0,-0.4489924448741783,168,63275.0,74697.88095238095,73360.78743927367,1.0,-0.15570826528868079,238,63275.0,240501.87394957984,440718.5852830861,1.0,-0.4021316093028887,168,63275.0,74697.88095238095,73360.78743927367,1.0,-0.15570826528868079,188,63275.0,95541.96808510639,125413.82079489212,1.0,-0.25728398896224813,2024,2,1,3,29,108,120,79,90,False,False,True,True,0.6666666666666666,Uttar Pradesh|Sitting Rajya Sabha|||Bhadohi|Jamunipur Badfaros,168,238,200,168,False,water_uttar pradesh,water_sitting rajya sabha
Smt Jaya Bachchan,NA - Installing hand pumps,Normal/Others,Uttar Pradesh,Sitting Rajya Sabha,DISTRICT MAGISTRATE BHADOHI_IDA,,,Gyanpur,Lakshman Patti,2024-02-29,63275.0,Action Pending,Unsanctioned,Rajya Sabha,False,426,4314f6138535c7bd3e4d5854fcf8f01f,3,na installing hand pumps,26,4,4,water,False,False,True,False,False,False,False,False,11.05526138931847,0.158355795148248,200,63275.0,152708.3,281498.1621176738,1.0,-0.3177047385574563,250,63275.0,283357.784,490170.3503311154,1.0,-0.4489924448741783,168,63275.0,74697.88095238095,73360.78743927367,1.0,-0.15570826528868079,238,63275.0,240501.87394957984,440718.5852830861,1.0,-0.4021316093028887,168,63275.0,74697.88095238095,73360.78743927367,1.0,-0.15570826528868079,188,63275.0,95541.96808510639,125413.82079489212,1.0,-0.25728398896224813,2024,2,1,3,29,108,120,78,89,False,False,True,True,0.6666666666666666,Uttar Pradesh|Sitting Rajya Sabha|||Gyanpur|Lakshman Patti,168,238,200,168,True,water_uttar pradesh,water_sitting rajya sabha
Smt Jaya Bachchan,NA - Installing hand pumps,Normal/Others,Uttar Pradesh,Sitting Rajya Sabha,DISTRICT MAGISTRATE BHADOHI_IDA,,,Bhadohi,Saroi,2024-02-29,63275.0,Action Pending,Unsanctioned,Rajya Sabha,False,427,a207c5a828712ad7d828206e42863779,4,na installing hand pumps,26,4,4,water,False,False,True,False,False,False,False,False,11.05526138931847,0.158355795148248,200,63275.0,152708.3,281498.1621176738,1.0,-0.3177047385574563,250,63275.0,283357.784,490170.3503311154,1.0,-0.4489924448741783,168,63275.0,74697.88095238095,73360.78743927367,1.0,-0.15570826528868079,238,63275.0,240501.87394957984,440718.5852830861,1.0,-0.4021316093028887,168,63275.0,74697.88095238095,73360.78743927367,1.0,-0.15570826528868079,188,63275.0,95541.96808510639,125413.82079489212,1.0,-0.25728398896224813,2024,2,1,3,29,108,120,77,88,False,False,True,True,0.6666666666666666,Uttar Pradesh|Sitting Rajya Sabha|||Bhadohi|Saroi,168,238,200,168,True,water_uttar pradesh,water_sitting rajya sabha
Smt Jaya Bachchan,NA - Installing hand pumps,Normal/Others,Uttar Pradesh,Sitting Rajya Sabha,DISTRICT MAGISTRATE BHADOHI_IDA,,,Aurai,Uchetha,2024-02-29,63275.0,Action Pending,Unsanctioned,Rajya Sabha,False,428,27d2c1d48540db4b0b545912b238a09b,2,na installing hand pumps,26,4,4,water,False,False,True,False,False,False,False,False,11.05526138931847,0.158355795148248,200,63275.0,152708.3,281498.1621176738,1.0,-0.3177047385574563,250,63275.0,283357.784,490170.3503311154,1.0,-0.4489924448741783,168,63275.0,74697.88095238095,73360.78743927367,1.0,-0.15570826528868079,238,63275.0,240501.87394957984,440718.5852830861,1.0,-0.4021316093028887,168,63275.0,74697.88095238095,73360.78743927367,1.0,-0.15570826528868079,188,63275.0,95541.96808510639,125413.82079489212,1.0,-0.25728398896224813,2024,2,1,3,29,108,120,76,87,False,False,True,True,0.6666666666666666,Uttar Pradesh|Sitting Rajya Sabha|||Aurai|Uchetha,168,238,200,168,True,water_uttar pradesh,water_sitting rajya sabha
Smt Jaya Bachchan,NA - Installing hand pumps,Normal/Others,Uttar Pradesh,Sitting Rajya Sabha,DISTRICT MAGISTRATE BHADOHI_IDA,,,Aurai,Uchetha,2024-02-29,63275.0,Action Pending,Unsanctioned,Rajya Sabha,False,429,27d2c1d48540db4b0b545912b238a09b,2,na installing hand pumps,26,4,4,water,False,False,True,False,False,False,False,False,11.05526138931847,0.158355795148248,200,63275.0,152708.3,281498.1621176738,1.0,-0.3177047385574563,250,63275.0,283357.784,490170.3503311154,1.0,-0.4489924448741783,168,63275.0,74697.88095238095,73360.78743927367,1.0,-0.15570826528868079,238,63275.0,240501.87394957984,440718.5852830861,1.0,-0.4021316093028887,168,63275.0,74697.88095238095,73360.78743927367,1.0,-0.15570826528868079,188,63275.0,95541.96808510639,125413.82079489212,1.0,-0.25728398896224813,2024,2,1,3,29,108,120,71,82,False,False,True,True,0.6666666666666666,Uttar Pradesh|Sitting Rajya Sabha|||Aurai|Uchetha,168,238,200,168,True,water_uttar pradesh,water_sitting rajya sabha
Smt Jaya Bachchan,NA - Installing hand pumps,Normal/Others,Uttar Pradesh,Sitting Rajya Sabha,DISTRICT MAGISTRATE BHADOHI_IDA,,,Bhadohi,Deeh Koiran,2024-02-29,63275.0,Action Pending,Unsanctioned,Rajya Sabha,False,430,2c45a91e7d0f9b370ba00aa112273994,8,na installing hand pumps,26,4,4,water,False,False,True,False,False,False,False,False,11.05526138931847,0.158355795148248,200,63275.0,152708.3,281498.1621176738,1.0,-0.3177047385574563,250,63275.0,283357.784,490170.3503311154,1.0,-0.4489924448741783,168,63275.0,74697.88095238095,73360.78743927367,1.0,-0.15570826528868079,238,63275.0,240501.87394957984,440718.5852830861,1.0,-0.4021316093028887,168,63275.0,74697.88095238095,73360.78743927367,1.0,-0.15570826528868079,188,63275.0,95541.96808510639,125413.82079489212,1.0,-0.25728398896224813,2024,2,1,3,29,108,120,75,86,False,False,True,True,0.6666666666666666,Uttar Pradesh|Sitting Rajya Sabha|||Bhadohi|Deeh Koiran,168,238,200,168,True,water_uttar pradesh,water_sitting rajya sabha
Smt Jaya Bachchan,NA - Installing hand pumps,Normal/Others,Uttar Pradesh,Sitting Rajya Sabha,DISTRICT MAGISTRATE BHADOHI_IDA,,,Bhadohi,Deeh Koiran,2024-02-29,63275.0,Action Pending,Unsanctioned,Rajya Sabha,False,431,2c45a91e7d0f9b370ba00aa112273994,8,na installing hand pumps,26,4,4,water,False,False,True,False,False,False,False,False,11.05526138931847,0.158355795148248,200,63275.0,152708.3,281498.1621176738,1.0,-0.3177047385574563,250,63275.0,283357.784,490170.3503311154,1.0,-0.4489924448741783,168,63275.0,74697.88095238095,73360.78743927367,1.0,-0.15570826528868079,238,63275.0,240501.87394957984,440718.5852830861,1.0,-0.4021316093028887,168,63275.0,74697.88095238095,73360.78743927367,1.0,-0.15570826528868079,188,63275.0,95541.96808510639,125413.82079489212,1.0,-0.25728398896224813,2024,2,1,3,29,108,120,74,85,False,False,True,True,0.6666666666666666,Uttar Pradesh|Sitting Rajya Sabha|||Bhadohi|Deeh Koiran,168,238,200,168,True,water_uttar pradesh,water_sitting rajya sabha
Smt Jaya Bachchan,NA - Installing hand pumps,Normal/Others,Uttar Pradesh,Sitting Rajya Sabha,DISTRICT MAGISTRATE BHADOHI_IDA,,,Bhadohi,Deeh Koiran,2024-02-29,63275.0,Action Pending,Unsanctioned,Rajya Sabha,False,432,2c45a91e7d0f9b370ba00aa112273994,8,na installing hand pumps,26,4,4,water,False,False,True,False,False,False,False,False,11.05526138931847,0.158355795148248,200,63275.0,152708.3,281498.1621176738,1.0,-0.3177047385574563,250,63275.0,283357.784,490170.3503311154,1.0,-0.4489924448741783,168,63275.0,74697.88095238095,73360.78743927367,1.0,-0.15570826528868079,238,63275.0,240501.87394957984,440718.5852830861,1.0,-0.4021316093028887,168,63275.0,74697.88095238095,73360.78743927367,1.0,-0.15570826528868079,188,63275.0,95541.96808510639,125413.82079489212,1.0,-0.25728398896224813,2024,2,1,3,29,108,120,73,84,False,False,True,True,0.6666666666666666,Uttar Pradesh|Sitting Rajya Sabha|||Bhadohi|Deeh Koiran,168,238,200,168,True,water_uttar pradesh,water_sitting rajya sabha
Smt Jaya Bachchan,NA - Installing hand pumps,Normal/Others,Uttar Pradesh,Sitting Rajya Sabha,DISTRICT MAGISTRATE BHADOHI_IDA,,,Bhadohi,Deeh Koiran,2024-02-29,63275.0,Action Pending,Unsanctioned,Rajya Sabha,False,433,2c45a91e7d0f9b370ba00aa112273994,8,na installing hand pumps,26,4,4,water,False,False,True,False,False,False,False,False,11.05526138931847,0.158355795148248,200,63275.0,152708.3,281498.1621176738,1.0,-0.3177047385574563,250,63275.0,283357.784,490170.3503311154,1.0,-0.4489924448741783,168,63275.0,74697.88095238095,73360.78743927367,1.0,-0.15570826528868079,238,63275.0,240501.87394957984,440718.5852830861,1.0,-0.4021316093028887,168,63275.0,74697.88095238095,73360.78743927367,1.0,-0.15570826528868079,188,63275.0,95541.96808510639,125413.82079489212,1.0,-0.25728398896224813,2024,2,1,3,29,108,120,72,83,False,False,True,True,0.6666666666666666,Uttar Pradesh|Sitting Rajya Sabha|||Bhadohi|Deeh Koiran,168,238,200,168,True,water_uttar pradesh,water_sitting rajya sabha
Smt Jaya Bachchan,NA - Installing hand pumps,Normal/Others,Uttar Pradesh,Sitting Rajya Sabha,DISTRICT MAGISTRATE BHADOHI_IDA,,,Bhadohi,Deeh Koiran,2024-02-29,63275.0,Action Pending,Unsanctioned,Rajya Sabha,False,434,2c45a91e7d0f9b370ba00aa112273994,8,na installing hand pumps,26,4,4,water,False,False,True,False,False,False,False,False,11.05526138931847,0.158355795148248,200,63275.0,152708.3,281498.1621176738,1.0,-0.3177047385574563,250,63275.0,283357.784,490170.3503311154,1.0,-0.4489924448741783,168,63275.0,74697.88095238095,73360.78743927367,1.0,-0.15570826528868079,238,63275.0,240501.87394957984,440718.5852830861,1.0,-0.4021316093028887,168,63275.0,74697.88095238095,73360.78743927367,1.0,-0.15570826528868079,188,63275.0,95541.96808510639,125413.82079489212,1.0,-0.25728398896224813,2024,2,1,3,29,108,120,82,94,False,False,True,True,0.6666666666666666,Uttar Pradesh|Sitting Rajya Sabha|||Bhadohi|Deeh Koiran,168,238,200,168,True,water_uttar pradesh,water_sitting rajya sabha
Smt Jaya Bachchan,NA - Installing hand pumps,Normal/Others,Uttar Pradesh,Sitting Rajya Sabha,DISTRICT MAGISTRATE BHADOHI_IDA,,,Bhadohi,Deeh Koiran,2024-02-29,63275.0,Action Pending,Unsanctioned,Rajya Sabha,False,435,2c45a91e7d0f9b370ba00aa112273994,8,na installing hand pumps,26,4,4,water,False,False,True,False,False,False,False,False,11.05526138931847,0.158355795148248,200,63275.0,152708.3,281498.1621176738,1.0,-0.3177047385574563,250,63275.0,283357.784,490170.3503311154,1.0,-0.4489924448741783,168,63275.0,74697.88095238095,73360.78743927367,1.0,-0.15570826528868079,238,63275.0,240501.87394957984,440718.5852830861,1.0,-0.4021316093028887,168,63275.0,74697.88095238095,73360.78743927367,1.0,-0.15570826528868079,188,63275.0,95541.96808510639,125413.82079489212,1.0,-0.25728398896224813,2024,2,1,3,29,108,120,70,81,False,False,True,True,0.6666666666666666,Uttar Pradesh|Sitting Rajya Sabha|||Bhadohi|Deeh Koiran,168,238,200,168,True,water_uttar pradesh,water_sitting rajya sabha
Smt Jaya Bachchan,NA - Installing hand pumps,Normal/Others,Uttar Pradesh,Sitting Rajya Sabha,DISTRICT MAGISTRATE BHADOHI_IDA,,,Bhadohi,Deeh Koiran,2024-02-29,63275.0,Action Pending,Unsanctioned,Rajya Sabha,False,436,2c45a91e7d0f9b370ba00aa112273994,8,na installing hand pumps,26,4,4,water,False,False,True,False,False,False,False,False,11.05526138931847,0.158355795148248,200,63275.0,152708.3,281498.1621176738,1.0,-0.3177047385574563,250,63275.0,283357.784,490170.3503311154,1.0,-0.4489924448741783,168,63275.0,74697.88095238095,73360.78743927367,1.0,-0.15570826528868079,238,63275.0,240501.87394957984,440718.5852830861,1.0,-0.4021316093028887,168,63275.0,74697.88095238095,73360.78743927367,1.0,-0.15570826528868079,188,63275.0,95541.96808510639,125413.82079489212,1.0,-0.25728398896224813,2024,2,1,3,29,108,120,68,79,False,False,True,True,0.6666666666666666,Uttar Pradesh|Sitting Rajya Sabha|||Bhadohi|Deeh Koiran,168,238,200,168,True,water_uttar pradesh,water_sitting rajya sabha
Smt Jaya Bachchan,NA - Installing hand pumps,Normal/Others,Uttar Pradesh,Sitting Rajya Sabha,DISTRICT MAGISTRATE BHADOHI_IDA,,,Bhadohi,Saraiya,2024-02-29,63275.0,Action Pending,Unsanctioned,Rajya Sabha,False,437,e6e2840a34ae61ba187534b08af8551e,1,na installing hand pumps,26,4,4,water,False,False,True,False,False,False,False,False,11.05526138931847,0.158355795148248,200,63275.0,152708.3,281498.1621176738,1.0,-0.3177047385574563,250,63275.0,283357.784,490170.3503311154,1.0,-0.4489924448741783,168,63275.0,74697.88095238095,73360.78743927367,1.0,-0.15570826528868079,238,63275.0,240501.87394957984,440718.5852830861,1.0,-0.4021316093028887,168,63275.0,74697.88095238095,73360.78743927367,1.0,-0.15570826528868079,188,63275.0,95541.96808510639,125413.82079489212,1.0,-0.25728398896224813,2024,2,1,3,29,108,120,62,73,False,False,True,True,0.6666666666666666,Uttar Pradesh|Sitting Rajya Sabha|||Bhadohi|Saraiya,168,238,200,168,False,water_uttar pradesh,water_sitting rajya sabha
Smt Jaya Bachchan,NA - Installing hand pumps,Normal/Others,Uttar Pradesh,Sitting Rajya Sabha,DISTRICT MAGISTRATE BHADOHI_IDA,,,Bhadohi,Saroi,2024-02-29,63275.0,Action Pending,Unsanctioned,Rajya Sabha,False,438,a207c5a828712ad7d828206e42863779,4,na installing hand pumps,26,4,4,water,False,False,True,False,False,False,False,False,11.05526138931847,0.158355795148248,200,63275.0,152708.3,281498.1621176738,1.0,-0.3177047385574563,250,63275.0,283357.784,490170.3503311154,1.0,-0.4489924448741783,168,63275.0,74697.88095238095,73360.78743927367,1.0,-0.15570826528868079,238,63275.0,240501.87394957984,440718.5852830861,1.0,-0.4021316093028887,168,63275.0,74697.88095238095,73360.78743927367,1.0,-0.15570826528868079,188,63275.0,95541.96808510639,125413.82079489212,1.0,-0.25728398896224813,2024,2,1,3,29,108,120,63,74,False,False,True,True,0.6666666666666666,Uttar Pradesh|Sitting Rajya Sabha|||Bhadohi|Saroi,168,238,200,168,True,water_uttar pradesh,water_sitting rajya sabha
Smt Jaya Bachchan,NA - Installing hand pumps,Normal/Others,Uttar Pradesh,Sitting Rajya Sabha,DISTRICT MAGISTRATE BHADOHI_IDA,,,Gyanpur,Gaharpur,2024-02-29,63275.0,Action Pending,Unsanctioned,Rajya Sabha,False,439,b805c99956dab2ba8afdeca9eb44882a,1,na installing hand pumps,26,4,4,water,False,False,True,False,False,False,False,False,11.05526138931847,0.158355795148248,200,63275.0,152708.3,281498.1621176738,1.0,-0.3177047385574563,250,63275.0,283357.784,490170.3503311154,1.0,-0.4489924448741783,168,63275.0,74697.88095238095,73360.78743927367,1.0,-0.15570826528868079,238,63275.0,240501.87394957984,440718.5852830861,1.0,-0.4021316093028887,168,63275.0,74697.88095238095,73360.78743927367,1.0,-0.15570826528868079,188,63275.0,95541.96808510639,125413.82079489212,1.0,-0.25728398896224813,2024,2,1,3,29,108,120,64,75,False,False,True,True,0.6666666666666666,Uttar Pradesh|Sitting Rajya Sabha|||Gyanpur|Gaharpur,168,238,200,168,False,water_uttar pradesh,water_sitting rajya sabha
Smt Jaya Bachchan,NA - Installing hand pumps,Normal/Others,Uttar Pradesh,Sitting Rajya Sabha,DISTRICT MAGISTRATE BHADOHI_IDA,,,Bhadohi,Saroi,2024-02-29,63275.0,Action Pending,Unsanctioned,Rajya Sabha,False,440,a207c5a828712ad7d828206e42863779,4,na installing hand pumps,26,4,4,water,False,False,True,False,False,False,False,False,11.05526138931847,0.158355795148248,200,63275.0,152708.3,281498.1621176738,1.0,-0.3177047385574563,250,63275.0,283357.784,490170.3503311154,1.0,-0.4489924448741783,168,63275.0,74697.88095238095,73360.78743927367,1.0,-0.15570826528868079,238,63275.0,240501.87394957984,440718.5852830861,1.0,-0.4021316093028887,168,63275.0,74697.88095238095,73360.78743927367,1.0,-0.15570826528868079,188,63275.0,95541.96808510639,125413.82079489212,1.0,-0.25728398896224813,2024,2,1,3,29,108,120,65,76,False,False,True,True,0.6666666666666666,Uttar Pradesh|Sitting Rajya Sabha|||Bhadohi|Saroi,168,238,200,168,True,water_uttar pradesh,water_sitting rajya sabha
Smt Jaya Bachchan,NA - Installing hand pumps,Normal/Others,Uttar Pradesh,Sitting Rajya Sabha,DISTRICT MAGISTRATE BHADOHI_IDA,,,Bhadohi,Saroi,2024-02-29,63275.0,Action Pending,Unsanctioned,Rajya Sabha,False,441,a207c5a828712ad7d828206e42863779,4,na installing hand pumps,26,4,4,water,False,False,True,False,False,False,False,False,11.05526138931847,0.158355795148248,200,63275.0,152708.3,281498.1621176738,1.0,-0.3177047385574563,250,63275.0,283357.784,490170.3503311154,1.0,-0.4489924448741783,168,63275.0,74697.88095238095,73360.78743927367,1.0,-0.15570826528868079,238,63275.0,240501.87394957984,440718.5852830861,1.0,-0.4021316093028887,168,63275.0,74697.88095238095,73360.78743927367,1.0,-0.15570826528868079,188,63275.0,95541.96808510639,125413.82079489212,1.0,-0.25728398896224813,2024,2,1,3,29,108,120,69,80,False,False,True,True,0.6666666666666666,Uttar Pradesh|Sitting Rajya Sabha|||Bhadohi|Saroi,168,238,200,168,True,water_uttar pradesh,water_sitting rajya sabha
Smt Jaya Bachchan,NA - Installing hand pumps,Normal/Others,Uttar Pradesh,Sitting Rajya Sabha,DISTRICT MAGISTRATE BHADOHI_IDA,,,Bhadohi,Sabarpur,2024-02-29,63275.0,Action Pending,Unsanctioned,Rajya Sabha,False,442,0529e094dc4a77fcd04c7fba081cf96f,1,na installing hand pumps,26,4,4,water,False,False,True,False,False,False,False,False,11.05526138931847,0.158355795148248,200,63275.0,152708.3,281498.1621176738,1.0,-0.3177047385574563,250,63275.0,283357.784,490170.3503311154,1.0,-0.4489924448741783,168,63275.0,74697.88095238095,73360.78743927367,1.0,-0.15570826528868079,238,63275.0,240501.87394957984,440718.5852830861,1.0,-0.4021316093028887,168,63275.0,74697.88095238095,73360.78743927367,1.0,-0.15570826528868079,188,63275.0,95541.96808510639,125413.82079489212,1.0,-0.25728398896224813,2024,2,1,3,29,108,120,66,77,False,False,True,True,0.6666666666666666,Uttar Pradesh|Sitting Rajya Sabha|||Bhadohi|Sabarpur,168,238,200,168,False,water_uttar pradesh,water_sitting rajya sabha
Smt Jaya Bachchan,NA - Installing hand pumps,Normal/Others,Uttar Pradesh,Sitting Rajya Sabha,DISTRICT MAGISTRATE BHADOHI_IDA,,,Aurai,Sabalpur,2024-02-29,63275.0,Action Pending,Unsanctioned,Rajya Sabha,False,443,b6c6e3e068cfcf69675eacc5ef76d703,1,na installing hand pumps,26,4,4,water,False,False,True,False,False,False,False,False,11.05526138931847,0.158355795148248,200,63275.0,152708.3,281498.1621176738,1.0,-0.3177047385574563,250,63275.0,283357.784,490170.3503311154,1.0,-0.4489924448741783,168,63275.0,74697.88095238095,73360.78743927367,1.0,-0.15570826528868079,238,63275.0,240501.87394957984,440718.5852830861,1.0,-0.4021316093028887,168,63275.0,74697.88095238095,73360.78743927367,1.0,-0.15570826528868079,188,63275.0,95541.96808510639,125413.82079489212,1.0,-0.25728398896224813,2024,2,1,3,29,108,120,67,78,False,False,True,True,0.6666666666666666,Uttar Pradesh|Sitting Rajya Sabha|||Aurai|Sabalpur,168,238,200,168,False,water_uttar pradesh,water_sitting rajya sabha
Hasnain Masoodi,NA - Installing tube-wells and borewells,Normal/Others,Jammu And Kashmir,ANANTNAG,Deputy Commissioner Pulwama_IDA,,,Pulwama,Bander Pora,2024-02-29,200000.0,Action Pending,Unsanctioned,Lok Sabha,False,444,f145b1d2e5eefbb33aa0ce00dda08d5e,1,na installing tube wells and borewells,40,6,6,water,False,False,True,False,False,False,False,False,12.206077645517674,0.396900269541779,4,,,,,,492,430000.0,471904.2174796748,412350.68459874584,0.46511627906976744,-0.6594004269551824,1,,,,,,1,,,,,,1,,,,,,188,63275.0,95541.96808510639,125413.82079489212,3.1608060055314104,0.8329068618819083,2024,2,1,3,29,1,1,1,1,False,False,True,True,0.6666666666666666,Jammu And Kashmir|ANANTNAG|||Pulwama|Bander Pora,1,1,4,1,False,water_jammu and kashmir,water_anantnag
P Raveendranath Kumar,NA - Construction of community centers and community halls,Normal/Others,Tamil Nadu,THENI,DISTRICT COLLECTOR MADURAI_IDA,Usilampatti,Usilampatti (M) - Ward No.10,,,2024-02-29,2500000.0,Action Pending,Unsanctioned,Lok Sabha,False,445,5ee3e9282cf807bc4e93982bb8a007e5,1,na construction of community centers and community halls,58,8,7,building,False,True,False,False,False,False,False,False,14.731801689838349,0.9939353099730458,71,430000.0,638394.3661971831,521592.1019579857,5.813953488372093,3.5690832487965265,492,430000.0,471904.2174796748,412350.68459874584,5.813953488372093,4.918376174138874,9,1000000.0,1107444.4444444445,1004430.5427842076,2.5,1.3864129934713991,9,1000000.0,1107444.4444444445,1004430.5427842076,2.5,1.3864129934713991,3,,,,,,197,500000.0,630154.3248730964,588758.041654943,5.0,3.1759153044788055,2024,2,1,3,29,3,3,2,2,True,True,False,False,0.6666666666666666,Tamil Nadu|THENI|Usilampatti|Usilampatti (M) - Ward No.10||,9,9,71,3,False,building_tamil nadu,building_theni
Kani K Navas,NA - Construction of rooms and halls in school and colleges,Normal/Others,Tamil Nadu,RAMANATHAPURAM,DISTRICT COLLECTOR VIRUDHUNAGAR_IDA,,,Aruppukkottai,Podampatti,2024-02-29,2500000.0,Action Pending,Unsanctioned,Lok Sabha,False,446,a12b4f0ff4db9abd00d105b09a09b964,1,na construction of rooms and halls in school and colleges,59,10,9,building,False,True,False,False,True,False,False,False,14.731801689838349,0.9939353099730458,71,430000.0,638394.3661971831,521592.1019579857,5.813953488372093,3.5690832487965265,492,430000.0,471904.2174796748,412350.68459874584,5.813953488372093,4.918376174138874,62,430000.0,570306.4516129033,377774.6569492244,5.813953488372093,5.108054531689936,62,430000.0,570306.4516129033,377774.6569492244,5.813953488372093,5.108054531689936,3,,,,,,197,500000.0,630154.3248730964,588758.041654943,5.0,3.1759153044788055,2024,2,1,3,29,3,3,3,3,False,False,True,True,0.6666666666666666,Tamil Nadu|RAMANATHAPURAM|||Aruppukkottai|Podampatti,62,62,71,3,False,building_tamil nadu,building_ramanathapuram
Kani K Navas,NA - Lighting of public spaces,Normal/Others,Tamil Nadu,RAMANATHAPURAM,DISTRICT COLLECTOR VIRUDHUNAGAR_IDA,,,Aruppukkottai,Poolangal,2024-02-29,1000000.0,Action Pending,Unsanctioned,Lok Sabha,False,447,bb70708a9f2b67f54be1a1c21a81b111,1,na lighting of public spaces,30,5,5,electrical,False,False,False,True,False,False,False,False,13.815511557963774,0.9420485175202157,71,430000.0,638394.3661971831,521592.1019579857,2.3255813953488373,0.6932728322484151,492,430000.0,471904.2174796748,412350.68459874584,2.3255813953488373,1.280695782121011,62,430000.0,570306.4516129033,377774.6569492244,2.3255813953488373,1.1374334950288911,62,430000.0,570306.4516129033,377774.6569492244,2.3255813953488373,1.1374334950288911,3,,,,,,145,430000.0,386886.22068965517,275909.89582542237,2.3255813953488373,2.2221521902146013,2024,2,1,3,29,3,3,1,1,False,False,True,True,0.6666666666666666,Tamil Nadu|RAMANATHAPURAM|||Aruppukkottai|Poolangal,62,62,71,3,False,electrical_tamil nadu,electrical_ramanathapuram
Kani K Navas,NA - Lighting of public spaces,Normal/Others,Tamil Nadu,RAMANATHAPURAM,DISTRICT COLLECTOR VIRUDHUNAGAR_IDA,,,Aruppukkottai,Thummuchinnampatti,2024-02-29,1000000.0,Action Pending,Unsanctioned,Lok Sabha,False,448,4110d00527422153af217152ed6af043,1,na lighting of public spaces,30,5,5,electrical,False,False,False,True,False,False,False,False,13.815511557963774,0.9420485175202157,71,430000.0,638394.3661971831,521592.1019579857,2.3255813953488373,0.6932728322484151,492,430000.0,471904.2174796748,412350.68459874584,2.3255813953488373,1.280695782121011,62,430000.0,570306.4516129033,377774.6569492244,2.3255813953488373,1.1374334950288911,62,430000.0,570306.4516129033,377774.6569492244,2.3255813953488373,1.1374334950288911,3,,,,,,145,430000.0,386886.22068965517,275909.89582542237,2.3255813953488373,2.2221521902146013,2024,2,1,3,29,3,3,2,2,False,False,True,True,0.6666666666666666,Tamil Nadu|RAMANATHAPURAM|||Aruppukkottai|Thummuchinnampatti,62,62,71,3,False,electrical_tamil nadu,electrical_ramanathapuram
P Raveendranath Kumar,"NA - Purchase of ambulances (Four, three and two wheelers)",Normal/Others,Tamil Nadu,THENI,DISTRICT COLLECTOR THENI_IDA,Theni-Allinagaram,Theni Allinagaram (M) - Ward No.32,,,2024-02-29,3000000.0,Action Pending,Unsanctioned,Lok Sabha,False,449,75aedf4630b11f27306835c042bf1ecc,1,na purchase of ambulances four three and two wheelers,58,9,9,health,False,False,False,False,False,True,False,False,14.914123179965662,0.9966307277628033,71,430000.0,638394.3661971831,521592.1019579857,6.976744186046512,4.52768672097923,492,430000.0,471904.2174796748,412350.68459874584,6.976744186046512,6.130936304811496,9,1000000.0,1107444.4444444445,1004430.5427842076,3.0,1.8842074936406559,9,1000000.0,1107444.4444444445,1004430.5427842076,3.0,1.8842074936406559,6,1000000.0,1216666.6666666667,890318.2951431846,3.0,2.003028965103464,5,110000.0,1015400.0,1333309.6695816768,27.272727272727273,1.4884764172022125,2024,2,1,3,29,3,3,3,3,True,True,False,False,0.6666666666666666,Tamil Nadu|THENI|Theni-Allinagaram|Theni Allinagaram (M) - Ward No.32||,9,9,71,6,False,health_tamil nadu,health_theni
Smt Jaya Bachchan,NA - Installing hand pumps,Normal/Others,Uttar Pradesh,Sitting Rajya Sabha,DISTRICT MAGISTRATE BHADOHI_IDA,,,Bhadohi,Dudwa Dharampur,2024-02-29,63275.0,Action Pending,Unsanctioned,Rajya Sabha,False,450,f3ad96db3ad770406fa597d989535871,1,na installing hand pumps,26,4,4,water,False,False,True,False,False,False,False,False,11.05526138931847,0.158355795148248,200,63275.0,152708.3,281498.1621176738,1.0,-0.3177047385574563,250,63275.0,283357.784,490170.3503311154,1.0,-0.4489924448741783,168,63275.0,74697.88095238095,73360.78743927367,1.0,-0.15570826528868079,238,63275.0,240501.87394957984,440718.5852830861,1.0,-0.4021316093028887,168,63275.0,74697.88095238095,73360.78743927367,1.0,-0.15570826528868079,188,63275.0,95541.96808510639,125413.82079489212,1.0,-0.25728398896224813,2024,2,1,3,29,108,120,83,95,False,False,True,True,0.6666666666666666,Uttar Pradesh|Sitting Rajya Sabha|||Bhadohi|Dudwa Dharampur,168,238,200,168,False,water_uttar pradesh,water_sitting rajya sabha
Smt Jaya Bachchan,NA - Installing hand pumps,Normal/Others,Uttar Pradesh,Sitting Rajya Sabha,DISTRICT MAGISTRATE BHADOHI_IDA,,,Bhadohi,Darunha,2024-02-29,63275.0,Action Pending,Unsanctioned,Rajya Sabha,False,451,f1993c7a790e5db49b72417aa0a8863a,1,na installing hand pumps,26,4,4,water,False,False,True,False,False,False,False,False,11.05526138931847,0.158355795148248,200,63275.0,152708.3,281498.1621176738,1.0,-0.3177047385574563,250,63275.0,283357.784,490170.3503311154,1.0,-0.4489924448741783,168,63275.0,74697.88095238095,73360.78743927367,1.0,-0.15570826528868079,238,63275.0,240501.87394957984,440718.5852830861,1.0,-0.4021316093028887,168,63275.0,74697.88095238095,73360.78743927367,1.0,-0.15570826528868079,188,63275.0,95541.96808510639,125413.82079489212,1.0,-0.25728398896224813,2024,2,1,3,29,108,120,99,111,False,False,True,True,0.6666666666666666,Uttar Pradesh|Sitting Rajya Sabha|||Bhadohi|Darunha,168,238,200,168,False,water_uttar pradesh,water_sitting rajya sabha
Smt Jaya Bachchan,NA - Installing hand pumps,Normal/Others,Uttar Pradesh,Sitting Rajya Sabha,DISTRICT MAGISTRATE BHADOHI_IDA,,,Aurai,Dattipur,2024-02-29,63275.0,Action Pending,Unsanctioned,Rajya Sabha,False,452,714059cab64192a676066e733b216507,2,na installing hand pumps,26,4,4,water,False,False,True,False,False,False,False,False,11.05526138931847,0.158355795148248,200,63275.0,152708.3,281498.1621176738,1.0,-0.3177047385574563,250,63275.0,283357.784,490170.3503311154,1.0,-0.4489924448741783,168,63275.0,74697.88095238095,73360.78743927367,1.0,-0.15570826528868079,238,63275.0,240501.87394957984,440718.5852830861,1.0,-0.4021316093028887,168,63275.0,74697.88095238095,73360.78743927367,1.0,-0.15570826528868079,188,63275.0,95541.96808510639,125413.82079489212,1.0,-0.25728398896224813,2024,2,1,3,29,108,120,103,115,False,False,True,True,0.6666666666666666,Uttar Pradesh|Sitting Rajya Sabha|||Aurai|Dattipur,168,238,200,168,True,water_uttar pradesh,water_sitting rajya sabha
Smt Jaya Bachchan,NA - Installing hand pumps,Normal/Others,Uttar Pradesh,Sitting Rajya Sabha,DISTRICT MAGISTRATE BHADOHI_IDA,,,Aurai,Dattipur,2024-02-29,63275.0,Action Pending,Unsanctioned,Rajya Sabha,False,453,714059cab64192a676066e733b216507,2,na installing hand pumps,26,4,4,water,False,False,True,False,False,False,False,False,11.05526138931847,0.158355795148248,200,63275.0,152708.3,281498.1621176738,1.0,-0.3177047385574563,250,63275.0,283357.784,490170.3503311154,1.0,-0.4489924448741783,168,63275.0,74697.88095238095,73360.78743927367,1.0,-0.15570826528868079,238,63275.0,240501.87394957984,440718.5852830861,1.0,-0.4021316093028887,168,63275.0,74697.88095238095,73360.78743927367,1.0,-0.15570826528868079,188,63275.0,95541.96808510639,125413.82079489212,1.0,-0.25728398896224813,2024,2,1,3,29,108,120,100,112,False,False,True,True,0.6666666666666666,Uttar Pradesh|Sitting Rajya Sabha|||Aurai|Dattipur,168,238,200,168,True,water_uttar pradesh,water_sitting rajya sabha
Smt Jaya Bachchan,NA - Installing hand pumps,Normal/Others,Uttar Pradesh,Sitting Rajya Sabha,DISTRICT MAGISTRATE BHADOHI_IDA,,,Gyanpur,Nathaipur,2024-02-29,63275.0,Action Pending,Unsanctioned,Rajya Sabha,False,454,8504830cd33322b854cc8a301b816929,4,na installing hand pumps,26,4,4,water,False,False,True,False,False,False,False,False,11.05526138931847,0.158355795148248,200,63275.0,152708.3,281498.1621176738,1.0,-0.3177047385574563,250,63275.0,283357.784,490170.3503311154,1.0,-0.4489924448741783,168,63275.0,74697.88095238095,73360.78743927367,1.0,-0.15570826528868079,238,63275.0,240501.87394957984,440718.5852830861,1.0,-0.4021316093028887,168,63275.0,74697.88095238095,73360.78743927367,1.0,-0.15570826528868079,188,63275.0,95541.96808510639,125413.82079489212,1.0,-0.25728398896224813,2024,2,1,3,29,108,120,101,113,False,False,True,True,0.6666666666666666,Uttar Pradesh|Sitting Rajya Sabha|||Gyanpur|Nathaipur,168,238,200,168,True,water_uttar pradesh,water_sitting rajya sabha
Smt Jaya Bachchan,NA - Installing hand pumps,Normal/Others,Uttar Pradesh,Sitting Rajya Sabha,DISTRICT MAGISTRATE BHADOHI_IDA,,,Gyanpur,Nathaipur,2024-02-29,63275.0,Action Pending,Unsanctioned,Rajya Sabha,False,455,8504830cd33322b854cc8a301b816929,4,na installing hand pumps,26,4,4,water,False,False,True,False,False,False,False,False,11.05526138931847,0.158355795148248,200,63275.0,152708.3,281498.1621176738,1.0,-0.3177047385574563,250,63275.0,283357.784,490170.3503311154,1.0,-0.4489924448741783,168,63275.0,74697.88095238095,73360.78743927367,1.0,-0.15570826528868079,238,63275.0,240501.87394957984,440718.5852830861,1.0,-0.4021316093028887,168,63275.0,74697.88095238095,73360.78743927367,1.0,-0.15570826528868079,188,63275.0,95541.96808510639,125413.82079489212,1.0,-0.25728398896224813,2024,2,1,3,29,108,120,102,114,False,False,True,True,0.6666666666666666,Uttar Pradesh|Sitting Rajya Sabha|||Gyanpur|Nathaipur,168,238,200,168,True,water_uttar pradesh,water_sitting rajya sabha
Smt Jaya Bachchan,NA - Installing hand pumps,Normal/Others,Uttar Pradesh,Sitting Rajya Sabha,DISTRICT MAGISTRATE BHADOHI_IDA,,,Gyanpur,Nathaipur,2024-02-29,63275.0,Action Pending,Unsanctioned,Rajya Sabha,False,456,8504830cd33322b854cc8a301b816929,4,na installing hand pumps,26,4,4,water,False,False,True,False,False,False,False,False,11.05526138931847,0.158355795148248,200,63275.0,152708.3,281498.1621176738,1.0,-0.3177047385574563,250,63275.0,283357.784,490170.3503311154,1.0,-0.4489924448741783,168,63275.0,74697.88095238095,73360.78743927367,1.0,-0.15570826528868079,238,63275.0,240501.87394957984,440718.5852830861,1.0,-0.4021316093028887,168,63275.0,74697.88095238095,73360.78743927367,1.0,-0.15570826528868079,188,63275.0,95541.96808510639,125413.82079489212,1.0,-0.25728398896224813,2024,2,1,3,29,108,120,108,120,False,False,True,True,0.6666666666666666,Uttar Pradesh|Sitting Rajya Sabha|||Gyanpur|Nathaipur,168,238,200,168,True,water_uttar pradesh,water_sitting rajya sabha
Smt Jaya Bachchan,NA - Installing hand pumps,Normal/Others,Uttar Pradesh,Sitting Rajya Sabha,DISTRICT MAGISTRATE BHADOHI_IDA,,,Gyanpur,Nathaipur,2024-02-29,63275.0,Action Pending,Unsanctioned,Rajya Sabha,False,457,8504830cd33322b854cc8a301b816929,4,na installing hand pumps,26,4,4,water,False,False,True,False,False,False,False,False,11.05526138931847,0.158355795148248,200,63275.0,152708.3,281498.1621176738,1.0,-0.3177047385574563,250,63275.0,283357.784,490170.3503311154,1.0,-0.4489924448741783,168,63275.0,74697.88095238095,73360.78743927367,1.0,-0.15570826528868079,238,63275.0,240501.87394957984,440718.5852830861,1.0,-0.4021316093028887,168,63275.0,74697.88095238095,73360.78743927367,1.0,-0.15570826528868079,188,63275.0,95541.96808510639,125413.82079489212,1.0,-0.25728398896224813,2024,2,1,3,29,108,120,104,116,False,False,True,True,0.6666666666666666,Uttar Pradesh|Sitting Rajya Sabha|||Gyanpur|Nathaipur,168,238,200,168,True,water_uttar pradesh,water_sitting rajya sabha
Smt Jaya Bachchan,NA - Installing hand pumps,Normal/Others,Uttar Pradesh,Sitting Rajya Sabha,DISTRICT MAGISTRATE BHADOHI_IDA,,,Gyanpur,Jorai,2024-02-29,63275.0,Action Pending,Unsanctioned,Rajya Sabha,False,458,30bcfac4289593030ac34ba3a1681ae4,1,na installing hand pumps,26,4,4,water,False,False,True,False,False,False,False,False,11.05526138931847,0.158355795148248,200,63275.0,152708.3,281498.1621176738,1.0,-0.3177047385574563,250,63275.0,283357.784,490170.3503311154,1.0,-0.4489924448741783,168,63275.0,74697.88095238095,73360.78743927367,1.0,-0.15570826528868079,238,63275.0,240501.87394957984,440718.5852830861,1.0,-0.4021316093028887,168,63275.0,74697.88095238095,73360.78743927367,1.0,-0.15570826528868079,188,63275.0,95541.96808510639,125413.82079489212,1.0,-0.25728398896224813,2024,2,1,3,29,108,120,105,117,False,False,True,True,0.6666666666666666,Uttar Pradesh|Sitting Rajya Sabha|||Gyanpur|Jorai,168,238,200,168,False,water_uttar pradesh,water_sitting rajya sabha
Smt Jaya Bachchan,NA - Installing hand pumps,Normal/Others,Uttar Pradesh,Sitting Rajya Sabha,DISTRICT MAGISTRATE BHADOHI_IDA,,,Gyanpur,Kansapur,2024-02-29,63275.0,Action Pending,Unsanctioned,Rajya Sabha,False,459,49e94c88444a47804ec05fd4bcdd5074,2,na installing hand pumps,26,4,4,water,False,False,True,False,False,False,False,False,11.05526138931847,0.158355795148248,200,63275.0,152708.3,281498.1621176738,1.0,-0.3177047385574563,250,63275.0,283357.784,490170.3503311154,1.0,-0.4489924448741783,168,63275.0,74697.88095238095,73360.78743927367,1.0,-0.15570826528868079,238,63275.0,240501.87394957984,440718.5852830861,1.0,-0.4021316093028887,168,63275.0,74697.88095238095,73360.78743927367,1.0,-0.15570826528868079,188,63275.0,95541.96808510639,125413.82079489212,1.0,-0.25728398896224813,2024,2,1,3,29,108,120,106,118,False,False,True,True,0.6666666666666666,Uttar Pradesh|Sitting Rajya Sabha|||Gyanpur|Kansapur,168,238,200,168,True,water_uttar pradesh,water_sitting rajya sabha
Smt Jaya Bachchan,NA - Installing hand pumps,Normal/Others,Uttar Pradesh,Sitting Rajya Sabha,DISTRICT MAGISTRATE BHADOHI_IDA,,,Gyanpur,Kansapur,2024-02-29,63275.0,Action Pending,Unsanctioned,Rajya Sabha,False,460,49e94c88444a47804ec05fd4bcdd5074,2,na installing hand pumps,26,4,4,water,False,False,True,False,False,False,False,False,11.05526138931847,0.158355795148248,200,63275.0,152708.3,281498.1621176738,1.0,-0.3177047385574563,250,63275.0,283357.784,490170.3503311154,1.0,-0.4489924448741783,168,63275.0,74697.88095238095,73360.78743927367,1.0,-0.15570826528868079,238,63275.0,240501.87394957984,440718.5852830861,1.0,-0.4021316093028887,168,63275.0,74697.88095238095,73360.78743927367,1.0,-0.15570826528868079,188,63275.0,95541.96808510639,125413.82079489212,1.0,-0.25728398896224813,2024,2,1,3,29,108,120,96,108,False,False,True,True,0.6666666666666666,Uttar Pradesh|Sitting Rajya Sabha|||Gyanpur|Kansapur,168,238,200,168,True,water_uttar pradesh,water_sitting rajya sabha
Smt Jaya Bachchan,NA - Installing hand pumps,Normal/Others,Uttar Pradesh,Sitting Rajya Sabha,DISTRICT MAGISTRATE BHADOHI_IDA,,,Aurai,Chakaura,2024-02-29,63275.0,Action Pending,Unsanctioned,Rajya Sabha,False,461,757bc968c825cd77021905d432052a2a,1,na installing hand pumps,26,4,4,water,False,False,True,False,False,False,False,False,11.05526138931847,0.158355795148248,200,63275.0,152708.3,281498.1621176738,1.0,-0.3177047385574563,250,63275.0,283357.784,490170.3503311154,1.0,-0.4489924448741783,168,63275.0,74697.88095238095,73360.78743927367,1.0,-0.15570826528868079,238,63275.0,240501.87394957984,440718.5852830861,1.0,-0.4021316093028887,168,63275.0,74697.88095238095,73360.78743927367,1.0,-0.15570826528868079,188,63275.0,95541.96808510639,125413.82079489212,1.0,-0.25728398896224813,2024,2,1,3,29,108,120,107,119,False,False,True,True,0.6666666666666666,Uttar Pradesh|Sitting Rajya Sabha|||Aurai|Chakaura,168,238,200,168,False,water_uttar pradesh,water_sitting rajya sabha
Smt Jaya Bachchan,NA - Installing hand pumps,Normal/Others,Uttar Pradesh,Sitting Rajya Sabha,DISTRICT MAGISTRATE BHADOHI_IDA,,,Aurai,Samhi Bhatani,2024-02-29,63275.0,Action Pending,Unsanctioned,Rajya Sabha,False,462,74eb1a956901907df0ce3d14ea9f1c0f,2,na installing hand pumps,26,4,4,water,False,False,True,False,False,False,False,False,11.05526138931847,0.158355795148248,200,63275.0,152708.3,281498.1621176738,1.0,-0.3177047385574563,250,63275.0,283357.784,490170.3503311154,1.0,-0.4489924448741783,168,63275.0,74697.88095238095,73360.78743927367,1.0,-0.15570826528868079,238,63275.0,240501.87394957984,440718.5852830861,1.0,-0.4021316093028887,168,63275.0,74697.88095238095,73360.78743927367,1.0,-0.15570826528868079,188,63275.0,95541.96808510639,125413.82079489212,1.0,-0.25728398896224813,2024,2,1,3,29,108,120,97,109,False,False,True,True,0.6666666666666666,Uttar Pradesh|Sitting Rajya Sabha|||Aurai|Samhi Bhatani,168,238,200,168,True,water_uttar pradesh,water_sitting rajya sabha
Smt Jaya Bachchan,NA - Installing hand pumps,Normal/Others,Uttar Pradesh,Sitting Rajya Sabha,DISTRICT MAGISTRATE BHADOHI_IDA,,,Aurai,Samhi Bhatani,2024-02-29,63275.0,Action Pending,Unsanctioned,Rajya Sabha,False,463,74eb1a956901907df0ce3d14ea9f1c0f,2,na installing hand pumps,26,4,4,water,False,False,True,False,False,False,False,False,11.05526138931847,0.158355795148248,200,63275.0,152708.3,281498.1621176738,1.0,-0.3177047385574563,250,63275.0,283357.784,490170.3503311154,1.0,-0.4489924448741783,168,63275.0,74697.88095238095,73360.78743927367,1.0,-0.15570826528868079,238,63275.0,240501.87394957984,440718.5852830861,1.0,-0.4021316093028887,168,63275.0,74697.88095238095,73360.78743927367,1.0,-0.15570826528868079,188,63275.0,95541.96808510639,125413.82079489212,1.0,-0.25728398896224813,2024,2,1,3,29,108,120,98,110,False,False,True,True,0.6666666666666666,Uttar Pradesh|Sitting Rajya Sabha|||Aurai|Samhi Bhatani,168,238,200,168,True,water_uttar pradesh,water_sitting rajya sabha
Smt Jaya Bachchan,NA - Installing hand pumps,Normal/Others,Uttar Pradesh,Sitting Rajya Sabha,DISTRICT MAGISTRATE BHADOHI_IDA,,,Bhadohi,Payagpur,2024-02-29,63275.0,Action Pending,Unsanctioned,Rajya Sabha,False,464,3eb889351c93b831a292557d0cf77f94,1,na installing hand pumps,26,4,4,water,False,False,True,False,False,False,False,False,11.05526138931847,0.158355795148248,200,63275.0,152708.3,281498.1621176738,1.0,-0.3177047385574563,250,63275.0,283357.784,490170.3503311154,1.0,-0.4489924448741783,168,63275.0,74697.88095238095,73360.78743927367,1.0,-0.15570826528868079,238,63275.0,240501.87394957984,440718.5852830861,1.0,-0.4021316093028887,168,63275.0,74697.88095238095,73360.78743927367,1.0,-0.15570826528868079,188,63275.0,95541.96808510639,125413.82079489212,1.0,-0.25728398896224813,2024,2,1,3,29,108,120,95,107,False,False,True,True,0.6666666666666666,Uttar Pradesh|Sitting Rajya Sabha|||Bhadohi|Payagpur,168,238,200,168,False,water_uttar pradesh,water_sitting rajya sabha
Smt Jaya Bachchan,NA - Installing hand pumps,Normal/Others,Uttar Pradesh,Sitting Rajya Sabha,DISTRICT MAGISTRATE BHADOHI_IDA,,,Gyanpur,Pakri Kala,2024-02-29,63275.0,Action Pending,Unsanctioned,Rajya Sabha,False,465,b5b5e53cdb9fe3151238cc56e11919f7,1,na installing hand pumps,26,4,4,water,False,False,True,False,False,False,False,False,11.05526138931847,0.158355795148248,200,63275.0,152708.3,281498.1621176738,1.0,-0.3177047385574563,250,63275.0,283357.784,490170.3503311154,1.0,-0.4489924448741783,168,63275.0,74697.88095238095,73360.78743927367,1.0,-0.15570826528868079,238,63275.0,240501.87394957984,440718.5852830861,1.0,-0.4021316093028887,168,63275.0,74697.88095238095,73360.78743927367,1.0,-0.15570826528868079,188,63275.0,95541.96808510639,125413.82079489212,1.0,-0.25728398896224813,2024,2,1,3,29,108,120,94,106,False,False,True,True,0.6666666666666666,Uttar Pradesh|Sitting Rajya Sabha|||Gyanpur|Pakri Kala,168,238,200,168,False,water_uttar pradesh,water_sitting rajya sabha
Smt Jaya Bachchan,NA - Installing hand pumps,Normal/Others,Uttar Pradesh,Sitting Rajya Sabha,DISTRICT MAGISTRATE BHADOHI_IDA,,,Gyanpur,Bhuraki Town,2024-02-29,63275.0,Action Pending,Unsanctioned,Rajya Sabha,False,466,9330b637b66f1d953daa1f45465cc327,1,na installing hand pumps,26,4,4,water,False,False,True,False,False,False,False,False,11.05526138931847,0.158355795148248,200,63275.0,152708.3,281498.1621176738,1.0,-0.3177047385574563,250,63275.0,283357.784,490170.3503311154,1.0,-0.4489924448741783,168,63275.0,74697.88095238095,73360.78743927367,1.0,-0.15570826528868079,238,63275.0,240501.87394957984,440718.5852830861,1.0,-0.4021316093028887,168,63275.0,74697.88095238095,73360.78743927367,1.0,-0.15570826528868079,188,63275.0,95541.96808510639,125413.82079489212,1.0,-0.25728398896224813,2024,2,1,3,29,108,120,93,105,False,False,True,True,0.6666666666666666,Uttar Pradesh|Sitting Rajya Sabha|||Gyanpur|Bhuraki Town,168,238,200,168,False,water_uttar pradesh,water_sitting rajya sabha
Smt Jaya Bachchan,NA - Installing hand pumps,Normal/Others,Uttar Pradesh,Sitting Rajya Sabha,DISTRICT MAGISTRATE BHADOHI_IDA,,,Gyanpur,Lakshman Patti,2024-02-29,63275.0,Action Pending,Unsanctioned,Rajya Sabha,False,467,4314f6138535c7bd3e4d5854fcf8f01f,3,na installing hand pumps,26,4,4,water,False,False,True,False,False,False,False,False,11.05526138931847,0.158355795148248,200,63275.0,152708.3,281498.1621176738,1.0,-0.3177047385574563,250,63275.0,283357.784,490170.3503311154,1.0,-0.4489924448741783,168,63275.0,74697.88095238095,73360.78743927367,1.0,-0.15570826528868079,238,63275.0,240501.87394957984,440718.5852830861,1.0,-0.4021316093028887,168,63275.0,74697.88095238095,73360.78743927367,1.0,-0.15570826528868079,188,63275.0,95541.96808510639,125413.82079489212,1.0,-0.25728398896224813,2024,2,1,3,29,108,120,92,104,False,False,True,True,0.6666666666666666,Uttar Pradesh|Sitting Rajya Sabha|||Gyanpur|Lakshman Patti,168,238,200,168,True,water_uttar pradesh,water_sitting rajya sabha
Smt Jaya Bachchan,NA - Installing hand pumps,Normal/Others,Uttar Pradesh,Sitting Rajya Sabha,DISTRICT MAGISTRATE BHADOHI_IDA,,,Gyanpur,Vedpur,2024-02-29,63275.0,Action Pending,Unsanctioned,Rajya Sabha,False,468,50a3322c6f6fe41cf07c7c2b0d4820b4,1,na installing hand pumps,26,4,4,water,False,False,True,False,False,False,False,False,11.05526138931847,0.158355795148248,200,63275.0,152708.3,281498.1621176738,1.0,-0.3177047385574563,250,63275.0,283357.784,490170.3503311154,1.0,-0.4489924448741783,168,63275.0,74697.88095238095,73360.78743927367,1.0,-0.15570826528868079,238,63275.0,240501.87394957984,440718.5852830861,1.0,-0.4021316093028887,168,63275.0,74697.88095238095,73360.78743927367,1.0,-0.15570826528868079,188,63275.0,95541.96808510639,125413.82079489212,1.0,-0.25728398896224813,2024,2,1,3,29,108,120,91,103,False,False,True,True,0.6666666666666666,Uttar Pradesh|Sitting Rajya Sabha|||Gyanpur|Vedpur,168,238,200,168,False,water_uttar pradesh,water_sitting rajya sabha
Smt Jaya Bachchan,NA - Installing hand pumps,Normal/Others,Uttar Pradesh,Sitting Rajya Sabha,DISTRICT MAGISTRATE BHADOHI_IDA,,,Gyanpur,Poore Bahuriya,2024-02-29,63275.0,Action Pending,Unsanctioned,Rajya Sabha,False,469,51f5964691044bfd2d2eebb9eb5faa4e,1,na installing hand pumps,26,4,4,water,False,False,True,False,False,False,False,False,11.05526138931847,0.158355795148248,200,63275.0,152708.3,281498.1621176738,1.0,-0.3177047385574563,250,63275.0,283357.784,490170.3503311154,1.0,-0.4489924448741783,168,63275.0,74697.88095238095,73360.78743927367,1.0,-0.15570826528868079,238,63275.0,240501.87394957984,440718.5852830861,1.0,-0.4021316093028887,168,63275.0,74697.88095238095,73360.78743927367,1.0,-0.15570826528868079,188,63275.0,95541.96808510639,125413.82079489212,1.0,-0.25728398896224813,2024,2,1,3,29,108,120,90,102,False,False,True,True,0.6666666666666666,Uttar Pradesh|Sitting Rajya Sabha|||Gyanpur|Poore Bahuriya,168,238,200,168,False,water_uttar pradesh,water_sitting rajya sabha
Smt Jaya Bachchan,NA - Installing hand pumps,Normal/Others,Uttar Pradesh,Sitting Rajya Sabha,DISTRICT MAGISTRATE BHADOHI_IDA,,,Bhadohi,Ajaypur,2024-02-29,63275.0,Action Pending,Unsanctioned,Rajya Sabha,False,470,4161f0c4b97ba6a6bba74934c96528aa,2,na installing hand pumps,26,4,4,water,False,False,True,False,False,False,False,False,11.05526138931847,0.158355795148248,200,63275.0,152708.3,281498.1621176738,1.0,-0.3177047385574563,250,63275.0,283357.784,490170.3503311154,1.0,-0.4489924448741783,168,63275.0,74697.88095238095,73360.78743927367,1.0,-0.15570826528868079,238,63275.0,240501.87394957984,440718.5852830861,1.0,-0.4021316093028887,168,63275.0,74697.88095238095,73360.78743927367,1.0,-0.15570826528868079,188,63275.0,95541.96808510639,125413.82079489212,1.0,-0.25728398896224813,2024,2,1,3,29,108,120,89,101,False,False,True,True,0.6666666666666666,Uttar Pradesh|Sitting Rajya Sabha|||Bhadohi|Ajaypur,168,238,200,168,True,water_uttar pradesh,water_sitting rajya sabha
Smt Jaya Bachchan,NA - Installing hand pumps,Normal/Others,Uttar Pradesh,Sitting Rajya Sabha,DISTRICT MAGISTRATE BHADOHI_IDA,,,Bhadohi,Ajaypur,2024-02-29,63275.0,Action Pending,Unsanctioned,Rajya Sabha,False,471,4161f0c4b97ba6a6bba74934c96528aa,2,na installing hand pumps,26,4,4,water,False,False,True,False,False,False,False,False,11.05526138931847,0.158355795148248,200,63275.0,152708.3,281498.1621176738,1.0,-0.3177047385574563,250,63275.0,283357.784,490170.3503311154,1.0,-0.4489924448741783,168,63275.0,74697.88095238095,73360.78743927367,1.0,-0.15570826528868079,238,63275.0,240501.87394957984,440718.5852830861,1.0,-0.4021316093028887,168,63275.0,74697.88095238095,73360.78743927367,1.0,-0.15570826528868079,188,63275.0,95541.96808510639,125413.82079489212,1.0,-0.25728398896224813,2024,2,1,3,29,108,120,88,100,False,False,True,True,0.6666666666666666,Uttar Pradesh|Sitting Rajya Sabha|||Bhadohi|Ajaypur,168,238,200,168,True,water_uttar pradesh,water_sitting rajya sabha
Smt Jaya Bachchan,NA - Installing hand pumps,Normal/Others,Uttar Pradesh,Sitting Rajya Sabha,DISTRICT MAGISTRATE BHADOHI_IDA,,,Bhadohi,Lakhanpur Urf Abhyan,2024-02-29,63275.0,Action Pending,Unsanctioned,Rajya Sabha,False,472,52f58a8f3a6345611c5afa1b12ade1ba,1,na installing hand pumps,26,4,4,water,False,False,True,False,False,False,False,False,11.05526138931847,0.158355795148248,200,63275.0,152708.3,281498.1621176738,1.0,-0.3177047385574563,250,63275.0,283357.784,490170.3503311154,1.0,-0.4489924448741783,168,63275.0,74697.88095238095,73360.78743927367,1.0,-0.15570826528868079,238,63275.0,240501.87394957984,440718.5852830861,1.0,-0.4021316093028887,168,63275.0,74697.88095238095,73360.78743927367,1.0,-0.15570826528868079,188,63275.0,95541.96808510639,125413.82079489212,1.0,-0.25728398896224813,2024,2,1,3,29,108,120,87,99,False,False,True,True,0.6666666666666666,Uttar Pradesh|Sitting Rajya Sabha|||Bhadohi|Lakhanpur Urf Abhyan,168,238,200,168,False,water_uttar pradesh,water_sitting rajya sabha
Smt Jaya Bachchan,NA - Installing hand pumps,Normal/Others,Uttar Pradesh,Sitting Rajya Sabha,DISTRICT MAGISTRATE BHADOHI_IDA,,,Bhadohi,Phatupur Dargah,2024-02-29,63275.0,Action Pending,Unsanctioned,Rajya Sabha,False,473,226aac2dea35149b07f965090531d82f,2,na installing hand pumps,26,4,4,water,False,False,True,False,False,False,False,False,11.05526138931847,0.158355795148248,200,63275.0,152708.3,281498.1621176738,1.0,-0.3177047385574563,250,63275.0,283357.784,490170.3503311154,1.0,-0.4489924448741783,168,63275.0,74697.88095238095,73360.78743927367,1.0,-0.15570826528868079,238,63275.0,240501.87394957984,440718.5852830861,1.0,-0.4021316093028887,168,63275.0,74697.88095238095,73360.78743927367,1.0,-0.15570826528868079,188,63275.0,95541.96808510639,125413.82079489212,1.0,-0.25728398896224813,2024,2,1,3,29,108,120,86,98,False,False,True,True,0.6666666666666666,Uttar Pradesh|Sitting Rajya Sabha|||Bhadohi|Phatupur Dargah,168,238,200,168,True,water_uttar pradesh,water_sitting rajya sabha
Smt Jaya Bachchan,NA - Installing hand pumps,Normal/Others,Uttar Pradesh,Sitting Rajya Sabha,DISTRICT MAGISTRATE BHADOHI_IDA,,,Bhadohi,Phatupur Dargah,2024-02-29,63275.0,Action Pending,Unsanctioned,Rajya Sabha,False,474,226aac2dea35149b07f965090531d82f,2,na installing hand pumps,26,4,4,water,False,False,True,False,False,False,False,False,11.05526138931847,0.158355795148248,200,63275.0,152708.3,281498.1621176738,1.0,-0.3177047385574563,250,63275.0,283357.784,490170.3503311154,1.0,-0.4489924448741783,168,63275.0,74697.88095238095,73360.78743927367,1.0,-0.15570826528868079,238,63275.0,240501.87394957984,440718.5852830861,1.0,-0.4021316093028887,168,63275.0,74697.88095238095,73360.78743927367,1.0,-0.15570826528868079,188,63275.0,95541.96808510639,125413.82079489212,1.0,-0.25728398896224813,2024,2,1,3,29,108,120,85,97,False,False,True,True,0.6666666666666666,Uttar Pradesh|Sitting Rajya Sabha|||Bhadohi|Phatupur Dargah,168,238,200,168,True,water_uttar pradesh,water_sitting rajya sabha
Smt Jaya Bachchan,NA - Installing hand pumps,Normal/Others,Uttar Pradesh,Sitting Rajya Sabha,DISTRICT MAGISTRATE BHADOHI_IDA,,,Bhadohi,Deeh Koiran,2024-02-29,63275.0,Action Pending,Unsanctioned,Rajya Sabha,False,475,2c45a91e7d0f9b370ba00aa112273994,8,na installing hand pumps,26,4,4,water,False,False,True,False,False,False,False,False,11.05526138931847,0.158355795148248,200,63275.0,152708.3,281498.1621176738,1.0,-0.3177047385574563,250,63275.0,283357.784,490170.3503311154,1.0,-0.4489924448741783,168,63275.0,74697.88095238095,73360.78743927367,1.0,-0.15570826528868079,238,63275.0,240501.87394957984,440718.5852830861,1.0,-0.4021316093028887,168,63275.0,74697.88095238095,73360.78743927367,1.0,-0.15570826528868079,188,63275.0,95541.96808510639,125413.82079489212,1.0,-0.25728398896224813,2024,2,1,3,29,108,120,84,96,False,False,True,True,0.6666666666666666,Uttar Pradesh|Sitting Rajya Sabha|||Bhadohi|Deeh Koiran,168,238,200,168,True,water_uttar pradesh,water_sitting rajya sabha
SHRI Shaktisinh Gohil,NA - Construction of rooms and halls in school and colleges,Normal/Others,Gujarat,Sitting Rajya Sabha,DISTRICT COLLECTOR BHAVNAGAR_IDA,,,Talaja,Trapaj,2024-02-28,500000.0,Action Pending,Unsanctioned,Rajya Sabha,False,476,fb0366d973e0d52d316b232c63a81ffe,1,na construction of rooms and halls in school and colleges,59,10,9,building,False,True,False,False,True,False,False,False,13.122365377402328,0.7277628032345014,5,450000.0,560000.0,248495.47279578357,1.1111111111111112,-0.2414530909756601,250,63275.0,283357.784,490170.3503311154,7.902015013828526,0.44197331775301346,1,,,,,,238,63275.0,240501.87394957984,440718.5852830861,7.902015013828526,0.5888068593334613,1,,,,,,197,500000.0,630154.3248730964,588758.041654943,1.0,-0.2210658974733406,2024,2,1,2,28,1,120,1,53,False,False,True,True,0.6666666666666666,Gujarat|Sitting Rajya Sabha|||Talaja|Trapaj,1,238,5,1,False,building_gujarat,building_sitting rajya sabha
SHRI Deepak Prakash,NA - Construction of community centers and community halls,Normal/Others,Jharkhand,Sitting Rajya Sabha,DEPUTY COMMISSIONER RANCHI_IDA,Ranchi,Ranchi (M Corp.) - Ward No.34,,,2024-02-28,1450000.0,Action Pending,Unsanctioned,Rajya Sabha,False,477,2ec9accc610c1ca8c55f29b23b397859,1,na construction of community centers and community halls,58,8,7,building,False,True,False,False,False,False,False,False,14.187074804051692,0.9663072776280324,12,225500.0,446333.3333333333,375299.23414725374,6.430155210643015,2.6743104577529313,250,63275.0,283357.784,490170.3503311154,22.915843540102728,2.380075039650849,1,,,,,,238,63275.0,240501.87394957984,440718.5852830861,22.915843540102728,2.744377401904948,1,,,,,,197,500000.0,630154.3248730964,588758.041654943,2.9,1.3925001734539288,2024,2,1,2,28,1,120,1,56,True,True,False,False,0.6666666666666666,Jharkhand|Sitting Rajya Sabha|Ranchi|Ranchi (M Corp.) - Ward No.34||,1,238,12,1,False,building_jharkhand,building_sitting rajya sabha
SH G V L Narasimha Rao,"NA - Construction of roads, link roads, pathways or any other road with or without drainage system",Normal/Others,Uttar Pradesh,Sitting Rajya Sabha,DISTRICT MAGISTRAE VARANASI_IDA,,,Sadar,Susuwahi (Ct),2024-02-28,569000.0,Action Pending,Unsanctioned,Rajya Sabha,False,478,8f92899985d907b0aaba0330cd9e813d,1,na construction of roads link roads pathways or any other road with or without drainage system,98,16,14,road,True,False,False,False,False,False,True,False,13.251637470576167,0.8086253369272237,200,63275.0,152708.3,281498.1621176738,8.992493085736863,1.4788434029845599,250,63275.0,283357.784,490170.3503311154,8.992493085736863,0.5827407059750668,5,569000.0,429850.4,288777.6722026826,1.0,0.4818571980950657,238,63275.0,240501.87394957984,440718.5852830861,8.992493085736863,0.7453693513728641,4,,,,,,147,500000.0,549006.8027210884,314411.18040611234,1.138,0.06358933309269468,2024,2,1,2,28,5,120,4,55,False,False,True,True,0.6666666666666666,Uttar Pradesh|Sitting Rajya Sabha|||Sadar|Susuwahi (Ct),5,238,200,4,False,road_uttar pradesh,road_sitting rajya sabha
SH G V L Narasimha Rao,"NA - Construction of roads, link roads, pathways or any other road with or without drainage system",Normal/Others,Uttar Pradesh,Sitting Rajya Sabha,DISTRICT MAGISTRAE VARANASI_IDA,,,Sadar,Pahariya,2024-02-28,622000.0,Action Pending,Unsanctioned,Rajya Sabha,False,479,dc58d4dbfb2dc0306402dd91f757b9b6,1,na construction of roads link roads pathways or any other road with or without drainage system,98,16,14,road,True,False,False,False,False,False,True,False,13.340696979437066,0.8234501347708895,200,63275.0,152708.3,281498.1621176738,9.830106677202687,1.6671217192665844,250,63275.0,283357.784,490170.3503311154,9.830106677202687,0.6908663809862092,5,569000.0,429850.4,288777.6722026826,1.093145869947276,0.6653893929345657,238,63275.0,240501.87394957984,440718.5852830861,9.830106677202687,0.8656274974321154,4,,,,,,147,500000.0,549006.8027210884,314411.18040611234,1.244,0.2321584022064012,2024,2,1,2,28,5,120,3,54,False,False,True,True,0.6666666666666666,Uttar Pradesh|Sitting Rajya Sabha|||Sadar|Pahariya,5,238,200,4,False,road_uttar pradesh,road_sitting rajya sabha
Dr Amar Patnaik,NA - Construction of rooms and halls in school and colleges,Normal/Others,Odisha,Sitting Rajya Sabha,DISTRICT COLLECTOR KHORDHA_IDA,Bhubaneswar,Bhubaneswar (M Corp.) -Ward No.56,,,2024-02-28,5000000.0,Action Pending,Unsanctioned,Rajya Sabha,False,480,83b7e5a9c0517457cf000b12af57548d,1,na construction of rooms and halls in school and colleges,59,10,9,building,False,True,False,False,True,False,False,False,15.424948670398354,1.0,141,300000.0,377021.27659574465,471165.34052867413,16.666666666666668,9.811797103362935,250,63275.0,283357.784,490170.3503311154,79.02015013828526,9.622455158321708,3,,,,,,238,63275.0,240501.87394957984,440718.5852830861,79.02015013828526,10.79940416625103,3,,,,,,197,500000.0,630154.3248730964,588758.041654943,10.0,7.422141806918988,2024,2,1,2,28,1,120,1,58,True,True,False,False,0.6666666666666666,Odisha|Sitting Rajya Sabha|Bhubaneswar|Bhubaneswar (M Corp.) -Ward No.56||,3,238,141,3,False,building_odisha,building_sitting rajya sabha
P Raveendranath Kumar,NA - Street lights,Normal/Others,Tamil Nadu,THENI,DISTRICT COLLECTOR THENI_IDA,Melachokkanathapuram,Melachokkanathapuram (TP) - Ward No.1,,,2024-02-28,1000000.0,Action Pending,Unsanctioned,Lok Sabha,False,481,9e7a74c28d8a9018e07f9ec12f1968f2,1,na street lights,18,3,3,electrical,False,False,False,True,False,False,False,False,13.815511557963774,0.9420485175202157,71,430000.0,638394.3661971831,521592.1019579857,2.3255813953488373,0.6932728322484151,492,430000.0,471904.2174796748,412350.68459874584,2.3255813953488373,1.280695782121011,9,1000000.0,1107444.4444444445,1004430.5427842076,1.0,-0.10697050703637147,9,1000000.0,1107444.4444444445,1004430.5427842076,1.0,-0.10697050703637147,6,1000000.0,1216666.6666666667,890318.2951431846,1.0,-0.2433586593116359,145,430000.0,386886.22068965517,275909.89582542237,2.3255813953488373,2.2221521902146013,2024,2,1,2,28,3,3,1,1,True,True,False,False,0.6666666666666666,Tamil Nadu|THENI|Melachokkanathapuram|Melachokkanathapuram (TP) - Ward No.1||,9,9,71,6,False,electrical_tamil nadu,electrical_theni
SH G V L Narasimha Rao,NA - Purchase of non-conventional energy system and devices for community use,Normal/Others,Uttar Pradesh,Sitting Rajya Sabha,DISTRICT MAGISTRAE VARANASI_IDA,,,Rajatalab,Chhateri Manapur,2024-02-28,119126.0,Action Pending,Unsanctioned,Rajya Sabha,False,482,ce38413b9770701873e78ff9ba2b1107,1,na purchase of non conventional energy system and devices for community use,77,12,12,electrical,False,False,False,True,False,False,False,False,11.687945429902662,0.32681940700808626,200,63275.0,152708.3,281498.1621176738,1.882670881074674,-0.11929846982788359,250,63275.0,283357.784,490170.3503311154,1.882670881074674,-0.3350504245902667,5,569000.0,429850.4,288777.6722026826,0.20936028119507907,-1.0759987004186176,238,63275.0,240501.87394957984,440718.5852830861,1.882670881074674,-0.27540448259429917,4,,,,,,145,430000.0,386886.22068965517,275909.89582542237,0.27703720930232556,-0.970462548610711,2024,2,1,2,28,5,120,2,52,False,False,True,True,0.6666666666666666,Uttar Pradesh|Sitting Rajya Sabha|||Rajatalab|Chhateri Manapur,5,238,200,4,False,electrical_uttar pradesh,electrical_sitting rajya sabha
Smt Jaya Bachchan,NA - Installing hand pumps,Normal/Others,Uttar Pradesh,Sitting Rajya Sabha,DISTRICT MAGISTRATE BHADOHI_IDA,,,Bhadohi,Harirampur,2024-02-28,63275.0,Action Pending,Unsanctioned,Rajya Sabha,False,483,1550f632ba95163cc9150a8cbbbd378e,4,na installing hand pumps,26,4,4,water,False,False,True,False,False,False,False,False,11.05526138931847,0.158355795148248,200,63275.0,152708.3,281498.1621176738,1.0,-0.3177047385574563,250,63275.0,283357.784,490170.3503311154,1.0,-0.4489924448741783,168,63275.0,74697.88095238095,73360.78743927367,1.0,-0.15570826528868079,238,63275.0,240501.87394957984,440718.5852830861,1.0,-0.4021316093028887,168,63275.0,74697.88095238095,73360.78743927367,1.0,-0.15570826528868079,188,63275.0,95541.96808510639,125413.82079489212,1.0,-0.25728398896224813,2024,2,1,2,28,108,120,47,51,False,False,True,True,0.6666666666666666,Uttar Pradesh|Sitting Rajya Sabha|||Bhadohi|Harirampur,168,238,200,168,True,water_uttar pradesh,water_sitting rajya sabha
Smt Jaya Bachchan,NA - Installing hand pumps,Normal/Others,Uttar Pradesh,Sitting Rajya Sabha,DISTRICT MAGISTRATE BHADOHI_IDA,,,Bhadohi,Harirampur,2024-02-28,63275.0,Action Pending,Unsanctioned,Rajya Sabha,False,484,1550f632ba95163cc9150a8cbbbd378e,4,na installing hand pumps,26,4,4,water,False,False,True,False,False,False,False,False,11.05526138931847,0.158355795148248,200,63275.0,152708.3,281498.1621176738,1.0,-0.3177047385574563,250,63275.0,283357.784,490170.3503311154,1.0,-0.4489924448741783,168,63275.0,74697.88095238095,73360.78743927367,1.0,-0.15570826528868079,238,63275.0,240501.87394957984,440718.5852830861,1.0,-0.4021316093028887,168,63275.0,74697.88095238095,73360.78743927367,1.0,-0.15570826528868079,188,63275.0,95541.96808510639,125413.82079489212,1.0,-0.25728398896224813,2024,2,1,2,28,108,120,46,50,False,False,True,True,0.6666666666666666,Uttar Pradesh|Sitting Rajya Sabha|||Bhadohi|Harirampur,168,238,200,168,True,water_uttar pradesh,water_sitting rajya sabha
Smt Jaya Bachchan,NA - Installing hand pumps,Normal/Others,Uttar Pradesh,Sitting Rajya Sabha,DISTRICT MAGISTRATE BHADOHI_IDA,,,Bhadohi,Harirampur,2024-02-28,63275.0,Action Pending,Unsanctioned,Rajya Sabha,False,485,1550f632ba95163cc9150a8cbbbd378e,4,na installing hand pumps,26,4,4,water,False,False,True,False,False,False,False,False,11.05526138931847,0.158355795148248,200,63275.0,152708.3,281498.1621176738,1.0,-0.3177047385574563,250,63275.0,283357.784,490170.3503311154,1.0,-0.4489924448741783,168,63275.0,74697.88095238095,73360.78743927367,1.0,-0.15570826528868079,238,63275.0,240501.87394957984,440718.5852830861,1.0,-0.4021316093028887,168,63275.0,74697.88095238095,73360.78743927367,1.0,-0.15570826528868079,188,63275.0,95541.96808510639,125413.82079489212,1.0,-0.25728398896224813,2024,2,1,2,28,108,120,45,49,False,False,True,True,0.6666666666666666,Uttar Pradesh|Sitting Rajya Sabha|||Bhadohi|Harirampur,168,238,200,168,True,water_uttar pradesh,water_sitting rajya sabha
Smt Jaya Bachchan,NA - Installing hand pumps,Normal/Others,Uttar Pradesh,Sitting Rajya Sabha,DISTRICT MAGISTRATE BHADOHI_IDA,,,Bhadohi,Harirampur,2024-02-28,63275.0,Action Pending,Unsanctioned,Rajya Sabha,False,486,1550f632ba95163cc9150a8cbbbd378e,4,na installing hand pumps,26,4,4,water,False,False,True,False,False,False,False,False,11.05526138931847,0.158355795148248,200,63275.0,152708.3,281498.1621176738,1.0,-0.3177047385574563,250,63275.0,283357.784,490170.3503311154,1.0,-0.4489924448741783,168,63275.0,74697.88095238095,73360.78743927367,1.0,-0.15570826528868079,238,63275.0,240501.87394957984,440718.5852830861,1.0,-0.4021316093028887,168,63275.0,74697.88095238095,73360.78743927367,1.0,-0.15570826528868079,188,63275.0,95541.96808510639,125413.82079489212,1.0,-0.25728398896224813,2024,2,1,2,28,108,120,50,60,False,False,True,True,0.6666666666666666,Uttar Pradesh|Sitting Rajya Sabha|||Bhadohi|Harirampur,168,238,200,168,True,water_uttar pradesh,water_sitting rajya sabha
Smt Jaya Bachchan,NA - Installing hand pumps,Normal/Others,Uttar Pradesh,Sitting Rajya Sabha,DISTRICT MAGISTRATE BHADOHI_IDA,,,Bhadohi,Bhakuda,2024-02-28,63275.0,Action Pending,Unsanctioned,Rajya Sabha,False,487,15859434bcbdd20584d4dea2b3cf5c55,1,na installing hand pumps,26,4,4,water,False,False,True,False,False,False,False,False,11.05526138931847,0.158355795148248,200,63275.0,152708.3,281498.1621176738,1.0,-0.3177047385574563,250,63275.0,283357.784,490170.3503311154,1.0,-0.4489924448741783,168,63275.0,74697.88095238095,73360.78743927367,1.0,-0.15570826528868079,238,63275.0,240501.87394957984,440718.5852830861,1.0,-0.4021316093028887,168,63275.0,74697.88095238095,73360.78743927367,1.0,-0.15570826528868079,188,63275.0,95541.96808510639,125413.82079489212,1.0,-0.25728398896224813,2024,2,1,2,28,108,120,48,57,False,False,True,True,0.6666666666666666,Uttar Pradesh|Sitting Rajya Sabha|||Bhadohi|Bhakuda,168,238,200,168,False,water_uttar pradesh,water_sitting rajya sabha
Smt Jaya Bachchan,NA - Installing hand pumps,Normal/Others,Uttar Pradesh,Sitting Rajya Sabha,DISTRICT MAGISTRATE BHADOHI_IDA,,,Aurai,Bhagwati Daspur,2024-02-28,63275.0,Action Pending,Unsanctioned,Rajya Sabha,False,488,32e65437b7b75ca50e14f9cbe84e4192,2,na installing hand pumps,26,4,4,water,False,False,True,False,False,False,False,False,11.05526138931847,0.158355795148248,200,63275.0,152708.3,281498.1621176738,1.0,-0.3177047385574563,250,63275.0,283357.784,490170.3503311154,1.0,-0.4489924448741783,168,63275.0,74697.88095238095,73360.78743927367,1.0,-0.15570826528868079,238,63275.0,240501.87394957984,440718.5852830861,1.0,-0.4021316093028887,168,63275.0,74697.88095238095,73360.78743927367,1.0,-0.15570826528868079,188,63275.0,95541.96808510639,125413.82079489212,1.0,-0.25728398896224813,2024,2,1,2,28,108,120,49,59,False,False,True,True,0.6666666666666666,Uttar Pradesh|Sitting Rajya Sabha|||Aurai|Bhagwati Daspur,168,238,200,168,True,water_uttar pradesh,water_sitting rajya sabha
Smt Jaya Bachchan,NA - Installing hand pumps,Normal/Others,Uttar Pradesh,Sitting Rajya Sabha,DISTRICT MAGISTRATE BHADOHI_IDA,,,Aurai,Bhagwati Daspur,2024-02-28,63275.0,Action Pending,Unsanctioned,Rajya Sabha,False,489,32e65437b7b75ca50e14f9cbe84e4192,2,na installing hand pumps,26,4,4,water,False,False,True,False,False,False,False,False,11.05526138931847,0.158355795148248,200,63275.0,152708.3,281498.1621176738,1.0,-0.3177047385574563,250,63275.0,283357.784,490170.3503311154,1.0,-0.4489924448741783,168,63275.0,74697.88095238095,73360.78743927367,1.0,-0.15570826528868079,238,63275.0,240501.87394957984,440718.5852830861,1.0,-0.4021316093028887,168,63275.0,74697.88095238095,73360.78743927367,1.0,-0.15570826528868079,188,63275.0,95541.96808510639,125413.82079489212,1.0,-0.25728398896224813,2024,2,1,2,28,108,120,52,62,False,False,True,True,0.6666666666666666,Uttar Pradesh|Sitting Rajya Sabha|||Aurai|Bhagwati Daspur,168,238,200,168,True,water_uttar pradesh,water_sitting rajya sabha
Smt Jaya Bachchan,NA - Installing hand pumps,Normal/Others,Uttar Pradesh,Sitting Rajya Sabha,DISTRICT MAGISTRATE BHADOHI_IDA,,,Aurai,Bhagwanpur Kanehari,2024-02-28,63275.0,Action Pending,Unsanctioned,Rajya Sabha,False,490,3653d924274e2c74975f996714391509,1,na installing hand pumps,26,4,4,water,False,False,True,False,False,False,False,False,11.05526138931847,0.158355795148248,200,63275.0,152708.3,281498.1621176738,1.0,-0.3177047385574563,250,63275.0,283357.784,490170.3503311154,1.0,-0.4489924448741783,168,63275.0,74697.88095238095,73360.78743927367,1.0,-0.15570826528868079,238,63275.0,240501.87394957984,440718.5852830861,1.0,-0.4021316093028887,168,63275.0,74697.88095238095,73360.78743927367,1.0,-0.15570826528868079,188,63275.0,95541.96808510639,125413.82079489212,1.0,-0.25728398896224813,2024,2,1,2,28,108,120,51,61,False,False,True,True,0.6666666666666666,Uttar Pradesh|Sitting Rajya Sabha|||Aurai|Bhagwanpur Kanehari,168,238,200,168,False,water_uttar pradesh,water_sitting rajya sabha
Smt Jaya Bachchan,NA - Installing hand pumps,Normal/Others,Uttar Pradesh,Sitting Rajya Sabha,DISTRICT MAGISTRATE BHADOHI_IDA,,,Bhadohi,Paraspur Bejhawniya,2024-02-28,63275.0,Action Pending,Unsanctioned,Rajya Sabha,False,491,c899e374ea2a0fe122abde0ff8ae5e7b,2,na installing hand pumps,26,4,4,water,False,False,True,False,False,False,False,False,11.05526138931847,0.158355795148248,200,63275.0,152708.3,281498.1621176738,1.0,-0.3177047385574563,250,63275.0,283357.784,490170.3503311154,1.0,-0.4489924448741783,168,63275.0,74697.88095238095,73360.78743927367,1.0,-0.15570826528868079,238,63275.0,240501.87394957984,440718.5852830861,1.0,-0.4021316093028887,168,63275.0,74697.88095238095,73360.78743927367,1.0,-0.15570826528868079,188,63275.0,95541.96808510639,125413.82079489212,1.0,-0.25728398896224813,2024,2,1,2,28,108,120,60,71,False,False,True,True,0.6666666666666666,Uttar Pradesh|Sitting Rajya Sabha|||Bhadohi|Paraspur Bejhawniya,168,238,200,168,True,water_uttar pradesh,water_sitting rajya sabha
Smt Jaya Bachchan,NA - Installing hand pumps,Normal/Others,Uttar Pradesh,Sitting Rajya Sabha,DISTRICT MAGISTRATE BHADOHI_IDA,,,Bhadohi,Paraspur Bejhawniya,2024-02-28,63275.0,Action Pending,Unsanctioned,Rajya Sabha,False,492,c899e374ea2a0fe122abde0ff8ae5e7b,2,na installing hand pumps,26,4,4,water,False,False,True,False,False,False,False,False,11.05526138931847,0.158355795148248,200,63275.0,152708.3,281498.1621176738,1.0,-0.3177047385574563,250,63275.0,283357.784,490170.3503311154,1.0,-0.4489924448741783,168,63275.0,74697.88095238095,73360.78743927367,1.0,-0.15570826528868079,238,63275.0,240501.87394957984,440718.5852830861,1.0,-0.4021316093028887,168,63275.0,74697.88095238095,73360.78743927367,1.0,-0.15570826528868079,188,63275.0,95541.96808510639,125413.82079489212,1.0,-0.25728398896224813,2024,2,1,2,28,108,120,59,70,False,False,True,True,0.6666666666666666,Uttar Pradesh|Sitting Rajya Sabha|||Bhadohi|Paraspur Bejhawniya,168,238,200,168,True,water_uttar pradesh,water_sitting rajya sabha
Smt Jaya Bachchan,NA - Installing hand pumps,Normal/Others,Uttar Pradesh,Sitting Rajya Sabha,DISTRICT MAGISTRATE BHADOHI_IDA,,,Bhadohi,Pajapatipur,2024-02-28,63275.0,Action Pending,Unsanctioned,Rajya Sabha,False,493,7c1fe3c4393ce70a15ababc26a2aa920,1,na installing hand pumps,26,4,4,water,False,False,True,False,False,False,False,False,11.05526138931847,0.158355795148248,200,63275.0,152708.3,281498.1621176738,1.0,-0.3177047385574563,250,63275.0,283357.784,490170.3503311154,1.0,-0.4489924448741783,168,63275.0,74697.88095238095,73360.78743927367,1.0,-0.15570826528868079,238,63275.0,240501.87394957984,440718.5852830861,1.0,-0.4021316093028887,168,63275.0,74697.88095238095,73360.78743927367,1.0,-0.15570826528868079,188,63275.0,95541.96808510639,125413.82079489212,1.0,-0.25728398896224813,2024,2,1,2,28,108,120,58,69,False,False,True,True,0.6666666666666666,Uttar Pradesh|Sitting Rajya Sabha|||Bhadohi|Pajapatipur,168,238,200,168,False,water_uttar pradesh,water_sitting rajya sabha
Smt Jaya Bachchan,NA - Installing hand pumps,Normal/Others,Uttar Pradesh,Sitting Rajya Sabha,DISTRICT MAGISTRATE BHADOHI_IDA,,,Bhadohi,Raghopur,2024-02-28,63275.0,Action Pending,Unsanctioned,Rajya Sabha,False,494,98cbc8f0261721a5ecb579d2ca4acd4e,1,na installing hand pumps,26,4,4,water,False,False,True,False,False,False,False,False,11.05526138931847,0.158355795148248,200,63275.0,152708.3,281498.1621176738,1.0,-0.3177047385574563,250,63275.0,283357.784,490170.3503311154,1.0,-0.4489924448741783,168,63275.0,74697.88095238095,73360.78743927367,1.0,-0.15570826528868079,238,63275.0,240501.87394957984,440718.5852830861,1.0,-0.4021316093028887,168,63275.0,74697.88095238095,73360.78743927367,1.0,-0.15570826528868079,188,63275.0,95541.96808510639,125413.82079489212,1.0,-0.25728398896224813,2024,2,1,2,28,108,120,57,68,False,False,True,True,0.6666666666666666,Uttar Pradesh|Sitting Rajya Sabha|||Bhadohi|Raghopur,168,238,200,168,False,water_uttar pradesh,water_sitting rajya sabha
Smt Jaya Bachchan,NA - Installing hand pumps,Normal/Others,Uttar Pradesh,Sitting Rajya Sabha,DISTRICT MAGISTRATE BHADOHI_IDA,,,Bhadohi,Rampur Z.Saroi,2024-02-28,63275.0,Action Pending,Unsanctioned,Rajya Sabha,False,495,04baadb547e68ddf6df462a5ecae9c07,1,na installing hand pumps,26,4,4,water,False,False,True,False,False,False,False,False,11.05526138931847,0.158355795148248,200,63275.0,152708.3,281498.1621176738,1.0,-0.3177047385574563,250,63275.0,283357.784,490170.3503311154,1.0,-0.4489924448741783,168,63275.0,74697.88095238095,73360.78743927367,1.0,-0.15570826528868079,238,63275.0,240501.87394957984,440718.5852830861,1.0,-0.4021316093028887,168,63275.0,74697.88095238095,73360.78743927367,1.0,-0.15570826528868079,188,63275.0,95541.96808510639,125413.82079489212,1.0,-0.25728398896224813,2024,2,1,2,28,108,120,61,72,False,False,True,True,0.6666666666666666,Uttar Pradesh|Sitting Rajya Sabha|||Bhadohi|Rampur Z.Saroi,168,238,200,168,False,water_uttar pradesh,water_sitting rajya sabha
SH G V L Narasimha Rao,NA - Purchase of non-conventional energy system and devices for community use,Normal/Others,Uttar Pradesh,Sitting Rajya Sabha,DISTRICT MAGISTRAE VARANASI_IDA,,,Rajatalab,Deura Chak,2024-02-28,119126.0,Action Pending,Unsanctioned,Rajya Sabha,False,496,9fdcc7f51b059e1a0c5e67a54ffd4959,1,na purchase of non conventional energy system and devices for community use,77,12,12,electrical,False,False,False,True,False,False,False,False,11.687945429902662,0.32681940700808626,200,63275.0,152708.3,281498.1621176738,1.882670881074674,-0.11929846982788359,250,63275.0,283357.784,490170.3503311154,1.882670881074674,-0.3350504245902667,5,569000.0,429850.4,288777.6722026826,0.20936028119507907,-1.0759987004186176,238,63275.0,240501.87394957984,440718.5852830861,1.882670881074674,-0.27540448259429917,4,,,,,,145,430000.0,386886.22068965517,275909.89582542237,0.27703720930232556,-0.970462548610711,2024,2,1,2,28,5,120,5,66,False,False,True,True,0.6666666666666666,Uttar Pradesh|Sitting Rajya Sabha|||Rajatalab|Deura Chak,5,238,200,4,False,electrical_uttar pradesh,electrical_sitting rajya sabha
Smt Jaya Bachchan,NA - Installing hand pumps,Normal/Others,Uttar Pradesh,Sitting Rajya Sabha,DISTRICT MAGISTRATE BHADOHI_IDA,,,Bhadohi,Ramraipur,2024-02-28,63275.0,Action Pending,Unsanctioned,Rajya Sabha,False,497,70c22bfdb3aa472999fed616cb3e5072,2,na installing hand pumps,26,4,4,water,False,False,True,False,False,False,False,False,11.05526138931847,0.158355795148248,200,63275.0,152708.3,281498.1621176738,1.0,-0.3177047385574563,250,63275.0,283357.784,490170.3503311154,1.0,-0.4489924448741783,168,63275.0,74697.88095238095,73360.78743927367,1.0,-0.15570826528868079,238,63275.0,240501.87394957984,440718.5852830861,1.0,-0.4021316093028887,168,63275.0,74697.88095238095,73360.78743927367,1.0,-0.15570826528868079,188,63275.0,95541.96808510639,125413.82079489212,1.0,-0.25728398896224813,2024,2,1,2,28,108,120,55,65,False,False,True,True,0.6666666666666666,Uttar Pradesh|Sitting Rajya Sabha|||Bhadohi|Ramraipur,168,238,200,168,True,water_uttar pradesh,water_sitting rajya sabha
Smt Jaya Bachchan,NA - Installing hand pumps,Normal/Others,Uttar Pradesh,Sitting Rajya Sabha,DISTRICT MAGISTRATE BHADOHI_IDA,,,Bhadohi,Ramraipur,2024-02-28,63275.0,Action Pending,Unsanctioned,Rajya Sabha,False,498,70c22bfdb3aa472999fed616cb3e5072,2,na installing hand pumps,26,4,4,water,False,False,True,False,False,False,False,False,11.05526138931847,0.158355795148248,200,63275.0,152708.3,281498.1621176738,1.0,-0.3177047385574563,250,63275.0,283357.784,490170.3503311154,1.0,-0.4489924448741783,168,63275.0,74697.88095238095,73360.78743927367,1.0,-0.15570826528868079,238,63275.0,240501.87394957984,440718.5852830861,1.0,-0.4021316093028887,168,63275.0,74697.88095238095,73360.78743927367,1.0,-0.15570826528868079,188,63275.0,95541.96808510639,125413.82079489212,1.0,-0.25728398896224813,2024,2,1,2,28,108,120,54,64,False,False,True,True,0.6666666666666666,Uttar Pradesh|Sitting Rajya Sabha|||Bhadohi|Ramraipur,168,238,200,168,True,water_uttar pradesh,water_sitting rajya sabha
Smt Jaya Bachchan,NA - Installing hand pumps,Normal/Others,Uttar Pradesh,Sitting Rajya Sabha,DISTRICT MAGISTRATE BHADOHI_IDA,,,Bhadohi,Raimalpur,2024-02-28,63275.0,Action Pending,Unsanctioned,Rajya Sabha,False,499,634fc3a593f3502d7c59a02701ea7714,2,na installing hand pumps,26,4,4,water,False,False,True,False,False,False,False,False,11.05526138931847,0.158355795148248,200,63275.0,152708.3,281498.1621176738,1.0,-0.3177047385574563,250,63275.0,283357.784,490170.3503311154,1.0,-0.4489924448741783,168,63275.0,74697.88095238095,73360.78743927367,1.0,-0.15570826528868079,238,63275.0,240501.87394957984,440718.5852830861,1.0,-0.4021316093028887,168,63275.0,74697.88095238095,73360.78743927367,1.0,-0.15570826528868079,188,63275.0,95541.96808510639,125413.82079489212,1.0,-0.25728398896224813,2024,2,1,2,28,108,120,53,63,False,False,True,True,0.6666666666666666,Uttar Pradesh|Sitting Rajya Sabha|||Bhadohi|Raimalpur,168,238,200,168,True,water_uttar pradesh,water_sitting rajya sabha
Smt Jaya Bachchan,NA - Installing hand pumps,Normal/Others,Uttar Pradesh,Sitting Rajya Sabha,DISTRICT MAGISTRATE BHADOHI_IDA,,,Bhadohi,Raimalpur,2024-02-28,63275.0,Action Pending,Unsanctioned,Rajya Sabha,False,500,634fc3a593f3502d7c59a02701ea7714,2,na installing hand pumps,26,4,4,water,False,False,True,False,False,False,False,False,11.05526138931847,0.158355795148248,200,63275.0,152708.3,281498.1621176738,1.0,-0.3177047385574563,250,63275.0,283357.784,490170.3503311154,1.0,-0.4489924448741783,168,63275.0,74697.88095238095,73360.78743927367,1.0,-0.15570826528868079,238,63275.0,240501.87394957984,440718.5852830861,1.0,-0.4021316093028887,168,63275.0,74697.88095238095,73360.78743927367,1.0,-0.15570826528868079,188,63275.0,95541.96808510639,125413.82079489212,1.0,-0.25728398896224813,2024,2,1,2,28,108,120,56,67,False,False,True,True,0.6666666666666666,Uttar Pradesh|Sitting Rajya Sabha|||Bhadohi|Raimalpur,168,238,200,168,True,water_uttar pradesh,water_sitting rajya sabha
Hemant Tukaram Godse,"WS/MP669/2023-2024/116796 - Purchase of IT systems, including hardware and software for educational purposes",Normal/Others,Maharashtra,NASHIK,DISTRICT COLLECTOR NASHIK_IDA,,,Sinnar,Naigaon,2024-02-28,49909.0,Approved by IDA,,Lok Sabha,False,501,6aa38017f953531986c94a92372f4bea,1,ws mp669 2023 2024 116796 purchase of it systems including hardware and software for educational purposes,108,16,16,school,False,False,False,False,True,False,False,False,10.817976662463655,0.016172506738544475,51,994000.0,981347.2352941176,506614.1991908868,0.0502102615694165,-1.8385553282590914,492,430000.0,471904.2174796748,412350.68459874584,0.11606744186046512,-1.0233891521007512,18,992500.0,836428.2777777778,410398.5006485347,0.05028614609571788,-1.9164769767308505,18,992500.0,836428.2777777778,410398.5006485347,0.05028614609571788,-1.9164769767308505,38,994000.0,930597.6052631579,344745.7832391345,0.0502102615694165,-2.5546029801683297,4,,,,,,2024,2,1,2,28,18,18,18,18,False,False,True,True,0.6666666666666666,Maharashtra|NASHIK|||Sinnar|Naigaon,18,18,51,38,False,school_maharashtra,school_nashik
Smt Jaya Bachchan,NA - Installing hand pumps,Normal/Others,Uttar Pradesh,Sitting Rajya Sabha,DISTRICT MAGISTRATE BHADOHI_IDA,,,Bhadohi,Hariyawan,2024-02-27,63275.0,Action Pending,Unsanctioned,Rajya Sabha,False,502,6f0401d49dd252583bf8c2ee3630f6b5,19,na installing hand pumps,26,4,4,water,False,False,True,False,False,False,False,False,11.05526138931847,0.158355795148248,200,63275.0,152708.3,281498.1621176738,1.0,-0.3177047385574563,250,63275.0,283357.784,490170.3503311154,1.0,-0.4489924448741783,168,63275.0,74697.88095238095,73360.78743927367,1.0,-0.15570826528868079,238,63275.0,240501.87394957984,440718.5852830861,1.0,-0.4021316093028887,168,63275.0,74697.88095238095,73360.78743927367,1.0,-0.15570826528868079,188,63275.0,95541.96808510639,125413.82079489212,1.0,-0.25728398896224813,2024,2,1,1,27,108,120,22,26,False,False,True,True,0.6666666666666666,Uttar Pradesh|Sitting Rajya Sabha|||Bhadohi|Hariyawan,168,238,200,168,True,water_uttar pradesh,water_sitting rajya sabha
Smt Jaya Bachchan,NA - Installing hand pumps,Normal/Others,Uttar Pradesh,Sitting Rajya Sabha,DISTRICT MAGISTRATE BHADOHI_IDA,,,Bhadohi,Hariyawan,2024-02-27,63275.0,Action Pending,Unsanctioned,Rajya Sabha,False,503,6f0401d49dd252583bf8c2ee3630f6b5,19,na installing hand pumps,26,4,4,water,False,False,True,False,False,False,False,False,11.05526138931847,0.158355795148248,200,63275.0,152708.3,281498.1621176738,1.0,-0.3177047385574563,250,63275.0,283357.784,490170.3503311154,1.0,-0.4489924448741783,168,63275.0,74697.88095238095,73360.78743927367,1.0,-0.15570826528868079,238,63275.0,240501.87394957984,440718.5852830861,1.0,-0.4021316093028887,168,63275.0,74697.88095238095,73360.78743927367,1.0,-0.15570826528868079,188,63275.0,95541.96808510639,125413.82079489212,1.0,-0.25728398896224813,2024,2,1,1,27,108,120,21,25,False,False,True,True,0.6666666666666666,Uttar Pradesh|Sitting Rajya Sabha|||Bhadohi|Hariyawan,168,238,200,168,True,water_uttar pradesh,water_sitting rajya sabha
Smt Jaya Bachchan,NA - Installing hand pumps,Normal/Others,Uttar Pradesh,Sitting Rajya Sabha,DISTRICT MAGISTRATE BHADOHI_IDA,,,Bhadohi,Hariyawan,2024-02-27,63275.0,Action Pending,Unsanctioned,Rajya Sabha,False,504,6f0401d49dd252583bf8c2ee3630f6b5,19,na installing hand pumps,26,4,4,water,False,False,True,False,False,False,False,False,11.05526138931847,0.158355795148248,200,63275.0,152708.3,281498.1621176738,1.0,-0.3177047385574563,250,63275.0,283357.784,490170.3503311154,1.0,-0.4489924448741783,168,63275.0,74697.88095238095,73360.78743927367,1.0,-0.15570826528868079,238,63275.0,240501.87394957984,440718.5852830861,1.0,-0.4021316093028887,168,63275.0,74697.88095238095,73360.78743927367,1.0,-0.15570826528868079,188,63275.0,95541.96808510639,125413.82079489212,1.0,-0.25728398896224813,2024,2,1,1,27,108,120,20,24,False,False,True,True,0.6666666666666666,Uttar Pradesh|Sitting Rajya Sabha|||Bhadohi|Hariyawan,168,238,200,168,True,water_uttar pradesh,water_sitting rajya sabha
Smt Jaya Bachchan,NA - Installing hand pumps,Normal/Others,Uttar Pradesh,Sitting Rajya Sabha,DISTRICT MAGISTRATE BHADOHI_IDA,,,Bhadohi,Pipris,2024-02-27,63275.0,Action Pending,Unsanctioned,Rajya Sabha,False,505,a1e57efa6796d5da3eff925bed838e59,8,na installing hand pumps,26,4,4,water,False,False,True,False,False,False,False,False,11.05526138931847,0.158355795148248,200,63275.0,152708.3,281498.1621176738,1.0,-0.3177047385574563,250,63275.0,283357.784,490170.3503311154,1.0,-0.4489924448741783,168,63275.0,74697.88095238095,73360.78743927367,1.0,-0.15570826528868079,238,63275.0,240501.87394957984,440718.5852830861,1.0,-0.4021316093028887,168,63275.0,74697.88095238095,73360.78743927367,1.0,-0.15570826528868079,188,63275.0,95541.96808510639,125413.82079489212,1.0,-0.25728398896224813,2024,2,1,1,27,108,120,19,23,False,False,True,True,0.6666666666666666,Uttar Pradesh|Sitting Rajya Sabha|||Bhadohi|Pipris,168,238,200,168,True,water_uttar pradesh,water_sitting rajya sabha
Smt Jaya Bachchan,NA - Installing hand pumps,Normal/Others,Uttar Pradesh,Sitting Rajya Sabha,DISTRICT MAGISTRATE BHADOHI_IDA,,,Aurai,Ubhwa Mafi,2024-02-27,63275.0,Action Pending,Unsanctioned,Rajya Sabha,False,506,0581d2cb730e1169f2669f5b6646c98b,1,na installing hand pumps,26,4,4,water,False,False,True,False,False,False,False,False,11.05526138931847,0.158355795148248,200,63275.0,152708.3,281498.1621176738,1.0,-0.3177047385574563,250,63275.0,283357.784,490170.3503311154,1.0,-0.4489924448741783,168,63275.0,74697.88095238095,73360.78743927367,1.0,-0.15570826528868079,238,63275.0,240501.87394957984,440718.5852830861,1.0,-0.4021316093028887,168,63275.0,74697.88095238095,73360.78743927367,1.0,-0.15570826528868079,188,63275.0,95541.96808510639,125413.82079489212,1.0,-0.25728398896224813,2024,2,1,1,27,108,120,18,22,False,False,True,True,0.6666666666666666,Uttar Pradesh|Sitting Rajya Sabha|||Aurai|Ubhwa Mafi,168,238,200,168,False,water_uttar pradesh,water_sitting rajya sabha
Smt Jaya Bachchan,NA - Installing hand pumps,Normal/Others,Uttar Pradesh,Sitting Rajya Sabha,DISTRICT MAGISTRATE BHADOHI_IDA,,,Bhadohi,Hariyawan,2024-02-27,63275.0,Action Pending,Unsanctioned,Rajya Sabha,False,507,6f0401d49dd252583bf8c2ee3630f6b5,19,na installing hand pumps,26,4,4,water,False,False,True,False,False,False,False,False,11.05526138931847,0.158355795148248,200,63275.0,152708.3,281498.1621176738,1.0,-0.3177047385574563,250,63275.0,283357.784,490170.3503311154,1.0,-0.4489924448741783,168,63275.0,74697.88095238095,73360.78743927367,1.0,-0.15570826528868079,238,63275.0,240501.87394957984,440718.5852830861,1.0,-0.4021316093028887,168,63275.0,74697.88095238095,73360.78743927367,1.0,-0.15570826528868079,188,63275.0,95541.96808510639,125413.82079489212,1.0,-0.25728398896224813,2024,2,1,1,27,108,120,17,21,False,False,True,True,0.6666666666666666,Uttar Pradesh|Sitting Rajya Sabha|||Bhadohi|Hariyawan,168,238,200,168,True,water_uttar pradesh,water_sitting rajya sabha
Smt Jaya Bachchan,NA - Installing hand pumps,Normal/Others,Uttar Pradesh,Sitting Rajya Sabha,DISTRICT MAGISTRATE BHADOHI_IDA,,,Bhadohi,Hariyawan,2024-02-27,63275.0,Action Pending,Unsanctioned,Rajya Sabha,False,508,6f0401d49dd252583bf8c2ee3630f6b5,19,na installing hand pumps,26,4,4,water,False,False,True,False,False,False,False,False,11.05526138931847,0.158355795148248,200,63275.0,152708.3,281498.1621176738,1.0,-0.3177047385574563,250,63275.0,283357.784,490170.3503311154,1.0,-0.4489924448741783,168,63275.0,74697.88095238095,73360.78743927367,1.0,-0.15570826528868079,238,63275.0,240501.87394957984,440718.5852830861,1.0,-0.4021316093028887,168,63275.0,74697.88095238095,73360.78743927367,1.0,-0.15570826528868079,188,63275.0,95541.96808510639,125413.82079489212,1.0,-0.25728398896224813,2024,2,1,1,27,108,120,16,20,False,False,True,True,0.6666666666666666,Uttar Pradesh|Sitting Rajya Sabha|||Bhadohi|Hariyawan,168,238,200,168,True,water_uttar pradesh,water_sitting rajya sabha
Smt Jaya Bachchan,NA - Installing hand pumps,Normal/Others,Uttar Pradesh,Sitting Rajya Sabha,DISTRICT MAGISTRATE BHADOHI_IDA,,,Bhadohi,Hariyawan,2024-02-27,63275.0,Action Pending,Unsanctioned,Rajya Sabha,False,509,6f0401d49dd252583bf8c2ee3630f6b5,19,na installing hand pumps,26,4,4,water,False,False,True,False,False,False,False,False,11.05526138931847,0.158355795148248,200,63275.0,152708.3,281498.1621176738,1.0,-0.3177047385574563,250,63275.0,283357.784,490170.3503311154,1.0,-0.4489924448741783,168,63275.0,74697.88095238095,73360.78743927367,1.0,-0.15570826528868079,238,63275.0,240501.87394957984,440718.5852830861,1.0,-0.4021316093028887,168,63275.0,74697.88095238095,73360.78743927367,1.0,-0.15570826528868079,188,63275.0,95541.96808510639,125413.82079489212,1.0,-0.25728398896224813,2024,2,1,1,27,108,120,25,29,False,False,True,True,0.6666666666666666,Uttar Pradesh|Sitting Rajya Sabha|||Bhadohi|Hariyawan,168,238,200,168,True,water_uttar pradesh,water_sitting rajya sabha
Smt Jaya Bachchan,NA - Installing hand pumps,Normal/Others,Uttar Pradesh,Sitting Rajya Sabha,DISTRICT MAGISTRATE BHADOHI_IDA,,,Bhadohi,Hariyawan,2024-02-27,63275.0,Action Pending,Unsanctioned,Rajya Sabha,False,510,6f0401d49dd252583bf8c2ee3630f6b5,19,na installing hand pumps,26,4,4,water,False,False,True,False,False,False,False,False,11.05526138931847,0.158355795148248,200,63275.0,152708.3,281498.1621176738,1.0,-0.3177047385574563,250,63275.0,283357.784,490170.3503311154,1.0,-0.4489924448741783,168,63275.0,74697.88095238095,73360.78743927367,1.0,-0.15570826528868079,238,63275.0,240501.87394957984,440718.5852830861,1.0,-0.4021316093028887,168,63275.0,74697.88095238095,73360.78743927367,1.0,-0.15570826528868079,188,63275.0,95541.96808510639,125413.82079489212,1.0,-0.25728398896224813,2024,2,1,1,27,108,120,23,27,False,False,True,True,0.6666666666666666,Uttar Pradesh|Sitting Rajya Sabha|||Bhadohi|Hariyawan,168,238,200,168,True,water_uttar pradesh,water_sitting rajya sabha
Smt Jaya Bachchan,NA - Installing hand pumps,Normal/Others,Uttar Pradesh,Sitting Rajya Sabha,DISTRICT MAGISTRATE BHADOHI_IDA,,,Bhadohi,Hariyawan,2024-02-27,63275.0,Action Pending,Unsanctioned,Rajya Sabha,False,511,6f0401d49dd252583bf8c2ee3630f6b5,19,na installing hand pumps,26,4,4,water,False,False,True,False,False,False,False,False,11.05526138931847,0.158355795148248,200,63275.0,152708.3,281498.1621176738,1.0,-0.3177047385574563,250,63275.0,283357.784,490170.3503311154,1.0,-0.4489924448741783,168,63275.0,74697.88095238095,73360.78743927367,1.0,-0.15570826528868079,238,63275.0,240501.87394957984,440718.5852830861,1.0,-0.4021316093028887,168,63275.0,74697.88095238095,73360.78743927367,1.0,-0.15570826528868079,188,63275.0,95541.96808510639,125413.82079489212,1.0,-0.25728398896224813,2024,2,1,1,27,108,120,14,18,False,False,True,True,0.6666666666666666,Uttar Pradesh|Sitting Rajya Sabha|||Bhadohi|Hariyawan,168,238,200,168,True,water_uttar pradesh,water_sitting rajya sabha
Smt Jaya Bachchan,NA - Installing hand pumps,Normal/Others,Uttar Pradesh,Sitting Rajya Sabha,DISTRICT MAGISTRATE BHADOHI_IDA,,,Bhadohi,Hariyawan,2024-02-27,63275.0,Action Pending,Unsanctioned,Rajya Sabha,False,512,6f0401d49dd252583bf8c2ee3630f6b5,19,na installing hand pumps,26,4,4,water,False,False,True,False,False,False,False,False,11.05526138931847,0.158355795148248,200,63275.0,152708.3,281498.1621176738,1.0,-0.3177047385574563,250,63275.0,283357.784,490170.3503311154,1.0,-0.4489924448741783,168,63275.0,74697.88095238095,73360.78743927367,1.0,-0.15570826528868079,238,63275.0,240501.87394957984,440718.5852830861,1.0,-0.4021316093028887,168,63275.0,74697.88095238095,73360.78743927367,1.0,-0.15570826528868079,188,63275.0,95541.96808510639,125413.82079489212,1.0,-0.25728398896224813,2024,2,1,1,27,108,120,13,17,False,False,True,True,0.6666666666666666,Uttar Pradesh|Sitting Rajya Sabha|||Bhadohi|Hariyawan,168,238,200,168,True,water_uttar pradesh,water_sitting rajya sabha
Smt Jaya Bachchan,NA - Installing hand pumps,Normal/Others,Uttar Pradesh,Sitting Rajya Sabha,DISTRICT MAGISTRATE BHADOHI_IDA,,,Bhadohi,Hariyawan,2024-02-27,63275.0,Action Pending,Unsanctioned,Rajya Sabha,False,513,6f0401d49dd252583bf8c2ee3630f6b5,19,na installing hand pumps,26,4,4,water,False,False,True,False,False,False,False,False,11.05526138931847,0.158355795148248,200,63275.0,152708.3,281498.1621176738,1.0,-0.3177047385574563,250,63275.0,283357.784,490170.3503311154,1.0,-0.4489924448741783,168,63275.0,74697.88095238095,73360.78743927367,1.0,-0.15570826528868079,238,63275.0,240501.87394957984,440718.5852830861,1.0,-0.4021316093028887,168,63275.0,74697.88095238095,73360.78743927367,1.0,-0.15570826528868079,188,63275.0,95541.96808510639,125413.82079489212,1.0,-0.25728398896224813,2024,2,1,1,27,108,120,12,16,False,False,True,True,0.6666666666666666,Uttar Pradesh|Sitting Rajya Sabha|||Bhadohi|Hariyawan,168,238,200,168,True,water_uttar pradesh,water_sitting rajya sabha
Smt Jaya Bachchan,NA - Installing hand pumps,Normal/Others,Uttar Pradesh,Sitting Rajya Sabha,DISTRICT MAGISTRATE BHADOHI_IDA,,,Bhadohi,Hariyawan,2024-02-27,63275.0,Action Pending,Unsanctioned,Rajya Sabha,False,514,6f0401d49dd252583bf8c2ee3630f6b5,19,na installing hand pumps,26,4,4,water,False,False,True,False,False,False,False,False,11.05526138931847,0.158355795148248,200,63275.0,152708.3,281498.1621176738,1.0,-0.3177047385574563,250,63275.0,283357.784,490170.3503311154,1.0,-0.4489924448741783,168,63275.0,74697.88095238095,73360.78743927367,1.0,-0.15570826528868079,238,63275.0,240501.87394957984,440718.5852830861,1.0,-0.4021316093028887,168,63275.0,74697.88095238095,73360.78743927367,1.0,-0.15570826528868079,188,63275.0,95541.96808510639,125413.82079489212,1.0,-0.25728398896224813,2024,2,1,1,27,108,120,11,15,False,False,True,True,0.6666666666666666,Uttar Pradesh|Sitting Rajya Sabha|||Bhadohi|Hariyawan,168,238,200,168,True,water_uttar pradesh,water_sitting rajya sabha
Smt Jaya Bachchan,NA - Installing hand pumps,Normal/Others,Uttar Pradesh,Sitting Rajya Sabha,DISTRICT MAGISTRATE BHADOHI_IDA,,,Bhadohi,Hariyawan,2024-02-27,63275.0,Action Pending,Unsanctioned,Rajya Sabha,False,515,6f0401d49dd252583bf8c2ee3630f6b5,19,na installing hand pumps,26,4,4,water,False,False,True,False,False,False,False,False,11.05526138931847,0.158355795148248,200,63275.0,152708.3,281498.1621176738,1.0,-0.3177047385574563,250,63275.0,283357.784,490170.3503311154,1.0,-0.4489924448741783,168,63275.0,74697.88095238095,73360.78743927367,1.0,-0.15570826528868079,238,63275.0,240501.87394957984,440718.5852830861,1.0,-0.4021316093028887,168,63275.0,74697.88095238095,73360.78743927367,1.0,-0.15570826528868079,188,63275.0,95541.96808510639,125413.82079489212,1.0,-0.25728398896224813,2024,2,1,1,27,108,120,10,14,False,False,True,True,0.6666666666666666,Uttar Pradesh|Sitting Rajya Sabha|||Bhadohi|Hariyawan,168,238,200,168,True,water_uttar pradesh,water_sitting rajya sabha
Smt Jaya Bachchan,NA - Installing hand pumps,Normal/Others,Uttar Pradesh,Sitting Rajya Sabha,DISTRICT MAGISTRATE BHADOHI_IDA,,,Bhadohi,Hariyawan,2024-02-27,63275.0,Action Pending,Unsanctioned,Rajya Sabha,False,516,6f0401d49dd252583bf8c2ee3630f6b5,19,na installing hand pumps,26,4,4,water,False,False,True,False,False,False,False,False,11.05526138931847,0.158355795148248,200,63275.0,152708.3,281498.1621176738,1.0,-0.3177047385574563,250,63275.0,283357.784,490170.3503311154,1.0,-0.4489924448741783,168,63275.0,74697.88095238095,73360.78743927367,1.0,-0.15570826528868079,238,63275.0,240501.87394957984,440718.5852830861,1.0,-0.4021316093028887,168,63275.0,74697.88095238095,73360.78743927367,1.0,-0.15570826528868079,188,63275.0,95541.96808510639,125413.82079489212,1.0,-0.25728398896224813,2024,2,1,1,27,108,120,9,13,False,False,True,True,0.6666666666666666,Uttar Pradesh|Sitting Rajya Sabha|||Bhadohi|Hariyawan,168,238,200,168,True,water_uttar pradesh,water_sitting rajya sabha
Smt Jaya Bachchan,NA - Installing hand pumps,Normal/Others,Uttar Pradesh,Sitting Rajya Sabha,DISTRICT MAGISTRATE BHADOHI_IDA,,,Bhadohi,Hariyawan,2024-02-27,63275.0,Action Pending,Unsanctioned,Rajya Sabha,False,517,6f0401d49dd252583bf8c2ee3630f6b5,19,na installing hand pumps,26,4,4,water,False,False,True,False,False,False,False,False,11.05526138931847,0.158355795148248,200,63275.0,152708.3,281498.1621176738,1.0,-0.3177047385574563,250,63275.0,283357.784,490170.3503311154,1.0,-0.4489924448741783,168,63275.0,74697.88095238095,73360.78743927367,1.0,-0.15570826528868079,238,63275.0,240501.87394957984,440718.5852830861,1.0,-0.4021316093028887,168,63275.0,74697.88095238095,73360.78743927367,1.0,-0.15570826528868079,188,63275.0,95541.96808510639,125413.82079489212,1.0,-0.25728398896224813,2024,2,1,1,27,108,120,8,12,False,False,True,True,0.6666666666666666,Uttar Pradesh|Sitting Rajya Sabha|||Bhadohi|Hariyawan,168,238,200,168,True,water_uttar pradesh,water_sitting rajya sabha
Smt Jaya Bachchan,NA - Installing hand pumps,Normal/Others,Uttar Pradesh,Sitting Rajya Sabha,DISTRICT MAGISTRATE BHADOHI_IDA,,,Bhadohi,Hariyawan,2024-02-27,63275.0,Action Pending,Unsanctioned,Rajya Sabha,False,518,6f0401d49dd252583bf8c2ee3630f6b5,19,na installing hand pumps,26,4,4,water,False,False,True,False,False,False,False,False,11.05526138931847,0.158355795148248,200,63275.0,152708.3,281498.1621176738,1.0,-0.3177047385574563,250,63275.0,283357.784,490170.3503311154,1.0,-0.4489924448741783,168,63275.0,74697.88095238095,73360.78743927367,1.0,-0.15570826528868079,238,63275.0,240501.87394957984,440718.5852830861,1.0,-0.4021316093028887,168,63275.0,74697.88095238095,73360.78743927367,1.0,-0.15570826528868079,188,63275.0,95541.96808510639,125413.82079489212,1.0,-0.25728398896224813,2024,2,1,1,27,108,120,7,11,False,False,True,True,0.6666666666666666,Uttar Pradesh|Sitting Rajya Sabha|||Bhadohi|Hariyawan,168,238,200,168,True,water_uttar pradesh,water_sitting rajya sabha
Smt Jaya Bachchan,NA - Installing hand pumps,Normal/Others,Uttar Pradesh,Sitting Rajya Sabha,DISTRICT MAGISTRATE BHADOHI_IDA,,,Bhadohi,Hariyawan,2024-02-27,63275.0,Action Pending,Unsanctioned,Rajya Sabha,False,519,6f0401d49dd252583bf8c2ee3630f6b5,19,na installing hand pumps,26,4,4,water,False,False,True,False,False,False,False,False,11.05526138931847,0.158355795148248,200,63275.0,152708.3,281498.1621176738,1.0,-0.3177047385574563,250,63275.0,283357.784,490170.3503311154,1.0,-0.4489924448741783,168,63275.0,74697.88095238095,73360.78743927367,1.0,-0.15570826528868079,238,63275.0,240501.87394957984,440718.5852830861,1.0,-0.4021316093028887,168,63275.0,74697.88095238095,73360.78743927367,1.0,-0.15570826528868079,188,63275.0,95541.96808510639,125413.82079489212,1.0,-0.25728398896224813,2024,2,1,1,27,108,120,6,10,False,False,True,True,0.6666666666666666,Uttar Pradesh|Sitting Rajya Sabha|||Bhadohi|Hariyawan,168,238,200,168,True,water_uttar pradesh,water_sitting rajya sabha
Smt Jaya Bachchan,NA - Installing hand pumps,Normal/Others,Uttar Pradesh,Sitting Rajya Sabha,DISTRICT MAGISTRATE BHADOHI_IDA,,,Bhadohi,Hariyawan,2024-02-27,63275.0,Action Pending,Unsanctioned,Rajya Sabha,False,520,6f0401d49dd252583bf8c2ee3630f6b5,19,na installing hand pumps,26,4,4,water,False,False,True,False,False,False,False,False,11.05526138931847,0.158355795148248,200,63275.0,152708.3,281498.1621176738,1.0,-0.3177047385574563,250,63275.0,283357.784,490170.3503311154,1.0,-0.4489924448741783,168,63275.0,74697.88095238095,73360.78743927367,1.0,-0.15570826528868079,238,63275.0,240501.87394957984,440718.5852830861,1.0,-0.4021316093028887,168,63275.0,74697.88095238095,73360.78743927367,1.0,-0.15570826528868079,188,63275.0,95541.96808510639,125413.82079489212,1.0,-0.25728398896224813,2024,2,1,1,27,108,120,5,9,False,False,True,True,0.6666666666666666,Uttar Pradesh|Sitting Rajya Sabha|||Bhadohi|Hariyawan,168,238,200,168,True,water_uttar pradesh,water_sitting rajya sabha
Smt Jaya Bachchan,NA - Installing hand pumps,Normal/Others,Uttar Pradesh,Sitting Rajya Sabha,DISTRICT MAGISTRATE BHADOHI_IDA,,,Bhadohi,Pipris,2024-02-27,63275.0,Action Pending,Unsanctioned,Rajya Sabha,False,521,a1e57efa6796d5da3eff925bed838e59,8,na installing hand pumps,26,4,4,water,False,False,True,False,False,False,False,False,11.05526138931847,0.158355795148248,200,63275.0,152708.3,281498.1621176738,1.0,-0.3177047385574563,250,63275.0,283357.784,490170.3503311154,1.0,-0.4489924448741783,168,63275.0,74697.88095238095,73360.78743927367,1.0,-0.15570826528868079,238,63275.0,240501.87394957984,440718.5852830861,1.0,-0.4021316093028887,168,63275.0,74697.88095238095,73360.78743927367,1.0,-0.15570826528868079,188,63275.0,95541.96808510639,125413.82079489212,1.0,-0.25728398896224813,2024,2,1,1,27,108,120,15,19,False,False,True,True,0.6666666666666666,Uttar Pradesh|Sitting Rajya Sabha|||Bhadohi|Pipris,168,238,200,168,True,water_uttar pradesh,water_sitting rajya sabha
Smt Jaya Bachchan,NA - Installing hand pumps,Normal/Others,Uttar Pradesh,Sitting Rajya Sabha,DISTRICT MAGISTRATE BHADOHI_IDA,,,Bhadohi,Pipris,2024-02-27,63275.0,Action Pending,Unsanctioned,Rajya Sabha,False,522,a1e57efa6796d5da3eff925bed838e59,8,na installing hand pumps,26,4,4,water,False,False,True,False,False,False,False,False,11.05526138931847,0.158355795148248,200,63275.0,152708.3,281498.1621176738,1.0,-0.3177047385574563,250,63275.0,283357.784,490170.3503311154,1.0,-0.4489924448741783,168,63275.0,74697.88095238095,73360.78743927367,1.0,-0.15570826528868079,238,63275.0,240501.87394957984,440718.5852830861,1.0,-0.4021316093028887,168,63275.0,74697.88095238095,73360.78743927367,1.0,-0.15570826528868079,188,63275.0,95541.96808510639,125413.82079489212,1.0,-0.25728398896224813,2024,2,1,1,27,108,120,24,28,False,False,True,True,0.6666666666666666,Uttar Pradesh|Sitting Rajya Sabha|||Bhadohi|Pipris,168,238,200,168,True,water_uttar pradesh,water_sitting rajya sabha
Smt Jaya Bachchan,NA - Installing hand pumps,Normal/Others,Uttar Pradesh,Sitting Rajya Sabha,DISTRICT MAGISTRATE BHADOHI_IDA,,,Bhadohi,Pipris,2024-02-27,63275.0,Action Pending,Unsanctioned,Rajya Sabha,False,523,a1e57efa6796d5da3eff925bed838e59,8,na installing hand pumps,26,4,4,water,False,False,True,False,False,False,False,False,11.05526138931847,0.158355795148248,200,63275.0,152708.3,281498.1621176738,1.0,-0.3177047385574563,250,63275.0,283357.784,490170.3503311154,1.0,-0.4489924448741783,168,63275.0,74697.88095238095,73360.78743927367,1.0,-0.15570826528868079,238,63275.0,240501.87394957984,440718.5852830861,1.0,-0.4021316093028887,168,63275.0,74697.88095238095,73360.78743927367,1.0,-0.15570826528868079,188,63275.0,95541.96808510639,125413.82079489212,1.0,-0.25728398896224813,2024,2,1,1,27,108,120,27,31,False,False,True,True,0.6666666666666666,Uttar Pradesh|Sitting Rajya Sabha|||Bhadohi|Pipris,168,238,200,168,True,water_uttar pradesh,water_sitting rajya sabha
Smt Jaya Bachchan,NA - Installing hand pumps,Normal/Others,Uttar Pradesh,Sitting Rajya Sabha,DISTRICT MAGISTRATE BHADOHI_IDA,,,Bhadohi,Pipris,2024-02-27,63275.0,Action Pending,Unsanctioned,Rajya Sabha,False,524,a1e57efa6796d5da3eff925bed838e59,8,na installing hand pumps,26,4,4,water,False,False,True,False,False,False,False,False,11.05526138931847,0.158355795148248,200,63275.0,152708.3,281498.1621176738,1.0,-0.3177047385574563,250,63275.0,283357.784,490170.3503311154,1.0,-0.4489924448741783,168,63275.0,74697.88095238095,73360.78743927367,1.0,-0.15570826528868079,238,63275.0,240501.87394957984,440718.5852830861,1.0,-0.4021316093028887,168,63275.0,74697.88095238095,73360.78743927367,1.0,-0.15570826528868079,188,63275.0,95541.96808510639,125413.82079489212,1.0,-0.25728398896224813,2024,2,1,1,27,108,120,26,30,False,False,True,True,0.6666666666666666,Uttar Pradesh|Sitting Rajya Sabha|||Bhadohi|Pipris,168,238,200,168,True,water_uttar pradesh,water_sitting rajya sabha
Smt Jaya Bachchan,NA - Installing hand pumps,Normal/Others,Uttar Pradesh,Sitting Rajya Sabha,DISTRICT MAGISTRATE BHADOHI_IDA,,,Bhadohi,Bardaha,2024-02-27,63275.0,Action Pending,Unsanctioned,Rajya Sabha,False,525,218d23e0fbff6851e78bc1507f9052ae,1,na installing hand pumps,26,4,4,water,False,False,True,False,False,False,False,False,11.05526138931847,0.158355795148248,200,63275.0,152708.3,281498.1621176738,1.0,-0.3177047385574563,250,63275.0,283357.784,490170.3503311154,1.0,-0.4489924448741783,168,63275.0,74697.88095238095,73360.78743927367,1.0,-0.15570826528868079,238,63275.0,240501.87394957984,440718.5852830861,1.0,-0.4021316093028887,168,63275.0,74697.88095238095,73360.78743927367,1.0,-0.15570826528868079,188,63275.0,95541.96808510639,125413.82079489212,1.0,-0.25728398896224813,2024,2,1,1,27,108,120,43,47,False,False,True,True,0.6666666666666666,Uttar Pradesh|Sitting Rajya Sabha|||Bhadohi|Bardaha,168,238,200,168,False,water_uttar pradesh,water_sitting rajya sabha
Smt Jaya Bachchan,NA - Installing hand pumps,Normal/Others,Uttar Pradesh,Sitting Rajya Sabha,DISTRICT MAGISTRATE BHADOHI_IDA,,,Bhadohi,Mathurapur,2024-02-27,63275.0,Action Pending,Unsanctioned,Rajya Sabha,False,526,b86d45c71d44a309ddf48388cd04b9ad,1,na installing hand pumps,26,4,4,water,False,False,True,False,False,False,False,False,11.05526138931847,0.158355795148248,200,63275.0,152708.3,281498.1621176738,1.0,-0.3177047385574563,250,63275.0,283357.784,490170.3503311154,1.0,-0.4489924448741783,168,63275.0,74697.88095238095,73360.78743927367,1.0,-0.15570826528868079,238,63275.0,240501.87394957984,440718.5852830861,1.0,-0.4021316093028887,168,63275.0,74697.88095238095,73360.78743927367,1.0,-0.15570826528868079,188,63275.0,95541.96808510639,125413.82079489212,1.0,-0.25728398896224813,2024,2,1,1,27,108,120,42,46,False,False,True,True,0.6666666666666666,Uttar Pradesh|Sitting Rajya Sabha|||Bhadohi|Mathurapur,168,238,200,168,False,water_uttar pradesh,water_sitting rajya sabha
Smt Jaya Bachchan,NA - Installing hand pumps,Normal/Others,Uttar Pradesh,Sitting Rajya Sabha,DISTRICT MAGISTRATE BHADOHI_IDA,,,Bhadohi,Jameen Shor Urf Shekhpur,2024-02-27,63275.0,Action Pending,Unsanctioned,Rajya Sabha,False,527,33887a1110c64218ab26df6ed7f4cfbd,1,na installing hand pumps,26,4,4,water,False,False,True,False,False,False,False,False,11.05526138931847,0.158355795148248,200,63275.0,152708.3,281498.1621176738,1.0,-0.3177047385574563,250,63275.0,283357.784,490170.3503311154,1.0,-0.4489924448741783,168,63275.0,74697.88095238095,73360.78743927367,1.0,-0.15570826528868079,238,63275.0,240501.87394957984,440718.5852830861,1.0,-0.4021316093028887,168,63275.0,74697.88095238095,73360.78743927367,1.0,-0.15570826528868079,188,63275.0,95541.96808510639,125413.82079489212,1.0,-0.25728398896224813,2024,2,1,1,27,108,120,41,45,False,False,True,True,0.6666666666666666,Uttar Pradesh|Sitting Rajya Sabha|||Bhadohi|Jameen Shor Urf Shekhpur,168,238,200,168,False,water_uttar pradesh,water_sitting rajya sabha
Smt Jaya Bachchan,NA - Installing hand pumps,Normal/Others,Uttar Pradesh,Sitting Rajya Sabha,DISTRICT MAGISTRATE BHADOHI_IDA,,,Aurai,Bishapur,2024-02-27,63275.0,Action Pending,Unsanctioned,Rajya Sabha,False,528,10a73105d9ccdeaaa03b097b1a4056f0,1,na installing hand pumps,26,4,4,water,False,False,True,False,False,False,False,False,11.05526138931847,0.158355795148248,200,63275.0,152708.3,281498.1621176738,1.0,-0.3177047385574563,250,63275.0,283357.784,490170.3503311154,1.0,-0.4489924448741783,168,63275.0,74697.88095238095,73360.78743927367,1.0,-0.15570826528868079,238,63275.0,240501.87394957984,440718.5852830861,1.0,-0.4021316093028887,168,63275.0,74697.88095238095,73360.78743927367,1.0,-0.15570826528868079,188,63275.0,95541.96808510639,125413.82079489212,1.0,-0.25728398896224813,2024,2,1,1,27,108,120,40,44,False,False,True,True,0.6666666666666666,Uttar Pradesh|Sitting Rajya Sabha|||Aurai|Bishapur,168,238,200,168,False,water_uttar pradesh,water_sitting rajya sabha
Smt Jaya Bachchan,NA - Installing hand pumps,Normal/Others,Uttar Pradesh,Sitting Rajya Sabha,DISTRICT MAGISTRATE BHADOHI_IDA,,,Bhadohi,Kom,2024-02-27,63275.0,Action Pending,Unsanctioned,Rajya Sabha,False,529,57a3c7ab46b1d90fd3842267c14f99c5,4,na installing hand pumps,26,4,4,water,False,False,True,False,False,False,False,False,11.05526138931847,0.158355795148248,200,63275.0,152708.3,281498.1621176738,1.0,-0.3177047385574563,250,63275.0,283357.784,490170.3503311154,1.0,-0.4489924448741783,168,63275.0,74697.88095238095,73360.78743927367,1.0,-0.15570826528868079,238,63275.0,240501.87394957984,440718.5852830861,1.0,-0.4021316093028887,168,63275.0,74697.88095238095,73360.78743927367,1.0,-0.15570826528868079,188,63275.0,95541.96808510639,125413.82079489212,1.0,-0.25728398896224813,2024,2,1,1,27,108,120,39,43,False,False,True,True,0.6666666666666666,Uttar Pradesh|Sitting Rajya Sabha|||Bhadohi|Kom,168,238,200,168,True,water_uttar pradesh,water_sitting rajya sabha
Smt Jaya Bachchan,NA - Installing hand pumps,Normal/Others,Uttar Pradesh,Sitting Rajya Sabha,DISTRICT MAGISTRATE BHADOHI_IDA,,,Bhadohi,Kom,2024-02-27,63275.0,Action Pending,Unsanctioned,Rajya Sabha,False,530,57a3c7ab46b1d90fd3842267c14f99c5,4,na installing hand pumps,26,4,4,water,False,False,True,False,False,False,False,False,11.05526138931847,0.158355795148248,200,63275.0,152708.3,281498.1621176738,1.0,-0.3177047385574563,250,63275.0,283357.784,490170.3503311154,1.0,-0.4489924448741783,168,63275.0,74697.88095238095,73360.78743927367,1.0,-0.15570826528868079,238,63275.0,240501.87394957984,440718.5852830861,1.0,-0.4021316093028887,168,63275.0,74697.88095238095,73360.78743927367,1.0,-0.15570826528868079,188,63275.0,95541.96808510639,125413.82079489212,1.0,-0.25728398896224813,2024,2,1,1,27,108,120,38,42,False,False,True,True,0.6666666666666666,Uttar Pradesh|Sitting Rajya Sabha|||Bhadohi|Kom,168,238,200,168,True,water_uttar pradesh,water_sitting rajya sabha
Smt Jaya Bachchan,NA - Installing hand pumps,Normal/Others,Uttar Pradesh,Sitting Rajya Sabha,DISTRICT MAGISTRATE BHADOHI_IDA,,,Bhadohi,Kom,2024-02-27,63275.0,Action Pending,Unsanctioned,Rajya Sabha,False,531,57a3c7ab46b1d90fd3842267c14f99c5,4,na installing hand pumps,26,4,4,water,False,False,True,False,False,False,False,False,11.05526138931847,0.158355795148248,200,63275.0,152708.3,281498.1621176738,1.0,-0.3177047385574563,250,63275.0,283357.784,490170.3503311154,1.0,-0.4489924448741783,168,63275.0,74697.88095238095,73360.78743927367,1.0,-0.15570826528868079,238,63275.0,240501.87394957984,440718.5852830861,1.0,-0.4021316093028887,168,63275.0,74697.88095238095,73360.78743927367,1.0,-0.15570826528868079,188,63275.0,95541.96808510639,125413.82079489212,1.0,-0.25728398896224813,2024,2,1,1,27,108,120,37,41,False,False,True,True,0.6666666666666666,Uttar Pradesh|Sitting Rajya Sabha|||Bhadohi|Kom,168,238,200,168,True,water_uttar pradesh,water_sitting rajya sabha
Smt Jaya Bachchan,NA - Installing hand pumps,Normal/Others,Uttar Pradesh,Sitting Rajya Sabha,DISTRICT MAGISTRATE BHADOHI_IDA,,,Bhadohi,Kom,2024-02-27,63275.0,Action Pending,Unsanctioned,Rajya Sabha,False,532,57a3c7ab46b1d90fd3842267c14f99c5,4,na installing hand pumps,26,4,4,water,False,False,True,False,False,False,False,False,11.05526138931847,0.158355795148248,200,63275.0,152708.3,281498.1621176738,1.0,-0.3177047385574563,250,63275.0,283357.784,490170.3503311154,1.0,-0.4489924448741783,168,63275.0,74697.88095238095,73360.78743927367,1.0,-0.15570826528868079,238,63275.0,240501.87394957984,440718.5852830861,1.0,-0.4021316093028887,168,63275.0,74697.88095238095,73360.78743927367,1.0,-0.15570826528868079,188,63275.0,95541.96808510639,125413.82079489212,1.0,-0.25728398896224813,2024,2,1,1,27,108,120,36,40,False,False,True,True,0.6666666666666666,Uttar Pradesh|Sitting Rajya Sabha|||Bhadohi|Kom,168,238,200,168,True,water_uttar pradesh,water_sitting rajya sabha
Smt Jaya Bachchan,NA - Installing hand pumps,Normal/Others,Uttar Pradesh,Sitting Rajya Sabha,DISTRICT MAGISTRATE BHADOHI_IDA,,,Bhadohi,Musilahpur Or Musilatpur,2024-02-27,63275.0,Action Pending,Unsanctioned,Rajya Sabha,False,533,d9e56d5f6b3801c1d89ace773e6016c0,3,na installing hand pumps,26,4,4,water,False,False,True,False,False,False,False,False,11.05526138931847,0.158355795148248,200,63275.0,152708.3,281498.1621176738,1.0,-0.3177047385574563,250,63275.0,283357.784,490170.3503311154,1.0,-0.4489924448741783,168,63275.0,74697.88095238095,73360.78743927367,1.0,-0.15570826528868079,238,63275.0,240501.87394957984,440718.5852830861,1.0,-0.4021316093028887,168,63275.0,74697.88095238095,73360.78743927367,1.0,-0.15570826528868079,188,63275.0,95541.96808510639,125413.82079489212,1.0,-0.25728398896224813,2024,2,1,1,27,108,120,35,39,False,False,True,True,0.6666666666666666,Uttar Pradesh|Sitting Rajya Sabha|||Bhadohi|Musilahpur Or Musilatpur,168,238,200,168,True,water_uttar pradesh,water_sitting rajya sabha
Smt Jaya Bachchan,NA - Installing hand pumps,Normal/Others,Uttar Pradesh,Sitting Rajya Sabha,DISTRICT MAGISTRATE BHADOHI_IDA,,,Bhadohi,Musilahpur Or Musilatpur,2024-02-27,63275.0,Action Pending,Unsanctioned,Rajya Sabha,False,534,d9e56d5f6b3801c1d89ace773e6016c0,3,na installing hand pumps,26,4,4,water,False,False,True,False,False,False,False,False,11.05526138931847,0.158355795148248,200,63275.0,152708.3,281498.1621176738,1.0,-0.3177047385574563,250,63275.0,283357.784,490170.3503311154,1.0,-0.4489924448741783,168,63275.0,74697.88095238095,73360.78743927367,1.0,-0.15570826528868079,238,63275.0,240501.87394957984,440718.5852830861,1.0,-0.4021316093028887,168,63275.0,74697.88095238095,73360.78743927367,1.0,-0.15570826528868079,188,63275.0,95541.96808510639,125413.82079489212,1.0,-0.25728398896224813,2024,2,1,1,27,108,120,44,48,False,False,True,True,0.6666666666666666,Uttar Pradesh|Sitting Rajya Sabha|||Bhadohi|Musilahpur Or Musilatpur,168,238,200,168,True,water_uttar pradesh,water_sitting rajya sabha
Smt Jaya Bachchan,NA - Installing hand pumps,Normal/Others,Uttar Pradesh,Sitting Rajya Sabha,DISTRICT MAGISTRATE BHADOHI_IDA,,,Bhadohi,Musilahpur Or Musilatpur,2024-02-27,63275.0,Action Pending,Unsanctioned,Rajya Sabha,False,535,d9e56d5f6b3801c1d89ace773e6016c0,3,na installing hand pumps,26,4,4,water,False,False,True,False,False,False,False,False,11.05526138931847,0.158355795148248,200,63275.0,152708.3,281498.1621176738,1.0,-0.3177047385574563,250,63275.0,283357.784,490170.3503311154,1.0,-0.4489924448741783,168,63275.0,74697.88095238095,73360.78743927367,1.0,-0.15570826528868079,238,63275.0,240501.87394957984,440718.5852830861,1.0,-0.4021316093028887,168,63275.0,74697.88095238095,73360.78743927367,1.0,-0.15570826528868079,188,63275.0,95541.96808510639,125413.82079489212,1.0,-0.25728398896224813,2024,2,1,1,27,108,120,33,37,False,False,True,True,0.6666666666666666,Uttar Pradesh|Sitting Rajya Sabha|||Bhadohi|Musilahpur Or Musilatpur,168,238,200,168,True,water_uttar pradesh,water_sitting rajya sabha
Smt Jaya Bachchan,NA - Installing hand pumps,Normal/Others,Uttar Pradesh,Sitting Rajya Sabha,DISTRICT MAGISTRATE BHADOHI_IDA,,,Bhadohi,Bhikharipur,2024-02-27,63275.0,Action Pending,Unsanctioned,Rajya Sabha,False,536,585d1ba0807a334b2e44ea4b87a154b2,1,na installing hand pumps,26,4,4,water,False,False,True,False,False,False,False,False,11.05526138931847,0.158355795148248,200,63275.0,152708.3,281498.1621176738,1.0,-0.3177047385574563,250,63275.0,283357.784,490170.3503311154,1.0,-0.4489924448741783,168,63275.0,74697.88095238095,73360.78743927367,1.0,-0.15570826528868079,238,63275.0,240501.87394957984,440718.5852830861,1.0,-0.4021316093028887,168,63275.0,74697.88095238095,73360.78743927367,1.0,-0.15570826528868079,188,63275.0,95541.96808510639,125413.82079489212,1.0,-0.25728398896224813,2024,2,1,1,27,108,120,32,36,False,False,True,True,0.6666666666666666,Uttar Pradesh|Sitting Rajya Sabha|||Bhadohi|Bhikharipur,168,238,200,168,False,water_uttar pradesh,water_sitting rajya sabha
Smt Jaya Bachchan,NA - Installing hand pumps,Normal/Others,Uttar Pradesh,Sitting Rajya Sabha,DISTRICT MAGISTRATE BHADOHI_IDA,,,Bhadohi,Pipris,2024-02-27,63275.0,Action Pending,Unsanctioned,Rajya Sabha,False,537,a1e57efa6796d5da3eff925bed838e59,8,na installing hand pumps,26,4,4,water,False,False,True,False,False,False,False,False,11.05526138931847,0.158355795148248,200,63275.0,152708.3,281498.1621176738,1.0,-0.3177047385574563,250,63275.0,283357.784,490170.3503311154,1.0,-0.4489924448741783,168,63275.0,74697.88095238095,73360.78743927367,1.0,-0.15570826528868079,238,63275.0,240501.87394957984,440718.5852830861,1.0,-0.4021316093028887,168,63275.0,74697.88095238095,73360.78743927367,1.0,-0.15570826528868079,188,63275.0,95541.96808510639,125413.82079489212,1.0,-0.25728398896224813,2024,2,1,1,27,108,120,31,35,False,False,True,True,0.6666666666666666,Uttar Pradesh|Sitting Rajya Sabha|||Bhadohi|Pipris,168,238,200,168,True,water_uttar pradesh,water_sitting rajya sabha
Smt Jaya Bachchan,NA - Installing hand pumps,Normal/Others,Uttar Pradesh,Sitting Rajya Sabha,DISTRICT MAGISTRATE BHADOHI_IDA,,,Bhadohi,Pipris,2024-02-27,63275.0,Action Pending,Unsanctioned,Rajya Sabha,False,538,a1e57efa6796d5da3eff925bed838e59,8,na installing hand pumps,26,4,4,water,False,False,True,False,False,False,False,False,11.05526138931847,0.158355795148248,200,63275.0,152708.3,281498.1621176738,1.0,-0.3177047385574563,250,63275.0,283357.784,490170.3503311154,1.0,-0.4489924448741783,168,63275.0,74697.88095238095,73360.78743927367,1.0,-0.15570826528868079,238,63275.0,240501.87394957984,440718.5852830861,1.0,-0.4021316093028887,168,63275.0,74697.88095238095,73360.78743927367,1.0,-0.15570826528868079,188,63275.0,95541.96808510639,125413.82079489212,1.0,-0.25728398896224813,2024,2,1,1,27,108,120,30,34,False,False,True,True,0.6666666666666666,Uttar Pradesh|Sitting Rajya Sabha|||Bhadohi|Pipris,168,238,200,168,True,water_uttar pradesh,water_sitting rajya sabha
Smt Jaya Bachchan,NA - Installing hand pumps,Normal/Others,Uttar Pradesh,Sitting Rajya Sabha,DISTRICT MAGISTRATE BHADOHI_IDA,,,Bhadohi,Pipris,2024-02-27,63275.0,Action Pending,Unsanctioned,Rajya Sabha,False,539,a1e57efa6796d5da3eff925bed838e59,8,na installing hand pumps,26,4,4,water,False,False,True,False,False,False,False,False,11.05526138931847,0.158355795148248,200,63275.0,152708.3,281498.1621176738,1.0,-0.3177047385574563,250,63275.0,283357.784,490170.3503311154,1.0,-0.4489924448741783,168,63275.0,74697.88095238095,73360.78743927367,1.0,-0.15570826528868079,238,63275.0,240501.87394957984,440718.5852830861,1.0,-0.4021316093028887,168,63275.0,74697.88095238095,73360.78743927367,1.0,-0.15570826528868079,188,63275.0,95541.96808510639,125413.82079489212,1.0,-0.25728398896224813,2024,2,1,1,27,108,120,29,33,False,False,True,True,0.6666666666666666,Uttar Pradesh|Sitting Rajya Sabha|||Bhadohi|Pipris,168,238,200,168,True,water_uttar pradesh,water_sitting rajya sabha
Smt Jaya Bachchan,NA - Installing hand pumps,Normal/Others,Uttar Pradesh,Sitting Rajya Sabha,DISTRICT MAGISTRATE BHADOHI_IDA,,,Bhadohi,Hariyawan,2024-02-27,63275.0,Action Pending,Unsanctioned,Rajya Sabha,False,540,6f0401d49dd252583bf8c2ee3630f6b5,19,na installing hand pumps,26,4,4,water,False,False,True,False,False,False,False,False,11.05526138931847,0.158355795148248,200,63275.0,152708.3,281498.1621176738,1.0,-0.3177047385574563,250,63275.0,283357.784,490170.3503311154,1.0,-0.4489924448741783,168,63275.0,74697.88095238095,73360.78743927367,1.0,-0.15570826528868079,238,63275.0,240501.87394957984,440718.5852830861,1.0,-0.4021316093028887,168,63275.0,74697.88095238095,73360.78743927367,1.0,-0.15570826528868079,188,63275.0,95541.96808510639,125413.82079489212,1.0,-0.25728398896224813,2024,2,1,1,27,108,120,34,38,False,False,True,True,0.6666666666666666,Uttar Pradesh|Sitting Rajya Sabha|||Bhadohi|Hariyawan,168,238,200,168,True,water_uttar pradesh,water_sitting rajya sabha
Smt Jaya Bachchan,NA - Installing hand pumps,Normal/Others,Uttar Pradesh,Sitting Rajya Sabha,DISTRICT MAGISTRATE BHADOHI_IDA,,,Bhadohi,Hariyawan,2024-02-27,63275.0,Action Pending,Unsanctioned,Rajya Sabha,False,541,6f0401d49dd252583bf8c2ee3630f6b5,19,na installing hand pumps,26,4,4,water,False,False,True,False,False,False,False,False,11.05526138931847,0.158355795148248,200,63275.0,152708.3,281498.1621176738,1.0,-0.3177047385574563,250,63275.0,283357.784,490170.3503311154,1.0,-0.4489924448741783,168,63275.0,74697.88095238095,73360.78743927367,1.0,-0.15570826528868079,238,63275.0,240501.87394957984,440718.5852830861,1.0,-0.4021316093028887,168,63275.0,74697.88095238095,73360.78743927367,1.0,-0.15570826528868079,188,63275.0,95541.96808510639,125413.82079489212,1.0,-0.25728398896224813,2024,2,1,1,27,108,120,28,32,False,False,True,True,0.6666666666666666,Uttar Pradesh|Sitting Rajya Sabha|||Bhadohi|Hariyawan,168,238,200,168,True,water_uttar pradesh,water_sitting rajya sabha
Mahesh Jethmalani (Nominated Rajya Sabha),NA - Construction of community centers and community halls,Normal/Others,Delhi,Nominated Rajya Sabha,DISTRICT COLLECTOR BIKANER_IDA,,,Kolayat,Diyatara,2024-02-27,800000.0,Action Pending,Unsanctioned,Rajya Sabha,False,542,6a385441e2dc1a4f14f64fa25f16d396,1,na construction of community centers and community halls,58,8,7,building,False,True,False,False,False,False,False,False,13.592368256649284,0.8679245283018868,10,850000.0,1080000.0,682804.6735503663,0.9411764705882353,-0.4100733501780083,250,63275.0,283357.784,490170.3503311154,12.643224022125642,1.0540054404575931,10,850000.0,1080000.0,682804.6735503663,0.9411764705882353,-0.4100733501780083,12,950000.0,1133333.3333333333,652733.1813693908,0.8421052631578947,-0.5106731859931222,10,850000.0,1080000.0,682804.6735503663,0.9411764705882353,-0.4100733501780083,197,500000.0,630154.3248730964,588758.041654943,1.6,0.2884812828194813,2024,2,1,1,27,10,11,10,11,False,False,True,True,0.6666666666666666,Delhi|Nominated Rajya Sabha|||Kolayat|Diyatara,10,12,10,10,False,building_delhi,building_nominated rajya sabha
Mahesh Jethmalani (Nominated Rajya Sabha),NA - Construction of community centers and community halls,Normal/Others,Delhi,Nominated Rajya Sabha,DISTRICT COLLECTOR BIKANER_IDA,,,Bajju,Phulasar Chhota,2024-02-27,800000.0,Action Pending,Unsanctioned,Rajya Sabha,False,543,02c111505a6b35397d5bab5c2e9c315f,1,na construction of community centers and community halls,58,8,7,building,False,True,False,False,False,False,False,False,13.592368256649284,0.8679245283018868,10,850000.0,1080000.0,682804.6735503663,0.9411764705882353,-0.4100733501780083,250,63275.0,283357.784,490170.3503311154,12.643224022125642,1.0540054404575931,10,850000.0,1080000.0,682804.6735503663,0.9411764705882353,-0.4100733501780083,12,950000.0,1133333.3333333333,652733.1813693908,0.8421052631578947,-0.5106731859931222,10,850000.0,1080000.0,682804.6735503663,0.9411764705882353,-0.4100733501780083,197,500000.0,630154.3248730964,588758.041654943,1.6,0.2884812828194813,2024,2,1,1,27,10,11,9,10,False,False,True,True,0.6666666666666666,Delhi|Nominated Rajya Sabha|||Bajju|Phulasar Chhota,10,12,10,10,False,building_delhi,building_nominated rajya sabha
Mahesh Jethmalani (Nominated Rajya Sabha),NA - Construction of community centers and community halls,Normal/Others,Delhi,Nominated Rajya Sabha,DISTRICT COLLECTOR BIKANER_IDA,,,Khajuwala,34 Kyd,2024-02-27,1000000.0,Action Pending,Unsanctioned,Rajya Sabha,False,544,91178a0689c4da71fb2b1e41df29057e,1,na construction of community centers and community halls,58,8,7,building,False,True,False,False,False,False,False,False,13.815511557963774,0.9420485175202157,10,850000.0,1080000.0,682804.6735503663,1.1764705882352942,-0.1171638143365738,250,63275.0,283357.784,490170.3503311154,15.804030027657053,1.4620268555939795,10,850000.0,1080000.0,682804.6735503663,1.1764705882352942,-0.1171638143365738,12,950000.0,1133333.3333333333,652733.1813693908,1.0526315789473684,-0.2042692743972488,10,850000.0,1080000.0,682804.6735503663,1.1764705882352942,-0.1171638143365738,197,500000.0,630154.3248730964,588758.041654943,2.0,0.6281794030146959,2024,2,1,1,27,10,11,8,9,False,False,True,True,0.6666666666666666,Delhi|Nominated Rajya Sabha|||Khajuwala|34 Kyd,10,12,10,10,False,building_delhi,building_nominated rajya sabha
Mahesh Jethmalani (Nominated Rajya Sabha),NA - Construction of boundary walls of existing public and community buildings,Normal/Others,Delhi,Nominated Rajya Sabha,DISTRICT COLLECTOR BIKANER_IDA,,,Lunkaransar,Kakadwala,2024-02-26,1000000.0,Action Pending,Unsanctioned,Rajya Sabha,False,545,2a51b6b8e3b122d4b40b2e9d0fe4d7df,1,na construction of boundary walls of existing public and community buildings,78,11,10,building,False,True,False,False,False,False,False,False,13.815511557963774,0.9420485175202157,10,850000.0,1080000.0,682804.6735503663,1.1764705882352942,-0.1171638143365738,250,63275.0,283357.784,490170.3503311154,15.804030027657053,1.4620268555939795,10,850000.0,1080000.0,682804.6735503663,1.1764705882352942,-0.1171638143365738,12,950000.0,1133333.3333333333,652733.1813693908,1.0526315789473684,-0.2042692743972488,10,850000.0,1080000.0,682804.6735503663,1.1764705882352942,-0.1171638143365738,197,500000.0,630154.3248730964,588758.041654943,2.0,0.6281794030146959,2024,2,1,0,26,10,11,4,4,False,False,True,True,0.6666666666666666,Delhi|Nominated Rajya Sabha|||Lunkaransar|Kakadwala,10,12,10,10,False,building_delhi,building_nominated rajya sabha
Mahesh Jethmalani (Nominated Rajya Sabha),NA - Construction of community centers and community halls,Normal/Others,Delhi,Nominated Rajya Sabha,DISTRICT COLLECTOR BIKANER_IDA,Bikaner,Bikaner (M Ci) - Ward No.60,,,2024-02-26,900000.0,Action Pending,Unsanctioned,Rajya Sabha,False,546,3f1ce5fc5299fde94e1a3ec8f06f21ba,1,na construction of community centers and community halls,58,8,7,building,False,True,False,False,False,False,False,False,13.710151153416941,0.8854447439353099,10,850000.0,1080000.0,682804.6735503663,1.0588235294117647,-0.26361858225729107,250,63275.0,283357.784,490170.3503311154,14.223627024891348,1.2580161480257863,10,850000.0,1080000.0,682804.6735503663,1.0588235294117647,-0.26361858225729107,12,950000.0,1133333.3333333333,652733.1813693908,0.9473684210526315,-0.3574712301951855,10,850000.0,1080000.0,682804.6735503663,1.0588235294117647,-0.26361858225729107,197,500000.0,630154.3248730964,588758.041654943,1.8,0.45833034291708863,2024,2,1,0,26,10,11,3,3,True,True,False,False,0.6666666666666666,Delhi|Nominated Rajya Sabha|Bikaner|Bikaner (M Ci) - Ward No.60||,10,12,10,10,False,building_delhi,building_nominated rajya sabha
Mahesh Jethmalani (Nominated Rajya Sabha),NA - Construction of additional rooms and halls in the existing public and community building,Normal/Others,Delhi,Nominated Rajya Sabha,DISTRICT COLLECTOR BIKANER_IDA,Nokha,Nokha (M) - Ward No.29,,,2024-02-26,800000.0,Action Pending,Unsanctioned,Rajya Sabha,False,547,a7506d0334e4ce3d2b34af3f8d77ad9d,1,na construction of additional rooms and halls in the existing public and community building,93,14,13,building,False,True,False,False,False,False,False,False,13.592368256649284,0.8679245283018868,10,850000.0,1080000.0,682804.6735503663,0.9411764705882353,-0.4100733501780083,250,63275.0,283357.784,490170.3503311154,12.643224022125642,1.0540054404575931,10,850000.0,1080000.0,682804.6735503663,0.9411764705882353,-0.4100733501780083,12,950000.0,1133333.3333333333,652733.1813693908,0.8421052631578947,-0.5106731859931222,10,850000.0,1080000.0,682804.6735503663,0.9411764705882353,-0.4100733501780083,197,500000.0,630154.3248730964,588758.041654943,1.6,0.2884812828194813,2024,2,1,0,26,10,11,5,5,True,True,False,False,0.6666666666666666,Delhi|Nominated Rajya Sabha|Nokha|Nokha (M) - Ward No.29||,10,12,10,10,False,building_delhi,building_nominated rajya sabha
Mahesh Jethmalani (Nominated Rajya Sabha),NA - Construction of community centers and community halls,Normal/Others,Delhi,Nominated Rajya Sabha,DISTRICT COLLECTOR BIKANER_IDA,,,Kolayat,Hirai Ki Dhani,2024-02-26,700000.0,Action Pending,Unsanctioned,Rajya Sabha,False,548,c1287356a6314d6f9f36ffafa99e93df,1,na construction of community centers and community halls,58,8,7,building,False,True,False,False,False,False,False,False,13.45883704259595,0.8497304582210242,10,850000.0,1080000.0,682804.6735503663,0.8235294117647058,-0.5565281180987255,250,63275.0,283357.784,490170.3503311154,11.062821019359937,0.8499947328893999,10,850000.0,1080000.0,682804.6735503663,0.8235294117647058,-0.5565281180987255,12,950000.0,1133333.3333333333,652733.1813693908,0.7368421052631579,-0.6638751417910589,10,850000.0,1080000.0,682804.6735503663,0.8235294117647058,-0.5565281180987255,197,500000.0,630154.3248730964,588758.041654943,1.4,0.118632222721874,2024,2,1,0,26,10,11,1,1,False,False,True,True,0.6666666666666666,Delhi|Nominated Rajya Sabha|||Kolayat|Hirai Ki Dhani,10,12,10,10,False,building_delhi,building_nominated rajya sabha
Gajendra Singh Patel,NA - Construction of community centers and community halls,Normal/Others,Madhya Pradesh,KHARGONE(ST),DISTRICT COLLECTOR KHARGONE_IDA,Khargone,Shree Ram Mandir Ward,,,2024-02-26,500000.0,Action Pending,Unsanctioned,Lok Sabha,False,549,65321e664b2130cc8eed40dd1ab02945,1,na construction of community centers and community halls,58,8,7,building,False,True,False,False,False,False,False,False,13.122365377402328,0.7277628032345014,3,,,,,,492,430000.0,471904.2174796748,412350.68459874584,1.1627906976744187,0.06813565144839016,1,,,,,,1,,,,,,1,,,,,,197,500000.0,630154.3248730964,588758.041654943,1.0,-0.2210658974733406,2024,2,1,0,26,1,1,1,1,True,True,False,False,0.6666666666666666,Madhya Pradesh|KHARGONE(ST)|Khargone|Shree Ram Mandir Ward||,1,1,3,1,False,building_madhya pradesh,building_khargone(st)
Mahesh Jethmalani (Nominated Rajya Sabha),NA - Providing drains and gutters for public drainage,Normal/Others,Delhi,Nominated Rajya Sabha,DISTRICT COLLECTOR BIKANER_IDA,,,Bikaner,Napasar,2024-02-26,3000000.0,Action Pending,Unsanctioned,Rajya Sabha,False,550,e35b146ea3fab43203d8596af2fe40d8,1,na providing drains and gutters for public drainage,53,8,8,drainage,False,False,False,False,False,False,True,False,14.914123179965662,0.9966307277628033,10,850000.0,1080000.0,682804.6735503663,3.5294117647058822,2.8119315440777712,250,63275.0,283357.784,490170.3503311154,47.412090082971154,5.542241006957844,10,850000.0,1080000.0,682804.6735503663,3.5294117647058822,2.8119315440777712,12,950000.0,1133333.3333333333,652733.1813693908,3.1578947368421053,2.859769841561485,10,850000.0,1080000.0,682804.6735503663,3.5294117647058822,2.8119315440777712,6,400000.0,800000.0,1084435.3369380767,7.5,2.0287055622991232,2024,2,1,0,26,10,11,2,2,False,False,True,True,0.6666666666666666,Delhi|Nominated Rajya Sabha|||Bikaner|Napasar,10,12,10,10,False,drainage_delhi,drainage_nominated rajya sabha
Smt PT Usha (NRS),NA - Construction of buildings for crèches and anganwadies,Normal/Others,Kerala,Nominated Rajya Sabha,DISTRICT COLLECTOR PATHANAMTHITTA_IDA,,,Adoor,Thumpamon,2024-02-26,1800000.0,Action Pending,Unsanctioned,Rajya Sabha,False,551,d9bf02e6935e8d6bb91cde46dccb0671,1,na construction of buildings for crèches and anganwadies,58,8,8,building,False,True,False,False,False,False,False,False,14.403297778421795,0.9824797843665768,1,,,,,,250,63275.0,283357.784,490170.3503311154,28.447254049782696,3.094112516139525,1,,,,,,12,950000.0,1133333.3333333333,652733.1813693908,1.894736842105263,1.0213463719862448,1,,,,,,197,500000.0,630154.3248730964,588758.041654943,3.6,1.9869718837955546,2024,2,1,0,26,1,11,1,6,False,False,True,True,0.6666666666666666,Kerala|Nominated Rajya Sabha|||Adoor|Thumpamon,1,12,1,1,False,building_kerala,building_nominated rajya sabha
Mahesh Jethmalani (Nominated Rajya Sabha),NA - Construction of community centers and community halls,Normal/Others,Delhi,Nominated Rajya Sabha,DISTRICT COLLECTOR BIKANER_IDA,Bikaner,Bikaner (M Ci) - Ward No.59,,,2024-02-26,1000000.0,Action Pending,Unsanctioned,Rajya Sabha,False,552,716eec532fdc63cb2989619eed8d2f1f,1,na construction of community centers and community halls,58,8,7,building,False,True,False,False,False,False,False,False,13.815511557963774,0.9420485175202157,10,850000.0,1080000.0,682804.6735503663,1.1764705882352942,-0.1171638143365738,250,63275.0,283357.784,490170.3503311154,15.804030027657053,1.4620268555939795,10,850000.0,1080000.0,682804.6735503663,1.1764705882352942,-0.1171638143365738,12,950000.0,1133333.3333333333,652733.1813693908,1.0526315789473684,-0.2042692743972488,10,850000.0,1080000.0,682804.6735503663,1.1764705882352942,-0.1171638143365738,197,500000.0,630154.3248730964,588758.041654943,2.0,0.6281794030146959,2024,2,1,0,26,10,11,6,7,True,True,False,False,0.6666666666666666,Delhi|Nominated Rajya Sabha|Bikaner|Bikaner (M Ci) - Ward No.59||,10,12,10,10,False,building_delhi,building_nominated rajya sabha
Shri Tapir Gao,NA - Construction of public irrigation facilities,Normal/Others,Arunachal Pradesh,ARUNACHAL EAST,Deputy Commisioner Siang_IDA,,,Pangin Eac,Lokpeng,2024-02-26,200000.0,Action Pending,Unsanctioned,Lok Sabha,False,553,b2219d2f104e2086283b6f60c728e1ad,1,na construction of public irrigation facilities,49,6,6,other,False,False,False,False,False,False,False,False,12.206077645517674,0.396900269541779,1,,,,,,492,430000.0,471904.2174796748,412350.68459874584,0.46511627906976744,-0.6594004269551824,1,,,,,,1,,,,,,1,,,,,,50,100000.0,266712.36,314672.4568884196,2.0,-0.21200571749962746,2024,2,1,0,26,1,1,1,1,False,False,True,True,0.6666666666666666,Arunachal Pradesh|ARUNACHAL EAST|||Pangin Eac|Lokpeng,1,1,1,1,False,other_arunachal pradesh,other_arunachal east
Mahesh Jethmalani (Nominated Rajya Sabha),NA - Crematoriums or structures on burial/ cremation ground for public convenience,Normal/Others,Delhi,Nominated Rajya Sabha,DISTRICT COLLECTOR BIKANER_IDA,,,Nokha,Raisar,2024-02-26,800000.0,Action Pending,Unsanctioned,Rajya Sabha,False,554,380988681300724c1e70fff5ebd315fa,1,na crematoriums or structures on burial cremation ground for public convenience,82,11,11,building,False,True,False,False,False,False,False,False,13.592368256649284,0.8679245283018868,10,850000.0,1080000.0,682804.6735503663,0.9411764705882353,-0.4100733501780083,250,63275.0,283357.784,490170.3503311154,12.643224022125642,1.0540054404575931,10,850000.0,1080000.0,682804.6735503663,0.9411764705882353,-0.4100733501780083,12,950000.0,1133333.3333333333,652733.1813693908,0.8421052631578947,-0.5106731859931222,10,850000.0,1080000.0,682804.6735503663,0.9411764705882353,-0.4100733501780083,197,500000.0,630154.3248730964,588758.041654943,1.6,0.2884812828194813,2024,2,1,0,26,10,11,7,8,False,False,True,True,0.6666666666666666,Delhi|Nominated Rajya Sabha|||Nokha|Raisar,10,12,10,10,False,building_delhi,building_nominated rajya sabha
SH G V L Narasimha Rao,NA - Purchase of non-conventional energy system and devices for community use,Normal/Others,Uttar Pradesh,Sitting Rajya Sabha,DISTRICT MAGISTRAE GAUTAMBUDHNAGAR_IDA,,,Dadri,Achheja,2024-02-26,720000.0,Action Pending,Unsanctioned,Rajya Sabha,False,555,8f4467bc0afeab8e9188feaf00d5e82d,1,na purchase of non conventional energy system and devices for community use,77,12,12,electrical,False,False,False,True,False,False,False,False,13.487007879880162,0.8584905660377359,200,63275.0,152708.3,281498.1621176738,11.378901619913078,2.0152589833352335,250,63275.0,283357.784,490170.3503311154,11.378901619913078,0.8907968744030386,5,569000.0,429850.4,288777.6722026826,1.265377855887522,1.0047508098076035,238,63275.0,240501.87394957984,440718.5852830861,11.378901619913078,1.0879916165605426,1,,,,,,145,430000.0,386886.22068965517,275909.89582542237,1.6744186046511629,1.207328132663706,2024,2,1,0,26,5,120,1,7,False,False,True,True,0.6666666666666666,Uttar Pradesh|Sitting Rajya Sabha|||Dadri|Achheja,5,238,200,1,False,electrical_uttar pradesh,electrical_sitting rajya sabha
Shri Sakaldeep Rajbhar,NA - Construction of rooms and halls in school and colleges,Normal/Others,Uttar Pradesh,Sitting Rajya Sabha,DISTRICT MAGISTRATE SANT KABIR NAGAR_IDA,Hariharpur,Hariharpur (NP) - Ward No.8,,,2024-02-26,1000000.0,Action Pending,Unsanctioned,Rajya Sabha,False,556,96793309137de82015e3b6c0ea315a75,1,na construction of rooms and halls in school and colleges,59,10,9,building,False,True,False,False,True,False,False,False,13.815511557963774,0.9420485175202157,200,63275.0,152708.3,281498.1621176738,15.804030027657053,3.0099368806742306,250,63275.0,283357.784,490170.3503311154,15.804030027657053,1.4620268555939795,1,,,,,,238,63275.0,240501.87394957984,440718.5852830861,15.804030027657053,1.723317671213191,2,,,,,,197,500000.0,630154.3248730964,588758.041654943,2.0,0.6281794030146959,2024,2,1,0,26,1,120,1,8,True,True,False,False,0.6666666666666666,Uttar Pradesh|Sitting Rajya Sabha|Hariharpur|Hariharpur (NP) - Ward No.8||,1,238,200,2,False,building_uttar pradesh,building_sitting rajya sabha
Kum Agatha K Sangma,"WS/MP694/2023-2024/115471 - Purchase of ambulances (Four, three and two wheelers)",Normal/Others,Meghalaya,TURA,DEPUTY COMMISSIONER WEST GARO HILLS_IDA,Tura Municipal Board,Ward No. 10,,,2024-02-26,1800000.0,Approved by IDA,Ongoing,Lok Sabha,False,557,2a83642592b8f5ecf14410dffca93e50,1,ws mp694 2023 2024 115471 purchase of ambulances four three and two wheelers,81,13,13,health,False,False,False,False,False,True,False,False,14.403297778421795,0.9824797843665768,2,,,,,,492,430000.0,471904.2174796748,412350.68459874584,4.186046511627907,3.220791991197205,2,,,,,,2,,,,,,1,,,,,,5,110000.0,1015400.0,1333309.6695816768,16.363636363636363,0.5884604438863529,2024,2,1,0,26,2,2,2,2,True,True,False,False,0.6666666666666666,Meghalaya|TURA|Tura Municipal Board|Ward No. 10||,2,2,2,1,False,health_meghalaya,health_tura
Kum Agatha K Sangma,"NA - Construction of roads, link roads, pathways or any other road with or without drainage system",Normal/Others,Meghalaya,TURA,DEPUTY COMMISSIONER SOUTH WEST GARO HILLS AMPATI_IDA,,,Betasing,Chondonpara,2024-02-26,200000.0,Action Pending,Unsanctioned,Lok Sabha,False,558,db7d3b4ad94a3041fd394455d496c9a2,1,na construction of roads link roads pathways or any other road with or without drainage system,98,16,14,road,True,False,False,False,False,False,True,False,12.206077645517674,0.396900269541779,2,,,,,,492,430000.0,471904.2174796748,412350.68459874584,0.46511627906976744,-0.6594004269551824,2,,,,,,2,,,,,,1,,,,,,147,500000.0,549006.8027210884,314411.18040611234,0.4,-1.1100330537555638,2024,2,1,0,26,2,2,1,1,False,False,True,True,0.6666666666666666,Meghalaya|TURA|||Betasing|Chondonpara,2,2,2,1,False,road_meghalaya,road_tura
Smt Mangal Suresh Angadi,"NA - Construction of roads, link roads, pathways or any other road with or without drainage system",Normal/Others,Karnataka,BELGAUM,DEPUTY COMMISSIONER BELGAUM_IDA,Munavalli,Ward-8,,,2024-02-26,500000.0,Action Pending,Unsanctioned,Lok Sabha,False,559,aebae1220e96b3171e1e5d4ccb275b28,1,na construction of roads link roads pathways or any other road with or without drainage system,98,16,14,road,True,False,False,False,False,False,True,False,13.122365377402328,0.7277628032345014,54,500000.0,471296.2962962963,84452.65048950804,1.0,0.33987925230682614,492,430000.0,471904.2174796748,412350.68459874584,1.1627906976744187,0.06813565144839016,3,,,,,,3,,,,,,3,,,,,,147,500000.0,549006.8027210884,314411.18040611234,1.0,-0.15586851160250814,2024,2,1,0,26,3,3,3,3,True,True,False,False,0.6666666666666666,Karnataka|BELGAUM|Munavalli|Ward-8||,3,3,54,3,False,road_karnataka,road_belgaum
Saptagiri Sankar Ulaka,NA - Construction of culverts and bridges,Normal/Others,Odisha,KORAPUT(ST),District Collector Koraput_IDA,,,Dasamantapur,Dasamantapur,2024-02-25,250000.0,Action Pending,Unsanctioned,Lok Sabha,False,560,bcd2d0008f22ad1609ecc625ad3cc7a1,2,na construction of culverts and bridges,41,6,6,road,True,False,False,False,False,False,False,False,12.429220196836383,0.44339622641509435,141,300000.0,377021.27659574465,471165.34052867413,0.8333333333333334,-0.2695896019287404,492,430000.0,471904.2174796748,412350.68459874584,0.5813953488372093,-0.5381444138879203,9,250000.0,311111.1111111111,111180.53386771945,1.0,-0.5496565719302985,9,250000.0,311111.1111111111,111180.53386771945,1.0,-0.5496565719302985,9,250000.0,311111.1111111111,111180.53386771945,1.0,-0.5496565719302985,147,500000.0,549006.8027210884,314411.18040611234,0.5,-0.9510056300633879,2024,2,1,6,25,9,9,9,9,False,False,True,True,0.6666666666666666,Odisha|KORAPUT(ST)|||Dasamantapur|Dasamantapur,9,9,141,9,True,road_odisha,road_koraput(st)
Saptagiri Sankar Ulaka,"NA - Construction of roads, link roads, pathways or any other road with or without drainage system",Normal/Others,Odisha,KORAPUT(ST),District Collector Koraput_IDA,,,Koraput,Mangara,2024-02-25,500000.0,Action Pending,Unsanctioned,Lok Sabha,False,561,edc11684748797295286c5d4bfcdbe90,1,na construction of roads link roads pathways or any other road with or without drainage system,98,16,14,road,True,False,False,False,False,False,True,False,13.122365377402328,0.7277628032345014,141,300000.0,377021.27659574465,471165.34052867413,1.6666666666666667,0.26100969834976884,492,430000.0,471904.2174796748,412350.68459874584,1.1627906976744187,0.06813565144839016,9,250000.0,311111.1111111111,111180.53386771945,2.0,1.6989384950572857,9,250000.0,311111.1111111111,111180.53386771945,2.0,1.6989384950572857,9,250000.0,311111.1111111111,111180.53386771945,2.0,1.6989384950572857,147,500000.0,549006.8027210884,314411.18040611234,1.0,-0.15586851160250814,2024,2,1,6,25,9,9,8,8,False,False,True,True,0.6666666666666666,Odisha|KORAPUT(ST)|||Koraput|Mangara,9,9,141,9,False,road_odisha,road_koraput(st)
Saptagiri Sankar Ulaka,"NA - Construction of roads, link roads, pathways or any other road with or without drainage system",Normal/Others,Odisha,KORAPUT(ST),District Collector Koraput_IDA,,,Koraput,Devighat,2024-02-25,300000.0,Action Pending,Unsanctioned,Lok Sabha,False,562,92e73ce77c9c8af8cd49745e92c718a8,1,na construction of roads link roads pathways or any other road with or without drainage system,98,16,14,road,True,False,False,False,False,False,True,False,12.611541086966115,0.488544474393531,141,300000.0,377021.27659574465,471165.34052867413,1.0,-0.1634697418730385,492,430000.0,471904.2174796748,412350.68459874584,0.6976744186046512,-0.41688840082065826,9,250000.0,311111.1111111111,111180.53386771945,1.2,-0.09993755853278163,9,250000.0,311111.1111111111,111180.53386771945,1.2,-0.09993755853278163,9,250000.0,311111.1111111111,111180.53386771945,1.2,-0.09993755853278163,147,500000.0,549006.8027210884,314411.18040611234,0.6,-0.791978206371212,2024,2,1,6,25,9,9,7,7,False,False,True,True,0.6666666666666666,Odisha|KORAPUT(ST)|||Koraput|Devighat,9,9,141,9,False,road_odisha,road_koraput(st)
Saptagiri Sankar Ulaka,NA - Construction of culverts and bridges,Normal/Others,Odisha,KORAPUT(ST),District Collector Koraput_IDA,,,Dasamantapur,Lulla,2024-02-25,250000.0,Action Pending,Unsanctioned,Lok Sabha,False,563,7ba54e8e6ec51953fdffa630ad1c361f,1,na construction of culverts and bridges,41,6,6,road,True,False,False,False,False,False,False,False,12.429220196836383,0.44339622641509435,141,300000.0,377021.27659574465,471165.34052867413,0.8333333333333334,-0.2695896019287404,492,430000.0,471904.2174796748,412350.68459874584,0.5813953488372093,-0.5381444138879203,9,250000.0,311111.1111111111,111180.53386771945,1.0,-0.5496565719302985,9,250000.0,311111.1111111111,111180.53386771945,1.0,-0.5496565719302985,9,250000.0,311111.1111111111,111180.53386771945,1.0,-0.5496565719302985,147,500000.0,549006.8027210884,314411.18040611234,0.5,-0.9510056300633879,2024,2,1,6,25,9,9,6,6,False,False,True,True,0.6666666666666666,Odisha|KORAPUT(ST)|||Dasamantapur|Lulla,9,9,141,9,False,road_odisha,road_koraput(st)
Saptagiri Sankar Ulaka,NA - Installing tube-wells and borewells,Normal/Others,Odisha,KORAPUT(ST),District Collector Koraput_IDA,,,Koraput,Jhadiguda,2024-02-25,200000.0,Action Pending,Unsanctioned,Lok Sabha,False,564,b3c5f9be96a38877c55a5e9f9fe73bdf,1,na installing tube wells and borewells,40,6,6,water,False,False,True,False,False,False,False,False,12.206077645517674,0.396900269541779,141,300000.0,377021.27659574465,471165.34052867413,0.6666666666666666,-0.3757094619844422,492,430000.0,471904.2174796748,412350.68459874584,0.46511627906976744,-0.6594004269551824,9,250000.0,311111.1111111111,111180.53386771945,0.8,-0.9993755853278153,9,250000.0,311111.1111111111,111180.53386771945,0.8,-0.9993755853278153,9,250000.0,311111.1111111111,111180.53386771945,0.8,-0.9993755853278153,188,63275.0,95541.96808510639,125413.82079489212,3.1608060055314104,0.8329068618819083,2024,2,1,6,25,9,9,5,5,False,False,True,True,0.6666666666666666,Odisha|KORAPUT(ST)|||Koraput|Jhadiguda,9,9,141,9,False,water_odisha,water_koraput(st)
Saptagiri Sankar Ulaka,NA - Construction of culverts and bridges,Normal/Others,Odisha,KORAPUT(ST),District Collector Koraput_IDA,,,Dasamantapur,Murkar,2024-02-25,300000.0,Action Pending,Unsanctioned,Lok Sabha,False,565,b36593cd4649e1ca9212713b70059102,1,na construction of culverts and bridges,41,6,6,road,True,False,False,False,False,False,False,False,12.611541086966115,0.488544474393531,141,300000.0,377021.27659574465,471165.34052867413,1.0,-0.1634697418730385,492,430000.0,471904.2174796748,412350.68459874584,0.6976744186046512,-0.41688840082065826,9,250000.0,311111.1111111111,111180.53386771945,1.2,-0.09993755853278163,9,250000.0,311111.1111111111,111180.53386771945,1.2,-0.09993755853278163,9,250000.0,311111.1111111111,111180.53386771945,1.2,-0.09993755853278163,147,500000.0,549006.8027210884,314411.18040611234,0.6,-0.791978206371212,2024,2,1,6,25,9,9,4,4,False,False,True,True,0.6666666666666666,Odisha|KORAPUT(ST)|||Dasamantapur|Murkar,9,9,141,9,False,road_odisha,road_koraput(st)
Saptagiri Sankar Ulaka,NA - Construction of culverts and bridges,Normal/Others,Odisha,KORAPUT(ST),District Collector Koraput_IDA,,,Dasamantapur,Dasamantapur,2024-02-25,250000.0,Action Pending,Unsanctioned,Lok Sabha,False,566,bcd2d0008f22ad1609ecc625ad3cc7a1,2,na construction of culverts and bridges,41,6,6,road,True,False,False,False,False,False,False,False,12.429220196836383,0.44339622641509435,141,300000.0,377021.27659574465,471165.34052867413,0.8333333333333334,-0.2695896019287404,492,430000.0,471904.2174796748,412350.68459874584,0.5813953488372093,-0.5381444138879203,9,250000.0,311111.1111111111,111180.53386771945,1.0,-0.5496565719302985,9,250000.0,311111.1111111111,111180.53386771945,1.0,-0.5496565719302985,9,250000.0,311111.1111111111,111180.53386771945,1.0,-0.5496565719302985,147,500000.0,549006.8027210884,314411.18040611234,0.5,-0.9510056300633879,2024,2,1,6,25,9,9,3,3,False,False,True,True,0.6666666666666666,Odisha|KORAPUT(ST)|||Dasamantapur|Dasamantapur,9,9,141,9,True,road_odisha,road_koraput(st)
Smt Rajashree Mallick,NA - Construction of community centers and community halls,Normal/Others,Odisha,JAGATSINGHPUR(SC),DISTRICT COLLECTOR JAGATSINGHPUR_IDA,,,Biridi,Ukundara,2024-02-25,200000.0,Action Pending,Unsanctioned,Lok Sabha,False,567,94652a8e6c7d645613c4140efcf65dea,1,na construction of community centers and community halls,58,8,7,building,False,True,False,False,False,False,False,False,12.206077645517674,0.396900269541779,141,300000.0,377021.27659574465,471165.34052867413,0.6666666666666666,-0.3757094619844422,492,430000.0,471904.2174796748,412350.68459874584,0.46511627906976744,-0.6594004269551824,32,200000.0,189062.5,79041.00099764475,1.0,0.13837754914472697,32,200000.0,189062.5,79041.00099764475,1.0,0.13837754914472697,32,200000.0,189062.5,79041.00099764475,1.0,0.13837754914472697,197,500000.0,630154.3248730964,588758.041654943,0.4,-0.7306130777661625,2024,2,1,6,25,32,32,18,18,False,False,True,True,0.6666666666666666,Odisha|JAGATSINGHPUR(SC)|||Biridi|Ukundara,32,32,141,32,False,building_odisha,building_jagatsinghpur(sc)
Saptagiri Sankar Ulaka,NA - Construction of community centers and community halls,Normal/Others,Odisha,KORAPUT(ST),District Collector Koraput_IDA,,,Lakshmipur,Tayaput,2024-02-25,500000.0,Action Pending,Unsanctioned,Lok Sabha,False,568,c7658515d6937de31db0e887d2d1d3d4,1,na construction of community centers and community halls,58,8,7,building,False,True,False,False,False,False,False,False,13.122365377402328,0.7277628032345014,141,300000.0,377021.27659574465,471165.34052867413,1.6666666666666667,0.26100969834976884,492,430000.0,471904.2174796748,412350.68459874584,1.1627906976744187,0.06813565144839016,9,250000.0,311111.1111111111,111180.53386771945,2.0,1.6989384950572857,9,250000.0,311111.1111111111,111180.53386771945,2.0,1.6989384950572857,9,250000.0,311111.1111111111,111180.53386771945,2.0,1.6989384950572857,197,500000.0,630154.3248730964,588758.041654943,1.0,-0.2210658974733406,2024,2,1,6,25,9,9,2,2,False,False,True,True,0.6666666666666666,Odisha|KORAPUT(ST)|||Lakshmipur|Tayaput,9,9,141,9,False,building_odisha,building_koraput(st)
Smt Rajashree Mallick,"NA - Construction of roads, link roads, pathways or any other road with or without drainage system",Normal/Others,Odisha,JAGATSINGHPUR(SC),DISTRICT COLLECTOR JAGATSINGHPUR_IDA,,,Biridi,Talpatak,2024-02-25,150000.0,Action Pending,Unsanctioned,Lok Sabha,False,569,bf98cf4b124c2b39ab9739f190c13844,1,na construction of roads link roads pathways or any other road with or without drainage system,98,16,14,road,True,False,False,False,False,False,True,False,11.918397239722838,0.33962264150943394,141,300000.0,377021.27659574465,471165.34052867413,0.5,-0.481829322040144,492,430000.0,471904.2174796748,412350.68459874584,0.3488372093023256,-0.7806564400224446,32,200000.0,189062.5,79041.00099764475,0.75,-0.4942055326597392,32,200000.0,189062.5,79041.00099764475,0.75,-0.4942055326597392,32,200000.0,189062.5,79041.00099764475,0.75,-0.4942055326597392,147,500000.0,549006.8027210884,314411.18040611234,0.3,-1.2690604774477399,2024,2,1,6,25,32,32,17,17,False,False,True,True,0.6666666666666666,Odisha|JAGATSINGHPUR(SC)|||Biridi|Talpatak,32,32,141,32,False,road_odisha,road_jagatsinghpur(sc)
Smt Rajashree Mallick,NA - Lighting of public spaces,Normal/Others,Odisha,JAGATSINGHPUR(SC),DISTRICT COLLECTOR JAGATSINGHPUR_IDA,,,Biridi,Sankharisahi,2024-02-25,150000.0,Action Pending,Unsanctioned,Lok Sabha,False,570,7af195f8234fab9922f747e8f4f214d1,1,na lighting of public spaces,30,5,5,electrical,False,False,False,True,False,False,False,False,11.918397239722838,0.33962264150943394,141,300000.0,377021.27659574465,471165.34052867413,0.5,-0.481829322040144,492,430000.0,471904.2174796748,412350.68459874584,0.3488372093023256,-0.7806564400224446,32,200000.0,189062.5,79041.00099764475,0.75,-0.4942055326597392,32,200000.0,189062.5,79041.00099764475,0.75,-0.4942055326597392,32,200000.0,189062.5,79041.00099764475,0.75,-0.4942055326597392,145,430000.0,386886.22068965517,275909.89582542237,0.3488372093023256,-0.8585636987791884,2024,2,1,6,25,32,32,16,16,False,False,True,True,0.6666666666666666,Odisha|JAGATSINGHPUR(SC)|||Biridi|Sankharisahi,32,32,141,32,False,electrical_odisha,electrical_jagatsinghpur(sc)
Saptagiri Sankar Ulaka,"NA - Construction of roads, link roads, pathways or any other road with or without drainage system",Normal/Others,Odisha,KORAPUT(ST),District Collector Koraput_IDA,,,Koraput,Tola,2024-02-25,250000.0,Action Pending,Unsanctioned,Lok Sabha,False,571,de8b44c7cf6440b87970a87d1ef42b44,1,na construction of roads link roads pathways or any other road with or without drainage system,98,16,14,road,True,False,False,False,False,False,True,False,12.429220196836383,0.44339622641509435,141,300000.0,377021.27659574465,471165.34052867413,0.8333333333333334,-0.2695896019287404,492,430000.0,471904.2174796748,412350.68459874584,0.5813953488372093,-0.5381444138879203,9,250000.0,311111.1111111111,111180.53386771945,1.0,-0.5496565719302985,9,250000.0,311111.1111111111,111180.53386771945,1.0,-0.5496565719302985,9,250000.0,311111.1111111111,111180.53386771945,1.0,-0.5496565719302985,147,500000.0,549006.8027210884,314411.18040611234,0.5,-0.9510056300633879,2024,2,1,6,25,9,9,1,1,False,False,True,True,0.6666666666666666,Odisha|KORAPUT(ST)|||Koraput|Tola,9,9,141,9,False,road_odisha,road_koraput(st)
Smt Rajashree Mallick,NA - Construction of rooms and halls in school and colleges,Normal/Others,Odisha,JAGATSINGHPUR(SC),DISTRICT COLLECTOR JAGATSINGHPUR_IDA,,,Biridi,Talpatak,2024-02-25,200000.0,Action Pending,Unsanctioned,Lok Sabha,False,572,a5b78b91574d5a149c1adeeeb5c4aaf2,1,na construction of rooms and halls in school and colleges,59,10,9,building,False,True,False,False,True,False,False,False,12.206077645517674,0.396900269541779,141,300000.0,377021.27659574465,471165.34052867413,0.6666666666666666,-0.3757094619844422,492,430000.0,471904.2174796748,412350.68459874584,0.46511627906976744,-0.6594004269551824,32,200000.0,189062.5,79041.00099764475,1.0,0.13837754914472697,32,200000.0,189062.5,79041.00099764475,1.0,0.13837754914472697,32,200000.0,189062.5,79041.00099764475,1.0,0.13837754914472697,197,500000.0,630154.3248730964,588758.041654943,0.4,-0.7306130777661625,2024,2,1,6,25,32,32,15,15,False,False,True,True,0.6666666666666666,Odisha|JAGATSINGHPUR(SC)|||Biridi|Talpatak,32,32,141,32,False,building_odisha,building_jagatsinghpur(sc)
Smt Rajashree Mallick,"NA - Construction of roads, link roads, pathways or any other road with or without drainage system",Normal/Others,Odisha,JAGATSINGHPUR(SC),DISTRICT COLLECTOR JAGATSINGHPUR_IDA,,,Biridi,Sareisasan,2024-02-25,300000.0,Action Pending,Unsanctioned,Lok Sabha,False,573,06772af002c6311e2ab24c0f48f785f7,1,na construction of roads link roads pathways or any other road with or without drainage system,98,16,14,road,True,False,False,False,False,False,True,False,12.611541086966115,0.488544474393531,141,300000.0,377021.27659574465,471165.34052867413,1.0,-0.1634697418730385,492,430000.0,471904.2174796748,412350.68459874584,0.6976744186046512,-0.41688840082065826,32,200000.0,189062.5,79041.00099764475,1.5,1.4035437127536594,32,200000.0,189062.5,79041.00099764475,1.5,1.4035437127536594,32,200000.0,189062.5,79041.00099764475,1.5,1.4035437127536594,147,500000.0,549006.8027210884,314411.18040611234,0.6,-0.791978206371212,2024,2,1,6,25,32,32,14,14,False,False,True,True,0.6666666666666666,Odisha|JAGATSINGHPUR(SC)|||Biridi|Sareisasan,32,32,141,32,False,road_odisha,road_jagatsinghpur(sc)
Smt Rajashree Mallick,NA - Lighting of public spaces,Normal/Others,Odisha,JAGATSINGHPUR(SC),DISTRICT COLLECTOR JAGATSINGHPUR_IDA,,,Biridi,Baredia,2024-02-25,100000.0,Action Pending,Unsanctioned,Lok Sabha,False,574,779163b6113430cad790b112ba8bee83,1,na lighting of public spaces,30,5,5,electrical,False,False,False,True,False,False,False,False,11.51293546492023,0.3059299191374663,141,300000.0,377021.27659574465,471165.34052867413,0.3333333333333333,-0.5879491820958459,492,430000.0,471904.2174796748,412350.68459874584,0.23255813953488372,-0.9019124530897067,32,200000.0,189062.5,79041.00099764475,0.5,-1.1267886144642054,32,200000.0,189062.5,79041.00099764475,0.5,-1.1267886144642054,32,200000.0,189062.5,79041.00099764475,0.5,-1.1267886144642054,145,430000.0,386886.22068965517,275909.89582542237,0.23255813953488372,-1.0397822804847054,2024,2,1,6,25,32,32,13,13,False,False,True,True,0.6666666666666666,Odisha|JAGATSINGHPUR(SC)|||Biridi|Baredia,32,32,141,32,False,electrical_odisha,electrical_jagatsinghpur(sc)
Smt Rajashree Mallick,NA - Lighting of public spaces,Normal/Others,Odisha,JAGATSINGHPUR(SC),DISTRICT COLLECTOR JAGATSINGHPUR_IDA,,,Biridi,Dihasahibiri,2024-02-25,100000.0,Action Pending,Unsanctioned,Lok Sabha,False,575,a7f93245322f53c34e7e0fc15a1a89c9,1,na lighting of public spaces,30,5,5,electrical,False,False,False,True,False,False,False,False,11.51293546492023,0.3059299191374663,141,300000.0,377021.27659574465,471165.34052867413,0.3333333333333333,-0.5879491820958459,492,430000.0,471904.2174796748,412350.68459874584,0.23255813953488372,-0.9019124530897067,32,200000.0,189062.5,79041.00099764475,0.5,-1.1267886144642054,32,200000.0,189062.5,79041.00099764475,0.5,-1.1267886144642054,32,200000.0,189062.5,79041.00099764475,0.5,-1.1267886144642054,145,430000.0,386886.22068965517,275909.89582542237,0.23255813953488372,-1.0397822804847054,2024,2,1,6,25,32,32,12,12,False,False,True,True,0.6666666666666666,Odisha|JAGATSINGHPUR(SC)|||Biridi|Dihasahibiri,32,32,141,32,False,electrical_odisha,electrical_jagatsinghpur(sc)
Smt Rajashree Mallick,NA - Lighting of public spaces,Normal/Others,Odisha,JAGATSINGHPUR(SC),DISTRICT COLLECTOR JAGATSINGHPUR_IDA,,,Biridi,Batimira,2024-02-25,150000.0,Action Pending,Unsanctioned,Lok Sabha,False,576,8c4138b47b6977f870b5497b892b5a49,1,na lighting of public spaces,30,5,5,electrical,False,False,False,True,False,False,False,False,11.918397239722838,0.33962264150943394,141,300000.0,377021.27659574465,471165.34052867413,0.5,-0.481829322040144,492,430000.0,471904.2174796748,412350.68459874584,0.3488372093023256,-0.7806564400224446,32,200000.0,189062.5,79041.00099764475,0.75,-0.4942055326597392,32,200000.0,189062.5,79041.00099764475,0.75,-0.4942055326597392,32,200000.0,189062.5,79041.00099764475,0.75,-0.4942055326597392,145,430000.0,386886.22068965517,275909.89582542237,0.3488372093023256,-0.8585636987791884,2024,2,1,6,25,32,32,11,11,False,False,True,True,0.6666666666666666,Odisha|JAGATSINGHPUR(SC)|||Biridi|Batimira,32,32,141,32,False,electrical_odisha,electrical_jagatsinghpur(sc)
Smt Rajashree Mallick,"NA - Construction of roads, link roads, pathways or any other road with or without drainage system",Normal/Others,Odisha,JAGATSINGHPUR(SC),DISTRICT COLLECTOR JAGATSINGHPUR_IDA,,,Biridi,Sarasudha,2024-02-25,150000.0,Action Pending,Unsanctioned,Lok Sabha,False,577,5a2dbb160341655d0e1b4d8ffa2d09dd,1,na construction of roads link roads pathways or any other road with or without drainage system,98,16,14,road,True,False,False,False,False,False,True,False,11.918397239722838,0.33962264150943394,141,300000.0,377021.27659574465,471165.34052867413,0.5,-0.481829322040144,492,430000.0,471904.2174796748,412350.68459874584,0.3488372093023256,-0.7806564400224446,32,200000.0,189062.5,79041.00099764475,0.75,-0.4942055326597392,32,200000.0,189062.5,79041.00099764475,0.75,-0.4942055326597392,32,200000.0,189062.5,79041.00099764475,0.75,-0.4942055326597392,147,500000.0,549006.8027210884,314411.18040611234,0.3,-1.2690604774477399,2024,2,1,6,25,32,32,10,10,False,False,True,True,0.6666666666666666,Odisha|JAGATSINGHPUR(SC)|||Biridi|Sarasudha,32,32,141,32,False,road_odisha,road_jagatsinghpur(sc)
Smt Rajashree Mallick,NA - Construction of community centers and community halls,Normal/Others,Odisha,JAGATSINGHPUR(SC),DISTRICT COLLECTOR JAGATSINGHPUR_IDA,,,Biridi,Adhangamajurai,2024-02-25,300000.0,Action Pending,Unsanctioned,Lok Sabha,False,578,0165e4ac4c39074fefb5b490ade9de93,1,na construction of community centers and community halls,58,8,7,building,False,True,False,False,False,False,False,False,12.611541086966115,0.488544474393531,141,300000.0,377021.27659574465,471165.34052867413,1.0,-0.1634697418730385,492,430000.0,471904.2174796748,412350.68459874584,0.6976744186046512,-0.41688840082065826,32,200000.0,189062.5,79041.00099764475,1.5,1.4035437127536594,32,200000.0,189062.5,79041.00099764475,1.5,1.4035437127536594,32,200000.0,189062.5,79041.00099764475,1.5,1.4035437127536594,197,500000.0,630154.3248730964,588758.041654943,0.6,-0.5607640176685552,2024,2,1,6,25,32,32,9,9,False,False,True,True,0.6666666666666666,Odisha|JAGATSINGHPUR(SC)|||Biridi|Adhangamajurai,32,32,141,32,False,building_odisha,building_jagatsinghpur(sc)
Smt Rajashree Mallick,"NA - Construction of roads, link roads, pathways or any other road with or without drainage system",Normal/Others,Odisha,JAGATSINGHPUR(SC),DISTRICT COLLECTOR JAGATSINGHPUR_IDA,,,Biridi,Sivapur,2024-02-25,200000.0,Action Pending,Unsanctioned,Lok Sabha,False,579,b2ed9aa3d8292301e8af2ecc1c2b76ba,1,na construction of roads link roads pathways or any other road with or without drainage system,98,16,14,road,True,False,False,False,False,False,True,False,12.206077645517674,0.396900269541779,141,300000.0,377021.27659574465,471165.34052867413,0.6666666666666666,-0.3757094619844422,492,430000.0,471904.2174796748,412350.68459874584,0.46511627906976744,-0.6594004269551824,32,200000.0,189062.5,79041.00099764475,1.0,0.13837754914472697,32,200000.0,189062.5,79041.00099764475,1.0,0.13837754914472697,32,200000.0,189062.5,79041.00099764475,1.0,0.13837754914472697,147,500000.0,549006.8027210884,314411.18040611234,0.4,-1.1100330537555638,2024,2,1,6,25,32,32,19,19,False,False,True,True,0.6666666666666666,Odisha|JAGATSINGHPUR(SC)|||Biridi|Sivapur,32,32,141,32,False,road_odisha,road_jagatsinghpur(sc)
Smt Rajashree Mallick,NA - Lighting of public spaces,Normal/Others,Odisha,JAGATSINGHPUR(SC),DISTRICT COLLECTOR JAGATSINGHPUR_IDA,,,Biridi,Baredia,2024-02-25,200000.0,Action Pending,Unsanctioned,Lok Sabha,False,580,98893be1989e64c68333313214516969,1,na lighting of public spaces,30,5,5,electrical,False,False,False,True,False,False,False,False,12.206077645517674,0.396900269541779,141,300000.0,377021.27659574465,471165.34052867413,0.6666666666666666,-0.3757094619844422,492,430000.0,471904.2174796748,412350.68459874584,0.46511627906976744,-0.6594004269551824,32,200000.0,189062.5,79041.00099764475,1.0,0.13837754914472697,32,200000.0,189062.5,79041.00099764475,1.0,0.13837754914472697,32,200000.0,189062.5,79041.00099764475,1.0,0.13837754914472697,145,430000.0,386886.22068965517,275909.89582542237,0.46511627906976744,-0.6773451170736713,2024,2,1,6,25,32,32,21,21,False,False,True,True,0.6666666666666666,Odisha|JAGATSINGHPUR(SC)|||Biridi|Baredia,32,32,141,32,False,electrical_odisha,electrical_jagatsinghpur(sc)
Smt Rajashree Mallick,NA - Construction of community centers and community halls,Normal/Others,Odisha,JAGATSINGHPUR(SC),DISTRICT COLLECTOR JAGATSINGHPUR_IDA,,,Biridi,Balia,2024-02-25,300000.0,Action Pending,Unsanctioned,Lok Sabha,False,581,3b49fd96736640be2ca41c29e95ab18b,1,na construction of community centers and community halls,58,8,7,building,False,True,False,False,False,False,False,False,12.611541086966115,0.488544474393531,141,300000.0,377021.27659574465,471165.34052867413,1.0,-0.1634697418730385,492,430000.0,471904.2174796748,412350.68459874584,0.6976744186046512,-0.41688840082065826,32,200000.0,189062.5,79041.00099764475,1.5,1.4035437127536594,32,200000.0,189062.5,79041.00099764475,1.5,1.4035437127536594,32,200000.0,189062.5,79041.00099764475,1.5,1.4035437127536594,197,500000.0,630154.3248730964,588758.041654943,0.6,-0.5607640176685552,2024,2,1,6,25,32,32,32,32,False,False,True,True,0.6666666666666666,Odisha|JAGATSINGHPUR(SC)|||Biridi|Balia,32,32,141,32,False,building_odisha,building_jagatsinghpur(sc)
Smt Rajashree Mallick,"NA - Construction of roads, link roads, pathways or any other road with or without drainage system",Normal/Others,Odisha,JAGATSINGHPUR(SC),DISTRICT COLLECTOR JAGATSINGHPUR_IDA,,,Biridi,Alipada,2024-02-25,300000.0,Action Pending,Unsanctioned,Lok Sabha,False,582,f1e16c18377fc679f66f639c5409e344,1,na construction of roads link roads pathways or any other road with or without drainage system,98,16,14,road,True,False,False,False,False,False,True,False,12.611541086966115,0.488544474393531,141,300000.0,377021.27659574465,471165.34052867413,1.0,-0.1634697418730385,492,430000.0,471904.2174796748,412350.68459874584,0.6976744186046512,-0.41688840082065826,32,200000.0,189062.5,79041.00099764475,1.5,1.4035437127536594,32,200000.0,189062.5,79041.00099764475,1.5,1.4035437127536594,32,200000.0,189062.5,79041.00099764475,1.5,1.4035437127536594,147,500000.0,549006.8027210884,314411.18040611234,0.6,-0.791978206371212,2024,2,1,6,25,32,32,22,22,False,False,True,True,0.6666666666666666,Odisha|JAGATSINGHPUR(SC)|||Biridi|Alipada,32,32,141,32,False,road_odisha,road_jagatsinghpur(sc)
Smt Rajashree Mallick,"NA - Construction of roads, link roads, pathways or any other road with or without drainage system",Normal/Others,Odisha,JAGATSINGHPUR(SC),DISTRICT COLLECTOR JAGATSINGHPUR_IDA,,,Biridi,Manguli,2024-02-25,200000.0,Action Pending,Unsanctioned,Lok Sabha,False,583,8366db73205daaaa90956409b1b04b11,1,na construction of roads link roads pathways or any other road with or without drainage system,98,16,14,road,True,False,False,False,False,False,True,False,12.206077645517674,0.396900269541779,141,300000.0,377021.27659574465,471165.34052867413,0.6666666666666666,-0.3757094619844422,492,430000.0,471904.2174796748,412350.68459874584,0.46511627906976744,-0.6594004269551824,32,200000.0,189062.5,79041.00099764475,1.0,0.13837754914472697,32,200000.0,189062.5,79041.00099764475,1.0,0.13837754914472697,32,200000.0,189062.5,79041.00099764475,1.0,0.13837754914472697,147,500000.0,549006.8027210884,314411.18040611234,0.4,-1.1100330537555638,2024,2,1,6,25,32,32,31,31,False,False,True,True,0.6666666666666666,Odisha|JAGATSINGHPUR(SC)|||Biridi|Manguli,32,32,141,32,False,road_odisha,road_jagatsinghpur(sc)
Smt Rajashree Mallick,NA - Construction of community centers and community halls,Normal/Others,Odisha,JAGATSINGHPUR(SC),DISTRICT COLLECTOR JAGATSINGHPUR_IDA,,,Biridi,Adhangagarha,2024-02-25,200000.0,Action Pending,Unsanctioned,Lok Sabha,False,584,c4b0d60287a9683b693d93e3bd60e596,1,na construction of community centers and community halls,58,8,7,building,False,True,False,False,False,False,False,False,12.206077645517674,0.396900269541779,141,300000.0,377021.27659574465,471165.34052867413,0.6666666666666666,-0.3757094619844422,492,430000.0,471904.2174796748,412350.68459874584,0.46511627906976744,-0.6594004269551824,32,200000.0,189062.5,79041.00099764475,1.0,0.13837754914472697,32,200000.0,189062.5,79041.00099764475,1.0,0.13837754914472697,32,200000.0,189062.5,79041.00099764475,1.0,0.13837754914472697,197,500000.0,630154.3248730964,588758.041654943,0.4,-0.7306130777661625,2024,2,1,6,25,32,32,30,30,False,False,True,True,0.6666666666666666,Odisha|JAGATSINGHPUR(SC)|||Biridi|Adhangagarha,32,32,141,32,False,building_odisha,building_jagatsinghpur(sc)
Smt Rajashree Mallick,"NA - Construction of roads, link roads, pathways or any other road with or without drainage system",Normal/Others,Odisha,JAGATSINGHPUR(SC),DISTRICT COLLECTOR JAGATSINGHPUR_IDA,,,Biridi,Basandara,2024-02-25,200000.0,Action Pending,Unsanctioned,Lok Sabha,False,585,8daf65e6d9a4e9c53ed7cbee6c8b9309,1,na construction of roads link roads pathways or any other road with or without drainage system,98,16,14,road,True,False,False,False,False,False,True,False,12.206077645517674,0.396900269541779,141,300000.0,377021.27659574465,471165.34052867413,0.6666666666666666,-0.3757094619844422,492,430000.0,471904.2174796748,412350.68459874584,0.46511627906976744,-0.6594004269551824,32,200000.0,189062.5,79041.00099764475,1.0,0.13837754914472697,32,200000.0,189062.5,79041.00099764475,1.0,0.13837754914472697,32,200000.0,189062.5,79041.00099764475,1.0,0.13837754914472697,147,500000.0,549006.8027210884,314411.18040611234,0.4,-1.1100330537555638,2024,2,1,6,25,32,32,29,29,False,False,True,True,0.6666666666666666,Odisha|JAGATSINGHPUR(SC)|||Biridi|Basandara,32,32,141,32,False,road_odisha,road_jagatsinghpur(sc)
Smt Rajashree Mallick,"NA - Construction of roads, link roads, pathways or any other road with or without drainage system",Normal/Others,Odisha,JAGATSINGHPUR(SC),DISTRICT COLLECTOR JAGATSINGHPUR_IDA,,,Biridi,Nuagan,2024-02-25,150000.0,Action Pending,Unsanctioned,Lok Sabha,False,586,d879152ae7681c6658f5b5d68b425012,1,na construction of roads link roads pathways or any other road with or without drainage system,98,16,14,road,True,False,False,False,False,False,True,False,11.918397239722838,0.33962264150943394,141,300000.0,377021.27659574465,471165.34052867413,0.5,-0.481829322040144,492,430000.0,471904.2174796748,412350.68459874584,0.3488372093023256,-0.7806564400224446,32,200000.0,189062.5,79041.00099764475,0.75,-0.4942055326597392,32,200000.0,189062.5,79041.00099764475,0.75,-0.4942055326597392,32,200000.0,189062.5,79041.00099764475,0.75,-0.4942055326597392,147,500000.0,549006.8027210884,314411.18040611234,0.3,-1.2690604774477399,2024,2,1,6,25,32,32,28,28,False,False,True,True,0.6666666666666666,Odisha|JAGATSINGHPUR(SC)|||Biridi|Nuagan,32,32,141,32,False,road_odisha,road_jagatsinghpur(sc)
Smt Rajashree Mallick,NA - Construction of community centers and community halls,Normal/Others,Odisha,JAGATSINGHPUR(SC),DISTRICT COLLECTOR JAGATSINGHPUR_IDA,,,Biridi,Maindipur,2024-02-25,400000.0,Action Pending,Unsanctioned,Lok Sabha,False,587,1e2f594410ee9318c403d76277a3b9cf,1,na construction of community centers and community halls,58,8,7,building,False,True,False,False,False,False,False,False,12.899222326086994,0.5545822102425876,141,300000.0,377021.27659574465,471165.34052867413,1.3333333333333333,0.04876997823836516,492,430000.0,471904.2174796748,412350.68459874584,0.9302325581395349,-0.17437637468613404,32,200000.0,189062.5,79041.00099764475,2.0,2.6687098763625916,32,200000.0,189062.5,79041.00099764475,2.0,2.6687098763625916,32,200000.0,189062.5,79041.00099764475,2.0,2.6687098763625916,197,500000.0,630154.3248730964,588758.041654943,0.8,-0.3909149575709479,2024,2,1,6,25,32,32,27,27,False,False,True,True,0.6666666666666666,Odisha|JAGATSINGHPUR(SC)|||Biridi|Maindipur,32,32,141,32,False,building_odisha,building_jagatsinghpur(sc)
Girish Chandra,NA - Lighting of public spaces,Normal/Others,Uttar Pradesh,NAGINA(SC),DISTRICT MAGISTRATE BIJNOR_IDA,Nagina,Nagina (MB) - Ward No.3,,,2024-02-25,174000.0,Action Pending,Unsanctioned,Lok Sabha,False,588,eaf0dbc3346fd450c4739d479d607106,1,na lighting of public spaces,30,5,5,electrical,False,False,False,True,False,False,False,False,12.066816325306588,0.36522911051212936,200,63275.0,152708.3,281498.1621176738,2.7499012248123273,0.07563708352418838,492,430000.0,471904.2174796748,412350.68459874584,0.4046511627906977,-0.7224535537501587,5,174000.0,174000.0,0.0,1.0,0.0,5,174000.0,174000.0,0.0,1.0,0.0,5,174000.0,174000.0,0.0,1.0,0.0,145,430000.0,386886.22068965517,275909.89582542237,0.4046511627906977,-0.7715787795605401,2024,2,1,6,25,5,5,4,4,True,True,False,False,0.6666666666666666,Uttar Pradesh|NAGINA(SC)|Nagina|Nagina (MB) - Ward No.3||,5,5,200,5,False,electrical_uttar pradesh,electrical_nagina(sc)
Smt Rajashree Mallick,NA - Construction of boundary walls of existing public and community buildings,Normal/Others,Odisha,JAGATSINGHPUR(SC),DISTRICT COLLECTOR JAGATSINGHPUR_IDA,,,Biridi,Daradasasan,2024-02-25,100000.0,Action Pending,Unsanctioned,Lok Sabha,False,589,a2166f18b6080f90323970d44c0cb9b8,1,na construction of boundary walls of existing public and community buildings,78,11,10,building,False,True,False,False,False,False,False,False,11.51293546492023,0.3059299191374663,141,300000.0,377021.27659574465,471165.34052867413,0.3333333333333333,-0.5879491820958459,492,430000.0,471904.2174796748,412350.68459874584,0.23255813953488372,-0.9019124530897067,32,200000.0,189062.5,79041.00099764475,0.5,-1.1267886144642054,32,200000.0,189062.5,79041.00099764475,0.5,-1.1267886144642054,32,200000.0,189062.5,79041.00099764475,0.5,-1.1267886144642054,197,500000.0,630154.3248730964,588758.041654943,0.2,-0.9004621378637698,2024,2,1,6,25,32,32,26,26,False,False,True,True,0.6666666666666666,Odisha|JAGATSINGHPUR(SC)|||Biridi|Daradasasan,32,32,141,32,False,building_odisha,building_jagatsinghpur(sc)
Smt Rajashree Mallick,NA - Lighting of public spaces,Normal/Others,Odisha,JAGATSINGHPUR(SC),DISTRICT COLLECTOR JAGATSINGHPUR_IDA,,,Jagatsinghapur,Badakorakor,2024-02-25,100000.0,Action Pending,Unsanctioned,Lok Sabha,False,590,ec65e0aa30ce890b710d0cd7fbe1bc64,2,na lighting of public spaces,30,5,5,electrical,False,False,False,True,False,False,False,False,11.51293546492023,0.3059299191374663,141,300000.0,377021.27659574465,471165.34052867413,0.3333333333333333,-0.5879491820958459,492,430000.0,471904.2174796748,412350.68459874584,0.23255813953488372,-0.9019124530897067,32,200000.0,189062.5,79041.00099764475,0.5,-1.1267886144642054,32,200000.0,189062.5,79041.00099764475,0.5,-1.1267886144642054,32,200000.0,189062.5,79041.00099764475,0.5,-1.1267886144642054,145,430000.0,386886.22068965517,275909.89582542237,0.23255813953488372,-1.0397822804847054,2024,2,1,6,25,32,32,25,25,False,False,True,True,0.6666666666666666,Odisha|JAGATSINGHPUR(SC)|||Jagatsinghapur|Badakorakor,32,32,141,32,True,electrical_odisha,electrical_jagatsinghpur(sc)
Anurag Singh Thakur,"NA - Construction of roads, link roads, pathways or any other road with or without drainage system",Normal/Others,Himachal Pradesh,HAMIRPUR_HP,DEPUTY COMMISSIONER BILASPUR_IDA,,,Ghumarwin,Sandyar (234),2024-02-25,100000.0,Action Pending,Unsanctioned,Lok Sabha,False,591,016291e4743bc006d58a1d8c56700c65,2,na construction of roads link roads pathways or any other road with or without drainage system,98,16,14,road,True,False,False,False,False,False,True,False,11.51293546492023,0.3059299191374663,14,125000.0,130425.0,84048.34860867972,0.8,-0.361994024911252,492,430000.0,471904.2174796748,412350.68459874584,0.23255813953488372,-0.9019124530897067,11,150000.0,156363.63636363635,75136.23989430495,0.6666666666666666,-0.7501524755953154,11,150000.0,156363.63636363635,75136.23989430495,0.6666666666666666,-0.7501524755953154,2,,,,,,147,500000.0,549006.8027210884,314411.18040611234,0.2,-1.428087901139916,2024,2,1,6,25,11,11,9,9,False,False,True,True,0.6666666666666666,Himachal Pradesh|HAMIRPUR_HP|||Ghumarwin|Sandyar (234),11,11,14,2,True,road_himachal pradesh,road_hamirpur_hp
Anurag Singh Thakur,"NA - Construction of roads, link roads, pathways or any other road with or without drainage system",Normal/Others,Himachal Pradesh,HAMIRPUR_HP,DEPUTY COMMISSIOENR UNA_IDA,,,Amb,Sunhi (73),2024-02-25,200000.0,Action Pending,Unsanctioned,Lok Sabha,False,592,cf70a317c78682a624fa63f5af62a976,1,na construction of roads link roads pathways or any other road with or without drainage system,98,16,14,road,True,False,False,False,False,False,True,False,12.206077645517674,0.396900269541779,14,125000.0,130425.0,84048.34860867972,1.6,0.8277973470238409,492,430000.0,471904.2174796748,412350.68459874584,0.46511627906976744,-0.6594004269551824,11,150000.0,156363.63636363635,75136.23989430495,1.3333333333333333,0.5807632069125025,11,150000.0,156363.63636363635,75136.23989430495,1.3333333333333333,0.5807632069125025,4,,,,,,147,500000.0,549006.8027210884,314411.18040611234,0.4,-1.1100330537555638,2024,2,1,6,25,11,11,8,8,False,False,True,True,0.6666666666666666,Himachal Pradesh|HAMIRPUR_HP|||Amb|Sunhi (73),11,11,14,4,False,road_himachal pradesh,road_hamirpur_hp
Anurag Singh Thakur,"NA - Construction of roads, link roads, pathways or any other road with or without drainage system",Normal/Others,Himachal Pradesh,HAMIRPUR_HP,DEPUTY COMMISSIOENR UNA_IDA,,,Bharwain,Bhatehr Khas (13/1),2024-02-25,200000.0,Action Pending,Unsanctioned,Lok Sabha,False,593,170186b891749ab5d68c43f38e59108d,1,na construction of roads link roads pathways or any other road with or without drainage system,98,16,14,road,True,False,False,False,False,False,True,False,12.206077645517674,0.396900269541779,14,125000.0,130425.0,84048.34860867972,1.6,0.8277973470238409,492,430000.0,471904.2174796748,412350.68459874584,0.46511627906976744,-0.6594004269551824,11,150000.0,156363.63636363635,75136.23989430495,1.3333333333333333,0.5807632069125025,11,150000.0,156363.63636363635,75136.23989430495,1.3333333333333333,0.5807632069125025,4,,,,,,147,500000.0,549006.8027210884,314411.18040611234,0.4,-1.1100330537555638,2024,2,1,6,25,11,11,7,7,False,False,True,True,0.6666666666666666,Himachal Pradesh|HAMIRPUR_HP|||Bharwain|Bhatehr Khas (13/1),11,11,14,4,False,road_himachal pradesh,road_hamirpur_hp
Anurag Singh Thakur,"NA - Construction of roads, link roads, pathways or any other road with or without drainage system",Normal/Others,Himachal Pradesh,HAMIRPUR_HP,DEPUTY COMMISSIOENR UNA_IDA,,,Una,Basal (194),2024-02-25,200000.0,Action Pending,Unsanctioned,Lok Sabha,False,594,cd10567b028a498517f4a402009723d3,1,na construction of roads link roads pathways or any other road with or without drainage system,98,16,14,road,True,False,False,False,False,False,True,False,12.206077645517674,0.396900269541779,14,125000.0,130425.0,84048.34860867972,1.6,0.8277973470238409,492,430000.0,471904.2174796748,412350.68459874584,0.46511627906976744,-0.6594004269551824,11,150000.0,156363.63636363635,75136.23989430495,1.3333333333333333,0.5807632069125025,11,150000.0,156363.63636363635,75136.23989430495,1.3333333333333333,0.5807632069125025,4,,,,,,147,500000.0,549006.8027210884,314411.18040611234,0.4,-1.1100330537555638,2024,2,1,6,25,11,11,6,6,False,False,True,True,0.6666666666666666,Himachal Pradesh|HAMIRPUR_HP|||Una|Basal (194),11,11,14,4,False,road_himachal pradesh,road_hamirpur_hp
Anurag Singh Thakur,NA - Construction of community centers and community halls,Normal/Others,Himachal Pradesh,HAMIRPUR_HP,DEPUTY COMMISSIOENR UNA_IDA,,,Birhu Kalan,Hatli (8/33),2024-02-25,300000.0,Action Pending,Unsanctioned,Lok Sabha,False,595,28cc1205c27ea344b924fe83021ad697,1,na construction of community centers and community halls,58,8,7,building,False,True,False,False,False,False,False,False,12.611541086966115,0.488544474393531,14,125000.0,130425.0,84048.34860867972,2.4,2.0175887189589337,492,430000.0,471904.2174796748,412350.68459874584,0.6976744186046512,-0.41688840082065826,11,150000.0,156363.63636363635,75136.23989430495,2.0,1.9116788894203203,11,150000.0,156363.63636363635,75136.23989430495,2.0,1.9116788894203203,4,,,,,,197,500000.0,630154.3248730964,588758.041654943,0.6,-0.5607640176685552,2024,2,1,6,25,11,11,5,5,False,False,True,True,0.6666666666666666,Himachal Pradesh|HAMIRPUR_HP|||Birhu Kalan|Hatli (8/33),11,11,14,4,False,building_himachal pradesh,building_hamirpur_hp
Anurag Singh Thakur,NA - Crematoriums or structures on burial/ cremation ground for public convenience,Normal/Others,Himachal Pradesh,HAMIRPUR_HP,DEPUTY COMMISSIONER MANDI_IDA,,,Sarkaghat,Sain (285),2024-02-25,150000.0,Action Pending,Unsanctioned,Lok Sabha,False,596,788806d22d73182276de38dcb39a8d7f,1,na crematoriums or structures on burial cremation ground for public convenience,82,11,11,building,False,True,False,False,False,False,False,False,11.918397239722838,0.33962264150943394,14,125000.0,130425.0,84048.34860867972,1.2,0.23290166105629442,492,430000.0,471904.2174796748,412350.68459874584,0.3488372093023256,-0.7806564400224446,11,150000.0,156363.63636363635,75136.23989430495,1.0,-0.08469463434140645,11,150000.0,156363.63636363635,75136.23989430495,1.0,-0.08469463434140645,4,,,,,,197,500000.0,630154.3248730964,588758.041654943,0.3,-0.8155376078149662,2024,2,1,6,25,11,11,4,4,False,False,True,True,0.6666666666666666,Himachal Pradesh|HAMIRPUR_HP|||Sarkaghat|Sain (285),11,11,14,4,False,building_himachal pradesh,building_hamirpur_hp
Anurag Singh Thakur,NA - Crematoriums or structures on burial/ cremation ground for public convenience,Normal/Others,Himachal Pradesh,HAMIRPUR_HP,DEPUTY COMMISSIONER MANDI_IDA,,,Sarkaghat,Gadhyani (277),2024-02-25,100000.0,Action Pending,Unsanctioned,Lok Sabha,False,597,a228f976734956eb3407d5868b8335ac,1,na crematoriums or structures on burial cremation ground for public convenience,82,11,11,building,False,True,False,False,False,False,False,False,11.51293546492023,0.3059299191374663,14,125000.0,130425.0,84048.34860867972,0.8,-0.361994024911252,492,430000.0,471904.2174796748,412350.68459874584,0.23255813953488372,-0.9019124530897067,11,150000.0,156363.63636363635,75136.23989430495,0.6666666666666666,-0.7501524755953154,11,150000.0,156363.63636363635,75136.23989430495,0.6666666666666666,-0.7501524755953154,4,,,,,,197,500000.0,630154.3248730964,588758.041654943,0.2,-0.9004621378637698,2024,2,1,6,25,11,11,3,3,False,False,True,True,0.6666666666666666,Himachal Pradesh|HAMIRPUR_HP|||Sarkaghat|Gadhyani (277),11,11,14,4,False,building_himachal pradesh,building_hamirpur_hp
Anurag Singh Thakur,"NA - Construction of roads, link roads, pathways or any other road with or without drainage system",Normal/Others,Himachal Pradesh,HAMIRPUR_HP,DEPUTY COMMISSIONER MANDI_IDA,,,Dharmpur,Dhwali (93),2024-02-25,20000.0,Action Pending,Unsanctioned,Lok Sabha,False,598,695f46ca1ab3b08debe8d19a1b5b11c2,1,na construction of roads link roads pathways or any other road with or without drainage system,98,16,14,road,True,False,False,False,False,False,True,False,9.90353755128617,0.0026954177897574125,14,125000.0,130425.0,84048.34860867972,0.16,-1.3138271224593263,492,430000.0,471904.2174796748,412350.68459874584,0.046511627906976744,-1.095922073997326,11,150000.0,156363.63636363635,75136.23989430495,0.13333333333333333,-1.8148850216015697,11,150000.0,156363.63636363635,75136.23989430495,0.13333333333333333,-1.8148850216015697,4,,,,,,147,500000.0,549006.8027210884,314411.18040611234,0.04,-1.6825317790473975,2024,2,1,6,25,11,11,2,2,False,False,True,True,0.6666666666666666,Himachal Pradesh|HAMIRPUR_HP|||Dharmpur|Dhwali (93),11,11,14,4,False,road_himachal pradesh,road_hamirpur_hp
Anurag Singh Thakur,NA - Construction of community centers and community halls,Normal/Others,Himachal Pradesh,HAMIRPUR_HP,DEPUTY COMMISSIONER MANDI_IDA,,,Sarkaghat,Langehar (379),2024-02-25,150000.0,Action Pending,Unsanctioned,Lok Sabha,False,599,373b992940c6167f2d127fe314fed319,1,na construction of community centers and community halls,58,8,7,building,False,True,False,False,False,False,False,False,11.918397239722838,0.33962264150943394,14,125000.0,130425.0,84048.34860867972,1.2,0.23290166105629442,492,430000.0,471904.2174796748,412350.68459874584,0.3488372093023256,-0.7806564400224446,11,150000.0,156363.63636363635,75136.23989430495,1.0,-0.08469463434140645,11,150000.0,156363.63636363635,75136.23989430495,1.0,-0.08469463434140645,4,,,,,,197,500000.0,630154.3248730964,588758.041654943,0.3,-0.8155376078149662,2024,2,1,6,25,11,11,1,1,False,False,True,True,0.6666666666666666,Himachal Pradesh|HAMIRPUR_HP|||Sarkaghat|Langehar (379),11,11,14,4,False,building_himachal pradesh,building_hamirpur_hp
Smt Rajashree Mallick,NA - Lighting of public spaces,Normal/Others,Odisha,JAGATSINGHPUR(SC),DISTRICT COLLECTOR JAGATSINGHPUR_IDA,,,Jagatsinghapur,Dondo,2024-02-25,100000.0,Action Pending,Unsanctioned,Lok Sabha,False,600,b6960d42fe39aab6e9971459b768ce71,2,na lighting of public spaces,30,5,5,electrical,False,False,False,True,False,False,False,False,11.51293546492023,0.3059299191374663,141,300000.0,377021.27659574465,471165.34052867413,0.3333333333333333,-0.5879491820958459,492,430000.0,471904.2174796748,412350.68459874584,0.23255813953488372,-0.9019124530897067,32,200000.0,189062.5,79041.00099764475,0.5,-1.1267886144642054,32,200000.0,189062.5,79041.00099764475,0.5,-1.1267886144642054,32,200000.0,189062.5,79041.00099764475,0.5,-1.1267886144642054,145,430000.0,386886.22068965517,275909.89582542237,0.23255813953488372,-1.0397822804847054,2024,2,1,6,25,32,32,24,24,False,False,True,True,0.6666666666666666,Odisha|JAGATSINGHPUR(SC)|||Jagatsinghapur|Dondo,32,32,141,32,True,electrical_odisha,electrical_jagatsinghpur(sc)
Smt Rajashree Mallick,NA - Lighting of public spaces,Normal/Others,Odisha,JAGATSINGHPUR(SC),DISTRICT COLLECTOR JAGATSINGHPUR_IDA,,,Jagatsinghapur,Dondo,2024-02-25,100000.0,Action Pending,Unsanctioned,Lok Sabha,False,601,b6960d42fe39aab6e9971459b768ce71,2,na lighting of public spaces,30,5,5,electrical,False,False,False,True,False,False,False,False,11.51293546492023,0.3059299191374663,141,300000.0,377021.27659574465,471165.34052867413,0.3333333333333333,-0.5879491820958459,492,430000.0,471904.2174796748,412350.68459874584,0.23255813953488372,-0.9019124530897067,32,200000.0,189062.5,79041.00099764475,0.5,-1.1267886144642054,32,200000.0,189062.5,79041.00099764475,0.5,-1.1267886144642054,32,200000.0,189062.5,79041.00099764475,0.5,-1.1267886144642054,145,430000.0,386886.22068965517,275909.89582542237,0.23255813953488372,-1.0397822804847054,2024,2,1,6,25,32,32,23,23,False,False,True,True,0.6666666666666666,Odisha|JAGATSINGHPUR(SC)|||Jagatsinghapur|Dondo,32,32,141,32,True,electrical_odisha,electrical_jagatsinghpur(sc)
Smt Rajashree Mallick,"NA - Construction of roads, link roads, pathways or any other road with or without drainage system",Normal/Others,Odisha,JAGATSINGHPUR(SC),DISTRICT COLLECTOR JAGATSINGHPUR_IDA,,,Jagatsinghapur,Baragol,2024-02-25,300000.0,Action Pending,Unsanctioned,Lok Sabha,False,602,0817e958f339a1d1f9c105dd26ea9eb5,1,na construction of roads link roads pathways or any other road with or without drainage system,98,16,14,road,True,False,False,False,False,False,True,False,12.611541086966115,0.488544474393531,141,300000.0,377021.27659574465,471165.34052867413,1.0,-0.1634697418730385,492,430000.0,471904.2174796748,412350.68459874584,0.6976744186046512,-0.41688840082065826,32,200000.0,189062.5,79041.00099764475,1.5,1.4035437127536594,32,200000.0,189062.5,79041.00099764475,1.5,1.4035437127536594,32,200000.0,189062.5,79041.00099764475,1.5,1.4035437127536594,147,500000.0,549006.8027210884,314411.18040611234,0.6,-0.791978206371212,2024,2,1,6,25,32,32,8,8,False,False,True,True,0.6666666666666666,Odisha|JAGATSINGHPUR(SC)|||Jagatsinghapur|Baragol,32,32,141,32,False,road_odisha,road_jagatsinghpur(sc)
Smt Rajashree Mallick,NA - Lighting of public spaces,Normal/Others,Odisha,JAGATSINGHPUR(SC),DISTRICT COLLECTOR JAGATSINGHPUR_IDA,,,Jagatsinghapur,Badakorakor,2024-02-25,100000.0,Action Pending,Unsanctioned,Lok Sabha,False,603,ec65e0aa30ce890b710d0cd7fbe1bc64,2,na lighting of public spaces,30,5,5,electrical,False,False,False,True,False,False,False,False,11.51293546492023,0.3059299191374663,141,300000.0,377021.27659574465,471165.34052867413,0.3333333333333333,-0.5879491820958459,492,430000.0,471904.2174796748,412350.68459874584,0.23255813953488372,-0.9019124530897067,32,200000.0,189062.5,79041.00099764475,0.5,-1.1267886144642054,32,200000.0,189062.5,79041.00099764475,0.5,-1.1267886144642054,32,200000.0,189062.5,79041.00099764475,0.5,-1.1267886144642054,145,430000.0,386886.22068965517,275909.89582542237,0.23255813953488372,-1.0397822804847054,2024,2,1,6,25,32,32,20,20,False,False,True,True,0.6666666666666666,Odisha|JAGATSINGHPUR(SC)|||Jagatsinghapur|Badakorakor,32,32,141,32,True,electrical_odisha,electrical_jagatsinghpur(sc)
Smt Rajashree Mallick,NA - Lighting of public spaces,Normal/Others,Odisha,JAGATSINGHPUR(SC),DISTRICT COLLECTOR JAGATSINGHPUR_IDA,,,Biridi,Basandara,2024-02-25,150000.0,Action Pending,Unsanctioned,Lok Sabha,False,604,9baf824315e066ce646fc0b27ffdfac0,1,na lighting of public spaces,30,5,5,electrical,False,False,False,True,False,False,False,False,11.918397239722838,0.33962264150943394,141,300000.0,377021.27659574465,471165.34052867413,0.5,-0.481829322040144,492,430000.0,471904.2174796748,412350.68459874584,0.3488372093023256,-0.7806564400224446,32,200000.0,189062.5,79041.00099764475,0.75,-0.4942055326597392,32,200000.0,189062.5,79041.00099764475,0.75,-0.4942055326597392,32,200000.0,189062.5,79041.00099764475,0.75,-0.4942055326597392,145,430000.0,386886.22068965517,275909.89582542237,0.3488372093023256,-0.8585636987791884,2024,2,1,6,25,32,32,7,7,False,False,True,True,0.6666666666666666,Odisha|JAGATSINGHPUR(SC)|||Biridi|Basandara,32,32,141,32,False,electrical_odisha,electrical_jagatsinghpur(sc)
Smt Rajashree Mallick,NA - Construction of community centers and community halls,Normal/Others,Odisha,JAGATSINGHPUR(SC),DISTRICT COLLECTOR JAGATSINGHPUR_IDA,,,Biridi,Daradasasan,2024-02-25,100000.0,Action Pending,Unsanctioned,Lok Sabha,False,605,149b341cf8c65925a76fe7dc87d35374,1,na construction of community centers and community halls,58,8,7,building,False,True,False,False,False,False,False,False,11.51293546492023,0.3059299191374663,141,300000.0,377021.27659574465,471165.34052867413,0.3333333333333333,-0.5879491820958459,492,430000.0,471904.2174796748,412350.68459874584,0.23255813953488372,-0.9019124530897067,32,200000.0,189062.5,79041.00099764475,0.5,-1.1267886144642054,32,200000.0,189062.5,79041.00099764475,0.5,-1.1267886144642054,32,200000.0,189062.5,79041.00099764475,0.5,-1.1267886144642054,197,500000.0,630154.3248730964,588758.041654943,0.2,-0.9004621378637698,2024,2,1,6,25,32,32,6,6,False,False,True,True,0.6666666666666666,Odisha|JAGATSINGHPUR(SC)|||Biridi|Daradasasan,32,32,141,32,False,building_odisha,building_jagatsinghpur(sc)
Smt Rajashree Mallick,NA - Construction of community centers and community halls,Normal/Others,Odisha,JAGATSINGHPUR(SC),DISTRICT COLLECTOR JAGATSINGHPUR_IDA,,,Biridi,Alando,2024-02-25,200000.0,Action Pending,Unsanctioned,Lok Sabha,False,606,5163b4e65d7f20c2220525b7a5734d40,1,na construction of community centers and community halls,58,8,7,building,False,True,False,False,False,False,False,False,12.206077645517674,0.396900269541779,141,300000.0,377021.27659574465,471165.34052867413,0.6666666666666666,-0.3757094619844422,492,430000.0,471904.2174796748,412350.68459874584,0.46511627906976744,-0.6594004269551824,32,200000.0,189062.5,79041.00099764475,1.0,0.13837754914472697,32,200000.0,189062.5,79041.00099764475,1.0,0.13837754914472697,32,200000.0,189062.5,79041.00099764475,1.0,0.13837754914472697,197,500000.0,630154.3248730964,588758.041654943,0.4,-0.7306130777661625,2024,2,1,6,25,32,32,5,5,False,False,True,True,0.6666666666666666,Odisha|JAGATSINGHPUR(SC)|||Biridi|Alando,32,32,141,32,False,building_odisha,building_jagatsinghpur(sc)
Smt Rajashree Mallick,"NA - Construction of roads, link roads, pathways or any other road with or without drainage system",Normal/Others,Odisha,JAGATSINGHPUR(SC),DISTRICT COLLECTOR JAGATSINGHPUR_IDA,,,Biridi,Ukundara,2024-02-25,200000.0,Action Pending,Unsanctioned,Lok Sabha,False,607,bfe3037a3759c6d145993c2e804121bf,1,na construction of roads link roads pathways or any other road with or without drainage system,98,16,14,road,True,False,False,False,False,False,True,False,12.206077645517674,0.396900269541779,141,300000.0,377021.27659574465,471165.34052867413,0.6666666666666666,-0.3757094619844422,492,430000.0,471904.2174796748,412350.68459874584,0.46511627906976744,-0.6594004269551824,32,200000.0,189062.5,79041.00099764475,1.0,0.13837754914472697,32,200000.0,189062.5,79041.00099764475,1.0,0.13837754914472697,32,200000.0,189062.5,79041.00099764475,1.0,0.13837754914472697,147,500000.0,549006.8027210884,314411.18040611234,0.4,-1.1100330537555638,2024,2,1,6,25,32,32,4,4,False,False,True,True,0.6666666666666666,Odisha|JAGATSINGHPUR(SC)|||Biridi|Ukundara,32,32,141,32,False,road_odisha,road_jagatsinghpur(sc)
Vijay Kumar Hansdak,NA - construction of staircase/ stair ghat for public convenience,Normal/Others,Jharkhand,RAJMAHAL(ST),Deputy Commissioner Pakur_IDA,,,Amrapara,Dumarchir,2024-02-25,201000.0,Action Pending,Unsanctioned,Lok Sabha,False,608,d2e2bfb04b1c089de5722d31f095f3b9,1,na construction of staircase stair ghat for public convenience,65,9,9,road,True,False,False,False,False,False,False,False,12.211065162153215,0.42654986522911054,12,225500.0,446333.3333333333,375299.23414725374,0.8913525498891353,-0.6537005967805238,492,430000.0,471904.2174796748,412350.68459874584,0.46744186046511627,-0.6569753066938372,7,201000.0,208000.0,18520.25917745213,1.0,-0.37796447300922725,7,201000.0,208000.0,18520.25917745213,1.0,-0.37796447300922725,7,201000.0,208000.0,18520.25917745213,1.0,-0.37796447300922725,147,500000.0,549006.8027210884,314411.18040611234,0.402,-1.1068525052817204,2024,2,1,6,25,7,7,7,7,False,False,True,True,0.6666666666666666,Jharkhand|RAJMAHAL(ST)|||Amrapara|Dumarchir,7,7,12,7,False,road_jharkhand,road_rajmahal(st)
Vijay Kumar Hansdak,"NA - Construction of roads, link roads, pathways or any other road with or without drainage system",Normal/Others,Jharkhand,RAJMAHAL(ST),Deputy Commissioner Pakur_IDA,,,Amrapara,Malipara Paharia,2024-02-25,201000.0,Action Pending,Unsanctioned,Lok Sabha,False,609,86824853634de1335fa17759d76c2fd4,1,na construction of roads link roads pathways or any other road with or without drainage system,98,16,14,road,True,False,False,False,False,False,True,False,12.211065162153215,0.42654986522911054,12,225500.0,446333.3333333333,375299.23414725374,0.8913525498891353,-0.6537005967805238,492,430000.0,471904.2174796748,412350.68459874584,0.46744186046511627,-0.6569753066938372,7,201000.0,208000.0,18520.25917745213,1.0,-0.37796447300922725,7,201000.0,208000.0,18520.25917745213,1.0,-0.37796447300922725,7,201000.0,208000.0,18520.25917745213,1.0,-0.37796447300922725,147,500000.0,549006.8027210884,314411.18040611234,0.402,-1.1068525052817204,2024,2,1,6,25,7,7,6,6,False,False,True,True,0.6666666666666666,Jharkhand|RAJMAHAL(ST)|||Amrapara|Malipara Paharia,7,7,12,7,False,road_jharkhand,road_rajmahal(st)
Vijay Kumar Hansdak,NA - Construction of boundary walls of existing public and community buildings,Normal/Others,Jharkhand,RAJMAHAL(ST),Deputy Commissioner Pakur_IDA,,,Amrapara,Asankura,2024-02-25,250000.0,Action Pending,Unsanctioned,Lok Sabha,False,610,daa22d2c0a8b426983f3eda9295475ee,1,na construction of boundary walls of existing public and community buildings,78,11,10,building,False,True,False,False,False,False,False,False,12.429220196836383,0.44339622641509435,12,225500.0,446333.3333333333,375299.23414725374,1.1086474501108647,-0.5231381134561529,492,430000.0,471904.2174796748,412350.68459874584,0.5813953488372093,-0.5381444138879203,7,201000.0,208000.0,18520.25917745213,1.243781094527363,2.267786838055364,7,201000.0,208000.0,18520.25917745213,1.243781094527363,2.267786838055364,7,201000.0,208000.0,18520.25917745213,1.243781094527363,2.267786838055364,197,500000.0,630154.3248730964,588758.041654943,0.5,-0.6456885477173588,2024,2,1,6,25,7,7,5,5,False,False,True,True,0.6666666666666666,Jharkhand|RAJMAHAL(ST)|||Amrapara|Asankura,7,7,12,7,False,building_jharkhand,building_rajmahal(st)
Vijay Kumar Hansdak,NA - Construction of boundary walls of existing public and community buildings,Normal/Others,Jharkhand,RAJMAHAL(ST),Deputy Commissioner Pakur_IDA,,,Amrapara,Amirjola,2024-02-25,201000.0,Action Pending,Unsanctioned,Lok Sabha,False,611,52da614b1f8275a8cb43ad8ea806158e,1,na construction of boundary walls of existing public and community buildings,78,11,10,building,False,True,False,False,False,False,False,False,12.211065162153215,0.42654986522911054,12,225500.0,446333.3333333333,375299.23414725374,0.8913525498891353,-0.6537005967805238,492,430000.0,471904.2174796748,412350.68459874584,0.46744186046511627,-0.6569753066938372,7,201000.0,208000.0,18520.25917745213,1.0,-0.37796447300922725,7,201000.0,208000.0,18520.25917745213,1.0,-0.37796447300922725,7,201000.0,208000.0,18520.25917745213,1.0,-0.37796447300922725,197,500000.0,630154.3248730964,588758.041654943,0.402,-0.7289145871651864,2024,2,1,6,25,7,7,4,4,False,False,True,True,0.6666666666666666,Jharkhand|RAJMAHAL(ST)|||Amrapara|Amirjola,7,7,12,7,False,building_jharkhand,building_rajmahal(st)
Vijay Kumar Hansdak,NA - Construction of boundary walls of existing public and community buildings,Normal/Others,Jharkhand,RAJMAHAL(ST),Deputy Commissioner Pakur_IDA,,,Amrapara,Bara Salghati,2024-02-25,201000.0,Action Pending,Unsanctioned,Lok Sabha,False,612,f604205d1a8b7d9b5256ceb883f00bd5,1,na construction of boundary walls of existing public and community buildings,78,11,10,building,False,True,False,False,False,False,False,False,12.211065162153215,0.42654986522911054,12,225500.0,446333.3333333333,375299.23414725374,0.8913525498891353,-0.6537005967805238,492,430000.0,471904.2174796748,412350.68459874584,0.46744186046511627,-0.6569753066938372,7,201000.0,208000.0,18520.25917745213,1.0,-0.37796447300922725,7,201000.0,208000.0,18520.25917745213,1.0,-0.37796447300922725,7,201000.0,208000.0,18520.25917745213,1.0,-0.37796447300922725,197,500000.0,630154.3248730964,588758.041654943,0.402,-0.7289145871651864,2024,2,1,6,25,7,7,3,3,False,False,True,True,0.6666666666666666,Jharkhand|RAJMAHAL(ST)|||Amrapara|Bara Salghati,7,7,12,7,False,building_jharkhand,building_rajmahal(st)
Vijay Kumar Hansdak,NA - Construction of public irrigation facilities,Normal/Others,Jharkhand,RAJMAHAL(ST),Deputy Commissioner Pakur_IDA,,,Pakuria,Bara Singpur,2024-02-25,201000.0,Action Pending,Unsanctioned,Lok Sabha,False,613,8506a0aa631fd5e5dd03c04a98739c9f,1,na construction of public irrigation facilities,49,6,6,other,False,False,False,False,False,False,False,False,12.211065162153215,0.42654986522911054,12,225500.0,446333.3333333333,375299.23414725374,0.8913525498891353,-0.6537005967805238,492,430000.0,471904.2174796748,412350.68459874584,0.46744186046511627,-0.6569753066938372,7,201000.0,208000.0,18520.25917745213,1.0,-0.37796447300922725,7,201000.0,208000.0,18520.25917745213,1.0,-0.37796447300922725,7,201000.0,208000.0,18520.25917745213,1.0,-0.37796447300922725,50,100000.0,266712.36,314672.4568884196,2.01,-0.20882780987501898,2024,2,1,6,25,7,7,2,2,False,False,True,True,0.6666666666666666,Jharkhand|RAJMAHAL(ST)|||Pakuria|Bara Singpur,7,7,12,7,False,other_jharkhand,other_rajmahal(st)
Vijay Kumar Hansdak,NA - construction of staircase/ stair ghat for public convenience,Normal/Others,Jharkhand,RAJMAHAL(ST),Deputy Commissioner Pakur_IDA,,,Pakuria,Solla,2024-02-25,201000.0,Action Pending,Unsanctioned,Lok Sabha,False,614,65c581d3a1429f47cf9c01882c84b128,1,na construction of staircase stair ghat for public convenience,65,9,9,road,True,False,False,False,False,False,False,False,12.211065162153215,0.42654986522911054,12,225500.0,446333.3333333333,375299.23414725374,0.8913525498891353,-0.6537005967805238,492,430000.0,471904.2174796748,412350.68459874584,0.46744186046511627,-0.6569753066938372,7,201000.0,208000.0,18520.25917745213,1.0,-0.37796447300922725,7,201000.0,208000.0,18520.25917745213,1.0,-0.37796447300922725,7,201000.0,208000.0,18520.25917745213,1.0,-0.37796447300922725,147,500000.0,549006.8027210884,314411.18040611234,0.402,-1.1068525052817204,2024,2,1,6,25,7,7,1,1,False,False,True,True,0.6666666666666666,Jharkhand|RAJMAHAL(ST)|||Pakuria|Solla,7,7,12,7,False,road_jharkhand,road_rajmahal(st)
Smt Rajashree Mallick,NA - Construction of community centers and community halls,Normal/Others,Odisha,JAGATSINGHPUR(SC),DISTRICT COLLECTOR JAGATSINGHPUR_IDA,,,Biridi,Hajipur,2024-02-25,300000.0,Action Pending,Unsanctioned,Lok Sabha,False,615,343e6af372d20a4599429b9ceff6fdbc,1,na construction of community centers and community halls,58,8,7,building,False,True,False,False,False,False,False,False,12.611541086966115,0.488544474393531,141,300000.0,377021.27659574465,471165.34052867413,1.0,-0.1634697418730385,492,430000.0,471904.2174796748,412350.68459874584,0.6976744186046512,-0.41688840082065826,32,200000.0,189062.5,79041.00099764475,1.5,1.4035437127536594,32,200000.0,189062.5,79041.00099764475,1.5,1.4035437127536594,32,200000.0,189062.5,79041.00099764475,1.5,1.4035437127536594,197,500000.0,630154.3248730964,588758.041654943,0.6,-0.5607640176685552,2024,2,1,6,25,32,32,3,3,False,False,True,True,0.6666666666666666,Odisha|JAGATSINGHPUR(SC)|||Biridi|Hajipur,32,32,141,32,False,building_odisha,building_jagatsinghpur(sc)
Smt Rajashree Mallick,NA - Construction of community centers and community halls,Normal/Others,Odisha,JAGATSINGHPUR(SC),DISTRICT COLLECTOR JAGATSINGHPUR_IDA,,,Biridi,Barahpur,2024-02-25,200000.0,Action Pending,Unsanctioned,Lok Sabha,False,616,0e16fc95bcb3d49499575565324cc82e,1,na construction of community centers and community halls,58,8,7,building,False,True,False,False,False,False,False,False,12.206077645517674,0.396900269541779,141,300000.0,377021.27659574465,471165.34052867413,0.6666666666666666,-0.3757094619844422,492,430000.0,471904.2174796748,412350.68459874584,0.46511627906976744,-0.6594004269551824,32,200000.0,189062.5,79041.00099764475,1.0,0.13837754914472697,32,200000.0,189062.5,79041.00099764475,1.0,0.13837754914472697,32,200000.0,189062.5,79041.00099764475,1.0,0.13837754914472697,197,500000.0,630154.3248730964,588758.041654943,0.4,-0.7306130777661625,2024,2,1,6,25,32,32,2,2,False,False,True,True,0.6666666666666666,Odisha|JAGATSINGHPUR(SC)|||Biridi|Barahpur,32,32,141,32,False,building_odisha,building_jagatsinghpur(sc)
Smt Rajashree Mallick,NA - Construction of community centers and community halls,Normal/Others,Odisha,JAGATSINGHPUR(SC),DISTRICT COLLECTOR JAGATSINGHPUR_IDA,,,Biridi,Daradasasan,2024-02-25,150000.0,Action Pending,Unsanctioned,Lok Sabha,False,617,283d44710f05a96105d6c914bb67af86,1,na construction of community centers and community halls,58,8,7,building,False,True,False,False,False,False,False,False,11.918397239722838,0.33962264150943394,141,300000.0,377021.27659574465,471165.34052867413,0.5,-0.481829322040144,492,430000.0,471904.2174796748,412350.68459874584,0.3488372093023256,-0.7806564400224446,32,200000.0,189062.5,79041.00099764475,0.75,-0.4942055326597392,32,200000.0,189062.5,79041.00099764475,0.75,-0.4942055326597392,32,200000.0,189062.5,79041.00099764475,0.75,-0.4942055326597392,197,500000.0,630154.3248730964,588758.041654943,0.3,-0.8155376078149662,2024,2,1,6,25,32,32,1,1,False,False,True,True,0.6666666666666666,Odisha|JAGATSINGHPUR(SC)|||Biridi|Daradasasan,32,32,141,32,False,building_odisha,building_jagatsinghpur(sc)
Smt Pramila Bisoyi,NA - Construction of community centers and community halls,Normal/Others,Odisha,ASKA,DISTRICT COLLECTOR GANJAM_IDA,,,Patapur,Jeura,2024-02-25,700000.0,Action Pending,Unsanctioned,Lok Sabha,False,618,69cfc704e592c09447984a07ab9c2fe0,1,na construction of community centers and community halls,58,8,7,building,False,True,False,False,False,False,False,False,13.45883704259595,0.8497304582210242,141,300000.0,377021.27659574465,471165.34052867413,2.3333333333333335,0.6854891385725762,492,430000.0,471904.2174796748,412350.68459874584,1.627906976744186,0.5531597037174386,20,300000.0,552000.0,522318.71697773115,2.3333333333333335,0.28335189835119373,20,300000.0,552000.0,522318.71697773115,2.3333333333333335,0.28335189835119373,22,350000.0,547272.7272727273,497059.7532172548,2.0,0.30726139410550646,197,500000.0,630154.3248730964,588758.041654943,1.4,0.118632222721874,2024,2,1,6,25,20,20,3,3,False,False,True,True,0.6666666666666666,Odisha|ASKA|||Patapur|Jeura,20,20,141,22,False,building_odisha,building_aska
Smt Pramila Bisoyi,NA - Construction of community centers and community halls,Normal/Others,Odisha,ASKA,DISTRICT COLLECTOR GANJAM_IDA,,,Patapur,Gudiapatana,2024-02-25,400000.0,Action Pending,Unsanctioned,Lok Sabha,False,619,3edf7e208ab60825874c338ce6265ce3,1,na construction of community centers and community halls,58,8,7,building,False,True,False,False,False,False,False,False,12.899222326086994,0.5545822102425876,141,300000.0,377021.27659574465,471165.34052867413,1.3333333333333333,0.04876997823836516,492,430000.0,471904.2174796748,412350.68459874584,0.9302325581395349,-0.17437637468613404,20,300000.0,552000.0,522318.71697773115,1.3333333333333333,-0.29101005776609085,20,300000.0,552000.0,522318.71697773115,1.3333333333333333,-0.29101005776609085,22,350000.0,547272.7272727273,497059.7532172548,1.1428571428571428,-0.2962877728874527,197,500000.0,630154.3248730964,588758.041654943,0.8,-0.3909149575709479,2024,2,1,6,25,20,20,2,2,False,False,True,True,0.6666666666666666,Odisha|ASKA|||Patapur|Gudiapatana,20,20,141,22,False,building_odisha,building_aska
Shri Sant Balbir Singh,NA - Construction of community centers and community halls,Normal/Others,Punjab,Sitting Rajya Sabha,DEPUTY COMMISSIONER SANGRUR_IDA,,,Moonak,Dudian (94),2024-02-25,500000.0,Action Pending,Unsanctioned,Rajya Sabha,False,620,458b47ca8b95aa658494fd8c063acba6,1,na construction of community centers and community halls,58,8,7,building,False,True,False,False,False,False,False,False,13.122365377402328,0.7277628032345014,2,,,,,,250,63275.0,283357.784,490170.3503311154,7.902015013828526,0.44197331775301346,1,,,,,,238,63275.0,240501.87394957984,440718.5852830861,7.902015013828526,0.5888068593334613,1,,,,,,197,500000.0,630154.3248730964,588758.041654943,1.0,-0.2210658974733406,2024,2,1,6,25,1,120,1,2,False,False,True,True,0.6666666666666666,Punjab|Sitting Rajya Sabha|||Moonak|Dudian (94),1,238,2,1,False,building_punjab,building_sitting rajya sabha
Smt Pramila Bisoyi,NA - Construction of community centers and community halls,Normal/Others,Odisha,ASKA,DISTRICT COLLECTOR GANJAM_IDA,,,Purusottampur,Raipur,2024-02-25,500000.0,Action Pending,Unsanctioned,Lok Sabha,False,621,3c9ef4f93a692e153027b9ea2bcaf622,1,na construction of community centers and community halls,58,8,7,building,False,True,False,False,False,False,False,False,13.122365377402328,0.7277628032345014,141,300000.0,377021.27659574465,471165.34052867413,1.6666666666666667,0.26100969834976884,492,430000.0,471904.2174796748,412350.68459874584,1.1627906976744187,0.06813565144839016,20,300000.0,552000.0,522318.71697773115,1.6666666666666667,-0.09955607239366265,20,300000.0,552000.0,522318.71697773115,1.6666666666666667,-0.09955607239366265,22,350000.0,547272.7272727273,497059.7532172548,1.4285714285714286,-0.095104717223133,197,500000.0,630154.3248730964,588758.041654943,1.0,-0.2210658974733406,2024,2,1,6,25,20,20,1,1,False,False,True,True,0.6666666666666666,Odisha|ASKA|||Purusottampur|Raipur,20,20,141,22,False,building_odisha,building_aska
Hemant Tukaram Godse,"NA - Construction of roads, link roads, pathways or any other road with or without drainage system",Normal/Others,Maharashtra,NASHIK,DISTRICT COLLECTOR NASHIK_IDA,,,Sinnar,Aundhewadi,2024-02-25,993000.0,Action Pending,Unsanctioned,Lok Sabha,False,622,81dac565d85bd0dee777c1eb7481a5c2,1,na construction of roads link roads pathways or any other road with or without drainage system,98,16,14,road,True,False,False,False,False,False,True,False,13.808486950076148,0.8962264150943396,51,994000.0,981347.2352941176,506614.1991908868,0.9989939637826962,0.023001259586669758,492,430000.0,471904.2174796748,412350.68459874584,2.3093023255813954,1.2637199402915946,18,992500.0,836428.2777777778,410398.5006485347,1.0005037783375315,0.38151143821139416,18,992500.0,836428.2777777778,410398.5006485347,1.0005037783375315,0.38151143821139416,38,994000.0,930597.6052631579,344745.7832391345,0.9989939637826962,0.18100988545973434,147,500000.0,549006.8027210884,314411.18040611234,1.986,1.412141886002347,2024,2,1,6,25,18,18,3,3,False,False,True,True,0.6666666666666666,Maharashtra|NASHIK|||Sinnar|Aundhewadi,18,18,51,38,False,road_maharashtra,road_nashik
Hemant Tukaram Godse,NA - Construction of culverts and bridges,Normal/Others,Maharashtra,NASHIK,DISTRICT COLLECTOR NASHIK_IDA,,,Sinnar,Manori,2024-02-25,994000.0,Action Pending,Unsanctioned,Lok Sabha,False,623,0bc690153b84599e4aea26b826affc14,1,na construction of culverts and bridges,41,6,6,road,True,False,False,False,False,False,False,False,13.809493491674422,0.9029649595687331,51,994000.0,981347.2352941176,506614.1991908868,1.0,0.024975148201708774,492,430000.0,471904.2174796748,412350.68459874584,2.311627906976744,1.2661450605529398,18,992500.0,836428.2777777778,410398.5006485347,1.0015113350125944,0.3839480942869396,18,992500.0,836428.2777777778,410398.5006485347,1.0015113350125944,0.3839480942869396,38,994000.0,930597.6052631579,344745.7832391345,1.0,0.18391057358593646,147,500000.0,549006.8027210884,314411.18040611234,1.988,1.4153224344761903,2024,2,1,6,25,18,18,2,2,False,False,True,True,0.6666666666666666,Maharashtra|NASHIK|||Sinnar|Manori,18,18,51,38,False,road_maharashtra,road_nashik
Hemant Tukaram Godse,NA - Street lights,Normal/Others,Maharashtra,NASHIK,DISTRICT COLLECTOR NASHIK_IDA,,,Igatpuri,Modale,2024-02-25,998000.0,Action Pending,Unsanctioned,Lok Sabha,False,624,e0a78fdf15c204a7a5f92edd9b2eee44,1,na street lights,18,3,3,electrical,False,False,False,True,False,False,False,False,13.813509557297108,0.9198113207547169,51,994000.0,981347.2352941176,506614.1991908868,1.0040241448692153,0.03287070266186484,492,430000.0,471904.2174796748,412350.68459874584,2.3209302325581396,1.2758455415983205,18,992500.0,836428.2777777778,410398.5006485347,1.0055415617128463,0.3936947185891215,18,992500.0,836428.2777777778,410398.5006485347,1.0055415617128463,0.3936947185891215,38,994000.0,930597.6052631579,344745.7832391345,1.0040241448692153,0.19551332609074484,145,430000.0,386886.22068965517,275909.89582542237,2.3209302325581396,2.214903446946381,2024,2,1,6,25,18,18,1,1,False,False,True,True,0.6666666666666666,Maharashtra|NASHIK|||Igatpuri|Modale,18,18,51,38,False,electrical_maharashtra,electrical_nashik
Hemant Tukaram Godse,NA - Crematoriums or structures on burial/ cremation ground for public convenience,Normal/Others,Maharashtra,NASHIK,DISTRICT COLLECTOR NASHIK_IDA,,,Sinnar,Somthane,2024-02-25,992000.0,Action Pending,Unsanctioned,Lok Sabha,False,625,d33c6ac035cd5ec051cf77945f7fe064,1,na crematoriums or structures on burial cremation ground for public convenience,82,11,11,building,False,True,False,False,False,False,False,False,13.807479394331018,0.8935309973045822,51,994000.0,981347.2352941176,506614.1991908868,0.9979879275653923,0.02102737097163074,492,430000.0,471904.2174796748,412350.68459874584,2.3069767441860467,1.2612948200302492,18,992500.0,836428.2777777778,410398.5006485347,0.9994962216624685,0.3790747821358487,18,992500.0,836428.2777777778,410398.5006485347,0.9994962216624685,0.3790747821358487,38,994000.0,930597.6052631579,344745.7832391345,0.9979879275653923,0.17810919733353225,197,500000.0,630154.3248730964,588758.041654943,1.984,0.6145914782068873,2024,2,1,6,25,18,18,4,4,False,False,True,True,0.6666666666666666,Maharashtra|NASHIK|||Sinnar|Somthane,18,18,51,38,False,building_maharashtra,building_nashik
Hemant Tukaram Godse,NA - Construction of community centers and community halls,Normal/Others,Maharashtra,NASHIK,DISTRICT COLLECTOR NASHIK_IDA,,,Igatpuri,Waghere,2024-02-25,1491000.0,Action Pending,Unsanctioned,Lok Sabha,False,626,ea4ee6d35c779d220d98c8a2303da37e,1,na construction of community centers and community halls,58,8,7,building,False,True,False,False,False,False,False,False,14.214958264437461,0.9696765498652291,51,994000.0,981347.2352941176,506614.1991908868,1.5,1.0059977898761,492,430000.0,471904.2174796748,412350.68459874584,3.4674418604651165,2.471429830441525,18,992500.0,836428.2777777778,410398.5006485347,1.5022670025188918,1.594966163833034,18,992500.0,836428.2777777778,410398.5006485347,1.5022670025188918,1.594966163833034,38,994000.0,930597.6052631579,344745.7832391345,1.5,1.6255525723083797,197,500000.0,630154.3248730964,588758.041654943,2.982,1.4621382880939477,2024,2,1,6,25,18,18,5,5,False,False,True,True,0.6666666666666666,Maharashtra|NASHIK|||Igatpuri|Waghere,18,18,51,38,False,building_maharashtra,building_nashik
Hemant Tukaram Godse,"NA - Construction of roads, link roads, pathways or any other road with or without drainage system",Normal/Others,Maharashtra,NASHIK,DISTRICT COLLECTOR NASHIK_IDA,,,Nashik,Belgaon Dhaga,2024-02-25,994000.0,Action Pending,Unsanctioned,Lok Sabha,False,627,4cb3226d28394de886773823eaf430ae,1,na construction of roads link roads pathways or any other road with or without drainage system,98,16,14,road,True,False,False,False,False,False,True,False,13.809493491674422,0.9029649595687331,51,994000.0,981347.2352941176,506614.1991908868,1.0,0.024975148201708774,492,430000.0,471904.2174796748,412350.68459874584,2.311627906976744,1.2661450605529398,18,992500.0,836428.2777777778,410398.5006485347,1.0015113350125944,0.3839480942869396,18,992500.0,836428.2777777778,410398.5006485347,1.0015113350125944,0.3839480942869396,38,994000.0,930597.6052631579,344745.7832391345,1.0,0.18391057358593646,147,500000.0,549006.8027210884,314411.18040611234,1.988,1.4153224344761903,2024,2,1,6,25,18,18,12,12,False,False,True,True,0.6666666666666666,Maharashtra|NASHIK|||Nashik|Belgaon Dhaga,18,18,51,38,False,road_maharashtra,road_nashik
Hemant Tukaram Godse,"NA - Construction of roads, link roads, pathways or any other road with or without drainage system",Normal/Others,Maharashtra,NASHIK,DISTRICT COLLECTOR NASHIK_IDA,,,Sinnar,Pangari Kh,2024-02-25,1491000.0,Action Pending,Unsanctioned,Lok Sabha,False,628,ccfab8a2c38b059185c6c6967ab08e9c,1,na construction of roads link roads pathways or any other road with or without drainage system,98,16,14,road,True,False,False,False,False,False,True,False,14.214958264437461,0.9696765498652291,51,994000.0,981347.2352941176,506614.1991908868,1.5,1.0059977898761,492,430000.0,471904.2174796748,412350.68459874584,3.4674418604651165,2.471429830441525,18,992500.0,836428.2777777778,410398.5006485347,1.5022670025188918,1.594966163833034,18,992500.0,836428.2777777778,410398.5006485347,1.5022670025188918,1.594966163833034,38,994000.0,930597.6052631579,344745.7832391345,1.5,1.6255525723083797,147,500000.0,549006.8027210884,314411.18040611234,2.982,2.9960550259764194,2024,2,1,6,25,18,18,6,6,False,False,True,True,0.6666666666666666,Maharashtra|NASHIK|||Sinnar|Pangari Kh,18,18,51,38,False,road_maharashtra,road_nashik
Vinayak Bhaurao Raut,"NA - Construction of roads, link roads, pathways or any other road with or without drainage system",Normal/Others,Maharashtra,RATNAGIRI-SINDHUDURG,DISTRICT COLLECTOR SINDHUDURG_IDA,,,Kankavli,Bhiravande,2024-02-25,987000.0,Action Pending,Unsanctioned,Lok Sabha,False,629,6dbb397f331050f83d961a9c6043b80f,1,na construction of roads link roads pathways or any other road with or without drainage system,98,16,14,road,True,False,False,False,False,False,True,False,13.80242633158633,0.889487870619946,51,994000.0,981347.2352941176,506614.1991908868,0.9929577464788732,0.01115792789643566,492,430000.0,471904.2174796748,412350.68459874584,2.2953488372093025,1.249169218723523,7,999000.0,955142.8571428572,559178.6919436483,0.987987987987988,0.05697131045249713,7,999000.0,955142.8571428572,559178.6919436483,0.987987987987988,0.05697131045249713,7,999000.0,955142.8571428572,559178.6919436483,0.987987987987988,0.05697131045249713,147,500000.0,549006.8027210884,314411.18040611234,1.974,1.3930585951592858,2024,2,1,6,25,7,7,6,6,False,False,True,True,0.6666666666666666,Maharashtra|RATNAGIRI-SINDHUDURG|||Kankavli|Bhiravande,7,7,51,7,False,road_maharashtra,road_ratnagiri-sindhudurg
Hemant Tukaram Godse,NA - Construction of community centers and community halls,Normal/Others,Maharashtra,NASHIK,DISTRICT COLLECTOR NASHIK_IDA,,,Sinnar,Dodi Bk.,2024-02-25,994000.0,Action Pending,Unsanctioned,Lok Sabha,False,630,72fc29b2f11cedae535b38686f70401e,1,na construction of community centers and community halls,58,8,7,building,False,True,False,False,False,False,False,False,13.809493491674422,0.9029649595687331,51,994000.0,981347.2352941176,506614.1991908868,1.0,0.024975148201708774,492,430000.0,471904.2174796748,412350.68459874584,2.311627906976744,1.2661450605529398,18,992500.0,836428.2777777778,410398.5006485347,1.0015113350125944,0.3839480942869396,18,992500.0,836428.2777777778,410398.5006485347,1.0015113350125944,0.3839480942869396,38,994000.0,930597.6052631579,344745.7832391345,1.0,0.18391057358593646,197,500000.0,630154.3248730964,588758.041654943,1.988,0.6179884594088395,2024,2,1,6,25,18,18,11,11,False,False,True,True,0.6666666666666666,Maharashtra|NASHIK|||Sinnar|Dodi Bk.,18,18,51,38,False,building_maharashtra,building_nashik
Vinayak Bhaurao Raut,NA - Construction of community centers and community halls,Normal/Others,Maharashtra,RATNAGIRI-SINDHUDURG,DISTRICT COLLECTOR SINDHUDURG_IDA,,,Dodamarg,Mangeli,2024-02-25,2000000.0,Action Pending,Unsanctioned,Lok Sabha,False,631,040620347bc6beb0105ab4a5c0d1956c,1,na construction of community centers and community halls,58,8,7,building,False,True,False,False,False,False,False,False,14.508658238524095,0.988544474393531,51,994000.0,981347.2352941176,506614.1991908868,2.0120724346076457,2.0107070949309596,492,430000.0,471904.2174796748,412350.68459874584,4.651162790697675,3.7058160434662533,7,999000.0,955142.8571428572,559178.6919436483,2.002002002002002,1.8685567921505122,7,999000.0,955142.8571428572,559178.6919436483,2.002002002002002,1.8685567921505122,7,999000.0,955142.8571428572,559178.6919436483,2.002002002002002,1.8685567921505122,197,500000.0,630154.3248730964,588758.041654943,4.0,2.326670003990769,2024,2,1,6,25,7,7,5,5,False,False,True,True,0.6666666666666666,Maharashtra|RATNAGIRI-SINDHUDURG|||Dodamarg|Mangeli,7,7,51,7,False,building_maharashtra,building_ratnagiri-sindhudurg
Vinayak Bhaurao Raut,NA - Construction of flood control embankments,Normal/Others,Maharashtra,RATNAGIRI-SINDHUDURG,DISTRICT COLLECTOR SINDHUDURG_IDA,,,Dodamarg,Konal,2024-02-25,1000000.0,Action Pending,Unsanctioned,Lok Sabha,False,632,91133574e04b7b3d9bab29e89e5b7632,1,na construction of flood control embankments,46,6,6,other,False,False,False,False,False,False,False,False,13.815511557963774,0.9420485175202157,51,994000.0,981347.2352941176,506614.1991908868,1.0060362173038229,0.036818479891942875,492,430000.0,471904.2174796748,412350.68459874584,2.3255813953488373,1.280695782121011,7,999000.0,955142.8571428572,559178.6919436483,1.001001001001001,0.08021969274477175,7,999000.0,955142.8571428572,559178.6919436483,1.001001001001001,0.08021969274477175,7,999000.0,955142.8571428572,559178.6919436483,1.001001001001001,0.08021969274477175,50,100000.0,266712.36,314672.4568884196,10.0,2.3303203821871774,2024,2,1,6,25,7,7,4,4,False,False,True,True,0.6666666666666666,Maharashtra|RATNAGIRI-SINDHUDURG|||Dodamarg|Konal,7,7,51,7,False,other_maharashtra,other_ratnagiri-sindhudurg
Vinayak Bhaurao Raut,NA - Construction of community centers and community halls,Normal/Others,Maharashtra,RATNAGIRI-SINDHUDURG,DISTRICT COLLECTOR SINDHUDURG_IDA,,,Dodamarg,Ker,2024-02-25,500000.0,Action Pending,Unsanctioned,Lok Sabha,False,633,bcb3a5229d8e831b99dd6ad68ccdd4ff,1,na construction of community centers and community halls,58,8,7,building,False,True,False,False,False,False,False,False,13.122365377402328,0.7277628032345014,51,994000.0,981347.2352941176,506614.1991908868,0.5030181086519114,-0.9501258276275654,492,430000.0,471904.2174796748,412350.68459874584,1.1627906976744187,0.06813565144839016,7,999000.0,955142.8571428572,559178.6919436483,0.5005005005005005,-0.8139488569580985,7,999000.0,955142.8571428572,559178.6919436483,0.5005005005005005,-0.8139488569580985,7,999000.0,955142.8571428572,559178.6919436483,0.5005005005005005,-0.8139488569580985,197,500000.0,630154.3248730964,588758.041654943,1.0,-0.2210658974733406,2024,2,1,6,25,7,7,3,3,False,False,True,True,0.6666666666666666,Maharashtra|RATNAGIRI-SINDHUDURG|||Dodamarg|Ker,7,7,51,7,False,building_maharashtra,building_ratnagiri-sindhudurg
Girish Chandra,NA - Lighting of public spaces,Normal/Others,Uttar Pradesh,NAGINA(SC),DISTRICT MAGISTRATE BIJNOR_IDA,Nagina,Nagina (MB) - Ward No.1,,,2024-02-25,174000.0,Action Pending,Unsanctioned,Lok Sabha,False,634,4eff823a826d808ce15539588323553e,1,na lighting of public spaces,30,5,5,electrical,False,False,False,True,False,False,False,False,12.066816325306588,0.36522911051212936,200,63275.0,152708.3,281498.1621176738,2.7499012248123273,0.07563708352418838,492,430000.0,471904.2174796748,412350.68459874584,0.4046511627906977,-0.7224535537501587,5,174000.0,174000.0,0.0,1.0,0.0,5,174000.0,174000.0,0.0,1.0,0.0,5,174000.0,174000.0,0.0,1.0,0.0,145,430000.0,386886.22068965517,275909.89582542237,0.4046511627906977,-0.7715787795605401,2024,2,1,6,25,5,5,3,3,True,True,False,False,0.6666666666666666,Uttar Pradesh|NAGINA(SC)|Nagina|Nagina (MB) - Ward No.1||,5,5,200,5,False,electrical_uttar pradesh,electrical_nagina(sc)
Shyam Singh Yadav,NA - Lighting of public spaces,Normal/Others,Uttar Pradesh,JAUNPUR,DISTRICT MAGISTRATE JAUNPUR_IDA,Jaunpur,Husenabad - Ward No.8,,,2024-02-25,1750000.0,Action Pending,Unsanctioned,Lok Sabha,False,635,3dc44cfdb907ab606ff74fd61d7aaa25,1,na lighting of public spaces,30,5,5,electrical,False,False,False,True,False,False,False,False,14.375126917328105,0.9797843665768194,200,63275.0,152708.3,281498.1621176738,27.657052548399843,5.674252677117974,492,430000.0,471904.2174796748,412350.68459874584,4.069767441860465,3.0995359781299427,2,,,,,,2,,,,,,2,,,,,,145,430000.0,386886.22068965517,275909.89582542237,4.069767441860465,4.940430915797356,2024,2,1,6,25,2,2,2,2,True,True,False,False,0.6666666666666666,Uttar Pradesh|JAUNPUR|Jaunpur|Husenabad - Ward No.8||,2,2,200,2,False,electrical_uttar pradesh,electrical_jaunpur
Shyam Singh Yadav,NA - Lighting of public spaces,Normal/Others,Uttar Pradesh,JAUNPUR,DISTRICT MAGISTRATE JAUNPUR_IDA,Jaunpur,Husenabad - Ward No.8,,,2024-02-25,240000.0,Action Pending,Unsanctioned,Lok Sabha,False,636,57b00a87ea8d20081635aa94676a39df,1,na lighting of public spaces,30,5,5,electrical,False,False,False,True,False,False,False,False,12.388398368982115,0.433288409703504,200,63275.0,152708.3,281498.1621176738,3.7929672066376927,0.3100968736112378,492,430000.0,471904.2174796748,412350.68459874584,0.5581395348837209,-0.5623956165013728,2,,,,,,2,,,,,,2,,,,,,145,430000.0,386886.22068965517,275909.89582542237,0.5581395348837209,-0.5323702517092577,2024,2,1,6,25,2,2,1,1,True,True,False,False,0.6666666666666666,Uttar Pradesh|JAUNPUR|Jaunpur|Husenabad - Ward No.8||,2,2,200,2,False,electrical_uttar pradesh,electrical_jaunpur
Hemant Tukaram Godse,NA - Construction of community centers and community halls,Normal/Others,Maharashtra,NASHIK,DISTRICT COLLECTOR NASHIK_IDA,,,Igatpuri,Titoli,2024-02-25,994000.0,Action Pending,Unsanctioned,Lok Sabha,False,637,b82ef9951194c723dcdfa6b56296c22f,1,na construction of community centers and community halls,58,8,7,building,False,True,False,False,False,False,False,False,13.809493491674422,0.9029649595687331,51,994000.0,981347.2352941176,506614.1991908868,1.0,0.024975148201708774,492,430000.0,471904.2174796748,412350.68459874584,2.311627906976744,1.2661450605529398,18,992500.0,836428.2777777778,410398.5006485347,1.0015113350125944,0.3839480942869396,18,992500.0,836428.2777777778,410398.5006485347,1.0015113350125944,0.3839480942869396,38,994000.0,930597.6052631579,344745.7832391345,1.0,0.18391057358593646,197,500000.0,630154.3248730964,588758.041654943,1.988,0.6179884594088395,2024,2,1,6,25,18,18,10,10,False,False,True,True,0.6666666666666666,Maharashtra|NASHIK|||Igatpuri|Titoli,18,18,51,38,False,building_maharashtra,building_nashik
Hemant Tukaram Godse,NA - Construction of community centers and community halls,Normal/Others,Maharashtra,NASHIK,DISTRICT COLLECTOR NASHIK_IDA,,,Sinnar,Pathare Bk.,2024-02-25,992000.0,Action Pending,Unsanctioned,Lok Sabha,False,638,11c2200520b853c646df1d15e1cb8646,1,na construction of community centers and community halls,58,8,7,building,False,True,False,False,False,False,False,False,13.807479394331018,0.8935309973045822,51,994000.0,981347.2352941176,506614.1991908868,0.9979879275653923,0.02102737097163074,492,430000.0,471904.2174796748,412350.68459874584,2.3069767441860467,1.2612948200302492,18,992500.0,836428.2777777778,410398.5006485347,0.9994962216624685,0.3790747821358487,18,992500.0,836428.2777777778,410398.5006485347,0.9994962216624685,0.3790747821358487,38,994000.0,930597.6052631579,344745.7832391345,0.9979879275653923,0.17810919733353225,197,500000.0,630154.3248730964,588758.041654943,1.984,0.6145914782068873,2024,2,1,6,25,18,18,9,9,False,False,True,True,0.6666666666666666,Maharashtra|NASHIK|||Sinnar|Pathare Bk.,18,18,51,38,False,building_maharashtra,building_nashik
Ram Shiromani,NA - Construction of night shelters for homeless,Normal/Others,Uttar Pradesh,SHRAWASTI,DISTRICT MAGISTRATE BALRAMPUR_IDA,Balrampur,Balrampur (MB) - Ward No.10,,,2024-02-25,338618.0,Action Pending,Unsanctioned,Lok Sabha,False,639,fc854b9951fda2a606d470c5be0ee3b1,1,na construction of night shelters for homeless,48,7,7,other,False,False,False,False,False,False,False,False,12.732630860515025,0.5202156334231806,200,63275.0,152708.3,281498.1621176738,5.351529039905176,0.6604295338961566,492,430000.0,471904.2174796748,412350.68459874584,0.7874837209302326,-0.3232351065680277,9,258000.0,346197.1111111111,266825.79439048073,1.3124728682170543,-0.028404716749459498,9,258000.0,346197.1111111111,266825.79439048073,1.3124728682170543,-0.028404716749459498,8,258000.0,311221.75,262268.1759212723,1.3124728682170543,0.10445891844774872,50,100000.0,266712.36,314672.4568884196,3.38618,0.22850948160835444,2024,2,1,6,25,9,9,1,1,True,True,False,False,0.6666666666666666,Uttar Pradesh|SHRAWASTI|Balrampur|Balrampur (MB) - Ward No.10||,9,9,200,8,False,other_uttar pradesh,other_shrawasti
Hemant Tukaram Godse,NA - Crematoriums or structures on burial/ cremation ground for public convenience,Normal/Others,Maharashtra,NASHIK,DISTRICT COLLECTOR NASHIK_IDA,,,Sinnar,Pandhurli,2024-02-25,697000.0,Action Pending,Unsanctioned,Lok Sabha,False,640,eb55eba0f3f9c09011638317208a3ee7,1,na crematoriums or structures on burial cremation ground for public convenience,82,11,11,building,False,True,False,False,False,False,False,False,13.454542124461861,0.839622641509434,51,994000.0,981347.2352941176,506614.1991908868,0.7012072434607646,-0.5612697704648791,492,430000.0,471904.2174796748,412350.68459874584,1.6209302325581396,0.5458843429334028,18,992500.0,836428.2777777778,410398.5006485347,0.7022670025188917,-0.3397387601500624,18,992500.0,836428.2777777778,410398.5006485347,0.7022670025188917,-0.3397387601500624,38,994000.0,930597.6052631579,344745.7832391345,0.7012072434607646,-0.677593799896087,197,500000.0,630154.3248730964,588758.041654943,1.394,0.11353675091894579,2024,2,1,6,25,18,18,8,8,False,False,True,True,0.6666666666666666,Maharashtra|NASHIK|||Sinnar|Pandhurli,18,18,51,38,False,building_maharashtra,building_nashik
Girish Chandra,NA - Lighting of public spaces,Normal/Others,Uttar Pradesh,NAGINA(SC),DISTRICT MAGISTRATE BIJNOR_IDA,Nagina,Nagina (MB) - Ward No.4,,,2024-02-25,174000.0,Action Pending,Unsanctioned,Lok Sabha,False,641,b06c95f0673774d5986a09eff3945f23,1,na lighting of public spaces,30,5,5,electrical,False,False,False,True,False,False,False,False,12.066816325306588,0.36522911051212936,200,63275.0,152708.3,281498.1621176738,2.7499012248123273,0.07563708352418838,492,430000.0,471904.2174796748,412350.68459874584,0.4046511627906977,-0.7224535537501587,5,174000.0,174000.0,0.0,1.0,0.0,5,174000.0,174000.0,0.0,1.0,0.0,5,174000.0,174000.0,0.0,1.0,0.0,145,430000.0,386886.22068965517,275909.89582542237,0.4046511627906977,-0.7715787795605401,2024,2,1,6,25,5,5,2,2,True,True,False,False,0.6666666666666666,Uttar Pradesh|NAGINA(SC)|Nagina|Nagina (MB) - Ward No.4||,5,5,200,5,False,electrical_uttar pradesh,electrical_nagina(sc)
Girish Chandra,NA - Lighting of public spaces,Normal/Others,Uttar Pradesh,NAGINA(SC),DISTRICT MAGISTRATE BIJNOR_IDA,Nagina,Nagina (MB) - Ward No.5,,,2024-02-25,174000.0,Action Pending,Unsanctioned,Lok Sabha,False,642,beee6714c9094384600d883678a309af,1,na lighting of public spaces,30,5,5,electrical,False,False,False,True,False,False,False,False,12.066816325306588,0.36522911051212936,200,63275.0,152708.3,281498.1621176738,2.7499012248123273,0.07563708352418838,492,430000.0,471904.2174796748,412350.68459874584,0.4046511627906977,-0.7224535537501587,5,174000.0,174000.0,0.0,1.0,0.0,5,174000.0,174000.0,0.0,1.0,0.0,5,174000.0,174000.0,0.0,1.0,0.0,145,430000.0,386886.22068965517,275909.89582542237,0.4046511627906977,-0.7715787795605401,2024,2,1,6,25,5,5,1,1,True,True,False,False,0.6666666666666666,Uttar Pradesh|NAGINA(SC)|Nagina|Nagina (MB) - Ward No.5||,5,5,200,5,False,electrical_uttar pradesh,electrical_nagina(sc)
Rajveer Raju Bhaiya Singh,NA - Construction of bus-sheds or bus-stops,Normal/Others,Uttar Pradesh,ETAH,DISTRICT MAGISTRATE KASGANJ KANSHIRAMNAGAR_IDA,Soron,Soron (MB) - Ward No.1,,,2024-02-25,538600.0,Action Pending,Unsanctioned,Lok Sabha,False,643,0620ce43589eb87fc6e1195b0d03ab48,1,na construction of bus sheds or bus stops,43,8,7,building,False,True,False,False,False,False,False,False,13.196730316023341,0.8018867924528302,200,63275.0,152708.3,281498.1621176738,8.512050572896088,1.3708498027020402,492,430000.0,471904.2174796748,412350.68459874584,1.2525581395348837,0.1617452935363165,1,,,,,,1,,,,,,1,,,,,,197,500000.0,630154.3248730964,588758.041654943,1.0772,-0.1555041602756642,2024,2,1,6,25,1,1,1,1,True,True,False,False,0.6666666666666666,Uttar Pradesh|ETAH|Soron|Soron (MB) - Ward No.1||,1,1,200,1,False,building_uttar pradesh,building_etah
Vinayak Bhaurao Raut,"NA - Construction of roads, link roads, pathways or any other road with or without drainage system",Normal/Others,Maharashtra,RATNAGIRI-SINDHUDURG,DISTRICT COLLECTOR SINDHUDURG_IDA,,,Kankavli,Satral,2024-02-25,999000.0,Action Pending,Unsanctioned,Lok Sabha,False,644,64a65326ff9becd86a4f08841bfa2e6d,1,na construction of roads link roads pathways or any other road with or without drainage system,98,16,14,road,True,False,False,False,False,False,True,False,13.81451105863119,0.921832884097035,51,994000.0,981347.2352941176,506614.1991908868,1.0050301810865192,0.034844591276903855,492,430000.0,471904.2174796748,412350.68459874584,2.3232558139534882,1.2782706618596658,7,999000.0,955142.8571428572,559178.6919436483,1.0,0.07843135564536602,7,999000.0,955142.8571428572,559178.6919436483,1.0,0.07843135564536602,7,999000.0,955142.8571428572,559178.6919436483,1.0,0.07843135564536602,147,500000.0,549006.8027210884,314411.18040611234,1.998,1.4312251768454078,2024,2,1,6,25,7,7,2,2,False,False,True,True,0.6666666666666666,Maharashtra|RATNAGIRI-SINDHUDURG|||Kankavli|Satral,7,7,51,7,False,road_maharashtra,road_ratnagiri-sindhudurg
Vinayak Bhaurao Raut,NA - Construction of water tanks,Normal/Others,Maharashtra,RATNAGIRI-SINDHUDURG,DISTRICT COLLECTOR SINDHUDURG_IDA,,,Vengurla,Palkarwadi,2024-02-25,200000.0,Action Pending,Unsanctioned,Lok Sabha,False,645,9863691789a97bff447329538f6ba438,1,na construction of water tanks,32,5,5,water,False,False,True,False,False,False,False,False,12.206077645517674,0.396900269541779,51,994000.0,981347.2352941176,506614.1991908868,0.2012072434607646,-1.5422924121392703,492,430000.0,471904.2174796748,412350.68459874584,0.46511627906976744,-0.6594004269551824,7,999000.0,955142.8571428572,559178.6919436483,0.2002002002002002,-1.3504499867798205,7,999000.0,955142.8571428572,559178.6919436483,0.2002002002002002,-1.3504499867798205,7,999000.0,955142.8571428572,559178.6919436483,0.2002002002002002,-1.3504499867798205,188,63275.0,95541.96808510639,125413.82079489212,3.1608060055314104,0.8329068618819083,2024,2,1,6,25,7,7,1,1,False,False,True,True,0.6666666666666666,Maharashtra|RATNAGIRI-SINDHUDURG|||Vengurla|Palkarwadi,7,7,51,7,False,water_maharashtra,water_ratnagiri-sindhudurg
Hemant Tukaram Godse,NA - Crematoriums or structures on burial/ cremation ground for public convenience,Normal/Others,Maharashtra,NASHIK,DISTRICT COLLECTOR NASHIK_IDA,,,Sinnar,Paste,2024-02-25,195800.0,Action Pending,Unsanctioned,Lok Sabha,False,646,0c16a115bf3f6288ac3b6ab7a1d8916f,1,na crematoriums or structures on burial cremation ground for public convenience,82,11,11,building,False,True,False,False,False,False,False,False,12.184854116317803,0.3706199460916442,51,994000.0,981347.2352941176,506614.1991908868,0.19698189134808852,-1.5505827443224343,492,430000.0,471904.2174796748,412350.68459874584,0.4553488372093023,-0.6695859320528325,18,992500.0,836428.2777777778,410398.5006485347,0.19727959697732997,-1.5609907852134477,18,992500.0,836428.2777777778,410398.5006485347,0.19727959697732997,-1.5609907852134477,38,994000.0,930597.6052631579,344745.7832391345,0.19698189134808852,-2.131418688748579,197,500000.0,630154.3248730964,588758.041654943,0.3916,-0.737746738290262,2024,2,1,6,25,18,18,7,7,False,False,True,True,0.6666666666666666,Maharashtra|NASHIK|||Sinnar|Paste,18,18,51,38,False,building_maharashtra,building_nashik
Heena Vijaykumar Gavit,NA - Construction of community centers and community halls,Normal/Others,Maharashtra,NANDURBAR(ST),DISTRICT COLLECTOR NANDURBAR_IDA,,,Nandurbar,Dudhale,2024-02-25,1000000.0,Action Pending,Unsanctioned,Lok Sabha,False,647,571bda59c63a6a56cff3f6f3a9c2ba56,1,na construction of community centers and community halls,58,8,7,building,False,True,False,False,False,False,False,False,13.815511557963774,0.9420485175202157,51,994000.0,981347.2352941176,506614.1991908868,1.0060362173038229,0.036818479891942875,492,430000.0,471904.2174796748,412350.68459874584,2.3255813953488373,1.280695782121011,3,,,,,,3,,,,,,2,,,,,,197,500000.0,630154.3248730964,588758.041654943,2.0,0.6281794030146959,2024,2,1,6,25,3,3,1,1,False,False,True,True,0.6666666666666666,Maharashtra|NANDURBAR(ST)|||Nandurbar|Dudhale,3,3,51,2,False,building_maharashtra,building_nandurbar(st)
Hemant Tukaram Godse,NA - Construction of community centers and community halls,Normal/Others,Maharashtra,NASHIK,DISTRICT COLLECTOR NASHIK_IDA,,,Igatpuri,Manjargaon,2024-02-25,989000.0,Action Pending,Unsanctioned,Lok Sabha,False,648,9dfae6218b65b29ebbf3493fd5c3b640,1,na construction of community centers and community halls,58,8,7,building,False,True,False,False,False,False,False,False,13.804450621726684,0.8908355795148248,51,994000.0,981347.2352941176,506614.1991908868,0.9949698189134809,0.015105705126513692,492,430000.0,471904.2174796748,412350.68459874584,2.3,1.2540194592462135,18,992500.0,836428.2777777778,410398.5006485347,0.9964735516372796,0.37176481390921234,18,992500.0,836428.2777777778,410398.5006485347,0.9964735516372796,0.37176481390921234,38,994000.0,930597.6052631579,344745.7832391345,0.9949698189134809,0.16940713295492596,197,500000.0,630154.3248730964,588758.041654943,1.978,0.6094960064039591,2024,2,1,6,25,18,18,13,13,False,False,True,True,0.6666666666666666,Maharashtra|NASHIK|||Igatpuri|Manjargaon,18,18,51,38,False,building_maharashtra,building_nashik
Hemant Tukaram Godse,"NA - Construction of roads, link roads, pathways or any other road with or without drainage system",Normal/Others,Maharashtra,NASHIK,DISTRICT COLLECTOR NASHIK_IDA,,,Sinnar,Pandhurli,2024-02-25,700000.0,Action Pending,Unsanctioned,Lok Sabha,False,649,37d865cc7b54d5dabd89465419b11683,1,na construction of roads link roads pathways or any other road with or without drainage system,98,16,14,road,True,False,False,False,False,False,True,False,13.45883704259595,0.8497304582210242,51,994000.0,981347.2352941176,506614.1991908868,0.704225352112676,-0.555348104619762,492,430000.0,471904.2174796748,412350.68459874584,1.627906976744186,0.5531597037174386,18,992500.0,836428.2777777778,410398.5006485347,0.7052896725440806,-0.332428791923426,18,992500.0,836428.2777777778,410398.5006485347,0.7052896725440806,-0.332428791923426,38,994000.0,930597.6052631579,344745.7832391345,0.704225352112676,-0.6688917355174807,147,500000.0,549006.8027210884,314411.18040611234,1.4,0.4802411831661957,2024,2,1,6,25,18,18,14,14,False,False,True,True,0.6666666666666666,Maharashtra|NASHIK|||Sinnar|Pandhurli,18,18,51,38,False,road_maharashtra,road_nashik
Heena Vijaykumar Gavit,NA - Construction of community centers and community halls,Normal/Others,Maharashtra,NANDURBAR(ST),DISTRICT COLLECTOR DHULE_IDA,,,Sakri,Khori,2024-02-25,1000000.0,Action Pending,Unsanctioned,Lok Sabha,False,650,520ab3ea4ee9842d78b69d06187a5f8c,1,na construction of community centers and community halls,58,8,7,building,False,True,False,False,False,False,False,False,13.815511557963774,0.9420485175202157,51,994000.0,981347.2352941176,506614.1991908868,1.0060362173038229,0.036818479891942875,492,430000.0,471904.2174796748,412350.68459874584,2.3255813953488373,1.280695782121011,3,,,,,,3,,,,,,1,,,,,,197,500000.0,630154.3248730964,588758.041654943,2.0,0.6281794030146959,2024,2,1,6,25,3,3,2,2,False,False,True,True,0.6666666666666666,Maharashtra|NANDURBAR(ST)|||Sakri|Khori,3,3,51,1,False,building_maharashtra,building_nandurbar(st)
Hemant Tukaram Godse,"NA - Construction of roads, link roads, pathways or any other road with or without drainage system",Normal/Others,Maharashtra,NASHIK,DISTRICT COLLECTOR NASHIK_IDA,,,Igatpuri,Pimparisaddroddin,2024-02-25,995000.0,Action Pending,Unsanctioned,Lok Sabha,False,651,a0a749583759fde6abf414b89ec7c3cd,1,na construction of roads link roads pathways or any other road with or without drainage system,98,16,14,road,True,False,False,False,False,False,True,False,13.81049902116535,0.9130727762803235,51,994000.0,981347.2352941176,506614.1991908868,1.0010060362173039,0.02694903681674779,492,430000.0,471904.2174796748,412350.68459874584,2.313953488372093,1.268570180814285,18,992500.0,836428.2777777778,410398.5006485347,1.0025188916876575,0.3863847503624851,18,992500.0,836428.2777777778,410398.5006485347,1.0025188916876575,0.3863847503624851,38,994000.0,930597.6052631579,344745.7832391345,1.0010060362173039,0.18681126171213855,147,500000.0,549006.8027210884,314411.18040611234,1.99,1.418502982950034,2024,2,1,6,25,18,18,15,15,False,False,True,True,0.6666666666666666,Maharashtra|NASHIK|||Igatpuri|Pimparisaddroddin,18,18,51,38,False,road_maharashtra,road_nashik
Heena Vijaykumar Gavit,NA - Construction of community centers and community halls,Normal/Others,Maharashtra,NANDURBAR(ST),DISTRICT COLLECTOR NANDURBAR_IDA,,,Akkalkuwa,Korai,2024-02-25,3500000.0,Action Pending,Unsanctioned,Lok Sabha,False,652,52158c9dd858913b72a6737aaac6340e,1,na construction of community centers and community halls,58,8,7,building,False,True,False,False,False,False,False,False,15.068273812173887,0.9986522911051213,51,994000.0,981347.2352941176,506614.1991908868,3.5211267605633805,4.971540017489484,492,430000.0,471904.2174796748,412350.68459874584,8.13953488372093,7.343496435484117,3,,,,,,3,,,,,,2,,,,,,197,500000.0,630154.3248730964,588758.041654943,7.0,4.8744059054548785,2024,2,1,6,25,3,3,3,3,False,False,True,True,0.6666666666666666,Maharashtra|NANDURBAR(ST)|||Akkalkuwa|Korai,3,3,51,2,False,building_maharashtra,building_nandurbar(st)
Hemant Tukaram Godse,NA - Street lights,Normal/Others,Maharashtra,NASHIK,DISTRICT COLLECTOR NASHIK_IDA,,,Igatpuri,Pimpalgaon Mor,2024-02-25,248000.0,Action Pending,Unsanctioned,Lok Sabha,False,653,29b678784842838e81af47539a4cfcdd,1,na street lights,18,3,3,electrical,False,False,False,True,False,False,False,False,12.421188057397055,0.4359838274932615,51,994000.0,981347.2352941176,506614.1991908868,0.24949698189134809,-1.4475457586173976,492,430000.0,471904.2174796748,412350.68459874584,0.5767441860465117,-0.5429946544106108,18,992500.0,836428.2777777778,410398.5006485347,0.24987405541561714,-1.4337973380699744,18,992500.0,836428.2777777778,410398.5006485347,0.24987405541561714,-1.4337973380699744,38,994000.0,930597.6052631579,344745.7832391345,0.24949698189134809,-1.9800027685608295,145,430000.0,386886.22068965517,275909.89582542237,0.5767441860465117,-0.5033752786363749,2024,2,1,6,25,18,18,17,17,False,False,True,True,0.6666666666666666,Maharashtra|NASHIK|||Igatpuri|Pimpalgaon Mor,18,18,51,38,False,electrical_maharashtra,electrical_nashik
Hemant Tukaram Godse,NA - Street lights,Normal/Others,Maharashtra,NASHIK,DISTRICT COLLECTOR NASHIK_IDA,,,Igatpuri,Takeghoti,2024-02-25,248000.0,Action Pending,Unsanctioned,Lok Sabha,False,654,1324569595388b2d233f606231255895,1,na street lights,18,3,3,electrical,False,False,False,True,False,False,False,False,12.421188057397055,0.4359838274932615,51,994000.0,981347.2352941176,506614.1991908868,0.24949698189134809,-1.4475457586173976,492,430000.0,471904.2174796748,412350.68459874584,0.5767441860465117,-0.5429946544106108,18,992500.0,836428.2777777778,410398.5006485347,0.24987405541561714,-1.4337973380699744,18,992500.0,836428.2777777778,410398.5006485347,0.24987405541561714,-1.4337973380699744,38,994000.0,930597.6052631579,344745.7832391345,0.24949698189134809,-1.9800027685608295,145,430000.0,386886.22068965517,275909.89582542237,0.5767441860465117,-0.5033752786363749,2024,2,1,6,25,18,18,16,16,False,False,True,True,0.6666666666666666,Maharashtra|NASHIK|||Igatpuri|Takeghoti,18,18,51,38,False,electrical_maharashtra,electrical_nashik
Sonia Gandhi,NA - Installing hand pumps,Normal/Others,Uttar Pradesh,RAE BARELI,DISTRICT MAGISTRATE RAE BARELI_IDA,Rae Bareli,Rae Bareli (MB) - Ward No.18,,,2024-02-25,48790.0,Action Pending,Unsanctioned,Lok Sabha,False,655,49ea953722130f04804df1ec62e87a85,1,na installing hand pumps,26,4,4,water,False,False,True,False,False,False,False,False,10.795301148603121,0.014824797843665768,200,63275.0,152708.3,281498.1621176738,0.7710786250493876,-0.36916155763943975,492,430000.0,471904.2174796748,412350.68459874584,0.11346511627906977,-1.0261028616731964,1,,,,,,1,,,,,,1,,,,,,188,63275.0,95541.96808510639,125413.82079489212,0.7710786250493876,-0.3727816263692886,2024,2,1,6,25,1,1,1,1,True,True,False,False,0.6666666666666666,Uttar Pradesh|RAE BARELI|Rae Bareli|Rae Bareli (MB) - Ward No.18||,1,1,200,1,False,water_uttar pradesh,water_rae bareli
Smt Mangal Suresh Angadi,NA - Construction of buildings for community cultural activities,Normal/Others,Karnataka,BELGAUM,DEPUTY COMMISSIONER BELGAUM_IDA,Bail Hongal,Bail Hongal (TMC) - Ward No.13,,,2024-02-25,500000.0,Action Pending,Unsanctioned,Lok Sabha,False,656,1e6f8b525a0ddf06ab3c71251b8f81f4,1,na construction of buildings for community cultural activities,64,8,8,building,False,True,False,False,False,False,False,False,13.122365377402328,0.7277628032345014,54,500000.0,471296.2962962963,84452.65048950804,1.0,0.33987925230682614,492,430000.0,471904.2174796748,412350.68459874584,1.1627906976744187,0.06813565144839016,3,,,,,,3,,,,,,3,,,,,,197,500000.0,630154.3248730964,588758.041654943,1.0,-0.2210658974733406,2024,2,1,6,25,3,3,1,1,True,True,False,False,0.6666666666666666,Karnataka|BELGAUM|Bail Hongal|Bail Hongal (TMC) - Ward No.13||,3,3,54,3,False,building_karnataka,building_belgaum
Smt Pramila Bisoyi,"NA - Construction of roads, link roads, pathways or any other road with or without drainage system",Normal/Others,Odisha,ASKA,DISTRICT COLLECTOR GANJAM_IDA,,,Patapur,Pudamari,2024-02-25,240000.0,Action Pending,Unsanctioned,Lok Sabha,False,657,b993fc6f7e1e53391ce46f67cecd338a,1,na construction of roads link roads pathways or any other road with or without drainage system,98,16,14,road,True,False,False,False,False,False,True,False,12.388398368982115,0.433288409703504,141,300000.0,377021.27659574465,471165.34052867413,0.8,-0.2908135739398807,492,430000.0,471904.2174796748,412350.68459874584,0.5581395348837209,-0.5623956165013728,20,300000.0,552000.0,522318.71697773115,0.8,-0.5973364343619759,20,300000.0,552000.0,522318.71697773115,0.8,-0.5973364343619759,22,350000.0,547272.7272727273,497059.7532172548,0.6857142857142857,-0.6181806619503643,147,500000.0,549006.8027210884,314411.18040611234,0.48,-0.9828111148018231,2024,2,1,6,25,20,20,13,13,False,False,True,True,0.6666666666666666,Odisha|ASKA|||Patapur|Pudamari,20,20,141,22,False,road_odisha,road_aska
Smt Pramila Bisoyi,NA - Construction of community centers and community halls,Normal/Others,Odisha,ASKA,DISTRICT COLLECTOR GANJAM_IDA,Hinjilicut,9,,,2024-02-25,2000000.0,Action Pending,Unsanctioned,Lok Sabha,False,658,c2e2c06231ed419fa57cdaaf4ee7ea1f,1,na construction of community centers and community halls,58,8,7,building,False,True,False,False,False,False,False,False,14.508658238524095,0.988544474393531,141,300000.0,377021.27659574465,471165.34052867413,6.666666666666667,3.4446055000208236,492,430000.0,471904.2174796748,412350.68459874584,4.651162790697675,3.7058160434662533,20,300000.0,552000.0,522318.71697773115,6.666666666666667,2.77225370819276,20,300000.0,552000.0,522318.71697773115,6.666666666666667,2.77225370819276,22,350000.0,547272.7272727273,497059.7532172548,5.714285714285714,2.9226411177416627,197,500000.0,630154.3248730964,588758.041654943,4.0,2.326670003990769,2024,2,1,6,25,20,20,12,12,True,True,False,False,0.6666666666666666,Odisha|ASKA|Hinjilicut|9||,20,20,141,22,False,building_odisha,building_aska
Smt Pramila Bisoyi,NA - Construction of community centers and community halls,Normal/Others,Odisha,ASKA,DISTRICT COLLECTOR GANJAM_IDA,,,Asika,Charamaria,2024-02-25,900000.0,Action Pending,Unsanctioned,Lok Sabha,False,659,8e033f57180b61cd1dd2ccd0a89e3e59,1,na construction of community centers and community halls,58,8,7,building,False,True,False,False,False,False,False,False,13.710151153416941,0.8854447439353099,141,300000.0,377021.27659574465,471165.34052867413,3.0,1.1099685787953835,492,430000.0,471904.2174796748,412350.68459874584,2.0930232558139537,1.038183755986487,20,300000.0,552000.0,522318.71697773115,3.0,0.6662598690960501,20,300000.0,552000.0,522318.71697773115,3.0,0.6662598690960501,22,350000.0,547272.7272727273,497059.7532172548,2.5714285714285716,0.7096275054341459,197,500000.0,630154.3248730964,588758.041654943,1.8,0.45833034291708863,2024,2,1,6,25,20,20,11,11,False,False,True,True,0.6666666666666666,Odisha|ASKA|||Asika|Charamaria,20,20,141,22,False,building_odisha,building_aska
Smt Pramila Bisoyi,NA - Construction of community centers and community halls,Normal/Others,Odisha,ASKA,DISTRICT COLLECTOR GANJAM_IDA,Kavisurjyanagar,Kavisurjyanagar (Nac) - Ward No.16,,,2024-02-25,400000.0,Action Pending,Unsanctioned,Lok Sabha,False,660,edeae1d763d79190f5f22457527712b6,1,na construction of community centers and community halls,58,8,7,building,False,True,False,False,False,False,False,False,12.899222326086994,0.5545822102425876,141,300000.0,377021.27659574465,471165.34052867413,1.3333333333333333,0.04876997823836516,492,430000.0,471904.2174796748,412350.68459874584,0.9302325581395349,-0.17437637468613404,20,300000.0,552000.0,522318.71697773115,1.3333333333333333,-0.29101005776609085,20,300000.0,552000.0,522318.71697773115,1.3333333333333333,-0.29101005776609085,22,350000.0,547272.7272727273,497059.7532172548,1.1428571428571428,-0.2962877728874527,197,500000.0,630154.3248730964,588758.041654943,0.8,-0.3909149575709479,2024,2,1,6,25,20,20,10,10,True,True,False,False,0.6666666666666666,Odisha|ASKA|Kavisurjyanagar|Kavisurjyanagar (Nac) - Ward No.16||,20,20,141,22,False,building_odisha,building_aska
Smt Pramila Bisoyi,NA - Construction of community centers and community halls,Normal/Others,Odisha,ASKA,DISTRICT COLLECTOR GANJAM_IDA,Kavisurjyanagar,Kavisurjyanagar (Nac) - Ward No.17,,,2024-02-25,300000.0,Action Pending,Unsanctioned,Lok Sabha,False,661,8bea11fd1f197c88be08fc1e92eb3e16,1,na construction of community centers and community halls,58,8,7,building,False,True,False,False,False,False,False,False,12.611541086966115,0.488544474393531,141,300000.0,377021.27659574465,471165.34052867413,1.0,-0.1634697418730385,492,430000.0,471904.2174796748,412350.68459874584,0.6976744186046512,-0.41688840082065826,20,300000.0,552000.0,522318.71697773115,1.0,-0.48246404313851904,20,300000.0,552000.0,522318.71697773115,1.0,-0.48246404313851904,22,350000.0,547272.7272727273,497059.7532172548,0.8571428571428571,-0.49747082855177244,197,500000.0,630154.3248730964,588758.041654943,0.6,-0.5607640176685552,2024,2,1,6,25,20,20,9,9,True,True,False,False,0.6666666666666666,Odisha|ASKA|Kavisurjyanagar|Kavisurjyanagar (Nac) - Ward No.17||,20,20,141,22,False,building_odisha,building_aska
Smt Pramila Bisoyi,NA - Construction of community centers and community halls,Normal/Others,Odisha,ASKA,DISTRICT COLLECTOR GANJAM_IDA,Kavisurjyanagar,Kavisurjyanagar (Nac) - Ward No.7,,,2024-02-25,300000.0,Action Pending,Unsanctioned,Lok Sabha,False,662,22d829a70483fa61db63fc2b8a5efe87,1,na construction of community centers and community halls,58,8,7,building,False,True,False,False,False,False,False,False,12.611541086966115,0.488544474393531,141,300000.0,377021.27659574465,471165.34052867413,1.0,-0.1634697418730385,492,430000.0,471904.2174796748,412350.68459874584,0.6976744186046512,-0.41688840082065826,20,300000.0,552000.0,522318.71697773115,1.0,-0.48246404313851904,20,300000.0,552000.0,522318.71697773115,1.0,-0.48246404313851904,22,350000.0,547272.7272727273,497059.7532172548,0.8571428571428571,-0.49747082855177244,197,500000.0,630154.3248730964,588758.041654943,0.6,-0.5607640176685552,2024,2,1,6,25,20,20,8,8,True,True,False,False,0.6666666666666666,Odisha|ASKA|Kavisurjyanagar|Kavisurjyanagar (Nac) - Ward No.7||,20,20,141,22,False,building_odisha,building_aska
Smt Pramila Bisoyi,NA - Crematoriums or structures on burial/ cremation ground for public convenience,Normal/Others,Odisha,ASKA,DISTRICT COLLECTOR GANJAM_IDA,Kavisurjyanagar,Kavisurjyanagar (Nac) - Ward No.13,,,2024-02-25,300000.0,Action Pending,Unsanctioned,Lok Sabha,False,663,25b21f330ff3e58543035688b496a234,1,na crematoriums or structures on burial cremation ground for public convenience,82,11,11,building,False,True,False,False,False,False,False,False,12.611541086966115,0.488544474393531,141,300000.0,377021.27659574465,471165.34052867413,1.0,-0.1634697418730385,492,430000.0,471904.2174796748,412350.68459874584,0.6976744186046512,-0.41688840082065826,20,300000.0,552000.0,522318.71697773115,1.0,-0.48246404313851904,20,300000.0,552000.0,522318.71697773115,1.0,-0.48246404313851904,22,350000.0,547272.7272727273,497059.7532172548,0.8571428571428571,-0.49747082855177244,197,500000.0,630154.3248730964,588758.041654943,0.6,-0.5607640176685552,2024,2,1,6,25,20,20,7,7,True,True,False,False,0.6666666666666666,Odisha|ASKA|Kavisurjyanagar|Kavisurjyanagar (Nac) - Ward No.13||,20,20,141,22,False,building_odisha,building_aska
Smt Pramila Bisoyi,NA - Construction of community centers and community halls,Normal/Others,Odisha,ASKA,DISTRICT COLLECTOR GANJAM_IDA,Hinjilicut,21,,,2024-02-25,2000000.0,Action Pending,Unsanctioned,Lok Sabha,False,664,4655a3fde34de4c9e00805788d94d04c,1,na construction of community centers and community halls,58,8,7,building,False,True,False,False,False,False,False,False,14.508658238524095,0.988544474393531,141,300000.0,377021.27659574465,471165.34052867413,6.666666666666667,3.4446055000208236,492,430000.0,471904.2174796748,412350.68459874584,4.651162790697675,3.7058160434662533,20,300000.0,552000.0,522318.71697773115,6.666666666666667,2.77225370819276,20,300000.0,552000.0,522318.71697773115,6.666666666666667,2.77225370819276,22,350000.0,547272.7272727273,497059.7532172548,5.714285714285714,2.9226411177416627,197,500000.0,630154.3248730964,588758.041654943,4.0,2.326670003990769,2024,2,1,6,25,20,20,6,6,True,True,False,False,0.6666666666666666,Odisha|ASKA|Hinjilicut|21||,20,20,141,22,False,building_odisha,building_aska
Smt Poonamben Hematbhai Maadam,NA - Construction of community centers and community halls,Normal/Others,Gujarat,JAMNAGAR,DISTRICT COLLECTOR JAMNAGAR_IDA,Jamnagar,Jamnagar (M Corp.) - Ward No.2,,,2024-02-25,400000.0,Action Pending,Unsanctioned,Lok Sabha,False,665,51c110650c1935518d0c2e3864d7a1f4,1,na construction of community centers and community halls,58,8,7,building,False,True,False,False,False,False,False,False,12.899222326086994,0.5545822102425876,5,450000.0,560000.0,248495.47279578357,0.8888888888888888,-0.6438749092684269,492,430000.0,471904.2174796748,412350.68459874584,0.9302325581395349,-0.17437637468613404,1,,,,,,1,,,,,,1,,,,,,197,500000.0,630154.3248730964,588758.041654943,0.8,-0.3909149575709479,2024,2,1,6,25,1,1,1,1,True,True,False,False,0.6666666666666666,Gujarat|JAMNAGAR|Jamnagar|Jamnagar (M Corp.) - Ward No.2||,1,1,5,1,False,building_gujarat,building_jamnagar
Smt Pramila Bisoyi,NA - Construction of community centers and community halls,Normal/Others,Odisha,ASKA,DISTRICT COLLECTOR GANJAM_IDA,,,Khalikote,Bania,2024-02-25,300000.0,Action Pending,Unsanctioned,Lok Sabha,False,666,99ac8b42299d011f5207138d693795a0,1,na construction of community centers and community halls,58,8,7,building,False,True,False,False,False,False,False,False,12.611541086966115,0.488544474393531,141,300000.0,377021.27659574465,471165.34052867413,1.0,-0.1634697418730385,492,430000.0,471904.2174796748,412350.68459874584,0.6976744186046512,-0.41688840082065826,20,300000.0,552000.0,522318.71697773115,1.0,-0.48246404313851904,20,300000.0,552000.0,522318.71697773115,1.0,-0.48246404313851904,22,350000.0,547272.7272727273,497059.7532172548,0.8571428571428571,-0.49747082855177244,197,500000.0,630154.3248730964,588758.041654943,0.6,-0.5607640176685552,2024,2,1,6,25,20,20,5,5,False,False,True,True,0.6666666666666666,Odisha|ASKA|||Khalikote|Bania,20,20,141,22,False,building_odisha,building_aska
Shri Chandra Sekhar Sahu,NA - Construction of public irrigation facilities,Normal/Others,Odisha,BERHAMPUR,DISTRICT COLLECTOR GANJAM_IDA,,,Brahmapur Sadar,Nalihada,2024-02-25,500000.0,Action Pending,Unsanctioned,Lok Sabha,False,667,a717e2b1b8dbb72a76c8c0a3e7c35d75,2,na construction of public irrigation facilities,49,6,6,other,False,False,False,False,False,False,False,False,13.122365377402328,0.7277628032345014,141,300000.0,377021.27659574465,471165.34052867413,1.6666666666666667,0.26100969834976884,492,430000.0,471904.2174796748,412350.68459874584,1.1627906976744187,0.06813565144839016,2,,,,,,2,,,,,,22,350000.0,547272.7272727273,497059.7532172548,1.4285714285714286,-0.095104717223133,50,100000.0,266712.36,314672.4568884196,5.0,0.7413665698829244,2024,2,1,6,25,2,2,2,2,False,False,True,True,0.6666666666666666,Odisha|BERHAMPUR|||Brahmapur Sadar|Nalihada,2,2,141,22,True,other_odisha,other_berhampur
Shri Chandra Sekhar Sahu,NA - Construction of public irrigation facilities,Normal/Others,Odisha,BERHAMPUR,DISTRICT COLLECTOR GANJAM_IDA,,,Brahmapur Sadar,Nalihada,2024-02-25,500000.0,Action Pending,Unsanctioned,Lok Sabha,False,668,a717e2b1b8dbb72a76c8c0a3e7c35d75,2,na construction of public irrigation facilities,49,6,6,other,False,False,False,False,False,False,False,False,13.122365377402328,0.7277628032345014,141,300000.0,377021.27659574465,471165.34052867413,1.6666666666666667,0.26100969834976884,492,430000.0,471904.2174796748,412350.68459874584,1.1627906976744187,0.06813565144839016,2,,,,,,2,,,,,,22,350000.0,547272.7272727273,497059.7532172548,1.4285714285714286,-0.095104717223133,50,100000.0,266712.36,314672.4568884196,5.0,0.7413665698829244,2024,2,1,6,25,2,2,1,1,False,False,True,True,0.6666666666666666,Odisha|BERHAMPUR|||Brahmapur Sadar|Nalihada,2,2,141,22,True,other_odisha,other_berhampur
Smt Pramila Bisoyi,"NA - Construction of roads, link roads, pathways or any other road with or without drainage system",Repair and Renovation,Odisha,ASKA,DISTRICT COLLECTOR GANJAM_IDA,,,Seragad,Gangadharapur,2024-02-25,300000.0,Action Pending,Unsanctioned,Lok Sabha,False,669,54c8edd23f87557d951c3ba77fa72d68,1,na construction of roads link roads pathways or any other road with or without drainage system,98,16,14,road,True,False,False,False,False,False,True,False,12.611541086966115,0.488544474393531,141,300000.0,377021.27659574465,471165.34052867413,1.0,-0.1634697418730385,492,430000.0,471904.2174796748,412350.68459874584,0.6976744186046512,-0.41688840082065826,20,300000.0,552000.0,522318.71697773115,1.0,-0.48246404313851904,20,300000.0,552000.0,522318.71697773115,1.0,-0.48246404313851904,22,350000.0,547272.7272727273,497059.7532172548,0.8571428571428571,-0.49747082855177244,147,500000.0,549006.8027210884,314411.18040611234,0.6,-0.791978206371212,2024,2,1,6,25,20,20,4,4,False,False,True,True,0.6666666666666666,Odisha|ASKA|||Seragad|Gangadharapur,20,20,141,22,False,road_odisha,road_aska
Smt Pramila Bisoyi,NA - Construction of community centers and community halls,Normal/Others,Odisha,ASKA,DISTRICT COLLECTOR GANJAM_IDA,,,Badagada,Padmanabhapur,2024-02-25,500000.0,Action Pending,Unsanctioned,Lok Sabha,False,670,e80487749faff02eea22517bb7eab879,1,na construction of community centers and community halls,58,8,7,building,False,True,False,False,False,False,False,False,13.122365377402328,0.7277628032345014,141,300000.0,377021.27659574465,471165.34052867413,1.6666666666666667,0.26100969834976884,492,430000.0,471904.2174796748,412350.68459874584,1.1627906976744187,0.06813565144839016,20,300000.0,552000.0,522318.71697773115,1.6666666666666667,-0.09955607239366265,20,300000.0,552000.0,522318.71697773115,1.6666666666666667,-0.09955607239366265,22,350000.0,547272.7272727273,497059.7532172548,1.4285714285714286,-0.095104717223133,197,500000.0,630154.3248730964,588758.041654943,1.0,-0.2210658974733406,2024,2,1,6,25,20,20,16,16,False,False,True,True,0.6666666666666666,Odisha|ASKA|||Badagada|Padmanabhapur,20,20,141,22,False,building_odisha,building_aska
Smt Pramila Bisoyi,NA - Construction of community centers and community halls,Normal/Others,Odisha,ASKA,DISTRICT COLLECTOR GANJAM_IDA,,,Seragad,Sunantara,2024-02-25,200000.0,Action Pending,Unsanctioned,Lok Sabha,False,671,7b1e23e5a85bfb24bfa5e0d2d88db848,1,na construction of community centers and community halls,58,8,7,building,False,True,False,False,False,False,False,False,12.206077645517674,0.396900269541779,141,300000.0,377021.27659574465,471165.34052867413,0.6666666666666666,-0.3757094619844422,492,430000.0,471904.2174796748,412350.68459874584,0.46511627906976744,-0.6594004269551824,20,300000.0,552000.0,522318.71697773115,0.6666666666666666,-0.6739180285109473,20,300000.0,552000.0,522318.71697773115,0.6666666666666666,-0.6739180285109473,22,350000.0,547272.7272727273,497059.7532172548,0.5714285714285714,-0.6986538842160922,197,500000.0,630154.3248730964,588758.041654943,0.4,-0.7306130777661625,2024,2,1,6,25,20,20,14,14,False,False,True,True,0.6666666666666666,Odisha|ASKA|||Seragad|Sunantara,20,20,141,22,False,building_odisha,building_aska
Smt Pramila Bisoyi,NA - Construction of community centers and community halls,Normal/Others,Odisha,ASKA,DISTRICT COLLECTOR GANJAM_IDA,,,Patapur,Batagada,2024-02-25,500000.0,Action Pending,Unsanctioned,Lok Sabha,False,672,5b937ed48febf0890cb6edc5e8e59cf4,1,na construction of community centers and community halls,58,8,7,building,False,True,False,False,False,False,False,False,13.122365377402328,0.7277628032345014,141,300000.0,377021.27659574465,471165.34052867413,1.6666666666666667,0.26100969834976884,492,430000.0,471904.2174796748,412350.68459874584,1.1627906976744187,0.06813565144839016,20,300000.0,552000.0,522318.71697773115,1.6666666666666667,-0.09955607239366265,20,300000.0,552000.0,522318.71697773115,1.6666666666666667,-0.09955607239366265,22,350000.0,547272.7272727273,497059.7532172548,1.4285714285714286,-0.095104717223133,197,500000.0,630154.3248730964,588758.041654943,1.0,-0.2210658974733406,2024,2,1,6,25,20,20,15,15,False,False,True,True,0.6666666666666666,Odisha|ASKA|||Patapur|Batagada,20,20,141,22,False,building_odisha,building_aska
Smt Pramila Bisoyi,NA - Construction of community centers and community halls,Normal/Others,Odisha,ASKA,DISTRICT COLLECTOR GANJAM_IDA,,,Khalikote,Parinuagam,2024-02-25,300000.0,Action Pending,Unsanctioned,Lok Sabha,False,673,cd26d1be74aacf51d3e929b71de7cd0b,1,na construction of community centers and community halls,58,8,7,building,False,True,False,False,False,False,False,False,12.611541086966115,0.488544474393531,141,300000.0,377021.27659574465,471165.34052867413,1.0,-0.1634697418730385,492,430000.0,471904.2174796748,412350.68459874584,0.6976744186046512,-0.41688840082065826,20,300000.0,552000.0,522318.71697773115,1.0,-0.48246404313851904,20,300000.0,552000.0,522318.71697773115,1.0,-0.48246404313851904,22,350000.0,547272.7272727273,497059.7532172548,0.8571428571428571,-0.49747082855177244,197,500000.0,630154.3248730964,588758.041654943,0.6,-0.5607640176685552,2024,2,1,6,25,20,20,19,19,False,False,True,True,0.6666666666666666,Odisha|ASKA|||Khalikote|Parinuagam,20,20,141,22,False,building_odisha,building_aska
Smt Pramila Bisoyi,NA - Construction of community centers and community halls,Normal/Others,Odisha,ASKA,DISTRICT COLLECTOR GANJAM_IDA,,,Khalikote,Patrapur,2024-02-25,300000.0,Action Pending,Unsanctioned,Lok Sabha,False,674,66f009d5b271fdd89922e9552b377672,1,na construction of community centers and community halls,58,8,7,building,False,True,False,False,False,False,False,False,12.611541086966115,0.488544474393531,141,300000.0,377021.27659574465,471165.34052867413,1.0,-0.1634697418730385,492,430000.0,471904.2174796748,412350.68459874584,0.6976744186046512,-0.41688840082065826,20,300000.0,552000.0,522318.71697773115,1.0,-0.48246404313851904,20,300000.0,552000.0,522318.71697773115,1.0,-0.48246404313851904,22,350000.0,547272.7272727273,497059.7532172548,0.8571428571428571,-0.49747082855177244,197,500000.0,630154.3248730964,588758.041654943,0.6,-0.5607640176685552,2024,2,1,6,25,20,20,17,17,False,False,True,True,0.6666666666666666,Odisha|ASKA|||Khalikote|Patrapur,20,20,141,22,False,building_odisha,building_aska
Smt Mangal Suresh Angadi,NA - Construction of buildings for community cultural activities,Normal/Others,Karnataka,BELGAUM,DEPUTY COMMISSIONER BELGAUM_IDA,Bail Hongal,Bail Hongal (TMC) - Ward No.9,,,2024-02-25,500000.0,Action Pending,Unsanctioned,Lok Sabha,False,675,a67643af5967ae54b1c47c2a6ed1e165,1,na construction of buildings for community cultural activities,64,8,8,building,False,True,False,False,False,False,False,False,13.122365377402328,0.7277628032345014,54,500000.0,471296.2962962963,84452.65048950804,1.0,0.33987925230682614,492,430000.0,471904.2174796748,412350.68459874584,1.1627906976744187,0.06813565144839016,3,,,,,,3,,,,,,3,,,,,,197,500000.0,630154.3248730964,588758.041654943,1.0,-0.2210658974733406,2024,2,1,6,25,3,3,2,2,True,True,False,False,0.6666666666666666,Karnataka|BELGAUM|Bail Hongal|Bail Hongal (TMC) - Ward No.9||,3,3,54,3,False,building_karnataka,building_belgaum
Ram Shiromani,NA - Installing community drinking water plants,Normal/Others,Uttar Pradesh,SHRAWASTI,DISTRICT MAGISTRATE SHRAVASTI_IDA,Bhinga,Ward 11,,,2024-02-25,626000.0,Action Pending,Unsanctioned,Lok Sabha,False,676,dff6623cdef70c7ef49ae0c6250ed3b8,1,na installing community drinking water plants,47,6,6,water,False,False,True,False,False,False,False,False,13.347107247525049,0.8247978436657682,200,63275.0,152708.3,281498.1621176738,9.893322797313315,1.6813314035142843,492,430000.0,471904.2174796748,412350.68459874584,1.455813953488372,0.37370080437789066,9,258000.0,346197.1111111111,266825.79439048073,2.4263565891472867,1.0486350824066772,9,258000.0,346197.1111111111,266825.79439048073,2.4263565891472867,1.0486350824066772,1,,,,,,188,63275.0,95541.96808510639,125413.82079489212,9.893322797313315,4.229661679651962,2024,2,1,6,25,9,9,9,9,True,True,False,False,0.6666666666666666,Uttar Pradesh|SHRAWASTI|Bhinga|Ward 11||,9,9,200,1,False,water_uttar pradesh,water_shrawasti
Ram Shiromani,NA - Development of public parks,Normal/Others,Uttar Pradesh,SHRAWASTI,DISTRICT MAGISTRATE BALRAMPUR_IDA,Balrampur,Balrampur (MB) - Ward No.6,,,2024-02-25,497000.0,Action Pending,Unsanctioned,Lok Sabha,False,677,097d4e6f08ecabfaaf6ee19b9d18f379,1,na development of public parks,32,5,5,other,False,False,False,False,False,False,False,False,13.116347317149176,0.6549865229110512,200,63275.0,152708.3,281498.1621176738,7.8546029237455555,1.2230690865259606,492,430000.0,471904.2174796748,412350.68459874584,1.155813953488372,0.060860290664354444,9,258000.0,346197.1111111111,266825.79439048073,1.926356589147287,0.565173577889548,9,258000.0,346197.1111111111,266825.79439048073,1.926356589147287,0.565173577889548,8,258000.0,311221.75,262268.1759212723,1.926356589147287,0.7083522404020797,50,100000.0,266712.36,314672.4568884196,4.97,0.7318328470090988,2024,2,1,6,25,9,9,8,8,True,True,False,False,0.6666666666666666,Uttar Pradesh|SHRAWASTI|Balrampur|Balrampur (MB) - Ward No.6||,9,9,200,8,False,other_uttar pradesh,other_shrawasti
Vinayak Bhaurao Raut,"NA - Construction of roads, link roads, pathways or any other road with or without drainage system",Normal/Others,Maharashtra,RATNAGIRI-SINDHUDURG,DISTRICT COLLECTOR SINDHUDURG_IDA,,,Kudal,Pandur,2024-02-25,1000000.0,Action Pending,Unsanctioned,Lok Sabha,False,678,5158b27bba7a88007ee78389435b990e,1,na construction of roads link roads pathways or any other road with or without drainage system,98,16,14,road,True,False,False,False,False,False,True,False,13.815511557963774,0.9420485175202157,51,994000.0,981347.2352941176,506614.1991908868,1.0060362173038229,0.036818479891942875,492,430000.0,471904.2174796748,412350.68459874584,2.3255813953488373,1.280695782121011,7,999000.0,955142.8571428572,559178.6919436483,1.001001001001001,0.08021969274477175,7,999000.0,955142.8571428572,559178.6919436483,1.001001001001001,0.08021969274477175,7,999000.0,955142.8571428572,559178.6919436483,1.001001001001001,0.08021969274477175,147,500000.0,549006.8027210884,314411.18040611234,2.0,1.4344057253192515,2024,2,1,6,25,7,7,7,7,False,False,True,True,0.6666666666666666,Maharashtra|RATNAGIRI-SINDHUDURG|||Kudal|Pandur,7,7,51,7,False,road_maharashtra,road_ratnagiri-sindhudurg
Anurag Singh Thakur,NA - Crematoriums or structures on burial/ cremation ground for public convenience,Normal/Others,Himachal Pradesh,HAMIRPUR_HP,DEPUTY COMMISSIONER HAMIRPUR_IDA,,,Tauni Devi Bamson,Lag (62/19),2024-02-25,200000.0,Action Pending,Unsanctioned,Lok Sabha,False,679,6e67f928cdd3c2cd9ff85b197396c33c,1,na crematoriums or structures on burial cremation ground for public convenience,82,11,11,building,False,True,False,False,False,False,False,False,12.206077645517674,0.396900269541779,14,125000.0,130425.0,84048.34860867972,1.6,0.8277973470238409,492,430000.0,471904.2174796748,412350.68459874584,0.46511627906976744,-0.6594004269551824,11,150000.0,156363.63636363635,75136.23989430495,1.3333333333333333,0.5807632069125025,11,150000.0,156363.63636363635,75136.23989430495,1.3333333333333333,0.5807632069125025,4,,,,,,197,500000.0,630154.3248730964,588758.041654943,0.4,-0.7306130777661625,2024,2,1,6,25,11,11,11,11,False,False,True,True,0.6666666666666666,Himachal Pradesh|HAMIRPUR_HP|||Tauni Devi Bamson|Lag (62/19),11,11,14,4,False,building_himachal pradesh,building_hamirpur_hp
SHRI Devender Paul Vats,NA - Purchase of mobile water tankers,Normal/Others,Haryana,Sitting Rajya Sabha,Deputy Commissioner Jind_IDA,,,Narwana,Dablain (76),2024-02-25,155000.0,Action Pending,Unsanctioned,Rajya Sabha,False,680,f66ae7e42b3798d911bda0740657f26f,1,na purchase of mobile water tankers,37,6,6,water,False,False,True,False,False,False,False,False,11.951186847493476,0.3497304582210243,2,,,,,,250,63275.0,283357.784,490170.3503311154,2.449624654286843,-0.26186362335725305,1,,,,,,238,63275.0,240501.87394957984,440718.5852830861,2.449624654286843,-0.19400560086355229,1,,,,,,188,63275.0,95541.96808510639,125413.82079489212,2.449624654286843,0.4740947332442265,2024,2,1,6,25,1,120,1,6,False,False,True,True,0.6666666666666666,Haryana|Sitting Rajya Sabha|||Narwana|Dablain (76),1,238,2,1,False,water_haryana,water_sitting rajya sabha
Brijendra Singh,NA - Purchase of mobile water tankers,Normal/Others,Haryana,HISAR,DEPUTY COMMISSIONER HISSAR_IDA,,,Adampur,Mothsara(221),2024-02-25,155000.0,Action Pending,Unsanctioned,Lok Sabha,False,681,3faa5be52f962f9502cfdaebeb84ec7b,1,na purchase of mobile water tankers,37,6,6,water,False,False,True,False,False,False,False,False,11.951186847493476,0.3497304582210243,2,,,,,,492,430000.0,471904.2174796748,412350.68459874584,0.36046511627906974,-0.7685308387157184,1,,,,,,1,,,,,,1,,,,,,188,63275.0,95541.96808510639,125413.82079489212,2.449624654286843,0.4740947332442265,2024,2,1,6,25,1,1,1,1,False,False,True,True,0.6666666666666666,Haryana|HISAR|||Adampur|Mothsara(221),1,1,2,1,False,water_haryana,water_hisar
Ram Shiromani,"NA - Construction of roads, link roads, pathways or any other road with or without drainage system",Normal/Others,Uttar Pradesh,SHRAWASTI,DISTRICT MAGISTRATE BALRAMPUR_IDA,Balrampur,Balrampur (MB) - Ward No.11,,,2024-02-25,833000.0,Action Pending,Unsanctioned,Lok Sabha,False,682,998588cbcfae193dfc318c7d2f8bea6f,1,na construction of roads link roads pathways or any other road with or without drainage system,98,16,14,road,True,False,False,False,False,False,True,False,13.632790121628451,0.8746630727762803,200,63275.0,152708.3,281498.1621176738,13.164757013038324,2.416682563332757,492,430000.0,471904.2174796748,412350.68459874584,1.9372093023255814,0.8757006984763558,9,258000.0,346197.1111111111,266825.79439048073,3.2286821705426356,1.8244221477946287,9,258000.0,346197.1111111111,266825.79439048073,3.2286821705426356,1.8244221477946287,8,258000.0,311221.75,262268.1759212723,3.2286821705426356,1.9894836579662927,147,500000.0,549006.8027210884,314411.18040611234,1.666,0.9032541301873838,2024,2,1,6,25,9,9,7,7,True,True,False,False,0.6666666666666666,Uttar Pradesh|SHRAWASTI|Balrampur|Balrampur (MB) - Ward No.11||,9,9,200,8,False,road_uttar pradesh,road_shrawasti
Ram Shiromani,NA - Lighting of public spaces,Normal/Others,Uttar Pradesh,SHRAWASTI,DISTRICT MAGISTRATE BALRAMPUR_IDA,Balrampur,Balrampur (MB) - Ward No.11,,,2024-02-25,258000.0,Action Pending,Unsanctioned,Lok Sabha,False,683,f4346431c072e32b2ef1a965a594cf5b,1,na lighting of public spaces,30,5,5,electrical,False,False,False,True,False,False,False,False,12.460718739865236,0.45148247978436656,200,63275.0,152708.3,281498.1621176738,4.07743974713552,0.37404045272588765,492,430000.0,471904.2174796748,412350.68459874584,0.6,-0.5187434517971584,9,258000.0,346197.1111111111,266825.79439048073,1.0,-0.3305419227274589,9,258000.0,346197.1111111111,266825.79439048073,1.0,-0.3305419227274589,8,258000.0,311221.75,262268.1759212723,1.0,-0.20292873816294094,145,430000.0,386886.22068965517,275909.89582542237,0.6,-0.46713156229527153,2024,2,1,6,25,9,9,6,6,True,True,False,False,0.6666666666666666,Uttar Pradesh|SHRAWASTI|Balrampur|Balrampur (MB) - Ward No.11||,9,9,200,8,False,electrical_uttar pradesh,electrical_shrawasti
Smt Pramila Bisoyi,NA - Construction of community centers and community halls,Normal/Others,Odisha,ASKA,DISTRICT COLLECTOR GANJAM_IDA,,,Khalikote,Nutanberhampur,2024-02-25,300000.0,Action Pending,Unsanctioned,Lok Sabha,False,684,7828df2880959e9d02a80c0368410496,1,na construction of community centers and community halls,58,8,7,building,False,True,False,False,False,False,False,False,12.611541086966115,0.488544474393531,141,300000.0,377021.27659574465,471165.34052867413,1.0,-0.1634697418730385,492,430000.0,471904.2174796748,412350.68459874584,0.6976744186046512,-0.41688840082065826,20,300000.0,552000.0,522318.71697773115,1.0,-0.48246404313851904,20,300000.0,552000.0,522318.71697773115,1.0,-0.48246404313851904,22,350000.0,547272.7272727273,497059.7532172548,0.8571428571428571,-0.49747082855177244,197,500000.0,630154.3248730964,588758.041654943,0.6,-0.5607640176685552,2024,2,1,6,25,20,20,20,20,False,False,True,True,0.6666666666666666,Odisha|ASKA|||Khalikote|Nutanberhampur,20,20,141,22,False,building_odisha,building_aska
Ram Shiromani,NA - Lighting of public spaces,Normal/Others,Uttar Pradesh,SHRAWASTI,DISTRICT MAGISTRATE BALRAMPUR_IDA,Tulsipur,Tulsipur (NP) - Ward No.11,,,2024-02-25,258000.0,Action Pending,Unsanctioned,Lok Sabha,False,685,fa8fa7e614d80536b1fe4fba28e7c352,2,na lighting of public spaces,30,5,5,electrical,False,False,False,True,False,False,False,False,12.460718739865236,0.45148247978436656,200,63275.0,152708.3,281498.1621176738,4.07743974713552,0.37404045272588765,492,430000.0,471904.2174796748,412350.68459874584,0.6,-0.5187434517971584,9,258000.0,346197.1111111111,266825.79439048073,1.0,-0.3305419227274589,9,258000.0,346197.1111111111,266825.79439048073,1.0,-0.3305419227274589,8,258000.0,311221.75,262268.1759212723,1.0,-0.20292873816294094,145,430000.0,386886.22068965517,275909.89582542237,0.6,-0.46713156229527153,2024,2,1,6,25,9,9,4,4,True,True,False,False,0.6666666666666666,Uttar Pradesh|SHRAWASTI|Tulsipur|Tulsipur (NP) - Ward No.11||,9,9,200,8,True,electrical_uttar pradesh,electrical_shrawasti
Ram Shiromani,NA - Lighting of public spaces,Normal/Others,Uttar Pradesh,SHRAWASTI,DISTRICT MAGISTRATE BALRAMPUR_IDA,Tulsipur,Tulsipur (NP) - Ward No.11,,,2024-02-25,258000.0,Action Pending,Unsanctioned,Lok Sabha,False,686,fa8fa7e614d80536b1fe4fba28e7c352,2,na lighting of public spaces,30,5,5,electrical,False,False,False,True,False,False,False,False,12.460718739865236,0.45148247978436656,200,63275.0,152708.3,281498.1621176738,4.07743974713552,0.37404045272588765,492,430000.0,471904.2174796748,412350.68459874584,0.6,-0.5187434517971584,9,258000.0,346197.1111111111,266825.79439048073,1.0,-0.3305419227274589,9,258000.0,346197.1111111111,266825.79439048073,1.0,-0.3305419227274589,8,258000.0,311221.75,262268.1759212723,1.0,-0.20292873816294094,145,430000.0,386886.22068965517,275909.89582542237,0.6,-0.46713156229527153,2024,2,1,6,25,9,9,3,3,True,True,False,False,0.6666666666666666,Uttar Pradesh|SHRAWASTI|Tulsipur|Tulsipur (NP) - Ward No.11||,9,9,200,8,True,electrical_uttar pradesh,electrical_shrawasti
Ram Shiromani,NA - Lighting of public spaces,Normal/Others,Uttar Pradesh,SHRAWASTI,DISTRICT MAGISTRATE BALRAMPUR_IDA,Balrampur,Balrampur (MB) - Ward No.11,,,2024-02-25,23578.0,Action Pending,Unsanctioned,Lok Sabha,False,687,c0a449beea6b125ea521b736d6013810,1,na lighting of public spaces,30,5,5,electrical,False,False,False,True,False,False,False,False,10.068111764371048,0.0047169811320754715,200,63275.0,152708.3,281498.1621176738,0.372627419992098,-0.45872519745269263,492,430000.0,471904.2174796748,412350.68459874584,0.05483255813953489,-1.0872449937022328,9,258000.0,346197.1111111111,266825.79439048073,0.09138759689922481,-1.2091001615795092,9,258000.0,346197.1111111111,266825.79439048073,0.09138759689922481,-1.2091001615795092,8,258000.0,311221.75,262268.1759212723,0.09138759689922481,-1.0967543011636491,145,430000.0,386886.22068965517,275909.89582542237,0.05483255813953489,-1.316764009506686,2024,2,1,6,25,9,9,5,5,True,True,False,False,0.6666666666666666,Uttar Pradesh|SHRAWASTI|Balrampur|Balrampur (MB) - Ward No.11||,9,9,200,8,False,electrical_uttar pradesh,electrical_shrawasti
Ram Shiromani,NA - Lighting of public spaces,Normal/Others,Uttar Pradesh,SHRAWASTI,DISTRICT MAGISTRATE BALRAMPUR_IDA,Tulsipur,Tulsipur (NP) - Ward No.9,,,2024-02-25,23578.0,Action Pending,Unsanctioned,Lok Sabha,False,688,4d673c093a42c1658bd45699a4094223,1,na lighting of public spaces,30,5,5,electrical,False,False,False,True,False,False,False,False,10.068111764371048,0.0047169811320754715,200,63275.0,152708.3,281498.1621176738,0.372627419992098,-0.45872519745269263,492,430000.0,471904.2174796748,412350.68459874584,0.05483255813953489,-1.0872449937022328,9,258000.0,346197.1111111111,266825.79439048073,0.09138759689922481,-1.2091001615795092,9,258000.0,346197.1111111111,266825.79439048073,0.09138759689922481,-1.2091001615795092,8,258000.0,311221.75,262268.1759212723,0.09138759689922481,-1.0967543011636491,145,430000.0,386886.22068965517,275909.89582542237,0.05483255813953489,-1.316764009506686,2024,2,1,6,25,9,9,2,2,True,True,False,False,0.6666666666666666,Uttar Pradesh|SHRAWASTI|Tulsipur|Tulsipur (NP) - Ward No.9||,9,9,200,8,False,electrical_uttar pradesh,electrical_shrawasti
Girish Chandra,NA - Lighting of public spaces,Normal/Others,Uttar Pradesh,NAGINA(SC),DISTRICT MAGISTRATE BIJNOR_IDA,Nagina,Nagina (MB) - Ward No.2,,,2024-02-25,174000.0,Action Pending,Unsanctioned,Lok Sabha,False,689,2f2bc950755b7ba3b5d7c1cfe1375c05,1,na lighting of public spaces,30,5,5,electrical,False,False,False,True,False,False,False,False,12.066816325306588,0.36522911051212936,200,63275.0,152708.3,281498.1621176738,2.7499012248123273,0.07563708352418838,492,430000.0,471904.2174796748,412350.68459874584,0.4046511627906977,-0.7224535537501587,5,174000.0,174000.0,0.0,1.0,0.0,5,174000.0,174000.0,0.0,1.0,0.0,5,174000.0,174000.0,0.0,1.0,0.0,145,430000.0,386886.22068965517,275909.89582542237,0.4046511627906977,-0.7715787795605401,2024,2,1,6,25,5,5,5,5,True,True,False,False,0.6666666666666666,Uttar Pradesh|NAGINA(SC)|Nagina|Nagina (MB) - Ward No.2||,5,5,200,5,False,electrical_uttar pradesh,electrical_nagina(sc)
Smt Pramila Bisoyi,NA - Construction of rooms and halls in school and colleges,Normal/Others,Odisha,ASKA,DISTRICT COLLECTOR GANJAM_IDA,,,Dharakote,Mundamarai (Ct),2024-02-25,300000.0,Action Pending,Unsanctioned,Lok Sabha,False,690,c35f32f179feba7d564961d228752037,1,na construction of rooms and halls in school and colleges,59,10,9,building,False,True,False,False,True,False,False,False,12.611541086966115,0.488544474393531,141,300000.0,377021.27659574465,471165.34052867413,1.0,-0.1634697418730385,492,430000.0,471904.2174796748,412350.68459874584,0.6976744186046512,-0.41688840082065826,20,300000.0,552000.0,522318.71697773115,1.0,-0.48246404313851904,20,300000.0,552000.0,522318.71697773115,1.0,-0.48246404313851904,22,350000.0,547272.7272727273,497059.7532172548,0.8571428571428571,-0.49747082855177244,197,500000.0,630154.3248730964,588758.041654943,0.6,-0.5607640176685552,2024,2,1,6,25,20,20,18,18,False,False,True,True,0.6666666666666666,Odisha|ASKA|||Dharakote|Mundamarai (Ct),20,20,141,22,False,building_odisha,building_aska
Anurag Singh Thakur,"NA - Construction of roads, link roads, pathways or any other road with or without drainage system",Normal/Others,Himachal Pradesh,HAMIRPUR_HP,DEPUTY COMMISSIONER BILASPUR_IDA,,,Ghumarwin,Sandyar (234),2024-02-25,100000.0,Action Pending,Unsanctioned,Lok Sabha,False,691,016291e4743bc006d58a1d8c56700c65,2,na construction of roads link roads pathways or any other road with or without drainage system,98,16,14,road,True,False,False,False,False,False,True,False,11.51293546492023,0.3059299191374663,14,125000.0,130425.0,84048.34860867972,0.8,-0.361994024911252,492,430000.0,471904.2174796748,412350.68459874584,0.23255813953488372,-0.9019124530897067,11,150000.0,156363.63636363635,75136.23989430495,0.6666666666666666,-0.7501524755953154,11,150000.0,156363.63636363635,75136.23989430495,0.6666666666666666,-0.7501524755953154,2,,,,,,147,500000.0,549006.8027210884,314411.18040611234,0.2,-1.428087901139916,2024,2,1,6,25,11,11,10,10,False,False,True,True,0.6666666666666666,Himachal Pradesh|HAMIRPUR_HP|||Ghumarwin|Sandyar (234),11,11,14,2,True,road_himachal pradesh,road_hamirpur_hp
Mala Rajya Laxmi Shah,NA - Construction of footpaths and pedestrian ways,Normal/Others,Uttarakhand,TEHRI GARHWAL,DISTRICT COLLECTOR UTTARKASHI_IDA,,,Dunda,Panjyala,2024-02-25,60000.0,Action Pending,Unsanctioned,Lok Sabha,False,692,2a434cd7bc5f6d9d3d9e5e67b6ba3273,1,na construction of footpaths and pedestrian ways,50,7,7,other,False,False,False,False,False,False,False,False,11.002116507732017,0.03908355795148248,45,70000.0,97555.55555555556,93957.32966607659,0.8571428571428571,-0.39970863038602344,492,430000.0,471904.2174796748,412350.68459874584,0.13953488372093023,-0.9989172635435164,44,70000.0,88409.09090909091,71980.07417489997,0.8571428571428571,-0.3946799337836385,44,70000.0,88409.09090909091,71980.07417489997,0.8571428571428571,-0.3946799337836385,44,70000.0,88409.09090909091,71980.07417489997,0.8571428571428571,-0.3946799337836385,50,100000.0,266712.36,314672.4568884196,0.6,-0.6569127849448183,2024,2,1,6,25,44,44,44,44,False,False,True,True,0.6666666666666666,Uttarakhand|TEHRI GARHWAL|||Dunda|Panjyala,44,44,45,44,False,other_uttarakhand,other_tehri garhwal
Smt Jaya Bachchan,NA - Lighting of public spaces,Normal/Others,Uttar Pradesh,Sitting Rajya Sabha,DISTRICT MAGISTRATE BHADOHI_IDA,,,Aurai,Pipar Gaon,2024-02-25,543036.0,Action Pending,Unsanctioned,Rajya Sabha,False,693,ce8fef792e4763f8e6c19e4862d11ee3,1,na lighting of public spaces,30,5,5,electrical,False,False,False,True,False,False,False,False,13.204932736557819,0.805256064690027,200,63275.0,152708.3,281498.1621176738,8.582157250098776,1.3866083425327393,250,63275.0,283357.784,490170.3503311154,8.582157250098776,0.5297713658620611,168,63275.0,74697.88095238095,73360.78743927367,8.582157250098776,6.384038876835916,238,63275.0,240501.87394957984,440718.5852830861,8.582157250098776,0.6864564739335735,168,63275.0,74697.88095238095,73360.78743927367,8.582157250098776,6.384038876835916,145,430000.0,386886.22068965517,275909.89582542237,1.2628744186046512,0.5659448308050036,2024,2,1,6,25,108,120,4,5,False,False,True,True,0.6666666666666666,Uttar Pradesh|Sitting Rajya Sabha|||Aurai|Pipar Gaon,168,238,200,168,False,electrical_uttar pradesh,electrical_sitting rajya sabha
Mala Rajya Laxmi Shah,NA - Construction of flood control embankments,Normal/Others,Uttarakhand,TEHRI GARHWAL,DISTRICT COLLECTOR UTTARKASHI_IDA,Naugaon,Naugaon (NP)- Naugaon Gaon Ward No.5,,,2024-02-25,70000.0,Action Pending,Unsanctioned,Lok Sabha,False,694,0427720e613c49d7089310ef1188434d,1,na construction of flood control embankments,46,6,6,other,False,False,False,False,False,False,False,False,11.156264806643742,0.2702156334231806,45,70000.0,97555.55555555556,93957.32966607659,1.0,-0.29327733827140184,492,430000.0,471904.2174796748,412350.68459874584,0.16279069767441862,-0.9746660609300639,44,70000.0,88409.09090909091,71980.07417489997,1.0,-0.2557525970917978,44,70000.0,88409.09090909091,71980.07417489997,1.0,-0.2557525970917978,44,70000.0,88409.09090909091,71980.07417489997,1.0,-0.2557525970917978,50,100000.0,266712.36,314672.4568884196,0.7,-0.6251337086987333,2024,2,1,6,25,44,44,42,42,True,True,False,False,0.6666666666666666,Uttarakhand|TEHRI GARHWAL|Naugaon|Naugaon (NP)- Naugaon Gaon Ward No.5||,44,44,45,44,False,other_uttarakhand,other_tehri garhwal
Mala Rajya Laxmi Shah,NA - Construction of footpaths and pedestrian ways,Normal/Others,Uttarakhand,TEHRI GARHWAL,DISTRICT COLLECTOR UTTARKASHI_IDA,Naugaon,Naugaon (NP)- Mulaana Ward No.7,,,2024-02-25,60000.0,Action Pending,Unsanctioned,Lok Sabha,False,695,13e0700e0f7e6c576b143d66f987ca04,1,na construction of footpaths and pedestrian ways,50,7,7,other,False,False,False,False,False,False,False,False,11.002116507732017,0.03908355795148248,45,70000.0,97555.55555555556,93957.32966607659,0.8571428571428571,-0.39970863038602344,492,430000.0,471904.2174796748,412350.68459874584,0.13953488372093023,-0.9989172635435164,44,70000.0,88409.09090909091,71980.07417489997,0.8571428571428571,-0.3946799337836385,44,70000.0,88409.09090909091,71980.07417489997,0.8571428571428571,-0.3946799337836385,44,70000.0,88409.09090909091,71980.07417489997,0.8571428571428571,-0.3946799337836385,50,100000.0,266712.36,314672.4568884196,0.6,-0.6569127849448183,2024,2,1,6,25,44,44,43,43,True,True,False,False,0.6666666666666666,Uttarakhand|TEHRI GARHWAL|Naugaon|Naugaon (NP)- Mulaana Ward No.7||,44,44,45,44,False,other_uttarakhand,other_tehri garhwal
Mala Rajya Laxmi Shah,NA - Construction of common work sheds/ common covered sitting area,Normal/Others,Uttarakhand,TEHRI GARHWAL,DISTRICT COLLECTOR UTTARKASHI_IDA,,,Barnigad,Pamari,2024-02-25,50000.0,Action Pending,Unsanctioned,Lok Sabha,False,696,2045af29fcb643bbdea962fc7d7e3c02,1,na construction of common work sheds common covered sitting area,67,10,9,building,False,True,False,False,False,False,False,False,10.819798284210286,0.022911051212938006,45,70000.0,97555.55555555556,93957.32966607659,0.7142857142857143,-0.506139922500645,492,430000.0,471904.2174796748,412350.68459874584,0.11627906976744186,-1.0231684661569689,44,70000.0,88409.09090909091,71980.07417489997,0.7142857142857143,-0.5336072704754793,44,70000.0,88409.09090909091,71980.07417489997,0.7142857142857143,-0.5336072704754793,44,70000.0,88409.09090909091,71980.07417489997,0.7142857142857143,-0.5336072704754793,197,500000.0,630154.3248730964,588758.041654943,0.1,-0.9853866679125735,2024,2,1,6,25,44,44,40,40,False,False,True,True,0.6666666666666666,Uttarakhand|TEHRI GARHWAL|||Barnigad|Pamari,44,44,45,44,False,building_uttarakhand,building_tehri garhwal
Mala Rajya Laxmi Shah,NA - Construction of footpaths and pedestrian ways,Normal/Others,Uttarakhand,TEHRI GARHWAL,DISTRICT COLLECTOR UTTARKASHI_IDA,,,Barnigad,Khirmu,2024-02-25,50000.0,Action Pending,Unsanctioned,Lok Sabha,False,697,0dc0f3baa13d77b887c0fcda571371fa,1,na construction of footpaths and pedestrian ways,50,7,7,other,False,False,False,False,False,False,False,False,10.819798284210286,0.022911051212938006,45,70000.0,97555.55555555556,93957.32966607659,0.7142857142857143,-0.506139922500645,492,430000.0,471904.2174796748,412350.68459874584,0.11627906976744186,-1.0231684661569689,44,70000.0,88409.09090909091,71980.07417489997,0.7142857142857143,-0.5336072704754793,44,70000.0,88409.09090909091,71980.07417489997,0.7142857142857143,-0.5336072704754793,44,70000.0,88409.09090909091,71980.07417489997,0.7142857142857143,-0.5336072704754793,50,100000.0,266712.36,314672.4568884196,0.5,-0.6886918611909034,2024,2,1,6,25,44,44,20,20,False,False,True,True,0.6666666666666666,Uttarakhand|TEHRI GARHWAL|||Barnigad|Khirmu,44,44,45,44,False,other_uttarakhand,other_tehri garhwal
Mala Rajya Laxmi Shah,NA - Construction of rooms and halls in school and colleges,Normal/Others,Uttarakhand,TEHRI GARHWAL,DISTRICT COLLECTOR UTTARKASHI_IDA,,,Rajgarhi,Mungra,2024-02-25,200000.0,Action Pending,Unsanctioned,Lok Sabha,False,698,62cbb23c1651e5348dd1b76227ff0b21,1,na construction of rooms and halls in school and colleges,59,10,9,building,False,True,False,False,True,False,False,False,12.206077645517674,0.396900269541779,45,70000.0,97555.55555555556,93957.32966607659,2.857142857142857,1.090329459218679,492,430000.0,471904.2174796748,412350.68459874584,0.46511627906976744,-0.6594004269551824,44,70000.0,88409.09090909091,71980.07417489997,2.857142857142857,1.550302779902132,44,70000.0,88409.09090909091,71980.07417489997,2.857142857142857,1.550302779902132,44,70000.0,88409.09090909091,71980.07417489997,2.857142857142857,1.550302779902132,197,500000.0,630154.3248730964,588758.041654943,0.4,-0.7306130777661625,2024,2,1,6,25,44,44,18,18,False,False,True,True,0.6666666666666666,Uttarakhand|TEHRI GARHWAL|||Rajgarhi|Mungra,44,44,45,44,False,building_uttarakhand,building_tehri garhwal
Mala Rajya Laxmi Shah,NA - Construction of flood control embankments,Normal/Others,Uttarakhand,TEHRI GARHWAL,DISTRICT COLLECTOR UTTARKASHI_IDA,,,Barnigad,Billagaon,2024-02-25,200000.0,Action Pending,Unsanctioned,Lok Sabha,False,699,19f8bb7c74164615cda5810ad8caa70e,1,na construction of flood control embankments,46,6,6,other,False,False,False,False,False,False,False,False,12.206077645517674,0.396900269541779,45,70000.0,97555.55555555556,93957.32966607659,2.857142857142857,1.090329459218679,492,430000.0,471904.2174796748,412350.68459874584,0.46511627906976744,-0.6594004269551824,44,70000.0,88409.09090909091,71980.07417489997,2.857142857142857,1.550302779902132,44,70000.0,88409.09090909091,71980.07417489997,2.857142857142857,1.550302779902132,44,70000.0,88409.09090909091,71980.07417489997,2.857142857142857,1.550302779902132,50,100000.0,266712.36,314672.4568884196,2.0,-0.21200571749962746,2024,2,1,6,25,44,44,41,41,False,False,True,True,0.6666666666666666,Uttarakhand|TEHRI GARHWAL|||Barnigad|Billagaon,44,44,45,44,False,other_uttarakhand,other_tehri garhwal
Mala Rajya Laxmi Shah,NA - Construction of public irrigation facilities,Repair and Renovation,Uttarakhand,TEHRI GARHWAL,DISTRICT COLLECTOR UTTARKASHI_IDA,,,Rajgarhi,Bingsi,2024-02-25,70000.0,Action Pending,Unsanctioned,Lok Sabha,False,700,fbf55ef22ff3d6a2b6228096d06de221,1,na construction of public irrigation facilities,49,6,6,other,False,False,False,False,False,False,False,False,11.156264806643742,0.2702156334231806,45,70000.0,97555.55555555556,93957.32966607659,1.0,-0.29327733827140184,492,430000.0,471904.2174796748,412350.68459874584,0.16279069767441862,-0.9746660609300639,44,70000.0,88409.09090909091,71980.07417489997,1.0,-0.2557525970917978,44,70000.0,88409.09090909091,71980.07417489997,1.0,-0.2557525970917978,44,70000.0,88409.09090909091,71980.07417489997,1.0,-0.2557525970917978,50,100000.0,266712.36,314672.4568884196,0.7,-0.6251337086987333,2024,2,1,6,25,44,44,17,17,False,False,True,True,0.6666666666666666,Uttarakhand|TEHRI GARHWAL|||Rajgarhi|Bingsi,44,44,45,44,False,other_uttarakhand,other_tehri garhwal
Mala Rajya Laxmi Shah,NA - Providing supply pipelines for drinking water,Normal/Others,Uttarakhand,TEHRI GARHWAL,DISTRICT COLLECTOR UTTARKASHI_IDA,,,Barnigad,Phiphiyara,2024-02-25,60000.0,Action Pending,Unsanctioned,Lok Sabha,False,701,b630b4b75bf40772901e93ef65ae16a7,1,na providing supply pipelines for drinking water,50,7,7,water,False,False,True,False,False,False,False,False,11.002116507732017,0.03908355795148248,45,70000.0,97555.55555555556,93957.32966607659,0.8571428571428571,-0.39970863038602344,492,430000.0,471904.2174796748,412350.68459874584,0.13953488372093023,-0.9989172635435164,44,70000.0,88409.09090909091,71980.07417489997,0.8571428571428571,-0.3946799337836385,44,70000.0,88409.09090909091,71980.07417489997,0.8571428571428571,-0.3946799337836385,44,70000.0,88409.09090909091,71980.07417489997,0.8571428571428571,-0.3946799337836385,188,63275.0,95541.96808510639,125413.82079489212,0.9482418016594232,-0.28339753832421277,2024,2,1,6,25,44,44,16,16,False,False,True,True,0.6666666666666666,Uttarakhand|TEHRI GARHWAL|||Barnigad|Phiphiyara,44,44,45,44,False,water_uttarakhand,water_tehri garhwal
Mala Rajya Laxmi Shah,NA - Construction of flood control embankments,Normal/Others,Uttarakhand,TEHRI GARHWAL,DISTRICT COLLECTOR UTTARKASHI_IDA,,,Rajgarhi,Pujargaon,2024-02-25,100000.0,Action Pending,Unsanctioned,Lok Sabha,False,702,631f4b1e9d4736c1f4c2cbc2759b50c8,1,na construction of flood control embankments,46,6,6,other,False,False,False,False,False,False,False,False,11.51293546492023,0.3059299191374663,45,70000.0,97555.55555555556,93957.32966607659,1.4285714285714286,0.02601653807246299,492,430000.0,471904.2174796748,412350.68459874584,0.23255813953488372,-0.9019124530897067,44,70000.0,88409.09090909091,71980.07417489997,1.4285714285714286,0.16102941298372447,44,70000.0,88409.09090909091,71980.07417489997,1.4285714285714286,0.16102941298372447,44,70000.0,88409.09090909091,71980.07417489997,1.4285714285714286,0.16102941298372447,50,100000.0,266712.36,314672.4568884196,1.0,-0.5297964799604781,2024,2,1,6,25,44,44,15,15,False,False,True,True,0.6666666666666666,Uttarakhand|TEHRI GARHWAL|||Rajgarhi|Pujargaon,44,44,45,44,False,other_uttarakhand,other_tehri garhwal
Mala Rajya Laxmi Shah,NA - Construction of flood control embankments,Normal/Others,Uttarakhand,TEHRI GARHWAL,DISTRICT COLLECTOR UTTARKASHI_IDA,,,Rajgarhi,Sarnaul,2024-02-25,60000.0,Action Pending,Unsanctioned,Lok Sabha,False,703,1d826d724fb0bea5cfe59c11b9f9091a,1,na construction of flood control embankments,46,6,6,other,False,False,False,False,False,False,False,False,11.002116507732017,0.03908355795148248,45,70000.0,97555.55555555556,93957.32966607659,0.8571428571428571,-0.39970863038602344,492,430000.0,471904.2174796748,412350.68459874584,0.13953488372093023,-0.9989172635435164,44,70000.0,88409.09090909091,71980.07417489997,0.8571428571428571,-0.3946799337836385,44,70000.0,88409.09090909091,71980.07417489997,0.8571428571428571,-0.3946799337836385,44,70000.0,88409.09090909091,71980.07417489997,0.8571428571428571,-0.3946799337836385,50,100000.0,266712.36,314672.4568884196,0.6,-0.6569127849448183,2024,2,1,6,25,44,44,14,14,False,False,True,True,0.6666666666666666,Uttarakhand|TEHRI GARHWAL|||Rajgarhi|Sarnaul,44,44,45,44,False,other_uttarakhand,other_tehri garhwal
Mala Rajya Laxmi Shah,NA - Construction of flood control embankments,Normal/Others,Uttarakhand,TEHRI GARHWAL,DISTRICT COLLECTOR UTTARKASHI_IDA,,,Barnigad,Kandi,2024-02-25,80000.0,Action Pending,Unsanctioned,Lok Sabha,False,704,c17dfeca978cd70cb7b9d908ac1a9aab,1,na construction of flood control embankments,46,6,6,other,False,False,False,False,False,False,False,False,11.289794413577894,0.2776280323450135,45,70000.0,97555.55555555556,93957.32966607659,1.1428571428571428,-0.18684604615678022,492,430000.0,471904.2174796748,412350.68459874584,0.18604651162790697,-0.9504148583166115,44,70000.0,88409.09090909091,71980.07417489997,1.1428571428571428,-0.11682526039995704,44,70000.0,88409.09090909091,71980.07417489997,1.1428571428571428,-0.11682526039995704,44,70000.0,88409.09090909091,71980.07417489997,1.1428571428571428,-0.11682526039995704,50,100000.0,266712.36,314672.4568884196,0.8,-0.5933546324526482,2024,2,1,6,25,44,44,13,13,False,False,True,True,0.6666666666666666,Uttarakhand|TEHRI GARHWAL|||Barnigad|Kandi,44,44,45,44,False,other_uttarakhand,other_tehri garhwal
Mala Rajya Laxmi Shah,NA - Construction of flood control embankments,Normal/Others,Uttarakhand,TEHRI GARHWAL,DISTRICT COLLECTOR UTTARKASHI_IDA,,,Rajgarhi,Bhatiya Pratham,2024-02-25,60000.0,Action Pending,Unsanctioned,Lok Sabha,False,705,e569e12ec5ff4c9d0a21d232acad0b55,1,na construction of flood control embankments,46,6,6,other,False,False,False,False,False,False,False,False,11.002116507732017,0.03908355795148248,45,70000.0,97555.55555555556,93957.32966607659,0.8571428571428571,-0.39970863038602344,492,430000.0,471904.2174796748,412350.68459874584,0.13953488372093023,-0.9989172635435164,44,70000.0,88409.09090909091,71980.07417489997,0.8571428571428571,-0.3946799337836385,44,70000.0,88409.09090909091,71980.07417489997,0.8571428571428571,-0.3946799337836385,44,70000.0,88409.09090909091,71980.07417489997,0.8571428571428571,-0.3946799337836385,50,100000.0,266712.36,314672.4568884196,0.6,-0.6569127849448183,2024,2,1,6,25,44,44,12,12,False,False,True,True,0.6666666666666666,Uttarakhand|TEHRI GARHWAL|||Rajgarhi|Bhatiya Pratham,44,44,45,44,False,other_uttarakhand,other_tehri garhwal
Mala Rajya Laxmi Shah,NA - Construction of footpaths and pedestrian ways,Normal/Others,Uttarakhand,TEHRI GARHWAL,DISTRICT COLLECTOR UTTARKASHI_IDA,,,Barnigad,Jugargaon,2024-02-25,60000.0,Action Pending,Unsanctioned,Lok Sabha,False,706,c8a62e71d06a9ee2aa144e78bdc05e62,1,na construction of footpaths and pedestrian ways,50,7,7,other,False,False,False,False,False,False,False,False,11.002116507732017,0.03908355795148248,45,70000.0,97555.55555555556,93957.32966607659,0.8571428571428571,-0.39970863038602344,492,430000.0,471904.2174796748,412350.68459874584,0.13953488372093023,-0.9989172635435164,44,70000.0,88409.09090909091,71980.07417489997,0.8571428571428571,-0.3946799337836385,44,70000.0,88409.09090909091,71980.07417489997,0.8571428571428571,-0.3946799337836385,44,70000.0,88409.09090909091,71980.07417489997,0.8571428571428571,-0.3946799337836385,50,100000.0,266712.36,314672.4568884196,0.6,-0.6569127849448183,2024,2,1,6,25,44,44,11,11,False,False,True,True,0.6666666666666666,Uttarakhand|TEHRI GARHWAL|||Barnigad|Jugargaon,44,44,45,44,False,other_uttarakhand,other_tehri garhwal
Mala Rajya Laxmi Shah,NA - Construction of common work sheds/ common covered sitting area,Normal/Others,Uttarakhand,TEHRI GARHWAL,DISTRICT COLLECTOR UTTARKASHI_IDA,,,Barnigad,Darogi,2024-02-25,100000.0,Action Pending,Unsanctioned,Lok Sabha,False,707,a9aa2a611ffe1b345e1a0c997aa84a0d,1,na construction of common work sheds common covered sitting area,67,10,9,building,False,True,False,False,False,False,False,False,11.51293546492023,0.3059299191374663,45,70000.0,97555.55555555556,93957.32966607659,1.4285714285714286,0.02601653807246299,492,430000.0,471904.2174796748,412350.68459874584,0.23255813953488372,-0.9019124530897067,44,70000.0,88409.09090909091,71980.07417489997,1.4285714285714286,0.16102941298372447,44,70000.0,88409.09090909091,71980.07417489997,1.4285714285714286,0.16102941298372447,44,70000.0,88409.09090909091,71980.07417489997,1.4285714285714286,0.16102941298372447,197,500000.0,630154.3248730964,588758.041654943,0.2,-0.9004621378637698,2024,2,1,6,25,44,44,10,10,False,False,True,True,0.6666666666666666,Uttarakhand|TEHRI GARHWAL|||Barnigad|Darogi,44,44,45,44,False,building_uttarakhand,building_tehri garhwal
Mala Rajya Laxmi Shah,NA - Construction of footpaths and pedestrian ways,Normal/Others,Uttarakhand,TEHRI GARHWAL,DISTRICT COLLECTOR UTTARKASHI_IDA,Naugaon,Naugaon (NP)- Mulaana Ward No.7,,,2024-02-25,50000.0,Action Pending,Unsanctioned,Lok Sabha,False,708,274a53bbbb4a346eb00ae604d91a88be,1,na construction of footpaths and pedestrian ways,50,7,7,other,False,False,False,False,False,False,False,False,10.819798284210286,0.022911051212938006,45,70000.0,97555.55555555556,93957.32966607659,0.7142857142857143,-0.506139922500645,492,430000.0,471904.2174796748,412350.68459874584,0.11627906976744186,-1.0231684661569689,44,70000.0,88409.09090909091,71980.07417489997,0.7142857142857143,-0.5336072704754793,44,70000.0,88409.09090909091,71980.07417489997,0.7142857142857143,-0.5336072704754793,44,70000.0,88409.09090909091,71980.07417489997,0.7142857142857143,-0.5336072704754793,50,100000.0,266712.36,314672.4568884196,0.5,-0.6886918611909034,2024,2,1,6,25,44,44,9,9,True,True,False,False,0.6666666666666666,Uttarakhand|TEHRI GARHWAL|Naugaon|Naugaon (NP)- Mulaana Ward No.7||,44,44,45,44,False,other_uttarakhand,other_tehri garhwal
Mala Rajya Laxmi Shah,NA - Construction of common work sheds/ common covered sitting area,Normal/Others,Uttarakhand,TEHRI GARHWAL,DISTRICT COLLECTOR UTTARKASHI_IDA,,,Rajgarhi,Koti Banal,2024-02-25,60000.0,Action Pending,Unsanctioned,Lok Sabha,False,709,3e4a577e0f94e2f86c706433c24f01ac,1,na construction of common work sheds common covered sitting area,67,10,9,building,False,True,False,False,False,False,False,False,11.002116507732017,0.03908355795148248,45,70000.0,97555.55555555556,93957.32966607659,0.8571428571428571,-0.39970863038602344,492,430000.0,471904.2174796748,412350.68459874584,0.13953488372093023,-0.9989172635435164,44,70000.0,88409.09090909091,71980.07417489997,0.8571428571428571,-0.3946799337836385,44,70000.0,88409.09090909091,71980.07417489997,0.8571428571428571,-0.3946799337836385,44,70000.0,88409.09090909091,71980.07417489997,0.8571428571428571,-0.3946799337836385,197,500000.0,630154.3248730964,588758.041654943,0.12,-0.9684017619028127,2024,2,1,6,25,44,44,8,8,False,False,True,True,0.6666666666666666,Uttarakhand|TEHRI GARHWAL|||Rajgarhi|Koti Banal,44,44,45,44,False,building_uttarakhand,building_tehri garhwal
Mala Rajya Laxmi Shah,NA - Construction of footpaths and pedestrian ways,Normal/Others,Uttarakhand,TEHRI GARHWAL,DISTRICT COLLECTOR UTTARKASHI_IDA,Naugaon,Naugaon (NP)- Mungra Ward No.2,,,2024-02-25,80000.0,Action Pending,Unsanctioned,Lok Sabha,False,710,8b2eaefb4d3938526958288932acae50,1,na construction of footpaths and pedestrian ways,50,7,7,other,False,False,False,False,False,False,False,False,11.289794413577894,0.2776280323450135,45,70000.0,97555.55555555556,93957.32966607659,1.1428571428571428,-0.18684604615678022,492,430000.0,471904.2174796748,412350.68459874584,0.18604651162790697,-0.9504148583166115,44,70000.0,88409.09090909091,71980.07417489997,1.1428571428571428,-0.11682526039995704,44,70000.0,88409.09090909091,71980.07417489997,1.1428571428571428,-0.11682526039995704,44,70000.0,88409.09090909091,71980.07417489997,1.1428571428571428,-0.11682526039995704,50,100000.0,266712.36,314672.4568884196,0.8,-0.5933546324526482,2024,2,1,6,25,44,44,7,7,True,True,False,False,0.6666666666666666,Uttarakhand|TEHRI GARHWAL|Naugaon|Naugaon (NP)- Mungra Ward No.2||,44,44,45,44,False,other_uttarakhand,other_tehri garhwal
Mala Rajya Laxmi Shah,NA - Crematoriums or structures on burial/ cremation ground for public convenience,Normal/Others,Uttarakhand,TEHRI GARHWAL,DISTRICT COLLECTOR UTTARKASHI_IDA,,,Rajgarhi,Bhatiya Pratham,2024-02-25,80000.0,Action Pending,Unsanctioned,Lok Sabha,False,711,84fd252952685f6ad27e63d31fde96ab,1,na crematoriums or structures on burial cremation ground for public convenience,82,11,11,building,False,True,False,False,False,False,False,False,11.289794413577894,0.2776280323450135,45,70000.0,97555.55555555556,93957.32966607659,1.1428571428571428,-0.18684604615678022,492,430000.0,471904.2174796748,412350.68459874584,0.18604651162790697,-0.9504148583166115,44,70000.0,88409.09090909091,71980.07417489997,1.1428571428571428,-0.11682526039995704,44,70000.0,88409.09090909091,71980.07417489997,1.1428571428571428,-0.11682526039995704,44,70000.0,88409.09090909091,71980.07417489997,1.1428571428571428,-0.11682526039995704,197,500000.0,630154.3248730964,588758.041654943,0.16,-0.9344319498832913,2024,2,1,6,25,44,44,6,6,False,False,True,True,0.6666666666666666,Uttarakhand|TEHRI GARHWAL|||Rajgarhi|Bhatiya Pratham,44,44,45,44,False,building_uttarakhand,building_tehri garhwal
Faggan Singh Kulaste,NA - Construction of community centers and community halls,Normal/Others,Madhya Pradesh,MANDLA(ST),District Collector Dindori_IDA,Dindori,Narmadaganj Ward,,,2024-02-25,500000.0,Action Pending,Unsanctioned,Lok Sabha,False,712,ad51fb1e1f2ea1758fede933163f1d6b,1,na construction of community centers and community halls,58,8,7,building,False,True,False,False,False,False,False,False,13.122365377402328,0.7277628032345014,3,,,,,,492,430000.0,471904.2174796748,412350.68459874584,1.1627906976744187,0.06813565144839016,1,,,,,,1,,,,,,1,,,,,,197,500000.0,630154.3248730964,588758.041654943,1.0,-0.2210658974733406,2024,2,1,6,25,1,1,1,1,True,True,False,False,0.6666666666666666,Madhya Pradesh|MANDLA(ST)|Dindori|Narmadaganj Ward||,1,1,3,1,False,building_madhya pradesh,building_mandla(st)
Mala Rajya Laxmi Shah,NA - Crematoriums or structures on burial/ cremation ground for public convenience,Normal/Others,Uttarakhand,TEHRI GARHWAL,DISTRICT COLLECTOR UTTARKASHI_IDA,,,Barnigad,Bajlari,2024-02-25,80000.0,Action Pending,Unsanctioned,Lok Sabha,False,713,0bb7096c9cbe392e637111f904daf276,1,na crematoriums or structures on burial cremation ground for public convenience,82,11,11,building,False,True,False,False,False,False,False,False,11.289794413577894,0.2776280323450135,45,70000.0,97555.55555555556,93957.32966607659,1.1428571428571428,-0.18684604615678022,492,430000.0,471904.2174796748,412350.68459874584,0.18604651162790697,-0.9504148583166115,44,70000.0,88409.09090909091,71980.07417489997,1.1428571428571428,-0.11682526039995704,44,70000.0,88409.09090909091,71980.07417489997,1.1428571428571428,-0.11682526039995704,44,70000.0,88409.09090909091,71980.07417489997,1.1428571428571428,-0.11682526039995704,197,500000.0,630154.3248730964,588758.041654943,0.16,-0.9344319498832913,2024,2,1,6,25,44,44,5,5,False,False,True,True,0.6666666666666666,Uttarakhand|TEHRI GARHWAL|||Barnigad|Bajlari,44,44,45,44,False,building_uttarakhand,building_tehri garhwal
Mala Rajya Laxmi Shah,NA - Crematoriums or structures on burial/ cremation ground for public convenience,Normal/Others,Uttarakhand,TEHRI GARHWAL,DISTRICT COLLECTOR UTTARKASHI_IDA,,,Puraula,Bhankoli,2024-02-25,60000.0,Action Pending,Unsanctioned,Lok Sabha,False,714,45c8c42162dfb97cd22b7cb5a83027df,1,na crematoriums or structures on burial cremation ground for public convenience,82,11,11,building,False,True,False,False,False,False,False,False,11.002116507732017,0.03908355795148248,45,70000.0,97555.55555555556,93957.32966607659,0.8571428571428571,-0.39970863038602344,492,430000.0,471904.2174796748,412350.68459874584,0.13953488372093023,-0.9989172635435164,44,70000.0,88409.09090909091,71980.07417489997,0.8571428571428571,-0.3946799337836385,44,70000.0,88409.09090909091,71980.07417489997,0.8571428571428571,-0.3946799337836385,44,70000.0,88409.09090909091,71980.07417489997,0.8571428571428571,-0.3946799337836385,197,500000.0,630154.3248730964,588758.041654943,0.12,-0.9684017619028127,2024,2,1,6,25,44,44,4,4,False,False,True,True,0.6666666666666666,Uttarakhand|TEHRI GARHWAL|||Puraula|Bhankoli,44,44,45,44,False,building_uttarakhand,building_tehri garhwal
Mala Rajya Laxmi Shah,NA - Construction of footpaths and pedestrian ways,Normal/Others,Uttarakhand,TEHRI GARHWAL,DISTRICT COLLECTOR UTTARKASHI_IDA,,,Puraula,Bhankoli,2024-02-25,60000.0,Action Pending,Unsanctioned,Lok Sabha,False,715,af57b48f8a57a9ed6edc179197019a3a,1,na construction of footpaths and pedestrian ways,50,7,7,other,False,False,False,False,False,False,False,False,11.002116507732017,0.03908355795148248,45,70000.0,97555.55555555556,93957.32966607659,0.8571428571428571,-0.39970863038602344,492,430000.0,471904.2174796748,412350.68459874584,0.13953488372093023,-0.9989172635435164,44,70000.0,88409.09090909091,71980.07417489997,0.8571428571428571,-0.3946799337836385,44,70000.0,88409.09090909091,71980.07417489997,0.8571428571428571,-0.3946799337836385,44,70000.0,88409.09090909091,71980.07417489997,0.8571428571428571,-0.3946799337836385,50,100000.0,266712.36,314672.4568884196,0.6,-0.6569127849448183,2024,2,1,6,25,44,44,3,3,False,False,True,True,0.6666666666666666,Uttarakhand|TEHRI GARHWAL|||Puraula|Bhankoli,44,44,45,44,False,other_uttarakhand,other_tehri garhwal
Mala Rajya Laxmi Shah,NA - Crematoriums or structures on burial/ cremation ground for public convenience,Normal/Others,Uttarakhand,TEHRI GARHWAL,DISTRICT COLLECTOR UTTARKASHI_IDA,,,Puraula,Mairiyara,2024-02-25,80000.0,Action Pending,Unsanctioned,Lok Sabha,False,716,0db7f6a9456dc38602d353d45f8d2b74,1,na crematoriums or structures on burial cremation ground for public convenience,82,11,11,building,False,True,False,False,False,False,False,False,11.289794413577894,0.2776280323450135,45,70000.0,97555.55555555556,93957.32966607659,1.1428571428571428,-0.18684604615678022,492,430000.0,471904.2174796748,412350.68459874584,0.18604651162790697,-0.9504148583166115,44,70000.0,88409.09090909091,71980.07417489997,1.1428571428571428,-0.11682526039995704,44,70000.0,88409.09090909091,71980.07417489997,1.1428571428571428,-0.11682526039995704,44,70000.0,88409.09090909091,71980.07417489997,1.1428571428571428,-0.11682526039995704,197,500000.0,630154.3248730964,588758.041654943,0.16,-0.9344319498832913,2024,2,1,6,25,44,44,2,2,False,False,True,True,0.6666666666666666,Uttarakhand|TEHRI GARHWAL|||Puraula|Mairiyara,44,44,45,44,False,building_uttarakhand,building_tehri garhwal
Mala Rajya Laxmi Shah,NA - Construction of footpaths and pedestrian ways,Normal/Others,Uttarakhand,TEHRI GARHWAL,DISTRICT COLLECTOR UTTARKASHI_IDA,,,Puraula,Kantari,2024-02-25,100000.0,Action Pending,Unsanctioned,Lok Sabha,False,717,9945cd4bc42dd9871e71ca41e3389c8f,1,na construction of footpaths and pedestrian ways,50,7,7,other,False,False,False,False,False,False,False,False,11.51293546492023,0.3059299191374663,45,70000.0,97555.55555555556,93957.32966607659,1.4285714285714286,0.02601653807246299,492,430000.0,471904.2174796748,412350.68459874584,0.23255813953488372,-0.9019124530897067,44,70000.0,88409.09090909091,71980.07417489997,1.4285714285714286,0.16102941298372447,44,70000.0,88409.09090909091,71980.07417489997,1.4285714285714286,0.16102941298372447,44,70000.0,88409.09090909091,71980.07417489997,1.4285714285714286,0.16102941298372447,50,100000.0,266712.36,314672.4568884196,1.0,-0.5297964799604781,2024,2,1,6,25,44,44,1,1,False,False,True,True,0.6666666666666666,Uttarakhand|TEHRI GARHWAL|||Puraula|Kantari,44,44,45,44,False,other_uttarakhand,other_tehri garhwal
Mala Rajya Laxmi Shah,NA - Construction of flood control embankments,Normal/Others,Uttarakhand,TEHRI GARHWAL,DISTRICT COLLECTOR UTTARKASHI_IDA,,,Puraula,Gundiyar Gaon,2024-02-25,100000.0,Action Pending,Unsanctioned,Lok Sabha,False,718,e30a10b7f3edd355cd387de3394177f8,1,na construction of flood control embankments,46,6,6,other,False,False,False,False,False,False,False,False,11.51293546492023,0.3059299191374663,45,70000.0,97555.55555555556,93957.32966607659,1.4285714285714286,0.02601653807246299,492,430000.0,471904.2174796748,412350.68459874584,0.23255813953488372,-0.9019124530897067,44,70000.0,88409.09090909091,71980.07417489997,1.4285714285714286,0.16102941298372447,44,70000.0,88409.09090909091,71980.07417489997,1.4285714285714286,0.16102941298372447,44,70000.0,88409.09090909091,71980.07417489997,1.4285714285714286,0.16102941298372447,50,100000.0,266712.36,314672.4568884196,1.0,-0.5297964799604781,2024,2,1,6,25,44,44,19,19,False,False,True,True,0.6666666666666666,Uttarakhand|TEHRI GARHWAL|||Puraula|Gundiyar Gaon,44,44,45,44,False,other_uttarakhand,other_tehri garhwal
Mala Rajya Laxmi Shah,NA - Construction of public irrigation facilities,Normal/Others,Uttarakhand,TEHRI GARHWAL,DISTRICT COLLECTOR UTTARKASHI_IDA,,,Puraula,Purola,2024-02-25,100000.0,Action Pending,Unsanctioned,Lok Sabha,False,719,c7917e6fd2796c5f0bad0f6d1f9998de,1,na construction of public irrigation facilities,49,6,6,other,False,False,False,False,False,False,False,False,11.51293546492023,0.3059299191374663,45,70000.0,97555.55555555556,93957.32966607659,1.4285714285714286,0.02601653807246299,492,430000.0,471904.2174796748,412350.68459874584,0.23255813953488372,-0.9019124530897067,44,70000.0,88409.09090909091,71980.07417489997,1.4285714285714286,0.16102941298372447,44,70000.0,88409.09090909091,71980.07417489997,1.4285714285714286,0.16102941298372447,44,70000.0,88409.09090909091,71980.07417489997,1.4285714285714286,0.16102941298372447,50,100000.0,266712.36,314672.4568884196,1.0,-0.5297964799604781,2024,2,1,6,25,44,44,21,21,False,False,True,True,0.6666666666666666,Uttarakhand|TEHRI GARHWAL|||Puraula|Purola,44,44,45,44,False,other_uttarakhand,other_tehri garhwal
Mala Rajya Laxmi Shah,NA - Development of playfields and sports grounds,Normal/Others,Uttarakhand,TEHRI GARHWAL,DISTRICT COLLECTOR UTTARKASHI_IDA,,,Puraula,Gundiyar Gaon,2024-02-25,500000.0,Action Pending,Unsanctioned,Lok Sabha,False,720,00fd9cf644a09fdf8764fc8b0fc2cad8,1,na development of playfields and sports grounds,49,7,7,other,False,False,False,False,False,False,False,False,13.122365377402328,0.7277628032345014,45,70000.0,97555.55555555556,93957.32966607659,7.142857142857143,4.283268222657327,492,430000.0,471904.2174796748,412350.68459874584,1.1627906976744187,0.06813565144839016,44,70000.0,88409.09090909091,71980.07417489997,7.142857142857143,5.718122880657354,44,70000.0,88409.09090909091,71980.07417489997,7.142857142857143,5.718122880657354,44,70000.0,88409.09090909091,71980.07417489997,7.142857142857143,5.718122880657354,50,100000.0,266712.36,314672.4568884196,5.0,0.7413665698829244,2024,2,1,6,25,44,44,39,39,False,False,True,True,0.6666666666666666,Uttarakhand|TEHRI GARHWAL|||Puraula|Gundiyar Gaon,44,44,45,44,False,other_uttarakhand,other_tehri garhwal
Mala Rajya Laxmi Shah,NA - Construction of flood control embankments,Normal/Others,Uttarakhand,TEHRI GARHWAL,DISTRICT COLLECTOR UTTARKASHI_IDA,Barkot,Barkot Govindnagar (NP) - Ward No.2,,,2024-02-25,100000.0,Action Pending,Unsanctioned,Lok Sabha,False,721,6ef49d49aad3a19ebad5407d2558d957,1,na construction of flood control embankments,46,6,6,other,False,False,False,False,False,False,False,False,11.51293546492023,0.3059299191374663,45,70000.0,97555.55555555556,93957.32966607659,1.4285714285714286,0.02601653807246299,492,430000.0,471904.2174796748,412350.68459874584,0.23255813953488372,-0.9019124530897067,44,70000.0,88409.09090909091,71980.07417489997,1.4285714285714286,0.16102941298372447,44,70000.0,88409.09090909091,71980.07417489997,1.4285714285714286,0.16102941298372447,44,70000.0,88409.09090909091,71980.07417489997,1.4285714285714286,0.16102941298372447,50,100000.0,266712.36,314672.4568884196,1.0,-0.5297964799604781,2024,2,1,6,25,44,44,22,22,True,True,False,False,0.6666666666666666,Uttarakhand|TEHRI GARHWAL|Barkot|Barkot Govindnagar (NP) - Ward No.2||,44,44,45,44,False,other_uttarakhand,other_tehri garhwal
Mala Rajya Laxmi Shah,NA - Construction of footpaths and pedestrian ways,Normal/Others,Uttarakhand,TEHRI GARHWAL,DISTRICT COLLECTOR UTTARKASHI_IDA,,,Barnigad,Paluka,2024-02-25,50000.0,Action Pending,Unsanctioned,Lok Sabha,False,722,521bf2b5cd5eb85b3f4d82b1a6494125,1,na construction of footpaths and pedestrian ways,50,7,7,other,False,False,False,False,False,False,False,False,10.819798284210286,0.022911051212938006,45,70000.0,97555.55555555556,93957.32966607659,0.7142857142857143,-0.506139922500645,492,430000.0,471904.2174796748,412350.68459874584,0.11627906976744186,-1.0231684661569689,44,70000.0,88409.09090909091,71980.07417489997,0.7142857142857143,-0.5336072704754793,44,70000.0,88409.09090909091,71980.07417489997,0.7142857142857143,-0.5336072704754793,44,70000.0,88409.09090909091,71980.07417489997,0.7142857142857143,-0.5336072704754793,50,100000.0,266712.36,314672.4568884196,0.5,-0.6886918611909034,2024,2,1,6,25,44,44,38,38,False,False,True,True,0.6666666666666666,Uttarakhand|TEHRI GARHWAL|||Barnigad|Paluka,44,44,45,44,False,other_uttarakhand,other_tehri garhwal
Mala Rajya Laxmi Shah,NA - Construction of flood control embankments,Normal/Others,Uttarakhand,TEHRI GARHWAL,DISTRICT COLLECTOR UTTARKASHI_IDA,,,Barnigad,Paluka,2024-02-25,100000.0,Action Pending,Unsanctioned,Lok Sabha,False,723,bdb0b527f127f353c2ce7c89f2adff4e,1,na construction of flood control embankments,46,6,6,other,False,False,False,False,False,False,False,False,11.51293546492023,0.3059299191374663,45,70000.0,97555.55555555556,93957.32966607659,1.4285714285714286,0.02601653807246299,492,430000.0,471904.2174796748,412350.68459874584,0.23255813953488372,-0.9019124530897067,44,70000.0,88409.09090909091,71980.07417489997,1.4285714285714286,0.16102941298372447,44,70000.0,88409.09090909091,71980.07417489997,1.4285714285714286,0.16102941298372447,44,70000.0,88409.09090909091,71980.07417489997,1.4285714285714286,0.16102941298372447,50,100000.0,266712.36,314672.4568884196,1.0,-0.5297964799604781,2024,2,1,6,25,44,44,37,37,False,False,True,True,0.6666666666666666,Uttarakhand|TEHRI GARHWAL|||Barnigad|Paluka,44,44,45,44,False,other_uttarakhand,other_tehri garhwal
Mala Rajya Laxmi Shah,NA - Providing supply pipelines for drinking water,Normal/Others,Uttarakhand,TEHRI GARHWAL,DISTRICT COLLECTOR UTTARKASHI_IDA,,,Rajgarhi,Kimi,2024-02-25,150000.0,Action Pending,Unsanctioned,Lok Sabha,False,724,065166870fc2e36783197e7898a4cab7,1,na providing supply pipelines for drinking water,50,7,7,water,False,False,True,False,False,False,False,False,11.918397239722838,0.33962264150943394,45,70000.0,97555.55555555556,93957.32966607659,2.142857142857143,0.558172998645571,492,430000.0,471904.2174796748,412350.68459874584,0.3488372093023256,-0.7806564400224446,44,70000.0,88409.09090909091,71980.07417489997,2.142857142857143,0.8556660964429282,44,70000.0,88409.09090909091,71980.07417489997,2.142857142857143,0.8556660964429282,44,70000.0,88409.09090909091,71980.07417489997,2.142857142857143,0.8556660964429282,188,63275.0,95541.96808510639,125413.82079489212,2.3706045041485577,0.4342267189511508,2024,2,1,6,25,44,44,36,36,False,False,True,True,0.6666666666666666,Uttarakhand|TEHRI GARHWAL|||Rajgarhi|Kimi,44,44,45,44,False,water_uttarakhand,water_tehri garhwal
Mala Rajya Laxmi Shah,NA - Construction of rooms and halls in school and colleges,Repair and Renovation,Uttarakhand,TEHRI GARHWAL,DISTRICT COLLECTOR UTTARKASHI_IDA,,,Rajgarhi,Kwari,2024-02-25,100000.0,Action Pending,Unsanctioned,Lok Sabha,False,725,a5e13a11ce906671f7ecb845bbf372a6,1,na construction of rooms and halls in school and colleges,59,10,9,building,False,True,False,False,True,False,False,False,11.51293546492023,0.3059299191374663,45,70000.0,97555.55555555556,93957.32966607659,1.4285714285714286,0.02601653807246299,492,430000.0,471904.2174796748,412350.68459874584,0.23255813953488372,-0.9019124530897067,44,70000.0,88409.09090909091,71980.07417489997,1.4285714285714286,0.16102941298372447,44,70000.0,88409.09090909091,71980.07417489997,1.4285714285714286,0.16102941298372447,44,70000.0,88409.09090909091,71980.07417489997,1.4285714285714286,0.16102941298372447,197,500000.0,630154.3248730964,588758.041654943,0.2,-0.9004621378637698,2024,2,1,6,25,44,44,35,35,False,False,True,True,0.6666666666666666,Uttarakhand|TEHRI GARHWAL|||Rajgarhi|Kwari,44,44,45,44,False,building_uttarakhand,building_tehri garhwal
Mala Rajya Laxmi Shah,NA - Construction of flood control embankments,Normal/Others,Uttarakhand,TEHRI GARHWAL,DISTRICT COLLECTOR UTTARKASHI_IDA,,,Rajgarhi,Khand,2024-02-25,60000.0,Action Pending,Unsanctioned,Lok Sabha,False,726,89bc0245e325ba60b8659fee2d127656,1,na construction of flood control embankments,46,6,6,other,False,False,False,False,False,False,False,False,11.002116507732017,0.03908355795148248,45,70000.0,97555.55555555556,93957.32966607659,0.8571428571428571,-0.39970863038602344,492,430000.0,471904.2174796748,412350.68459874584,0.13953488372093023,-0.9989172635435164,44,70000.0,88409.09090909091,71980.07417489997,0.8571428571428571,-0.3946799337836385,44,70000.0,88409.09090909091,71980.07417489997,0.8571428571428571,-0.3946799337836385,44,70000.0,88409.09090909091,71980.07417489997,0.8571428571428571,-0.3946799337836385,50,100000.0,266712.36,314672.4568884196,0.6,-0.6569127849448183,2024,2,1,6,25,44,44,34,34,False,False,True,True,0.6666666666666666,Uttarakhand|TEHRI GARHWAL|||Rajgarhi|Khand,44,44,45,44,False,other_uttarakhand,other_tehri garhwal
Mala Rajya Laxmi Shah,NA - Development of playfields and sports grounds,Normal/Others,Uttarakhand,TEHRI GARHWAL,DISTRICT COLLECTOR UTTARKASHI_IDA,,,Barnigad,Naugaun(Godar),2024-02-25,60000.0,Action Pending,Unsanctioned,Lok Sabha,False,727,c0fc7c358de3786200094b720c366245,1,na development of playfields and sports grounds,49,7,7,other,False,False,False,False,False,False,False,False,11.002116507732017,0.03908355795148248,45,70000.0,97555.55555555556,93957.32966607659,0.8571428571428571,-0.39970863038602344,492,430000.0,471904.2174796748,412350.68459874584,0.13953488372093023,-0.9989172635435164,44,70000.0,88409.09090909091,71980.07417489997,0.8571428571428571,-0.3946799337836385,44,70000.0,88409.09090909091,71980.07417489997,0.8571428571428571,-0.3946799337836385,44,70000.0,88409.09090909091,71980.07417489997,0.8571428571428571,-0.3946799337836385,50,100000.0,266712.36,314672.4568884196,0.6,-0.6569127849448183,2024,2,1,6,25,44,44,33,33,False,False,True,True,0.6666666666666666,Uttarakhand|TEHRI GARHWAL|||Barnigad|Naugaun(Godar),44,44,45,44,False,other_uttarakhand,other_tehri garhwal
Mala Rajya Laxmi Shah,NA - Development of playfields and sports grounds,Normal/Others,Uttarakhand,TEHRI GARHWAL,DISTRICT COLLECTOR UTTARKASHI_IDA,Naugaon,Naugaon (NP)- Naugaon Gaon Ward No.5,,,2024-02-25,50000.0,Action Pending,Unsanctioned,Lok Sabha,False,728,de7a824633d69c0a3d01483ef7a9355b,1,na development of playfields and sports grounds,49,7,7,other,False,False,False,False,False,False,False,False,10.819798284210286,0.022911051212938006,45,70000.0,97555.55555555556,93957.32966607659,0.7142857142857143,-0.506139922500645,492,430000.0,471904.2174796748,412350.68459874584,0.11627906976744186,-1.0231684661569689,44,70000.0,88409.09090909091,71980.07417489997,0.7142857142857143,-0.5336072704754793,44,70000.0,88409.09090909091,71980.07417489997,0.7142857142857143,-0.5336072704754793,44,70000.0,88409.09090909091,71980.07417489997,0.7142857142857143,-0.5336072704754793,50,100000.0,266712.36,314672.4568884196,0.5,-0.6886918611909034,2024,2,1,6,25,44,44,32,32,True,True,False,False,0.6666666666666666,Uttarakhand|TEHRI GARHWAL|Naugaon|Naugaon (NP)- Naugaon Gaon Ward No.5||,44,44,45,44,False,other_uttarakhand,other_tehri garhwal
Mala Rajya Laxmi Shah,NA - Crematoriums or structures on burial/ cremation ground for public convenience,Normal/Others,Uttarakhand,TEHRI GARHWAL,DISTRICT COLLECTOR UTTARKASHI_IDA,,,Rajgarhi,Nagargaon,2024-02-25,50000.0,Action Pending,Unsanctioned,Lok Sabha,False,729,551dc2ffbda5f7545756c3fce4d5e7ba,1,na crematoriums or structures on burial cremation ground for public convenience,82,11,11,building,False,True,False,False,False,False,False,False,10.819798284210286,0.022911051212938006,45,70000.0,97555.55555555556,93957.32966607659,0.7142857142857143,-0.506139922500645,492,430000.0,471904.2174796748,412350.68459874584,0.11627906976744186,-1.0231684661569689,44,70000.0,88409.09090909091,71980.07417489997,0.7142857142857143,-0.5336072704754793,44,70000.0,88409.09090909091,71980.07417489997,0.7142857142857143,-0.5336072704754793,44,70000.0,88409.09090909091,71980.07417489997,0.7142857142857143,-0.5336072704754793,197,500000.0,630154.3248730964,588758.041654943,0.1,-0.9853866679125735,2024,2,1,6,25,44,44,31,31,False,False,True,True,0.6666666666666666,Uttarakhand|TEHRI GARHWAL|||Rajgarhi|Nagargaon,44,44,45,44,False,building_uttarakhand,building_tehri garhwal
Mala Rajya Laxmi Shah,NA - Construction of footpaths and pedestrian ways,Normal/Others,Uttarakhand,TEHRI GARHWAL,DISTRICT COLLECTOR UTTARKASHI_IDA,,,Rajgarhi,Kursil,2024-02-25,60000.0,Action Pending,Unsanctioned,Lok Sabha,False,730,7b28f6118c0377889415fc3bab0e0407,1,na construction of footpaths and pedestrian ways,50,7,7,other,False,False,False,False,False,False,False,False,11.002116507732017,0.03908355795148248,45,70000.0,97555.55555555556,93957.32966607659,0.8571428571428571,-0.39970863038602344,492,430000.0,471904.2174796748,412350.68459874584,0.13953488372093023,-0.9989172635435164,44,70000.0,88409.09090909091,71980.07417489997,0.8571428571428571,-0.3946799337836385,44,70000.0,88409.09090909091,71980.07417489997,0.8571428571428571,-0.3946799337836385,44,70000.0,88409.09090909091,71980.07417489997,0.8571428571428571,-0.3946799337836385,50,100000.0,266712.36,314672.4568884196,0.6,-0.6569127849448183,2024,2,1,6,25,44,44,30,30,False,False,True,True,0.6666666666666666,Uttarakhand|TEHRI GARHWAL|||Rajgarhi|Kursil,44,44,45,44,False,other_uttarakhand,other_tehri garhwal
Ajay Tamta,"NA - Construction of roads, link roads, pathways or any other road with or without drainage system",Normal/Others,Uttarakhand,ALMORA(SC),DISTRICT MAGISTRATE ALMORA_IDA,,,Machhor,Dabhara Saural,2024-02-25,500000.0,Action Pending,Unsanctioned,Lok Sabha,False,731,2f17de83312387ca7629d2ca0c6b696b,1,na construction of roads link roads pathways or any other road with or without drainage system,98,16,14,road,True,False,False,False,False,False,True,False,13.122365377402328,0.7277628032345014,45,70000.0,97555.55555555556,93957.32966607659,7.142857142857143,4.283268222657327,492,430000.0,471904.2174796748,412350.68459874584,1.1627906976744187,0.06813565144839016,1,,,,,,1,,,,,,1,,,,,,147,500000.0,549006.8027210884,314411.18040611234,1.0,-0.15586851160250814,2024,2,1,6,25,1,1,1,1,False,False,True,True,0.6666666666666666,Uttarakhand|ALMORA(SC)|||Machhor|Dabhara Saural,1,1,45,1,False,road_uttarakhand,road_almora(sc)
Mala Rajya Laxmi Shah,NA - Development of playground,Normal/Others,Uttarakhand,TEHRI GARHWAL,DISTRICT COLLECTOR UTTARKASHI_IDA,,,Chinyali Saur,Jibya,2024-02-25,80000.0,Action Pending,Unsanctioned,Lok Sabha,False,732,0433acdb0d3ce84b90a16305de357c6a,1,na development of playground,30,4,4,other,False,False,False,False,False,False,False,False,11.289794413577894,0.2776280323450135,45,70000.0,97555.55555555556,93957.32966607659,1.1428571428571428,-0.18684604615678022,492,430000.0,471904.2174796748,412350.68459874584,0.18604651162790697,-0.9504148583166115,44,70000.0,88409.09090909091,71980.07417489997,1.1428571428571428,-0.11682526039995704,44,70000.0,88409.09090909091,71980.07417489997,1.1428571428571428,-0.11682526039995704,44,70000.0,88409.09090909091,71980.07417489997,1.1428571428571428,-0.11682526039995704,50,100000.0,266712.36,314672.4568884196,0.8,-0.5933546324526482,2024,2,1,6,25,44,44,29,29,False,False,True,True,0.6666666666666666,Uttarakhand|TEHRI GARHWAL|||Chinyali Saur|Jibya,44,44,45,44,False,other_uttarakhand,other_tehri garhwal
Mala Rajya Laxmi Shah,NA - Construction of footpaths and pedestrian ways,Normal/Others,Uttarakhand,TEHRI GARHWAL,DISTRICT COLLECTOR UTTARKASHI_IDA,,,Chinyali Saur,Mani Bari,2024-02-25,80000.0,Action Pending,Unsanctioned,Lok Sabha,False,733,1148e1169a61c23aa0c8644f69221e05,1,na construction of footpaths and pedestrian ways,50,7,7,other,False,False,False,False,False,False,False,False,11.289794413577894,0.2776280323450135,45,70000.0,97555.55555555556,93957.32966607659,1.1428571428571428,-0.18684604615678022,492,430000.0,471904.2174796748,412350.68459874584,0.18604651162790697,-0.9504148583166115,44,70000.0,88409.09090909091,71980.07417489997,1.1428571428571428,-0.11682526039995704,44,70000.0,88409.09090909091,71980.07417489997,1.1428571428571428,-0.11682526039995704,44,70000.0,88409.09090909091,71980.07417489997,1.1428571428571428,-0.11682526039995704,50,100000.0,266712.36,314672.4568884196,0.8,-0.5933546324526482,2024,2,1,6,25,44,44,28,28,False,False,True,True,0.6666666666666666,Uttarakhand|TEHRI GARHWAL|||Chinyali Saur|Mani Bari,44,44,45,44,False,other_uttarakhand,other_tehri garhwal
Mala Rajya Laxmi Shah,NA - Construction of public irrigation facilities,Normal/Others,Uttarakhand,TEHRI GARHWAL,DISTRICT COLLECTOR UTTARKASHI_IDA,,,Chinyali Saur,Badsi,2024-02-25,50000.0,Action Pending,Unsanctioned,Lok Sabha,False,734,6081fbcd1893e611f5ee68f47a4504d0,1,na construction of public irrigation facilities,49,6,6,other,False,False,False,False,False,False,False,False,10.819798284210286,0.022911051212938006,45,70000.0,97555.55555555556,93957.32966607659,0.7142857142857143,-0.506139922500645,492,430000.0,471904.2174796748,412350.68459874584,0.11627906976744186,-1.0231684661569689,44,70000.0,88409.09090909091,71980.07417489997,0.7142857142857143,-0.5336072704754793,44,70000.0,88409.09090909091,71980.07417489997,0.7142857142857143,-0.5336072704754793,44,70000.0,88409.09090909091,71980.07417489997,0.7142857142857143,-0.5336072704754793,50,100000.0,266712.36,314672.4568884196,0.5,-0.6886918611909034,2024,2,1,6,25,44,44,27,27,False,False,True,True,0.6666666666666666,Uttarakhand|TEHRI GARHWAL|||Chinyali Saur|Badsi,44,44,45,44,False,other_uttarakhand,other_tehri garhwal
Mala Rajya Laxmi Shah,NA - Construction of flood control embankments,Normal/Others,Uttarakhand,TEHRI GARHWAL,DISTRICT COLLECTOR UTTARKASHI_IDA,,,Chinyali Saur,Pujyar Gaon,2024-02-25,80000.0,Action Pending,Unsanctioned,Lok Sabha,False,735,25ee8dd690ec498bb76394989b59468c,1,na construction of flood control embankments,46,6,6,other,False,False,False,False,False,False,False,False,11.289794413577894,0.2776280323450135,45,70000.0,97555.55555555556,93957.32966607659,1.1428571428571428,-0.18684604615678022,492,430000.0,471904.2174796748,412350.68459874584,0.18604651162790697,-0.9504148583166115,44,70000.0,88409.09090909091,71980.07417489997,1.1428571428571428,-0.11682526039995704,44,70000.0,88409.09090909091,71980.07417489997,1.1428571428571428,-0.11682526039995704,44,70000.0,88409.09090909091,71980.07417489997,1.1428571428571428,-0.11682526039995704,50,100000.0,266712.36,314672.4568884196,0.8,-0.5933546324526482,2024,2,1,6,25,44,44,26,26,False,False,True,True,0.6666666666666666,Uttarakhand|TEHRI GARHWAL|||Chinyali Saur|Pujyar Gaon,44,44,45,44,False,other_uttarakhand,other_tehri garhwal
Mala Rajya Laxmi Shah,NA - Construction of flood control embankments,Normal/Others,Uttarakhand,TEHRI GARHWAL,DISTRICT COLLECTOR UTTARKASHI_IDA,Chinyalisaur,Chinyalisaur (NP) - Ward No. 7,,,2024-02-25,80000.0,Action Pending,Unsanctioned,Lok Sabha,False,736,74257be52139fd845df0f7c247c72d15,1,na construction of flood control embankments,46,6,6,other,False,False,False,False,False,False,False,False,11.289794413577894,0.2776280323450135,45,70000.0,97555.55555555556,93957.32966607659,1.1428571428571428,-0.18684604615678022,492,430000.0,471904.2174796748,412350.68459874584,0.18604651162790697,-0.9504148583166115,44,70000.0,88409.09090909091,71980.07417489997,1.1428571428571428,-0.11682526039995704,44,70000.0,88409.09090909091,71980.07417489997,1.1428571428571428,-0.11682526039995704,44,70000.0,88409.09090909091,71980.07417489997,1.1428571428571428,-0.11682526039995704,50,100000.0,266712.36,314672.4568884196,0.8,-0.5933546324526482,2024,2,1,6,25,44,44,25,25,True,True,False,False,0.6666666666666666,Uttarakhand|TEHRI GARHWAL|Chinyalisaur|Chinyalisaur (NP) - Ward No. 7||,44,44,45,44,False,other_uttarakhand,other_tehri garhwal
Mala Rajya Laxmi Shah,NA - Providing supply pipelines for drinking water,Normal/Others,Uttarakhand,TEHRI GARHWAL,DISTRICT COLLECTOR UTTARKASHI_IDA,,,Chinyali Saur,Khand,2024-02-25,60000.0,Action Pending,Unsanctioned,Lok Sabha,False,737,e96be4b7c4a233a885c36aca80cea36a,1,na providing supply pipelines for drinking water,50,7,7,water,False,False,True,False,False,False,False,False,11.002116507732017,0.03908355795148248,45,70000.0,97555.55555555556,93957.32966607659,0.8571428571428571,-0.39970863038602344,492,430000.0,471904.2174796748,412350.68459874584,0.13953488372093023,-0.9989172635435164,44,70000.0,88409.09090909091,71980.07417489997,0.8571428571428571,-0.3946799337836385,44,70000.0,88409.09090909091,71980.07417489997,0.8571428571428571,-0.3946799337836385,44,70000.0,88409.09090909091,71980.07417489997,0.8571428571428571,-0.3946799337836385,188,63275.0,95541.96808510639,125413.82079489212,0.9482418016594232,-0.28339753832421277,2024,2,1,6,25,44,44,24,24,False,False,True,True,0.6666666666666666,Uttarakhand|TEHRI GARHWAL|||Chinyali Saur|Khand,44,44,45,44,False,water_uttarakhand,water_tehri garhwal
Mala Rajya Laxmi Shah,NA - Construction of footpaths and pedestrian ways,Normal/Others,Uttarakhand,TEHRI GARHWAL,DISTRICT COLLECTOR UTTARKASHI_IDA,,,Chinyali Saur,Garat,2024-02-25,50000.0,Action Pending,Unsanctioned,Lok Sabha,False,738,2de94207d22598294ed8ab56813c6bb9,1,na construction of footpaths and pedestrian ways,50,7,7,other,False,False,False,False,False,False,False,False,10.819798284210286,0.022911051212938006,45,70000.0,97555.55555555556,93957.32966607659,0.7142857142857143,-0.506139922500645,492,430000.0,471904.2174796748,412350.68459874584,0.11627906976744186,-1.0231684661569689,44,70000.0,88409.09090909091,71980.07417489997,0.7142857142857143,-0.5336072704754793,44,70000.0,88409.09090909091,71980.07417489997,0.7142857142857143,-0.5336072704754793,44,70000.0,88409.09090909091,71980.07417489997,0.7142857142857143,-0.5336072704754793,50,100000.0,266712.36,314672.4568884196,0.5,-0.6886918611909034,2024,2,1,6,25,44,44,23,23,False,False,True,True,0.6666666666666666,Uttarakhand|TEHRI GARHWAL|||Chinyali Saur|Garat,44,44,45,44,False,other_uttarakhand,other_tehri garhwal
Smt Jaya Bachchan,NA - Lighting of public spaces,Normal/Others,Uttar Pradesh,Sitting Rajya Sabha,DISTRICT MAGISTRATE BHADOHI_IDA,,,Aurai,Dattipur,2024-02-25,543036.0,Action Pending,Unsanctioned,Rajya Sabha,False,739,1101eeb750a20d532690d6e3cd99fc1d,1,na lighting of public spaces,30,5,5,electrical,False,False,False,True,False,False,False,False,13.204932736557819,0.805256064690027,200,63275.0,152708.3,281498.1621176738,8.582157250098776,1.3866083425327393,250,63275.0,283357.784,490170.3503311154,8.582157250098776,0.5297713658620611,168,63275.0,74697.88095238095,73360.78743927367,8.582157250098776,6.384038876835916,238,63275.0,240501.87394957984,440718.5852830861,8.582157250098776,0.6864564739335735,168,63275.0,74697.88095238095,73360.78743927367,8.582157250098776,6.384038876835916,145,430000.0,386886.22068965517,275909.89582542237,1.2628744186046512,0.5659448308050036,2024,2,1,6,25,108,120,3,4,False,False,True,True,0.6666666666666666,Uttar Pradesh|Sitting Rajya Sabha|||Aurai|Dattipur,168,238,200,168,False,electrical_uttar pradesh,electrical_sitting rajya sabha
Smt Jaya Bachchan,NA - Lighting of public spaces,Normal/Others,Uttar Pradesh,Sitting Rajya Sabha,DISTRICT MAGISTRATE BHADOHI_IDA,,,Bhadohi,Pipris,2024-02-25,543036.0,Action Pending,Unsanctioned,Rajya Sabha,False,740,ab20e45fdf1fb4630f7352574a3dc674,1,na lighting of public spaces,30,5,5,electrical,False,False,False,True,False,False,False,False,13.204932736557819,0.805256064690027,200,63275.0,152708.3,281498.1621176738,8.582157250098776,1.3866083425327393,250,63275.0,283357.784,490170.3503311154,8.582157250098776,0.5297713658620611,168,63275.0,74697.88095238095,73360.78743927367,8.582157250098776,6.384038876835916,238,63275.0,240501.87394957984,440718.5852830861,8.582157250098776,0.6864564739335735,168,63275.0,74697.88095238095,73360.78743927367,8.582157250098776,6.384038876835916,145,430000.0,386886.22068965517,275909.89582542237,1.2628744186046512,0.5659448308050036,2024,2,1,6,25,108,120,2,3,False,False,True,True,0.6666666666666666,Uttar Pradesh|Sitting Rajya Sabha|||Bhadohi|Pipris,168,238,200,168,False,electrical_uttar pradesh,electrical_sitting rajya sabha
Smt Jaya Bachchan,NA - Lighting of public spaces,Normal/Others,Uttar Pradesh,Sitting Rajya Sabha,DISTRICT MAGISTRATE BHADOHI_IDA,,,Bhadohi,Kom,2024-02-25,543036.0,Action Pending,Unsanctioned,Rajya Sabha,False,741,1a8571df560deb900d952cb100a9d183,1,na lighting of public spaces,30,5,5,electrical,False,False,False,True,False,False,False,False,13.204932736557819,0.805256064690027,200,63275.0,152708.3,281498.1621176738,8.582157250098776,1.3866083425327393,250,63275.0,283357.784,490170.3503311154,8.582157250098776,0.5297713658620611,168,63275.0,74697.88095238095,73360.78743927367,8.582157250098776,6.384038876835916,238,63275.0,240501.87394957984,440718.5852830861,8.582157250098776,0.6864564739335735,168,63275.0,74697.88095238095,73360.78743927367,8.582157250098776,6.384038876835916,145,430000.0,386886.22068965517,275909.89582542237,1.2628744186046512,0.5659448308050036,2024,2,1,6,25,108,120,1,1,False,False,True,True,0.6666666666666666,Uttar Pradesh|Sitting Rajya Sabha|||Bhadohi|Kom,168,238,200,168,False,electrical_uttar pradesh,electrical_sitting rajya sabha
