"MP NAME";"WORK";"CATEGORY";"STATE";"CONSTITUENCY";"IDA";"CITY";"WARD";"BLOCK";"VILLAGE";"RECOMMENDED DATE";"ALLOCATION AMOUNT";"IDA APPROVAL";"STATUS";"HOUSE"
"Manoj Rajoria";"NA - Installing community drinking water plants";"Normal/Others";"Rajasthan";"KARAULI-DHOLPUR(SC)";"DISTRICT COLLECTOR DHOLPUR_IDA";"";"";"Rajakhera";"Nadauli";"2024-03-04";"100000";"Action Pending";"Unsanctioned";"Lok Sabha"
"Mr Gopal Jee Thakur";"NA - Street lights";"Normal/Others";"Bihar";"DARBHANGA";"DISTRICT MAGISTRATE DARBANGA_IDA";"";"";"Manigachhi";"Jagdishpur";"2024-03-04";"487000";"Action Pending";"Unsanctioned";"Lok Sabha"
"Manoj Rajoria";"NA - Construction of roads, link roads, pathways or any other road with or without drainage system";"Normal/Others";"Rajasthan";"KARAULI-DHOLPUR(SC)";"DISTRICT COLLECTOR DHOLPUR_IDA";"";"";"Sepau";"Kaithri";"2024-03-04";"500000";"Action Pending";"Unsanctioned";"Lok Sabha"
"Mr Gopal Jee Thakur";"NA - Street lights";"Normal/Others";"Bihar";"DARBHANGA";"DISTRICT MAGISTRATE DARBANGA_IDA";"";"";"Manigachhi";"Chandaur";"2024-03-04";"487000";"Action Pending";"Unsanctioned";"Lok Sabha"
"Mr Gopal Jee Thakur";"NA - Street lights";"Normal/Others";"Bihar";"DARBHANGA";"DISTRICT MAGISTRATE DARBANGA_IDA";"";"";"Manigachhi";"Kotma";"2024-03-04";"487000";"Action Pending";"Unsanctioned";"Lok Sabha"
"Mr Gopal Jee Thakur";"NA - Street lights";"Normal/Others";"Bihar";"DARBHANGA";"DISTRICT MAGISTRATE DARBANGA_IDA";"";"";"Manigachhi";"Lehara";"2024-03-04";"487000";"Action Pending";"Unsanctioned";"Lok Sabha"
"Mr Gopal Jee Thakur";"NA - Street lights";"Normal/Others";"Bihar";"DARBHANGA";"DISTRICT MAGISTRATE DARBANGA_IDA";"";"";"Manigachhi";"Belaur";"2024-03-04";"487000";"Action Pending";"Unsanctioned";"Lok Sabha"
"Mr Gopal Jee Thakur";"NA - Street lights";"Normal/Others";"Bihar";"DARBHANGA";"DISTRICT MAGISTRATE DARBANGA_IDA";"";"";"Manigachhi";"Raghopur";"2024-03-04";"487000";"Action Pending";"Unsanctioned";"Lok Sabha"
"Mr Gopal Jee Thakur";"NA - Street lights";"Normal/Others";"Bihar";"DARBHANGA";"DISTRICT MAGISTRATE DARBANGA_IDA";"";"";"Manigachhi";"Raghopur";"2024-03-04";"487000";"Action Pending";"Unsanctioned";"Lok Sabha"
"Mr Gopal Jee Thakur";"NA - Street lights";"Normal/Others";"Bihar";"DARBHANGA";"DISTRICT MAGISTRATE DARBANGA_IDA";"";"";"Manigachhi";"Barhampura";"2024-03-04";"487000";"Action Pending";"Unsanctioned";"Lok Sabha"
"Mr Gopal Jee Thakur";"NA - Street lights";"Normal/Others";"Bihar";"DARBHANGA";"DISTRICT MAGISTRATE DARBANGA_IDA";"";"";"Manigachhi";"Tatuar";"2024-03-04";"487000";"Action Pending";"Unsanctioned";"Lok Sabha"
"Mr Gopal Jee Thakur";"NA - Street lights";"Normal/Others";"Bihar";"DARBHANGA";"DISTRICT MAGISTRATE DARBANGA_IDA";"";"";"Manigachhi";"Raghopur";"2024-03-04";"487000";"Action Pending";"Unsanctioned";"Lok Sabha"
"Mr Gopal Jee Thakur";"NA - Street lights";"Normal/Others";"Bihar";"DARBHANGA";"DISTRICT MAGISTRATE DARBANGA_IDA";"";"";"Tardih";"Kokraha";"2024-03-04";"487000";"Action Pending";"Unsanctioned";"Lok Sabha"
"Mr Gopal Jee Thakur";"NA - Street lights";"Normal/Others";"Bihar";"DARBHANGA";"DISTRICT MAGISTRATE DARBANGA_IDA";"";"";"Darbhanga";"Siso";"2024-03-04";"487000";"Action Pending";"Unsanctioned";"Lok Sabha"
"Mr Gopal Jee Thakur";"NA - Street lights";"Normal/Others";"Bihar";"DARBHANGA";"DISTRICT MAGISTRATE DARBANGA_IDA";"";"";"Darbhanga";"Sara Mahamad";"2024-03-04";"487000";"Action Pending";"Unsanctioned";"Lok Sabha"
"Mr Gopal Jee Thakur";"NA - Street lights";"Normal/Others";"Bihar";"DARBHANGA";"DISTRICT MAGISTRATE DARBANGA_IDA";"";"";"Darbhanga";"Basdeopur";"2024-03-04";"487000";"Action Pending";"Unsanctioned";"Lok Sabha"
"Mr Gopal Jee Thakur";"NA - Street lights";"Normal/Others";"Bihar";"DARBHANGA";"DISTRICT MAGISTRATE DARBANGA_IDA";"";"";"Darbhanga";"Shahbazpur";"2024-03-04";"487000";"Action Pending";"Unsanctioned";"Lok Sabha"
"Mr Gopal Jee Thakur";"NA - Street lights";"Normal/Others";"Bihar";"DARBHANGA";"DISTRICT MAGISTRATE DARBANGA_IDA";"";"";"Darbhanga";"Khutwara";"2024-03-04";"487000";"Action Pending";"Unsanctioned";"Lok Sabha"
"Pradyut Bordoloi";"NA - Setting up public non-conventional energy plants";"Normal/Others";"Assam";"NOWGONG";"DEPUTY COMMISSIONER NOWGONG_IDA";"";"";"Nagaon";"Town Nagaon";"2024-03-04";"500000";"Action Pending";"Unsanctioned";"Lok Sabha"
"Pradyut Bordoloi";"NA - Construction of boundary walls of existing public and community buildings";"Normal/Others";"Assam";"NOWGONG";"DEPUTY COMMISSIONER NOWGONG_IDA";"";"";"Nagaon";"Majarati";"2024-03-04";"300000";"Action Pending";"Unsanctioned";"Lok Sabha"
"Pradyut Bordoloi";"NA - Construction of community centers and community halls";"Normal/Others";"Assam";"NOWGONG";"DEPUTY COMMISSIONER NOWGONG_IDA";"";"";"Nagaon";"Town Nagaon";"2024-03-04";"500000";"Action Pending";"Unsanctioned";"Lok Sabha"
"Pradyut Bordoloi";"NA - Construction of boundary walls of existing public and community buildings";"Normal/Others";"Assam";"NOWGONG";"DEPUTY COMMISSIONER NOWGONG_IDA";"";"";"Nagaon";"Barbheti";"2024-03-04";"300000";"Action Pending";"Unsanctioned";"Lok Sabha"
"Manoj Rajoria";"NA - Installing community drinking water plants";"Normal/Others";"Rajasthan";"KARAULI-DHOLPUR(SC)";"DISTRICT COLLECTOR DHOLPUR_IDA";"";"";"Sepau";"Kookara";"2024-03-04";"600000";"Action Pending";"Unsanctioned";"Lok Sabha"
"Mr Gopal Jee Thakur";"NA - Street lights";"Normal/Others";"Bihar";"DARBHANGA";"DISTRICT MAGISTRATE DARBANGA_IDA";"";"";"Manigachhi";"Raghopur";"2024-03-04";"487000";"Action Pending";"Unsanctioned";"Lok Sabha"
"Manoj Rajoria";"NA - Installing community drinking water plants";"Normal/Others";"Rajasthan";"KARAULI-DHOLPUR(SC)";"DISTRICT COLLECTOR DHOLPUR_IDA";"";"";"Sepau";"Sepau 2";"2024-03-04";"100000";"Action Pending";"Unsanctioned";"Lok Sabha"
"Manoj Rajoria";"NA - Installing community drinking water plants";"Normal/Others";"Rajasthan";"KARAULI-DHOLPUR(SC)";"DISTRICT COLLECTOR DHOLPUR_IDA";"";"";"Bari";"Norha";"2024-03-04";"600000";"Action Pending";"Unsanctioned";"Lok Sabha"
"Manoj Rajoria";"NA - Construction of roads, link roads, pathways or any other road with or without drainage system";"Normal/Others";"Rajasthan";"KARAULI-DHOLPUR(SC)";"DISTRICT COLLECTOR DHOLPUR_IDA";"";"";"Rajakhera";"Rahsena";"2024-03-04";"1000000";"Action Pending";"Unsanctioned";"Lok Sabha"
"Mr Gopal Jee Thakur";"NA - Construction of roads, link roads, pathways or any other road with or without drainage system";"Normal/Others";"Bihar";"DARBHANGA";"DISTRICT MAGISTRATE DARBANGA_IDA";"";"";"DARBHANGA";"Dularpur";"2024-03-04";"499000";"Action Pending";"Unsanctioned";"Lok Sabha"
"Manoj Rajoria";"NA - Installing community drinking water plants";"Normal/Others";"Rajasthan";"KARAULI-DHOLPUR(SC)";"DISTRICT COLLECTOR DHOLPUR_IDA";"Dhaulpur";"Dhaulpur (M) - Ward No.10";"";"";"2024-03-04";"150000";"Action Pending";"Unsanctioned";"Lok Sabha"
"Mr Gopal Jee Thakur";"NA - Street lights";"Normal/Others";"Bihar";"DARBHANGA";"DISTRICT MAGISTRATE DARBANGA_IDA";"Benipur";"Benipur (M) - Ward No. 07";"";"";"2024-03-04";"487000";"Action Pending";"Unsanctioned";"Lok Sabha"
"Mr Gopal Jee Thakur";"NA - Street lights";"Normal/Others";"Bihar";"DARBHANGA";"DISTRICT MAGISTRATE DARBANGA_IDA";"Benipur";"Benipur (M) - Ward No. 29";"";"";"2024-03-04";"487000";"Action Pending";"Unsanctioned";"Lok Sabha"
"Mr Gopal Jee Thakur";"NA - Street lights";"Normal/Others";"Bihar";"DARBHANGA";"DISTRICT MAGISTRATE DARBANGA_IDA";"Benipur";"Benipur (M) - Ward No. 10";"";"";"2024-03-04";"487000";"Action Pending";"Unsanctioned";"Lok Sabha"
"Mr Gopal Jee Thakur";"NA - Street lights";"Normal/Others";"Bihar";"DARBHANGA";"DISTRICT MAGISTRATE DARBANGA_IDA";"Benipur";"Benipur (M) - Ward No. 07";"";"";"2024-03-04";"487000";"Action Pending";"Unsanctioned";"Lok Sabha"
"Manoj Rajoria";"NA - Construction of community centers and community halls";"Normal/Others";"Rajasthan";"KARAULI-DHOLPUR(SC)";"DISTRICT COLLECTOR DHOLPUR_IDA";"";"";"Mania";"Marha Bhau";"2024-03-04";"600000";"Action Pending";"Unsanctioned";"Lok Sabha"
"Manoj Rajoria";"NA - Construction of community centers and community halls";"Normal/Others";"Rajasthan";"KARAULI-DHOLPUR(SC)";"DISTRICT COLLECTOR DHOLPUR_IDA";"";"";"Sepau";"Sakhwara";"2024-03-04";"700000";"Action Pending";"Unsanctioned";"Lok Sabha"
"Shri Bhartruhari Mahtab ";"NA - Construction of buildings for community cultural activities";"Normal/Others";"Odisha";"CUTTACK";"DISTRICT COLLECTOR CUTTACK_IDA";"";"";"Cuttack Sadar";"Kalapada";"2024-03-03";"500000";"Action Pending";"Unsanctioned";"Lok Sabha"
"Shivkumar Chanabasappa Udasi";"NA - Construction of additional rooms and halls in the existing public and community building";"Normal/Others";"Karnataka";"HAVERI";"DEPUTY COMMISSIONER HAVERI_IDA";"";"";"Haveri";"Venkatapur";"2024-03-03";"500000";"Action Pending";"Unsanctioned";"Lok Sabha"
"Shri Abdul Khaleque ";"NA - Construction of roads, link roads, pathways or any other road with or without drainage system";"Normal/Others";"Assam";"BARPETA";"DEPUTY COMMISSIONER BARPETA_IDA";"";"";"Barpeta";"Hajipara";"2024-03-03";"300000";"Action Pending";"Unsanctioned";"Lok Sabha"
"Shri Abdul Khaleque ";"NA - Construction of roads, link roads, pathways or any other road with or without drainage system";"Normal/Others";"Assam";"BARPETA";"DEPUTY COMMISSIONER BARPETA_IDA";"";"";"Kalgachia";"Pachim Moinbari";"2024-03-03";"500000";"Action Pending";"Unsanctioned";"Lok Sabha"
"Gaddam Ranjith Reddy";"NA - Lighting of public spaces";"Normal/Others";"Telangana";"CHELVELLA";"DISTRICT COLLECTOR VIKARABAD_IDA";"";"";"Basheerabad";"Neelapalle";"2024-03-03";"170000";"Action Pending";"Unsanctioned";"Lok Sabha"
"Gaddam Ranjith Reddy";"NA - Lighting of public spaces";"Normal/Others";"Telangana";"CHELVELLA";"DISTRICT COLLECTOR VIKARABAD_IDA";"";"";"Basheerabad";"Navalga";"2024-03-03";"170000";"Action Pending";"Unsanctioned";"Lok Sabha"
"Gaddam Ranjith Reddy";"NA - Lighting of public spaces";"Normal/Others";"Telangana";"CHELVELLA";"DISTRICT COLLECTOR VIKARABAD_IDA";"";"";"Basheerabad";"Navandgi (Ct)";"2024-03-03";"510000";"Action Pending";"Unsanctioned";"Lok Sabha"
"Gaddam Ranjith Reddy";"NA - Lighting of public spaces";"Normal/Others";"Telangana";"CHELVELLA";"DISTRICT COLLECTOR VIKARABAD_IDA";"";"";"Basheerabad";"Jalalpur";"2024-03-03";"510000";"Action Pending";"Unsanctioned";"Lok Sabha"
"Dr Sukanta Majumdar ";"NA - Street lights";"Normal/Others";"West Bengal";"BALURGHAT";"DISTRICT MAGISTRATE DINAJPUR DAKSHIN_IDA";"Balurghat";"Baidyanathpara (OG) - Ward No.25";"";"";"2024-03-03";"35000";"Action Pending";"Unsanctioned";"Lok Sabha"
"Shri Bhartruhari Mahtab ";"NA - Construction of buildings for community cultural activities";"Normal/Others";"Odisha";"CUTTACK";"DISTRICT COLLECTOR CUTTACK_IDA";"";"";"Kishannagar";"Bankol";"2024-03-03";"200000";"Action Pending";"Unsanctioned";"Lok Sabha"
"Shri Bhartruhari Mahtab ";"NA - Construction of roads, link roads, pathways or any other road with or without drainage system";"Normal/Others";"Odisha";"CUTTACK";"DISTRICT COLLECTOR CUTTACK_IDA";"";"";"Kishannagar";"Hulipur";"2024-03-03";"250000";"Action Pending";"Unsanctioned";"Lok Sabha"
"Shri Bhartruhari Mahtab ";"NA - Construction of buildings for community cultural activities";"Normal/Others";"Odisha";"CUTTACK";"DISTRICT COLLECTOR CUTTACK_IDA";"";"";"Kandarpur";"Nimeisapur";"2024-03-03";"300000";"Action Pending";"Unsanctioned";"Lok Sabha"
"Shri Bhartruhari Mahtab ";"NA - Construction of buildings for community cultural activities";"Normal/Others";"Odisha";"CUTTACK";"DISTRICT COLLECTOR CUTTACK_IDA";"";"";"Kishannagar";"Bankol";"2024-03-03";"120000";"Action Pending";"Unsanctioned";"Lok Sabha"
"Shri Bhartruhari Mahtab ";"NA - Lighting of public spaces";"Normal/Others";"Odisha";"CUTTACK";"DISTRICT COLLECTOR CUTTACK_IDA";"";"";"Kishannagar";"Radhanagar";"2024-03-03";"100000";"Action Pending";"Unsanctioned";"Lok Sabha"
"Shri Bhartruhari Mahtab ";"NA - Construction of buildings for community cultural activities";"Normal/Others";"Odisha";"CUTTACK";"DISTRICT COLLECTOR CUTTACK_IDA";"";"";"Badamba";"Maniabandha";"2024-03-03";"300000";"Action Pending";"Unsanctioned";"Lok Sabha"
"Shri Mahesh Sahoo ";"NA - Construction of boundary walls of existing public and community buildings";"Normal/Others";"Odisha";"DHENKANAL";"DISTRICT COLLECTORANGUL_IDA";"";"";"Palalahada";"Chasagurujanga";"2024-03-03";"300000";"Action Pending";"Unsanctioned";"Lok Sabha"
"Shri Mahesh Sahoo ";"NA - Construction of boundary walls of existing public and community buildings";"Normal/Others";"Odisha";"DHENKANAL";"DISTRICT COLLECTORANGUL_IDA";"";"";"Palalahada";"Chasagurujanga";"2024-03-03";"500000";"Action Pending";"Unsanctioned";"Lok Sabha"
"Shri Mahesh Sahoo ";"NA - Construction of New Building";"Normal/Others";"Odisha";"DHENKANAL";"DISTRICT COLLECTORANGUL_IDA";"";"";"Khamar";"Khamar";"2024-03-03";"500000";"Action Pending";"Unsanctioned";"Lok Sabha"
"Shri Mahesh Sahoo ";"NA - Construction of roads, link roads, pathways or any other road with or without drainage system";"Normal/Others";"Odisha";"DHENKANAL";"DISTRICT COLLECTORANGUL_IDA";"";"";"Khamar";"Khemala";"2024-03-03";"300000";"Action Pending";"Unsanctioned";"Lok Sabha"
"Shri Mahesh Sahoo ";"NA - Construction of boundary walls of existing public and community buildings";"Normal/Others";"Odisha";"DHENKANAL";"DISTRICT COLLECTORANGUL_IDA";"";"";"Khamar";"Sankhamur";"2024-03-03";"300000";"Action Pending";"Unsanctioned";"Lok Sabha"
"Shri Mahesh Sahoo ";"NA - Construction of community centers and community halls";"Normal/Others";"Odisha";"DHENKANAL";"DISTRICT COLLECTORANGUL_IDA";"";"";"Palalahada";"Pabitrapur";"2024-03-03";"400000";"Action Pending";"Unsanctioned";"Lok Sabha"
"Shri Mahesh Sahoo ";"NA - Construction of community centers and community halls";"Normal/Others";"Odisha";"DHENKANAL";"DISTRICT COLLECTORANGUL_IDA";"";"";"Palalahada";"Batisuan";"2024-03-03";"400000";"Action Pending";"Unsanctioned";"Lok Sabha"
"Rahul Kaswan";"NA - Construction of rooms and halls in school and colleges";"Normal/Others";"Rajasthan";"CHURU";"DISTRICT COLLECTOR CHURU_IDA";"";"";"Bhanipura";"Sawar";"2024-03-03";"850000";"Action Pending";"Unsanctioned";"Lok Sabha"
"Rahul Kaswan";"NA - Construction of additional rooms and halls in the existing public and community building";"Normal/Others";"Rajasthan";"CHURU";"DISTRICT COLLECTOR CHURU_IDA";"";"";"Bhanipura";"Rajasar Panwaran";"2024-03-03";"650000";"Action Pending";"Unsanctioned";"Lok Sabha"
"Shri Bhartruhari Mahtab ";"NA - Construction of buildings for community cultural activities";"Normal/Others";"Odisha";"CUTTACK";"DISTRICT COLLECTOR CUTTACK_IDA";"";"";"Kandarpur";"Gatiroutpatana (Part) Dihasahi";"2024-03-03";"500000";"Action Pending";"Unsanctioned";"Lok Sabha"
"Shivkumar Chanabasappa Udasi";"NA - Construction of bus-sheds or bus-stops";"Normal/Others";"Karnataka";"HAVERI";"DEPUTY COMMISSIONER HAVERI_IDA";"";"";"Haveri";"Devagiri";"2024-03-03";"500000";"Action Pending";"Unsanctioned";"Lok Sabha"
"Dr Sukanta Majumdar ";"NA - Street lights";"Normal/Others";"West Bengal";"BALURGHAT";"DISTRICT MAGISTRATE DINAJPUR DAKSHIN_IDA";"Balurghat";"Baidyanathpara (OG) - Ward No.25";"";"";"2024-03-03";"35000";"Action Pending";"Unsanctioned";"Lok Sabha"
"Dr Sukanta Majumdar ";"NA - Street lights";"Normal/Others";"West Bengal";"BALURGHAT";"DISTRICT MAGISTRATE DINAJPUR DAKSHIN_IDA";"Balurghat";"Baidyanathpara (OG) - Ward No.25";"";"";"2024-03-03";"35000";"Action Pending";"Unsanctioned";"Lok Sabha"
"Dr Sukanta Majumdar ";"NA - Street lights";"Normal/Others";"West Bengal";"BALURGHAT";"DISTRICT MAGISTRATE DINAJPUR DAKSHIN_IDA";"Balurghat";"Baidyanathpara (OG) - Ward No.25";"";"";"2024-03-03";"35000";"Action Pending";"Unsanctioned";"Lok Sabha"
"Shri Dilip Ghosh ";"NA - Construction of rooms and halls in school and colleges";"Normal/Others";"West Bengal";"MEDINIPUR";"DISTRICT MAGISTRATE PASCHIM MEDINIPUR_IDA";"Medinipur";"Medinipur (M) - Ward No.9";"";"";"2024-03-03";"1800000";"Action Pending";"Unsanctioned";"Lok Sabha"
"Shri Dilip Ghosh ";"NA - Construction of rooms and halls in school and colleges";"Normal/Others";"West Bengal";"MEDINIPUR";"DISTRICT MAGISTRATE PASCHIM MEDINIPUR_IDA";"Kharagpur";"Kharagpur (M) - Ward No.23";"";"";"2024-03-03";"952002";"Action Pending";"Unsanctioned";"Lok Sabha"
"Shivkumar Chanabasappa Udasi";"NA - Construction of roads, link roads, pathways or any other road with or without drainage system";"Normal/Others";"Karnataka";"HAVERI";"DEPUTY COMMISSIONER HAVERI_IDA";"";"";"Haveri";"Karjagi";"2024-03-03";"150000";"Action Pending";"Unsanctioned";"Lok Sabha"
"Adhir Ranjan Chowdhury ";"NA - Installing community drinking water plants";"Normal/Others";"West Bengal";"BAHARAMPUR";"DISTRICT MAGISTRATE MURSHIDABAD_IDA";"Berhampore";"Baharampur (M) - Ward No.22";"";"";"2024-03-03";"1085000";"Action Pending";"Unsanctioned";"Lok Sabha"
"Shivkumar Chanabasappa Udasi";"NA - Construction of additional rooms and halls in the existing public and community building";"Normal/Others";"Karnataka";"HAVERI";"DEPUTY COMMISSIONER HAVERI_IDA";"";"";"Savanur";"Hiremugadur";"2024-03-03";"500000";"Action Pending";"Unsanctioned";"Lok Sabha"
"Shivkumar Chanabasappa Udasi";"NA - Crematoriums or structures on burial/ cremation ground for public convenience";"Normal/Others";"Karnataka";"HAVERI";"DEPUTY COMMISSIONER HAVERI_IDA";"Hirekerur";"Hirekerur (TP) - Ward No.7";"";"";"2024-03-03";"200000";"Action Pending";"Unsanctioned";"Lok Sabha"
"Shri Mahesh Sahoo ";"NA - Construction of boundary walls of existing public and community buildings";"Normal/Others";"Odisha";"DHENKANAL";"DISTRICT COLLECTORANGUL_IDA";"";"";"Khamar";"Raghunathpur";"2024-03-03";"500000";"Action Pending";"Unsanctioned";"Lok Sabha"
"Shivkumar Chanabasappa Udasi";"NA - Construction of roads, link roads, pathways or any other road with or without drainage system";"Normal/Others";"Karnataka";"HAVERI";"DEPUTY COMMISSIONER HAVERI_IDA";"Haveri";"Haveri (Cmc) - Ward No.1";"";"";"2024-03-03";"500000";"Action Pending";"Unsanctioned";"Lok Sabha"
"Rahul Kaswan";"NA - Improvement of electricity distribution infrastructure";"Normal/Others";"Rajasthan";"CHURU";"DISTRICT COLLECTOR CHURU_IDA";"";"";"Churu";"Gajsar";"2024-03-03";"185000";"Action Pending";"Unsanctioned";"Lok Sabha"
"Shivkumar Chanabasappa Udasi";"NA - Construction of bus-sheds or bus-stops";"Normal/Others";"Karnataka";"HAVERI";"DEPUTY COMMISSIONER HAVERI_IDA";"";"";"Haveri";"Devagiri Yellapur";"2024-03-03";"500000";"Action Pending";"Unsanctioned";"Lok Sabha"
"Shivkumar Chanabasappa Udasi";"NA - Construction of bus-sheds or bus-stops";"Normal/Others";"Karnataka";"HAVERI";"DEPUTY COMMISSIONER HAVERI_IDA";"";"";"Haveri";"Devagiri";"2024-03-03";"500000";"Action Pending";"Unsanctioned";"Lok Sabha"
"Gaddam Ranjith Reddy";"NA - Lighting of public spaces";"Normal/Others";"Telangana";"CHELVELLA";"DISTRICT COLLECTOR VIKARABAD_IDA";"";"";"Yelal";"Bennur";"2024-03-03";"170000";"Action Pending";"Unsanctioned";"Lok Sabha"
"Rahul Kaswan";"NA - Construction of additional rooms and halls in the existing public and community building";"Normal/Others";"Rajasthan";"CHURU";"DISTRICT COLLECTOR CHURU_IDA";"";"";"Taranagar";"Buchawas";"2024-03-03";"650000";"Action Pending";"Unsanctioned";"Lok Sabha"
"Dr Sukanta Majumdar ";"NA - Street lights";"Normal/Others";"West Bengal";"BALURGHAT";"DISTRICT MAGISTRATE DINAJPUR DAKSHIN_IDA";"Balurghat";"Baidyanathpara (OG) - Ward No.25";"";"";"2024-03-03";"35000";"Action Pending";"Unsanctioned";"Lok Sabha"
"Rahul Kaswan";"NA - Construction of additional rooms and halls in the existing public and community building";"Normal/Others";"Rajasthan";"CHURU";"DISTRICT COLLECTOR CHURU_IDA";"";"";"Sardarshahar";"Patlisar Purohitan";"2024-03-03";"650000";"Action Pending";"Unsanctioned";"Lok Sabha"
"Rahul Kaswan";"NA - Construction of boundary walls of existing public and community buildings";"Normal/Others";"Rajasthan";"CHURU";"DISTRICT COLLECTOR CHURU_IDA";"";"";"Ratangarh";"Parihara";"2024-03-03";"1000000";"Action Pending";"Unsanctioned";"Lok Sabha"
"Shivkumar Chanabasappa Udasi";"NA - Construction of rooms and halls in school and colleges";"Normal/Others";"Karnataka";"HAVERI";"DEPUTY COMMISSIONER HAVERI_IDA";"";"";"Haveri";"Kallihal";"2024-03-03";"500000";"Action Pending";"Unsanctioned";"Lok Sabha"
"Shri Mahesh Sahoo ";"NA - Construction of boundary walls of existing public and community buildings";"Normal/Others";"Odisha";"DHENKANAL";"DISTRICT COLLECTORANGUL_IDA";"";"";"Khamar";"Sankhamur";"2024-03-03";"400000";"Action Pending";"Unsanctioned";"Lok Sabha"
"Shri Mahesh Sahoo ";"NA - Construction of roads, link roads, pathways or any other road with or without drainage system";"Normal/Others";"Odisha";"DHENKANAL";"DISTRICT COLLECTORANGUL_IDA";"";"";"Palalahada";"Pechamundi";"2024-03-03";"300000";"Action Pending";"Unsanctioned";"Lok Sabha"
"Gaddam Ranjith Reddy";"NA - Construction of roads, link roads, pathways or any other road with or without drainage system";"Normal/Others";"Telangana";"CHELVELLA";"DISTRICT COLLECTOR RANGAREDDY_IDA";"";"";"Chevella";"Mudimyal";"2024-03-03";"500000";"Action Pending";"Unsanctioned";"Lok Sabha"
"Smt Ranjeeta Koli";"NA - Construction of roads, link roads, pathways or any other road with or without drainage system";"Normal/Others";"Rajasthan";"BHARATPUR(SC)";"DISTRICT COLLECTOR BHARATPUR_IDA";"";"";"Bharatpur";"Garhi Zalimsingh";"2024-03-03";"400000";"Action Pending";"Unsanctioned";"Lok Sabha"
"Rahul Kaswan";"NA - Improvement of electricity distribution infrastructure";"Normal/Others";"Rajasthan";"CHURU";"DISTRICT COLLECTOR CHURU_IDA";"";"";"Ratangarh";"Menasar";"2024-03-03";"200000";"Action Pending";"Unsanctioned";"Lok Sabha"
"Rahul Kaswan";"NA - Construction of rooms and halls in school and colleges";"Normal/Others";"Rajasthan";"CHURU";"DISTRICT COLLECTOR CHURU_IDA";"";"";"Ratangarh";"Chainpura";"2024-03-03";"850000";"Action Pending";"Unsanctioned";"Lok Sabha"
"Rahul Kaswan";"NA - Development of playfields and sports grounds";"Normal/Others";"Rajasthan";"CHURU";"DISTRICT COLLECTOR CHURU_IDA";"";"";"Ratangarh";"Gogasar";"2024-03-03";"500000";"Action Pending";"Unsanctioned";"Lok Sabha"
"Smt Ranjeeta Koli";"NA - Construction of roads, link roads, pathways or any other road with or without drainage system";"Normal/Others";"Rajasthan";"BHARATPUR(SC)";"DISTRICT COLLECTOR ALWAR_IDA";"";"";"Kathumar";"Titpuri";"2024-03-03";"700000";"Action Pending";"Unsanctioned";"Lok Sabha"
"Smt Ranjeeta Koli";"NA - Construction of roads, link roads, pathways or any other road with or without drainage system";"Normal/Others";"Rajasthan";"BHARATPUR(SC)";"DISTRICT COLLECTOR ALWAR_IDA";"";"";"Kathumar";"Maithna";"2024-03-03";"400000";"Action Pending";"Unsanctioned";"Lok Sabha"
"Smt Ranjeeta Koli";"NA - Construction of roads, link roads, pathways or any other road with or without drainage system";"Normal/Others";"Rajasthan";"BHARATPUR(SC)";"DISTRICT COLLECTOR ALWAR_IDA";"";"";"Kathumar";"Pisai";"2024-03-03";"600000";"Action Pending";"Unsanctioned";"Lok Sabha"
"Smt Ranjeeta Koli";"NA - Crematoriums or structures on burial/ cremation ground for public convenience";"Normal/Others";"Rajasthan";"BHARATPUR(SC)";"DISTRICT COLLECTOR BHARATPUR_IDA";"";"";"Nadbai";"Gadauli";"2024-03-03";"300000";"Action Pending";"Unsanctioned";"Lok Sabha"
"Smt Ranjeeta Koli";"NA - Construction of roads, link roads, pathways or any other road with or without drainage system";"Normal/Others";"Rajasthan";"BHARATPUR(SC)";"DISTRICT COLLECTOR BHARATPUR_IDA";"";"";"Nadbai";"Gadauli";"2024-03-03";"500000";"Action Pending";"Unsanctioned";"Lok Sabha"
"Rahul Kaswan";"NA - Improvement of electricity distribution infrastructure";"Normal/Others";"Rajasthan";"CHURU";"DISTRICT COLLECTOR CHURU_IDA";"";"";"Rajgarh";"Bas Mundi";"2024-03-03";"488000";"Action Pending";"Unsanctioned";"Lok Sabha"
"Sukhbir Singh Jaunapuria";"NA - Construction of roads, link roads, pathways or any other road with or without drainage system";"Normal/Others";"Rajasthan";"TONK-SAWAI MADHOPUR";"DISTRICT COLLECTOR SAWAI MADHOPUR_IDA";"";"";"Sawai Madhopur";"Rawanjna Chaur";"2024-03-03";"250000";"Action Pending";"Unsanctioned";"Lok Sabha"
"Sukhbir Singh Jaunapuria";"NA - Construction of community centers and community halls";"Normal/Others";"Rajasthan";"TONK-SAWAI MADHOPUR";"DISTRICT COLLECTOR TONK_IDA";"";"";"Peeplu";"Janwali";"2024-03-03";"500000";"Action Pending";"Unsanctioned";"Lok Sabha"
"Devji Mansingram Patel";"NA - Purchase of other aids / devices required for P/ M/ V/ H impaired for differently abled persons";"Normal/Others";"Rajasthan";"JALORE";"DISTRICT COLLECTOR Sanchor_IDA";"";"";"Sanchore";"Kilawa";"2024-03-03";"110000";"Action Pending";"Unsanctioned";"Lok Sabha"
"Devji Mansingram Patel";"NA - Street lights";"Normal/Others";"Rajasthan";"JALORE";"DISTRICT COLLECTOR Sanchor_IDA";"";"";"Bagora";"Bagora";"2024-03-03";"400000";"Action Pending";"Unsanctioned";"Lok Sabha"
"Devji Mansingram Patel";"NA - Construction of common work sheds/ common covered sitting area";"Normal/Others";"Rajasthan";"JALORE";"DISTRICT COLLECTOR Sanchor_IDA";"";"";"Raniwara";"Doongri";"2024-03-03";"500000";"Action Pending";"Unsanctioned";"Lok Sabha"
"Rahul Kaswan";"NA - Development of playfields and sports grounds";"Normal/Others";"Rajasthan";"CHURU";"DISTRICT COLLECTOR CHURU_IDA";"";"";"Taranagar";"Poonras";"2024-03-03";"650000";"Action Pending";"Unsanctioned";"Lok Sabha"
"Rahul Kaswan";"NA - Construction of rooms and halls in school and colleges";"Normal/Others";"Rajasthan";"CHURU";"DISTRICT COLLECTOR CHURU_IDA";"";"";"Bidasar";"Parewara";"2024-03-03";"850000";"Action Pending";"Unsanctioned";"Lok Sabha"
"Rahul Kaswan";"NA - Construction of rooms and halls in school and colleges";"Normal/Others";"Rajasthan";"CHURU";"DISTRICT COLLECTOR CHURU_IDA";"";"";"Taranagar";"Kharathwasiya";"2024-03-03";"700000";"Action Pending";"Unsanctioned";"Lok Sabha"
"Rahul Kaswan";"NA - Improvement of electricity distribution infrastructure";"Normal/Others";"Rajasthan";"CHURU";"DISTRICT COLLECTOR CHURU_IDA";"";"";"Ratangarh";"Menasar";"2024-03-03";"142000";"Action Pending";"Unsanctioned";"Lok Sabha"
"Rahul Kaswan";"NA - Construction of rooms and halls in school and colleges";"Normal/Others";"Rajasthan";"CHURU";"DISTRICT COLLECTOR CHURU_IDA";"";"";"Ratangarh";"Ladhasar";"2024-03-03";"850000";"Action Pending";"Unsanctioned";"Lok Sabha"
"Rahul Kaswan";"NA - Construction of rooms and halls in school and colleges";"Normal/Others";"Rajasthan";"CHURU";"DISTRICT COLLECTOR CHURU_IDA";"";"";"Sardarshahar";"Bhojoosar Upadhiiyan";"2024-03-03";"850000";"Action Pending";"Unsanctioned";"Lok Sabha"
"SHRI Rajeev Chandrashekhar";"NA - Construction of roads, link roads, pathways or any other road with or without drainage system";"Normal/Others";"Karnataka";"Sitting Rajya Sabha";"DEPUTY COMMISSIONER BANGALORE URBAN_IDA";"";"";"Anekal";"Indlawadi";"2024-03-03";"500000";"Action Pending";"Unsanctioned";"Rajya Sabha"
"SH Dhiraj Prasad Sahu";"NA - Construction of roads, link roads, pathways or any other road with or without drainage system";"Normal/Others";"Jharkhand";"Sitting Rajya Sabha";"DEPUTY COMMISSIONER LOHARDAGA_IDA";"";"";"Lohardaga";"Nigni";"2024-03-03";"600000";"Action Pending";"Unsanctioned";"Rajya Sabha"
"SH Dhiraj Prasad Sahu";"NA - Construction of roads, link roads, pathways or any other road with or without drainage system";"Normal/Others";"Jharkhand";"Sitting Rajya Sabha";"DEPUTY COMMISSIONER GUMLA_IDA";"";"";"Ghaghra";"Adar";"2024-03-03";"750000";"Action Pending";"Unsanctioned";"Rajya Sabha"
"SH Dhiraj Prasad Sahu";"NA - Construction of culverts and bridges";"Normal/Others";"Jharkhand";"Sitting Rajya Sabha";"DEPUTY COMMISSIONER GUMLA_IDA";"";"";"Ghaghra";"Adar";"2024-03-03";"500000";"Action Pending";"Unsanctioned";"Rajya Sabha"
"SH Dhiraj Prasad Sahu";"NA - Construction of buildings for community cultural activities";"Normal/Others";"Jharkhand";"Sitting Rajya Sabha";"DEPUTY COMMISSIONER GUMLA_IDA";"";"";"Ghaghra";"Adar";"2024-03-03";"600000";"Action Pending";"Unsanctioned";"Rajya Sabha"
"Dr Sikander Kumar";"NA - Lighting of public spaces";"Normal/Others";"Himachal Pradesh";"Sitting Rajya Sabha";"DEPUTY COMMISSIONER HAMIRPUR_IDA";"";"";"Nadaun";"Dhaneta (17/7)";"2024-03-03";"16300";"Action Pending";"Unsanctioned";"Rajya Sabha"
"SHRI Rajeev Chandrashekhar";"NA - Construction of roads, link roads, pathways or any other road with or without drainage system";"Normal/Others";"Karnataka";"Sitting Rajya Sabha";"DEPUTY COMMISSIONER BANGALORE URBAN_IDA";"";"";"Anekal";"Karpur";"2024-03-03";"500000";"Action Pending";"Unsanctioned";"Rajya Sabha"
"SHRI Rajeev Chandrashekhar";"NA - Construction of roads, link roads, pathways or any other road with or without drainage system";"Normal/Others";"Karnataka";"Sitting Rajya Sabha";"DEPUTY COMMISSIONER BANGALORE URBAN_IDA";"";"";"Anekal";"Indlawadi";"2024-03-03";"500000";"Action Pending";"Unsanctioned";"Rajya Sabha"
"Smt Ranjeeta Koli";"NA - Construction of roads, link roads, pathways or any other road with or without drainage system";"Normal/Others";"Rajasthan";"BHARATPUR(SC)";"DISTRICT COLLECTOR BHARATPUR_IDA";"";"";"Bharatpur";"Jharoli";"2024-03-03";"500000";"Action Pending";"Unsanctioned";"Lok Sabha"
"Rahul Kaswan";"NA - Improvement of electricity distribution infrastructure";"Normal/Others";"Rajasthan";"CHURU";"DISTRICT COLLECTOR CHURU_IDA";"";"";"Rajgarh";"Bhuwari";"2024-03-03";"280000";"Action Pending";"Unsanctioned";"Lok Sabha"
"Smt Ranjeeta Koli";"NA - Construction of roads, link roads, pathways or any other road with or without drainage system";"Normal/Others";"Rajasthan";"BHARATPUR(SC)";"DISTRICT COLLECTOR BHARATPUR_IDA";"";"";"Bharatpur";"Nagla Gopal ( Rural )";"2024-03-03";"750000";"Action Pending";"Unsanctioned";"Lok Sabha"
"SHRI Rajeev Chandrashekhar";"NA - Construction of roads, link roads, pathways or any other road with or without drainage system";"Normal/Others";"Karnataka";"Sitting Rajya Sabha";"DEPUTY COMMISSIONER BANGALORE URBAN_IDA";"";"";"Anekal";"Karpur";"2024-03-03";"500000";"Action Pending";"Unsanctioned";"Rajya Sabha"
"SHRI Rajeev Chandrashekhar";"NA - Construction of roads, link roads, pathways or any other road with or without drainage system";"Normal/Others";"Karnataka";"Sitting Rajya Sabha";"DEPUTY COMMISSIONER BANGALORE URBAN_IDA";"";"";"Anekal";"Bhovi Palya (Shanthi Pur)";"2024-03-03";"500000";"Action Pending";"Unsanctioned";"Rajya Sabha"
"SHRI Rajeev Chandrashekhar";"NA - Construction of roads, link roads, pathways or any other road with or without drainage system";"Normal/Others";"Karnataka";"Sitting Rajya Sabha";"DEPUTY COMMISSIONER BANGALORE URBAN_IDA";"";"";"Anekal";"Bhovi Palya (Shanthi Pur)";"2024-03-03";"500000";"Action Pending";"Unsanctioned";"Rajya Sabha"
"Rahul Kaswan";"NA - Construction of rooms and halls in school and colleges";"Normal/Others";"Rajasthan";"CHURU";"DISTRICT COLLECTOR CHURU_IDA";"";"";"Sardarshahar";"Gajoosar";"2024-03-03";"850000";"Action Pending";"Unsanctioned";"Lok Sabha"
"SHRI Rajeev Chandrashekhar";"NA - Construction of roads, link roads, pathways or any other road with or without drainage system";"Normal/Others";"Karnataka";"Sitting Rajya Sabha";"DEPUTY COMMISSIONER BANGALORE URBAN_IDA";"";"";"Anekal";"Bhovi Palya (Shanthi Pur)";"2024-03-03";"500000";"Action Pending";"Unsanctioned";"Rajya Sabha"
"Rahul Kaswan";"NA - Construction of rooms and halls in school and colleges";"Normal/Others";"Rajasthan";"CHURU";"DISTRICT COLLECTOR CHURU_IDA";"";"";"Sardarshahar";"Bhojrasar";"2024-03-03";"1000000";"Action Pending";"Unsanctioned";"Lok Sabha"
"Smt Ranjeeta Koli";"NA - Construction of roads, link roads, pathways or any other road with or without drainage system";"Normal/Others";"Rajasthan";"BHARATPUR(SC)";"DISTRICT COLLECTOR BHARATPUR_IDA";"";"";"Bharatpur";"Garhi Zalimsingh";"2024-03-03";"600000";"Action Pending";"Unsanctioned";"Lok Sabha"
"Smt Ranjeeta Koli";"NA - Construction of roads, link roads, pathways or any other road with or without drainage system";"Normal/Others";"Rajasthan";"BHARATPUR(SC)";"DISTRICT COLLECTOR BHARATPUR_IDA";"";"";"Nadbai";"Dahra";"2024-03-03";"500000";"Action Pending";"Unsanctioned";"Lok Sabha"
"Shri Mahesh Sahoo ";"NA - Construction of buildings for community cultural activities";"Normal/Others";"Odisha";"DHENKANAL";"DISTRICT COLLECTORANGUL_IDA";"";"";"Palalahada";"Palalahada (Ct)";"2024-03-03";"200000";"Action Pending";"Unsanctioned";"Lok Sabha"
"SHRI Rajeev Chandrashekhar";"NA - Construction of roads, link roads, pathways or any other road with or without drainage system";"Normal/Others";"Karnataka";"Sitting Rajya Sabha";"DEPUTY COMMISSIONER BANGALORE URBAN_IDA";"";"";"Anekal";"Indlawadi";"2024-03-03";"500000";"Action Pending";"Unsanctioned";"Rajya Sabha"
"Shivkumar Chanabasappa Udasi";"NA - Construction of additional rooms and halls in the existing public and community building";"Normal/Others";"Karnataka";"HAVERI";"DEPUTY COMMISSIONER HAVERI_IDA";"Haveri";"Haveri (Cmc) - Ward No.1";"";"";"2024-03-03";"500000";"Action Pending";"Unsanctioned";"Lok Sabha"
"Shri Bhartruhari Mahtab ";"NA - Lighting of public spaces";"Normal/Others";"Odisha";"CUTTACK";"DISTRICT COLLECTOR CUTTACK_IDA";"";"";"Kishannagar";"Sompur";"2024-03-03";"150000";"Action Pending";"Unsanctioned";"Lok Sabha"
"Shri Bhartruhari Mahtab ";"NA - Construction of buildings for community cultural activities";"Normal/Others";"Odisha";"CUTTACK";"DISTRICT COLLECTOR CUTTACK_IDA";"";"";"Kishannagar";"Mallipur";"2024-03-03";"400000";"Action Pending";"Unsanctioned";"Lok Sabha"
"Shri Bhartruhari Mahtab ";"NA - Construction of buildings for community cultural activities";"Normal/Others";"Odisha";"CUTTACK";"DISTRICT COLLECTOR CUTTACK_IDA";"";"";"Kishannagar";"Sadhusahi";"2024-03-03";"200000";"Action Pending";"Unsanctioned";"Lok Sabha"
"Shri Bhartruhari Mahtab ";"NA - Construction of buildings for community cultural activities";"Normal/Others";"Odisha";"CUTTACK";"DISTRICT COLLECTOR CUTTACK_IDA";"";"";"Kishannagar";"Brahmanbhuin";"2024-03-03";"200000";"Action Pending";"Unsanctioned";"Lok Sabha"
"Shri Bhartruhari Mahtab ";"NA - Providing drains and gutters for public drainage";"Normal/Others";"Odisha";"CUTTACK";"DISTRICT COLLECTOR CUTTACK_IDA";"";"";"Kishannagar";"Sadhusahi";"2024-03-03";"200000";"Action Pending";"Unsanctioned";"Lok Sabha"
"Shri Bhartruhari Mahtab ";"NA - Construction of buildings for community cultural activities";"Normal/Others";"Odisha";"CUTTACK";"DISTRICT COLLECTOR CUTTACK_IDA";"";"";"Kishannagar";"Brahmanbhuin";"2024-03-03";"300000";"Action Pending";"Unsanctioned";"Lok Sabha"
"Shri Bhartruhari Mahtab ";"NA - Construction of buildings for community cultural activities";"Normal/Others";"Odisha";"CUTTACK";"DISTRICT COLLECTOR CUTTACK_IDA";"";"";"Kishannagar";"Brahmanbhuin";"2024-03-03";"200000";"Action Pending";"Unsanctioned";"Lok Sabha"
"Shri Bhartruhari Mahtab ";"NA - Construction of buildings for community cultural activities";"Normal/Others";"Odisha";"CUTTACK";"DISTRICT COLLECTOR CUTTACK_IDA";"";"";"Kishannagar";"Sadhusahi";"2024-03-03";"200000";"Action Pending";"Unsanctioned";"Lok Sabha"
"Shri Bhartruhari Mahtab ";"NA - Construction of buildings for community cultural activities";"Normal/Others";"Odisha";"CUTTACK";"DISTRICT COLLECTOR CUTTACK_IDA";"";"";"Kishannagar";"Mallipur";"2024-03-03";"100000";"Action Pending";"Unsanctioned";"Lok Sabha"
"Shri Bhartruhari Mahtab ";"NA - Construction of buildings for community cultural activities";"Normal/Others";"Odisha";"CUTTACK";"DISTRICT COLLECTOR CUTTACK_IDA";"";"";"Kishannagar";"Khentalo";"2024-03-03";"100000";"Action Pending";"Unsanctioned";"Lok Sabha"
"Shri Mahesh Sahoo ";"NA - Construction of community centers and community halls";"Normal/Others";"Odisha";"DHENKANAL";"DISTRICT COLLECTORANGUL_IDA";"";"";"Anugul";"Inkarabandha";"2024-03-03";"500000";"Action Pending";"Unsanctioned";"Lok Sabha"
"Shri Mahesh Sahoo ";"NA - Construction of community centers and community halls";"Normal/Others";"Odisha";"DHENKANAL";"DISTRICT COLLECTORANGUL_IDA";"";"";"Kaniha";"Kamarei";"2024-03-03";"400000";"Action Pending";"Unsanctioned";"Lok Sabha"
"Shri Mahesh Sahoo ";"NA - Construction of community centers and community halls";"Normal/Others";"Odisha";"DHENKANAL";"DISTRICT COLLECTORANGUL_IDA";"";"";"Bantala";"Dhokata";"2024-03-03";"500000";"Action Pending";"Unsanctioned";"Lok Sabha"
"Shri Mahesh Sahoo ";"NA - Construction of roads, link roads, pathways or any other road with or without drainage system";"Normal/Others";"Odisha";"DHENKANAL";"DISTRICT COLLECTORANGUL_IDA";"";"";"Rengali Damsite";"Bajrakot";"2024-03-03";"300000";"Action Pending";"Unsanctioned";"Lok Sabha"
"Shri Mahesh Sahoo ";"NA - Construction of New Building";"Normal/Others";"Odisha";"DHENKANAL";"DISTRICT COLLECTORANGUL_IDA";"";"";"Rengali Damsite";"Rengali (Part)";"2024-03-03";"300000";"Action Pending";"Unsanctioned";"Lok Sabha"
"Shri Mahesh Sahoo ";"NA - Construction of community centers and community halls";"Normal/Others";"Odisha";"DHENKANAL";"DISTRICT COLLECTORANGUL_IDA";"";"";"Talcher Sadar";"Brajanathapur";"2024-03-03";"300000";"Action Pending";"Unsanctioned";"Lok Sabha"
"Shivkumar Chanabasappa Udasi";"NA - Lighting of public spaces";"Normal/Others";"Karnataka";"HAVERI";"DEPUTY COMMISSIONER HAVERI_IDA";"";"";"Ranibennur";"Antaravalli";"2024-03-03";"500000";"Action Pending";"Unsanctioned";"Lok Sabha"
"Rahul Kaswan";"NA - Construction of additional rooms and halls in the existing public and community building";"Normal/Others";"Rajasthan";"CHURU";"DISTRICT COLLECTOR CHURU_IDA";"";"";"Sardarshahar";"Sawai Bari";"2024-03-03";"650000";"Action Pending";"Unsanctioned";"Lok Sabha"
"Rahul Kaswan";"NA - Construction of rooms and halls in school and colleges";"Normal/Others";"Rajasthan";"CHURU";"DISTRICT COLLECTOR CHURU_IDA";"";"";"Churu";"Sahnali Chhoti";"2024-03-03";"1000000";"Action Pending";"Unsanctioned";"Lok Sabha"
"SHRI Rajeev Chandrashekhar";"NA - Construction of roads, link roads, pathways or any other road with or without drainage system";"Normal/Others";"Karnataka";"Sitting Rajya Sabha";"DEPUTY COMMISSIONER BANGALORE URBAN_IDA";"";"";"Anekal";"Indlawadi";"2024-03-03";"500000";"Action Pending";"Unsanctioned";"Rajya Sabha"
"SHRI Rajeev Chandrashekhar";"NA - Construction of roads, link roads, pathways or any other road with or without drainage system";"Normal/Others";"Karnataka";"Sitting Rajya Sabha";"DEPUTY COMMISSIONER BANGALORE URBAN_IDA";"";"";"Anekal";"Indlawadi";"2024-03-03";"500000";"Action Pending";"Unsanctioned";"Rajya Sabha"
"SHRI Rajeev Chandrashekhar";"NA - Construction of roads, link roads, pathways or any other road with or without drainage system";"Normal/Others";"Karnataka";"Sitting Rajya Sabha";"DEPUTY COMMISSIONER BANGALORE URBAN_IDA";"";"";"Anekal";"Bhovi Palya (Shanthi Pur)";"2024-03-03";"500000";"Action Pending";"Unsanctioned";"Rajya Sabha"
"SHRI Rajeev Chandrashekhar";"NA - Construction of roads, link roads, pathways or any other road with or without drainage system";"Normal/Others";"Karnataka";"Sitting Rajya Sabha";"DEPUTY COMMISSIONER BANGALORE URBAN_IDA";"";"";"Anekal";"Bhovi Palya (Shanthi Pur)";"2024-03-03";"500000";"Action Pending";"Unsanctioned";"Rajya Sabha"
"SHRI Rajeev Chandrashekhar";"NA - Construction of roads, link roads, pathways or any other road with or without drainage system";"Normal/Others";"Karnataka";"Sitting Rajya Sabha";"DEPUTY COMMISSIONER BANGALORE URBAN_IDA";"";"";"Anekal";"Bhovi Palya (Shanthi Pur)";"2024-03-03";"500000";"Action Pending";"Unsanctioned";"Rajya Sabha"
"SHRI Rajeev Chandrashekhar";"NA - Construction of roads, link roads, pathways or any other road with or without drainage system";"Normal/Others";"Karnataka";"Sitting Rajya Sabha";"DEPUTY COMMISSIONER BANGALORE URBAN_IDA";"";"";"Anekal";"Bhovi Palya (Shanthi Pur)";"2024-03-03";"500000";"Action Pending";"Unsanctioned";"Rajya Sabha"
"SHRI Rajeev Chandrashekhar";"NA - Construction of roads, link roads, pathways or any other road with or without drainage system";"Normal/Others";"Karnataka";"Sitting Rajya Sabha";"DEPUTY COMMISSIONER BANGALORE URBAN_IDA";"";"";"Anekal";"Bhovi Palya (Shanthi Pur)";"2024-03-03";"500000";"Action Pending";"Unsanctioned";"Rajya Sabha"
"SHRI Rajeev Chandrashekhar";"NA - Construction of roads, link roads, pathways or any other road with or without drainage system";"Normal/Others";"Karnataka";"Sitting Rajya Sabha";"DEPUTY COMMISSIONER BANGALORE URBAN_IDA";"";"";"Anekal";"Bhovi Palya (Shanthi Pur)";"2024-03-03";"500000";"Action Pending";"Unsanctioned";"Rajya Sabha"
"SHRI Rajeev Chandrashekhar";"NA - Construction of roads, link roads, pathways or any other road with or without drainage system";"Normal/Others";"Karnataka";"Sitting Rajya Sabha";"DEPUTY COMMISSIONER BANGALORE URBAN_IDA";"";"";"Anekal";"Indlawadi";"2024-03-03";"500000";"Action Pending";"Unsanctioned";"Rajya Sabha"
"Rahul Kaswan";"NA - Construction of rooms and halls in school and colleges";"Normal/Others";"Rajasthan";"CHURU";"DISTRICT COLLECTOR CHURU_IDA";"";"";"Churu";"Ghanghoo";"2024-03-03";"1000000";"Action Pending";"Unsanctioned";"Lok Sabha"
"SHRI Rajeev Chandrashekhar";"NA - Construction of roads, link roads, pathways or any other road with or without drainage system";"Normal/Others";"Karnataka";"Sitting Rajya Sabha";"DEPUTY COMMISSIONER BANGALORE URBAN_IDA";"";"";"Anekal";"Bhovi Palya (Shanthi Pur)";"2024-03-03";"500000";"Action Pending";"Unsanctioned";"Rajya Sabha"
"SHRI Rajeev Chandrashekhar";"NA - Construction of roads, link roads, pathways or any other road with or without drainage system";"Normal/Others";"Karnataka";"Sitting Rajya Sabha";"DEPUTY COMMISSIONER BANGALORE URBAN_IDA";"";"";"Anekal";"Karpur";"2024-03-03";"500000";"Action Pending";"Unsanctioned";"Rajya Sabha"
"Shivkumar Chanabasappa Udasi";"NA - Construction of additional rooms and halls in the existing public and community building";"Normal/Others";"Karnataka";"HAVERI";"DEPUTY COMMISSIONER HAVERI_IDA";"";"";"Hirekerur";"Satenahalli";"2024-03-03";"500000";"Action Pending";"Unsanctioned";"Lok Sabha"
"Smt Ranjeeta Koli";"NA - Construction of roads, link roads, pathways or any other road with or without drainage system";"Normal/Others";"Rajasthan";"BHARATPUR(SC)";"DISTRICT COLLECTOR BHARATPUR_IDA";"";"";"Nadbai";"Dahra";"2024-03-03";"300000";"Action Pending";"Unsanctioned";"Lok Sabha"
"Smt Ranjeeta Koli";"NA - Construction of roads, link roads, pathways or any other road with or without drainage system";"Normal/Others";"Rajasthan";"BHARATPUR(SC)";"DISTRICT COLLECTOR BHARATPUR_IDA";"";"";"Nadbai";"Kareeli";"2024-03-03";"300000";"Action Pending";"Unsanctioned";"Lok Sabha"
"Smt Ranjeeta Koli";"NA - Construction of roads, link roads, pathways or any other road with or without drainage system";"Normal/Others";"Rajasthan";"BHARATPUR(SC)";"DISTRICT COLLECTOR BHARATPUR_IDA";"";"";"Nadbai";"Nagla Kurwariya";"2024-03-03";"500000";"Action Pending";"Unsanctioned";"Lok Sabha"
"Rahul Kaswan";"NA - Construction of rooms and halls in school and colleges";"Normal/Others";"Rajasthan";"CHURU";"DISTRICT COLLECTOR CHURU_IDA";"";"";"Sujangarh";"Mundra";"2024-03-03";"1000000";"Action Pending";"Unsanctioned";"Lok Sabha"
"Gaddam Ranjith Reddy";"NA - Lighting of public spaces";"Normal/Others";"Telangana";"CHELVELLA";"DISTRICT COLLECTOR VIKARABAD_IDA";"";"";"Basheerabad";"Bahadurpur";"2024-03-03";"170000";"Action Pending";"Unsanctioned";"Lok Sabha"
"SHRI Rajeev Chandrashekhar";"NA - Construction of roads, link roads, pathways or any other road with or without drainage system";"Normal/Others";"Karnataka";"Sitting Rajya Sabha";"DEPUTY COMMISSIONER BANGALORE URBAN_IDA";"";"";"Anekal";"Indlawadi";"2024-03-03";"500000";"Action Pending";"Unsanctioned";"Rajya Sabha"
"Gaddam Ranjith Reddy";"NA - Construction of roads, link roads, pathways or any other road with or without drainage system";"Normal/Others";"Telangana";"CHELVELLA";"DISTRICT COLLECTOR RANGAREDDY_IDA";"";"";"Chevella";"Chevella";"2024-03-03";"800000";"Action Pending";"Unsanctioned";"Lok Sabha"
"Kani K Navas";"NA - Lighting of public spaces";"Normal/Others";"Tamil Nadu";"RAMANATHAPURAM";"DISTRICT COLLECTOR RAMANATHAPURAM_IDA";"";"";"Mudukulathur";"Keeranur";"2024-03-03";"430000";"Action Pending";"Unsanctioned";"Lok Sabha"
"Kani K Navas";"NA - Lighting of public spaces";"Normal/Others";"Tamil Nadu";"RAMANATHAPURAM";"DISTRICT COLLECTOR RAMANATHAPURAM_IDA";"";"";"Paramakudi";"Kulathur";"2024-03-03";"430000";"Action Pending";"Unsanctioned";"Lok Sabha"
"Kani K Navas";"NA - Lighting of public spaces";"Normal/Others";"Tamil Nadu";"RAMANATHAPURAM";"DISTRICT COLLECTOR RAMANATHAPURAM_IDA";"";"";"Paramakudi";"Nagaram";"2024-03-03";"430000";"Action Pending";"Unsanctioned";"Lok Sabha"
"Kani K Navas";"NA - Lighting of public spaces";"Normal/Others";"Tamil Nadu";"RAMANATHAPURAM";"DISTRICT COLLECTOR RAMANATHAPURAM_IDA";"";"";"Kamuthi";"Sengappadai";"2024-03-03";"430000";"Action Pending";"Unsanctioned";"Lok Sabha"
"Kani K Navas";"NA - Construction of bus-sheds or bus-stops";"Normal/Others";"Tamil Nadu";"RAMANATHAPURAM";"DISTRICT COLLECTOR RAMANATHAPURAM_IDA";"";"";"Mudukulathur";"Ulaiyur";"2024-03-03";"500000";"Action Pending";"Unsanctioned";"Lok Sabha"
"Kani K Navas";"NA - Construction of New Building";"Normal/Others";"Tamil Nadu";"RAMANATHAPURAM";"DISTRICT COLLECTOR RAMANATHAPURAM_IDA";"";"";"Mudukulathur";"Pirabakkalur";"2024-03-03";"1000000";"Action Pending";"Unsanctioned";"Lok Sabha"
"Kani K Navas";"NA - Lighting of public spaces";"Normal/Others";"Tamil Nadu";"RAMANATHAPURAM";"DISTRICT COLLECTOR RAMANATHAPURAM_IDA";"";"";"Mudukulathur";"Melakodumalur";"2024-03-03";"430000";"Action Pending";"Unsanctioned";"Lok Sabha"
"Kani K Navas";"NA - Construction of New Building";"Normal/Others";"Tamil Nadu";"RAMANATHAPURAM";"DISTRICT COLLECTOR RAMANATHAPURAM_IDA";"";"";"Mudukulathur";"Keeranur";"2024-03-03";"700000";"Action Pending";"Unsanctioned";"Lok Sabha"
"Kani K Navas";"NA - Lighting of public spaces";"Normal/Others";"Tamil Nadu";"RAMANATHAPURAM";"DISTRICT COLLECTOR RAMANATHAPURAM_IDA";"Kamuthi";"Kamuthi (TP) - Ward No.1";"";"";"2024-03-03";"430000";"Action Pending";"Unsanctioned";"Lok Sabha"
"Kani K Navas";"NA - Lighting of public spaces";"Normal/Others";"Tamil Nadu";"RAMANATHAPURAM";"DISTRICT COLLECTOR RAMANATHAPURAM_IDA";"";"";"Mudukulathur";"Keeranur";"2024-03-03";"430000";"Action Pending";"Unsanctioned";"Lok Sabha"
"Kani K Navas";"NA - Lighting of public spaces";"Normal/Others";"Tamil Nadu";"RAMANATHAPURAM";"DISTRICT COLLECTOR RAMANATHAPURAM_IDA";"";"";"Mudukulathur";"Karumal";"2024-03-03";"430000";"Action Pending";"Unsanctioned";"Lok Sabha"
"P Raveendranath Kumar";"NA - Purchase of prosthetics, wheel chairs, tricycles (manual or motorized), elect scooties, hearing aids";"Normal/Others";"Tamil Nadu";"THENI";"DISTRICT COLLECTOR MADURAI_IDA";"Usilampatti";"Usilampatti (M) - Ward No.19";"";"";"2024-03-03";"83500";"Action Pending";"Unsanctioned";"Lok Sabha"
"P Raveendranath Kumar";"NA - Purchase of prosthetics, wheel chairs, tricycles (manual or motorized), elect scooties, hearing aids";"Normal/Others";"Tamil Nadu";"THENI";"DISTRICT COLLECTOR MADURAI_IDA";"";"";"Madurai North";"Thenur Bit 1";"2024-03-03";"83500";"Action Pending";"Unsanctioned";"Lok Sabha"
"SHRI K R Suresh Reddy";"NA - Construction of roads, link roads, pathways or any other road with or without drainage system";"Normal/Others";"Telangana";"Sitting Rajya Sabha";"District Collector Warangal_IDA";"";"";"Chennaraopet";"Chennaraopet";"2024-03-03";"500000";"Action Pending";"Unsanctioned";"Rajya Sabha"
"P Raveendranath Kumar";"NA - Street lights";"Normal/Others";"Tamil Nadu";"THENI";"DISTRICT COLLECTOR THENI_IDA";"Bodinayakanur";"Bodinayakanur (M) - Ward No.21";"";"";"2024-03-03";"650000";"Action Pending";"Unsanctioned";"Lok Sabha"
"Kani K Navas";"NA - Construction of bus-sheds or bus-stops";"Normal/Others";"Tamil Nadu";"RAMANATHAPURAM";"DISTRICT COLLECTOR RAMANATHAPURAM_IDA";"";"";"Paramakudi";"S.Andakkudi";"2024-03-03";"800000";"Action Pending";"Unsanctioned";"Lok Sabha"
"Kani K Navas";"NA - Lighting of public spaces";"Normal/Others";"Tamil Nadu";"RAMANATHAPURAM";"DISTRICT COLLECTOR RAMANATHAPURAM_IDA";"";"";"Paramakudi";"Melaparthibanur (Ct)";"2024-03-03";"430000";"Action Pending";"Unsanctioned";"Lok Sabha"
"Kani K Navas";"NA - Lighting of public spaces";"Normal/Others";"Tamil Nadu";"RAMANATHAPURAM";"DISTRICT COLLECTOR RAMANATHAPURAM_IDA";"";"";"Paramakudi";"Pambur";"2024-03-03";"430000";"Action Pending";"Unsanctioned";"Lok Sabha"
"Kani K Navas";"NA - Lighting of public spaces";"Normal/Others";"Tamil Nadu";"RAMANATHAPURAM";"DISTRICT COLLECTOR RAMANATHAPURAM_IDA";"";"";"Ramanathapuram";"Pandamangalam";"2024-03-03";"430000";"Action Pending";"Unsanctioned";"Lok Sabha"
"Kani K Navas";"NA - Lighting of public spaces";"Normal/Others";"Tamil Nadu";"RAMANATHAPURAM";"DISTRICT COLLECTOR RAMANATHAPURAM_IDA";"";"";"Ramanathapuram";"Sakkarakottai (Ct)";"2024-03-03";"430000";"Action Pending";"Unsanctioned";"Lok Sabha"
"Kani K Navas";"NA - Lighting of public spaces";"Normal/Others";"Tamil Nadu";"RAMANATHAPURAM";"DISTRICT COLLECTOR RAMANATHAPURAM_IDA";"";"";"Ramanathapuram";"Kusavankudi";"2024-03-03";"430000";"Action Pending";"Unsanctioned";"Lok Sabha"
"Kani K Navas";"NA - Lighting of public spaces";"Normal/Others";"Tamil Nadu";"RAMANATHAPURAM";"DISTRICT COLLECTOR RAMANATHAPURAM_IDA";"";"";"Rajasingamangalam";"Ariyankottai";"2024-03-03";"430000";"Action Pending";"Unsanctioned";"Lok Sabha"
"Kani K Navas";"NA - Lighting of public spaces";"Normal/Others";"Tamil Nadu";"RAMANATHAPURAM";"DISTRICT COLLECTOR RAMANATHAPURAM_IDA";"";"";"Rajasingamangalam";"Sholandur";"2024-03-03";"430000";"Action Pending";"Unsanctioned";"Lok Sabha"
"Kani K Navas";"NA - Construction of bus-sheds or bus-stops";"Normal/Others";"Tamil Nadu";"RAMANATHAPURAM";"DISTRICT COLLECTOR RAMANATHAPURAM_IDA";"";"";"Rajasingamangalam";"Tiruppalaikkudi";"2024-03-03";"700000";"Action Pending";"Unsanctioned";"Lok Sabha"
"Kani K Navas";"NA - Lighting of public spaces";"Normal/Others";"Tamil Nadu";"RAMANATHAPURAM";"DISTRICT COLLECTOR RAMANATHAPURAM_IDA";"";"";"Rajasingamangalam";"Thumbadakkakottai";"2024-03-03";"430000";"Action Pending";"Unsanctioned";"Lok Sabha"
"Kani K Navas";"NA - Lighting of public spaces";"Normal/Others";"Tamil Nadu";"RAMANATHAPURAM";"DISTRICT COLLECTOR RAMANATHAPURAM_IDA";"";"";"Kilakarai";"Kalimankundu";"2024-03-03";"430000";"Action Pending";"Unsanctioned";"Lok Sabha"
"Kani K Navas";"NA - Lighting of public spaces";"Normal/Others";"Tamil Nadu";"RAMANATHAPURAM";"DISTRICT COLLECTOR RAMANATHAPURAM_IDA";"";"";"Kilakarai";"Kulapatham";"2024-03-03";"430000";"Action Pending";"Unsanctioned";"Lok Sabha"
"Kani K Navas";"NA - Lighting of public spaces";"Normal/Others";"Tamil Nadu";"RAMANATHAPURAM";"DISTRICT COLLECTOR RAMANATHAPURAM_IDA";"";"";"Kilakarai";"Mallal";"2024-03-03";"430000";"Action Pending";"Unsanctioned";"Lok Sabha"
"Kani K Navas";"NA - Construction of New Building";"Normal/Others";"Tamil Nadu";"RAMANATHAPURAM";"DISTRICT COLLECTOR RAMANATHAPURAM_IDA";"";"";"Kilakarai";"Vannankundu";"2024-03-03";"1500000";"Action Pending";"Unsanctioned";"Lok Sabha"
"Kani K Navas";"NA - Lighting of public spaces";"Normal/Others";"Tamil Nadu";"RAMANATHAPURAM";"DISTRICT COLLECTOR RAMANATHAPURAM_IDA";"";"";"Tiruvadanai";"Nambuthalai";"2024-03-03";"430000";"Action Pending";"Unsanctioned";"Lok Sabha"
"Kani K Navas";"NA - Lighting of public spaces";"Normal/Others";"Tamil Nadu";"RAMANATHAPURAM";"DISTRICT COLLECTOR RAMANATHAPURAM_IDA";"";"";"Tiruvadanai";"Pattamangalam";"2024-03-03";"430000";"Action Pending";"Unsanctioned";"Lok Sabha"
"Kani K Navas";"NA - Lighting of public spaces";"Normal/Others";"Tamil Nadu";"RAMANATHAPURAM";"DISTRICT COLLECTOR RAMANATHAPURAM_IDA";"";"";"Tiruvadanai";"Pudupattinam";"2024-03-03";"430000";"Action Pending";"Unsanctioned";"Lok Sabha"
"P Raveendranath Kumar";"NA - Street lights";"Normal/Others";"Tamil Nadu";"THENI";"DISTRICT COLLECTOR THENI_IDA";"Bodinayakanur";"Bodinayakanur (M) - Ward No.9";"";"";"2024-03-03";"650000";"Action Pending";"Unsanctioned";"Lok Sabha"
"P Raveendranath Kumar";"NA - Construction of flood control embankments";"Normal/Others";"Tamil Nadu";"THENI";"DISTRICT COLLECTOR THENI_IDA";"";"";"Periyakulam";"Keelavadagarai";"2024-03-03";"1000000";"Action Pending";"Unsanctioned";"Lok Sabha"
"P Raveendranath Kumar";"NA - Construction of flood control embankments";"Normal/Others";"Tamil Nadu";"THENI";"DISTRICT COLLECTOR THENI_IDA";"";"";"Periyakulam";"Keelavadagarai";"2024-03-03";"1000000";"Action Pending";"Unsanctioned";"Lok Sabha"
"Dr Ashok Bajpai";"WS/MP179/2023-2024/119588 - Development of public parks";"Normal/Others";"Uttar Pradesh";"Sitting Rajya Sabha";"DISTRICT MAGISTRAE LUCKNOW_IDA";"Lucknow";"Lucknow (M Corp.) - Ward No.1";"";"";"2024-03-03";"289000";"Approved by IDA";"Unsanctioned";"Rajya Sabha"
"Sunil Dattatray Tatkare";"NA - Construction of community centers and community halls";"Normal/Others";"Maharashtra";"RAIGAD";"District Collector Ratnagiri_IDA";"";"";"Khed";"Posare Kh.";"2024-03-03";"800000";"Action Pending";"Unsanctioned";"Lok Sabha"
"Sunil Dattatray Tatkare";"NA - Construction of community centers and community halls";"Normal/Others";"Maharashtra";"RAIGAD";"District Collector Ratnagiri_IDA";"";"";"Khed";"Shiv Kh.";"2024-03-03";"700000";"Action Pending";"Unsanctioned";"Lok Sabha"
"Mohammad Akbar Lone";"NA - Installing tube-wells and borewells";"Normal/Others";"Jammu And Kashmir";"BARAMULLAH";"Deputy Commissioner Bandipora_IDA";"";"";"Sonawari";"Hilalabad";"2024-03-03";"275000";"Action Pending";"Unsanctioned";"Lok Sabha"
"Mohammad Akbar Lone";"NA - Street lights";"Normal/Others";"Jammu And Kashmir";"BARAMULLAH";"Deputy Commissioner Bandipora_IDA";"";"";"Hajin";"Gund I Prang";"2024-03-03";"100000";"Action Pending";"Unsanctioned";"Lok Sabha"
"Mohammad Akbar Lone";"NA - Street lights";"Normal/Others";"Jammu And Kashmir";"BARAMULLAH";"Deputy Commissioner Bandipora_IDA";"";"";"Hajin";"Naidkhai";"2024-03-03";"100000";"Action Pending";"Unsanctioned";"Lok Sabha"
"Sunil Dattatray Tatkare";"NA - Construction of roads, link roads, pathways or any other road with or without drainage system";"Normal/Others";"Maharashtra";"RAIGAD";"District Collector Ratnagiri_IDA";"";"";"Dapoli";"Kangavai";"2024-03-03";"1000000";"Action Pending";"Unsanctioned";"Lok Sabha"
"Bharti Pravin Pawar";"NA - Construction of community centers and community halls";"Normal/Others";"Maharashtra";"DINDORI(ST)";"DISTRICT COLLECTOR NASHIK_IDA";"Dindori";"Dindori (Mu Cl) - Ward No.04";"";"";"2024-03-03";"1494000";"Action Pending";"Unsanctioned";"Lok Sabha"
"Bharti Pravin Pawar";"NA - Construction of community centers and community halls";"Normal/Others";"Maharashtra";"DINDORI(ST)";"DISTRICT COLLECTOR NASHIK_IDA";"";"";"Nandgaon";"Amode";"2024-03-03";"997000";"Action Pending";"Unsanctioned";"Lok Sabha"
"Bharti Pravin Pawar";"NA - Construction of roads, link roads, pathways or any other road with or without drainage system";"Normal/Others";"Maharashtra";"DINDORI(ST)";"DISTRICT COLLECTOR NASHIK_IDA";"";"";"Nandgaon";"Wakhari";"2024-03-03";"998000";"Action Pending";"Unsanctioned";"Lok Sabha"
"Bharti Pravin Pawar";"NA - Construction of roads, link roads, pathways or any other road with or without drainage system";"Normal/Others";"Maharashtra";"DINDORI(ST)";"DISTRICT COLLECTOR NASHIK_IDA";"";"";"Yevla";"Nagde";"2024-03-03";"900000";"Action Pending";"Unsanctioned";"Lok Sabha"
"Guman Singh Damor";"NA - Development of public parks";"Normal/Others";"Madhya Pradesh";"RATLAM(ST)";"District Collector Alirajpur_IDA";"Jobat";"Jawaharlal Nehru Ward";"";"";"2024-03-03";"500000";"Action Pending";"Unsanctioned";"Lok Sabha"
"Bharti Pravin Pawar";"NA - Construction of roads, link roads, pathways or any other road with or without drainage system";"Normal/Others";"Maharashtra";"DINDORI(ST)";"DISTRICT COLLECTOR NASHIK_IDA";"";"";"Yevla";"Mamdapur";"2024-03-03";"500000";"Action Pending";"Unsanctioned";"Lok Sabha"
"Shivkumar Chanabasappa Udasi";"NA - Construction of additional rooms and halls in the existing public and community building";"Normal/Others";"Karnataka";"HAVERI";"DEPUTY COMMISSIONER HAVERI_IDA";"";"";"Ranibennur";"Hirebidari";"2024-03-03";"500000";"Action Pending";"Unsanctioned";"Lok Sabha"
"Shivkumar Chanabasappa Udasi";"NA - Construction of additional rooms and halls in the existing public and community building";"Normal/Others";"Karnataka";"HAVERI";"DEPUTY COMMISSIONER HAVERI_IDA";"";"";"Savanur";"Jallapur";"2024-03-03";"500000";"Action Pending";"Unsanctioned";"Lok Sabha"
"Dr Ashok Bajpai";"NA - Construction of rooms and halls in school and colleges";"Normal/Others";"Uttar Pradesh";"Sitting Rajya Sabha";"DISTRICT MAGISTRATE SANT KABIR NAGAR_IDA";"";"";"Mehdawal";"Khajuria";"2024-03-03";"500000";"Action Pending";"Unsanctioned";"Rajya Sabha"
"SHRI K R Suresh Reddy";"NA - Construction of roads, link roads, pathways or any other road with or without drainage system";"Normal/Others";"Telangana";"Sitting Rajya Sabha";"District Collector Warangal_IDA";"";"";"Chennaraopet";"Chennaraopet";"2024-03-03";"500000";"Action Pending";"Unsanctioned";"Rajya Sabha"
"Bharti Pravin Pawar";"NA - Construction of roads, link roads, pathways or any other road with or without drainage system";"Normal/Others";"Maharashtra";"DINDORI(ST)";"DISTRICT COLLECTOR NASHIK_IDA";"";"";"Yevla";"Rajapur";"2024-03-03";"1000000";"Action Pending";"Unsanctioned";"Lok Sabha"
"Bharti Pravin Pawar";"NA - Construction of roads, link roads, pathways or any other road with or without drainage system";"Normal/Others";"Maharashtra";"DINDORI(ST)";"DISTRICT COLLECTOR NASHIK_IDA";"";"";"Deola";"Vithewadi";"2024-03-03";"994000";"Action Pending";"Unsanctioned";"Lok Sabha"
"Bharti Pravin Pawar";"NA - Construction of roads, link roads, pathways or any other road with or without drainage system";"Normal/Others";"Maharashtra";"DINDORI(ST)";"DISTRICT COLLECTOR NASHIK_IDA";"";"";"Kalwan";"Bhusani";"2024-03-03";"995000";"Action Pending";"Unsanctioned";"Lok Sabha"
"Bharti Pravin Pawar";"NA - Construction of roads, link roads, pathways or any other road with or without drainage system";"Normal/Others";"Maharashtra";"DINDORI(ST)";"DISTRICT COLLECTOR NASHIK_IDA";"";"";"Kalwan";"Bhadvan";"2024-03-03";"994000";"Action Pending";"Unsanctioned";"Lok Sabha"
"Bharti Pravin Pawar";"NA - Construction of roads, link roads, pathways or any other road with or without drainage system";"Normal/Others";"Maharashtra";"DINDORI(ST)";"DISTRICT COLLECTOR NASHIK_IDA";"";"";"Kalwan";"Bagadu";"2024-03-03";"995000";"Action Pending";"Unsanctioned";"Lok Sabha"
"Bharti Pravin Pawar";"NA - Construction of roads, link roads, pathways or any other road with or without drainage system";"Normal/Others";"Maharashtra";"DINDORI(ST)";"DISTRICT COLLECTOR NASHIK_IDA";"";"";"Kalwan";"Pilakos";"2024-03-03";"994000";"Action Pending";"Unsanctioned";"Lok Sabha"
"Bharti Pravin Pawar";"NA - Construction of roads, link roads, pathways or any other road with or without drainage system";"Normal/Others";"Maharashtra";"DINDORI(ST)";"DISTRICT COLLECTOR NASHIK_IDA";"";"";"Kalwan";"Nakode";"2024-03-03";"995000";"Action Pending";"Unsanctioned";"Lok Sabha"
"Shivkumar Chanabasappa Udasi";"NA - Construction of bus-sheds or bus-stops";"Normal/Others";"Karnataka";"HAVERI";"DEPUTY COMMISSIONER HAVERI_IDA";"";"";"Ranibennur";"Sunakalbidari";"2024-03-03";"500000";"Action Pending";"Unsanctioned";"Lok Sabha"
"Shivkumar Chanabasappa Udasi";"NA - Construction of roads, link roads, pathways or any other road with or without drainage system";"Normal/Others";"Karnataka";"HAVERI";"DEPUTY COMMISSIONER HAVERI_IDA";"";"";"Savanur";"Kalakoti";"2024-03-03";"300000";"Action Pending";"Unsanctioned";"Lok Sabha"
"Shivkumar Chanabasappa Udasi";"NA - Construction of roads, link roads, pathways or any other road with or without drainage system";"Normal/Others";"Karnataka";"HAVERI";"DEPUTY COMMISSIONER HAVERI_IDA";"";"";"Haveri";"Konana Tambigi";"2024-03-03";"500000";"Action Pending";"Unsanctioned";"Lok Sabha"
"Shivkumar Chanabasappa Udasi";"NA - Construction of additional rooms and halls in the existing public and community building";"Normal/Others";"Karnataka";"HAVERI";"DEPUTY COMMISSIONER HAVERI_IDA";"";"";"Haveri";"Karjagi";"2024-03-03";"500000";"Action Pending";"Unsanctioned";"Lok Sabha"
"Shivkumar Chanabasappa Udasi";"NA - Lighting of public spaces";"Normal/Others";"Karnataka";"HAVERI";"DEPUTY COMMISSIONER HAVERI_IDA";"";"";"Ranibennur";"Kajjari";"2024-03-03";"300000";"Action Pending";"Unsanctioned";"Lok Sabha"
"Shivkumar Chanabasappa Udasi";"NA - Construction of additional rooms and halls in the existing public and community building";"Normal/Others";"Karnataka";"HAVERI";"DEPUTY COMMISSIONER HAVERI_IDA";"";"";"Ranibennur";"Yellapur T.Honnatti";"2024-03-03";"300000";"Action Pending";"Unsanctioned";"Lok Sabha"
"SHRI K R Suresh Reddy";"NA - Construction of roads, link roads, pathways or any other road with or without drainage system";"Normal/Others";"Telangana";"Sitting Rajya Sabha";"District Collector Warangal_IDA";"";"";"Chennaraopet";"Chennaraopet";"2024-03-03";"500000";"Action Pending";"Unsanctioned";"Rajya Sabha"
"Gaddam Ranjith Reddy";"NA - Construction of roads, link roads, pathways or any other road with or without drainage system";"Normal/Others";"Telangana";"CHELVELLA";"DISTRICT COLLECTOR RANGAREDDY_IDA";"";"";"Chevella";"Chevella";"2024-03-03";"1000000";"Action Pending";"Unsanctioned";"Lok Sabha"
"Kani K Navas";"NA - Lighting of public spaces";"Normal/Others";"Tamil Nadu";"RAMANATHAPURAM";"DISTRICT COLLECTOR RAMANATHAPURAM_IDA";"";"";"Tiruvadanai";"Tiruvetriyur";"2024-03-03";"430000";"Action Pending";"Unsanctioned";"Lok Sabha"
"Kani K Navas";"NA - Purchase of furniture and fixtures for educational purposes";"Normal/Others";"Tamil Nadu";"RAMANATHAPURAM";"DISTRICT COLLECTOR RAMANATHAPURAM_IDA";"Mandapam";"Mandapam (TP) - Ward No.1";"";"";"2024-03-03";"99000";"Action Pending";"Unsanctioned";"Lok Sabha"
"Bharti Pravin Pawar";"NA - Construction of roads, link roads, pathways or any other road with or without drainage system";"Normal/Others";"Maharashtra";"DINDORI(ST)";"DISTRICT COLLECTOR NASHIK_IDA";"";"";"Dindori";"Jaulakevani";"2024-03-03";"1493000";"Action Pending";"Unsanctioned";"Lok Sabha"
"SHRI K R Suresh Reddy";"NA - Construction of public irrigation facilities";"Normal/Others";"Telangana";"Sitting Rajya Sabha";"DISTRICT COLLECTOR NIZAMABAD_IDA";"";"";"Bheemgal";"Bejjora";"2024-03-03";"1500000";"Action Pending";"Unsanctioned";"Rajya Sabha"
"SHRI K R Suresh Reddy";"NA - Construction of community centers and community halls";"Normal/Others";"Telangana";"Sitting Rajya Sabha";"DISTRICT COLLECTOR NIZAMABAD_IDA";"";"";"Mugpal";"Borgaon (P)";"2024-03-03";"1500000";"Action Pending";"Unsanctioned";"Rajya Sabha"
"Alok Kumar Suman";"NA - Purchase of IT systems, including hardware and software for educational purposes";"Normal/Others";"Bihar";"GOPALGANJ (SC)";"DISTRICT PLANNING OFFICER GOPALGANJ_IDA";"";"";"Kuchaikote";"Bikrampur";"2024-03-03";"250000";"Action Pending";"Unsanctioned";"Lok Sabha"
"Alok Kumar Suman";"NA - Construction of roads, link roads, pathways or any other road with or without drainage system";"Normal/Others";"Bihar";"GOPALGANJ (SC)";"DISTRICT PLANNING OFFICER GOPALGANJ_IDA";"";"";"Uchkagaon";"Sankhe Khas";"2024-03-03";"300000";"Action Pending";"Unsanctioned";"Lok Sabha"
"SHRI K R Suresh Reddy";"NA - Construction of roads, link roads, pathways or any other road with or without drainage system";"Normal/Others";"Telangana";"Sitting Rajya Sabha";"District Collector Warangal_IDA";"";"";"Chennaraopet";"Chennaraopet";"2024-03-03";"500000";"Action Pending";"Unsanctioned";"Rajya Sabha"
"Shivkumar Chanabasappa Udasi";"NA - Construction of community centers and community halls";"Normal/Others";"Karnataka";"HAVERI";"DEPUTY COMMISSIONER HAVERI_IDA";"";"";"Ranibennur";"Karur";"2024-03-03";"500000";"Action Pending";"Unsanctioned";"Lok Sabha"
"Bharti Pravin Pawar";"NA - Construction of roads, link roads, pathways or any other road with or without drainage system";"Normal/Others";"Maharashtra";"DINDORI(ST)";"DISTRICT COLLECTOR NASHIK_IDA";"";"";"Dindori";"Umrale Bk.";"2024-03-03";"995000";"Action Pending";"Unsanctioned";"Lok Sabha"
"Kani K Navas";"NA - Installing community drinking water plants";"Normal/Others";"Tamil Nadu";"RAMANATHAPURAM";"DISTRICT COLLECTOR RAMANATHAPURAM_IDA";"Mudukulathur";"Mudukulathur (TP) - Ward No.1";"";"";"2024-03-03";"600000";"Action Pending";"Unsanctioned";"Lok Sabha"
"Bharti Pravin Pawar";"NA - Crematoriums or structures on burial/ cremation ground for public convenience";"Normal/Others";"Maharashtra";"DINDORI(ST)";"DISTRICT COLLECTOR NASHIK_IDA";"";"";"Peth";"Borwath";"2024-03-03";"994000";"Action Pending";"Unsanctioned";"Lok Sabha"
"Bharti Pravin Pawar";"NA - Construction of roads, link roads, pathways or any other road with or without drainage system";"Normal/Others";"Maharashtra";"DINDORI(ST)";"DISTRICT COLLECTOR NASHIK_IDA";"";"";"Malegaon";"Malagaon";"2024-03-03";"994000";"Action Pending";"Unsanctioned";"Lok Sabha"
"Bharti Pravin Pawar";"NA - Construction of roads, link roads, pathways or any other road with or without drainage system";"Normal/Others";"Maharashtra";"DINDORI(ST)";"DISTRICT COLLECTOR NASHIK_IDA";"";"";"Surgana";"Hadkaichond";"2024-03-03";"992000";"Action Pending";"Unsanctioned";"Lok Sabha"
"Bharti Pravin Pawar";"NA - Construction of community centers and community halls";"Normal/Others";"Maharashtra";"DINDORI(ST)";"DISTRICT COLLECTOR NASHIK_IDA";"";"";"Kalwan";"Sptashrungi Gad";"2024-03-03";"1488000";"Action Pending";"Unsanctioned";"Lok Sabha"
"Bharti Pravin Pawar";"NA - Street lights";"Normal/Others";"Maharashtra";"DINDORI(ST)";"DISTRICT COLLECTOR NASHIK_IDA";"";"";"Malegaon";"Sherul";"2024-03-03";"500000";"Action Pending";"Unsanctioned";"Lok Sabha"
"Kuruva Gorantla Madhav";"NA - Crematoriums or structures on burial/ cremation ground for public convenience";"Normal/Others";"Andhra Pradesh";"HINDUPUR";"DISTRICT COLLECTOR SRI SATHYA SAI_IDA";"";"";"Tadimarri";"Kunukuntla";"2024-03-03";"500000";"Action Pending";"Unsanctioned";"Lok Sabha"
"Shivkumar Chanabasappa Udasi";"NA - Construction of roads, link roads, pathways or any other road with or without drainage system";"Normal/Others";"Karnataka";"HAVERI";"DEPUTY COMMISSIONER HAVERI_IDA";"Hirekerur";"Hirekerur (TP) - Ward No.8";"";"";"2024-03-03";"500000";"Action Pending";"Unsanctioned";"Lok Sabha"
"Shivkumar Chanabasappa Udasi";"NA - Construction of roads, link roads, pathways or any other road with or without drainage system";"Normal/Others";"Karnataka";"HAVERI";"DEPUTY COMMISSIONER HAVERI_IDA";"Haveri";"Haveri (Cmc) - Ward No.1";"";"";"2024-03-03";"500000";"Action Pending";"Unsanctioned";"Lok Sabha"
"Shivkumar Chanabasappa Udasi";"NA - Lighting of public spaces";"Normal/Others";"Karnataka";"HAVERI";"DEPUTY COMMISSIONER HAVERI_IDA";"Ranibennur";"Ranibennur (Cmc) - Ward No.22";"";"";"2024-03-03";"500000";"Action Pending";"Unsanctioned";"Lok Sabha"
"Shivkumar Chanabasappa Udasi";"NA - Construction of additional rooms and halls in the existing public and community building";"Normal/Others";"Karnataka";"HAVERI";"DEPUTY COMMISSIONER HAVERI_IDA";"Haveri";"Haveri (Cmc) - Ward No.7";"";"";"2024-03-03";"500000";"Action Pending";"Unsanctioned";"Lok Sabha"
"Shivkumar Chanabasappa Udasi";"NA - Lighting of public spaces";"Normal/Others";"Karnataka";"HAVERI";"DEPUTY COMMISSIONER HAVERI_IDA";"";"";"Ranibennur";"Nagenahalli";"2024-03-03";"500000";"Action Pending";"Unsanctioned";"Lok Sabha"
"Shivkumar Chanabasappa Udasi";"NA - Lighting of public spaces";"Normal/Others";"Karnataka";"HAVERI";"DEPUTY COMMISSIONER HAVERI_IDA";"";"";"Ranibennur";"Danoagihalli (Dandigihalli)";"2024-03-03";"500000";"Action Pending";"Unsanctioned";"Lok Sabha"
"Shivkumar Chanabasappa Udasi";"NA - Installing community drinking water plants";"Normal/Others";"Karnataka";"HAVERI";"DEPUTY COMMISSIONER HAVERI_IDA";"";"";"Savanur";"Kalasur";"2024-03-03";"200000";"Action Pending";"Unsanctioned";"Lok Sabha"
"Shivkumar Chanabasappa Udasi";"NA - Construction of additional rooms and halls in the existing public and community building";"Normal/Others";"Karnataka";"HAVERI";"DEPUTY COMMISSIONER HAVERI_IDA";"";"";"Savanur";"Huvinshigli";"2024-03-03";"500000";"Action Pending";"Unsanctioned";"Lok Sabha"
"Shivkumar Chanabasappa Udasi";"NA - Construction of additional rooms and halls in the existing public and community building";"Normal/Others";"Karnataka";"HAVERI";"DEPUTY COMMISSIONER HAVERI_IDA";"";"";"Hangal";"Kalkeri";"2024-03-03";"500000";"Action Pending";"Unsanctioned";"Lok Sabha"
"Shivkumar Chanabasappa Udasi";"NA - Purchase of smart boards, visual display units and projectors";"Normal/Others";"Karnataka";"HAVERI";"DEPUTY COMMISSIONER HAVERI_IDA";"";"";"Byadgi";"Motebennur";"2024-03-03";"500000";"Action Pending";"Unsanctioned";"Lok Sabha"
"Dr Sikander Kumar";"NA - Lighting of public spaces";"Normal/Others";"Himachal Pradesh";"Sitting Rajya Sabha";"DEPUTY COMMISSIONER HAMIRPUR_IDA";"";"";"Kangoo";"Malag (26/20)";"2024-03-03";"32600";"Action Pending";"Unsanctioned";"Rajya Sabha"
"Gaddam Ranjith Reddy";"NA - Providing drains and gutters for public drainage";"Normal/Others";"Telangana";"CHELVELLA";"DISTRICT COLLECTOR RANGAREDDY_IDA";"";"";"Chevella";"Chevella";"2024-03-03";"500000";"Action Pending";"Unsanctioned";"Lok Sabha"
"Gaddam Ranjith Reddy";"NA - Providing drains and gutters for public drainage";"Normal/Others";"Telangana";"CHELVELLA";"DISTRICT COLLECTOR RANGAREDDY_IDA";"";"";"Chevella";"Chevella";"2024-03-03";"500000";"Action Pending";"Unsanctioned";"Lok Sabha"
"Gaddam Ranjith Reddy";"NA - Construction of roads, link roads, pathways or any other road with or without drainage system";"Normal/Others";"Telangana";"CHELVELLA";"DISTRICT COLLECTOR RANGAREDDY_IDA";"";"";"Shankarpalle";"Mahalingapuram";"2024-03-03";"500000";"Action Pending";"Unsanctioned";"Lok Sabha"
"Gaddam Ranjith Reddy";"NA - Construction of roads, link roads, pathways or any other road with or without drainage system";"Normal/Others";"Telangana";"CHELVELLA";"DISTRICT COLLECTOR RANGAREDDY_IDA";"";"";"Shankarpalle";"Mahalingapuram";"2024-03-03";"500000";"Action Pending";"Unsanctioned";"Lok Sabha"
"Gaddam Ranjith Reddy";"NA - Construction of roads, link roads, pathways or any other road with or without drainage system";"Normal/Others";"Telangana";"CHELVELLA";"DISTRICT COLLECTOR RANGAREDDY_IDA";"";"";"Shamshabad";"Shankarapur";"2024-03-03";"1000000";"Action Pending";"Unsanctioned";"Lok Sabha"
"Gaddam Ranjith Reddy";"NA - Construction of roads, link roads, pathways or any other road with or without drainage system";"Normal/Others";"Telangana";"CHELVELLA";"DISTRICT COLLECTOR RANGAREDDY_IDA";"";"";"Shamshabad";"Cherlaguda";"2024-03-03";"1000000";"Action Pending";"Unsanctioned";"Lok Sabha"
"Kuruva Gorantla Madhav";"NA - Construction of roads, link roads, pathways or any other road with or without drainage system";"Normal/Others";"Andhra Pradesh";"HINDUPUR";"DISTRICT COLLECTOR SRI SATHYA SAI_IDA";"";"";"Ramagiri";"Nasanakota";"2024-03-03";"500000";"Action Pending";"Unsanctioned";"Lok Sabha"
"Kuruva Gorantla Madhav";"NA - Construction of roads, link roads, pathways or any other road with or without drainage system";"Normal/Others";"Andhra Pradesh";"HINDUPUR";"DISTRICT COLLECTOR SRI SATHYA SAI_IDA";"";"";"Ramagiri";"Nasanakota";"2024-03-03";"500000";"Action Pending";"Unsanctioned";"Lok Sabha"
"Beesetti Venkata Satyavathi";"NA - Installing tube-wells and borewells";"Normal/Others";"Andhra Pradesh";"ANAKAPALLE";"DISTRICT COLLECTOR ANAKAPALLI_IDA";"";"";"Chodavaram";"Gajapathinagaram";"2024-03-03";"220000";"Action Pending";"Unsanctioned";"Lok Sabha"
"Beesetti Venkata Satyavathi";"NA - Construction of buildings for multi-gym";"Normal/Others";"Andhra Pradesh";"ANAKAPALLE";"DISTRICT COLLECTOR ANAKAPALLI_IDA";"";"";"Chodavaram";"Govada";"2024-03-03";"500000";"Action Pending";"Unsanctioned";"Lok Sabha"
"Kani K Navas";"NA - Installing community drinking water plants";"Normal/Others";"Tamil Nadu";"RAMANATHAPURAM";"DISTRICT COLLECTOR RAMANATHAPURAM_IDA";"Mudukulathur";"Mudukulathur (TP) - Ward No.1";"";"";"2024-03-03";"600000";"Action Pending";"Unsanctioned";"Lok Sabha"
"Kani K Navas";"NA - Construction of roads, link roads, pathways or any other road with or without drainage system";"Normal/Others";"Tamil Nadu";"RAMANATHAPURAM";"DISTRICT COLLECTOR RAMANATHAPURAM_IDA";"Mudukulathur";"Mudukulathur (TP) - Ward No.1";"";"";"2024-03-03";"250000";"Action Pending";"Unsanctioned";"Lok Sabha"
"Kani K Navas";"NA - Lighting of public spaces";"Normal/Others";"Tamil Nadu";"RAMANATHAPURAM";"DISTRICT COLLECTOR RAMANATHAPURAM_IDA";"R.S.Mangalam";"R.S.Mangalam (TP) - Ward No.1";"";"";"2024-03-03";"430000";"Action Pending";"Unsanctioned";"Lok Sabha"
"Kani K Navas";"NA - Lighting of public spaces";"Normal/Others";"Tamil Nadu";"RAMANATHAPURAM";"DISTRICT COLLECTOR RAMANATHAPURAM_IDA";"Sayalgudi";"Sayalgudi (TP) - Ward No.1";"";"";"2024-03-03";"430000";"Action Pending";"Unsanctioned";"Lok Sabha"
"Kani K Navas";"NA - Lighting of public spaces";"Normal/Others";"Tamil Nadu";"RAMANATHAPURAM";"DISTRICT COLLECTOR RAMANATHAPURAM_IDA";"Thondi";"Thondi (TP) - Ward No.5";"";"";"2024-03-03";"430000";"Action Pending";"Unsanctioned";"Lok Sabha"
"Kani K Navas";"NA - Lighting of public spaces";"Normal/Others";"Tamil Nadu";"RAMANATHAPURAM";"DISTRICT COLLECTOR RAMANATHAPURAM_IDA";"Paramakudi";"Paramakudi (M) - Ward No.2";"";"";"2024-03-03";"430000";"Action Pending";"Unsanctioned";"Lok Sabha"
"Kani K Navas";"NA - Lighting of public spaces";"Normal/Others";"Tamil Nadu";"RAMANATHAPURAM";"DISTRICT COLLECTOR RAMANATHAPURAM_IDA";"Paramakudi";"Paramakudi (M) - Ward No.24";"";"";"2024-03-03";"430000";"Action Pending";"Unsanctioned";"Lok Sabha"
"Kani K Navas";"NA - Lighting of public spaces";"Normal/Others";"Tamil Nadu";"RAMANATHAPURAM";"DISTRICT COLLECTOR RAMANATHAPURAM_IDA";"Paramakudi";"Paramakudi (M) - Ward No.16";"";"";"2024-03-03";"430000";"Action Pending";"Unsanctioned";"Lok Sabha"
"Kani K Navas";"NA - Lighting of public spaces";"Normal/Others";"Tamil Nadu";"RAMANATHAPURAM";"DISTRICT COLLECTOR RAMANATHAPURAM_IDA";"Ramanathapuram";"Ramanathapuram (M) - Ward No.11";"";"";"2024-03-03";"430000";"Action Pending";"Unsanctioned";"Lok Sabha"
"Kani K Navas";"NA - Lighting of public spaces";"Normal/Others";"Tamil Nadu";"RAMANATHAPURAM";"DISTRICT COLLECTOR RAMANATHAPURAM_IDA";"Ramanathapuram";"Ramanathapuram (M) - Ward No.30";"";"";"2024-03-03";"430000";"Action Pending";"Unsanctioned";"Lok Sabha"
"Kani K Navas";"NA - Lighting of public spaces";"Normal/Others";"Tamil Nadu";"RAMANATHAPURAM";"DISTRICT COLLECTOR RAMANATHAPURAM_IDA";"Rameswaram";"Rameswaram (M) - Ward No.18";"";"";"2024-03-03";"430000";"Action Pending";"Unsanctioned";"Lok Sabha"
"Kani K Navas";"NA - Construction of New Building";"Normal/Others";"Tamil Nadu";"RAMANATHAPURAM";"DISTRICT COLLECTOR PUDUKKOTTAI_IDA";"";"";"Avudayarkoil";"Theeyattur";"2024-03-03";"700000";"Action Pending";"Unsanctioned";"Lok Sabha"
"Kani K Navas";"NA - Lighting of public spaces";"Normal/Others";"Tamil Nadu";"RAMANATHAPURAM";"DISTRICT COLLECTOR PUDUKKOTTAI_IDA";"";"";"Avudayarkoil";"Kalabam";"2024-03-03";"400000";"Action Pending";"Unsanctioned";"Lok Sabha"
"Kani K Navas";"NA - Construction of community centers and community halls";"Normal/Others";"Tamil Nadu";"RAMANATHAPURAM";"DISTRICT COLLECTOR PUDUKKOTTAI_IDA";"";"";"Avudayarkoil";"Kanur";"2024-03-03";"2000000";"Action Pending";"Unsanctioned";"Lok Sabha"
"Kani K Navas";"NA - Construction of New Building";"Normal/Others";"Tamil Nadu";"RAMANATHAPURAM";"DISTRICT COLLECTOR PUDUKKOTTAI_IDA";"";"";"Aranthangi";"Amanji";"2024-03-03";"800000";"Action Pending";"Unsanctioned";"Lok Sabha"
"Kani K Navas";"NA - Lighting of public spaces";"Normal/Others";"Tamil Nadu";"RAMANATHAPURAM";"DISTRICT COLLECTOR PUDUKKOTTAI_IDA";"";"";"Aranthangi";"Nakkudi";"2024-03-03";"400000";"Action Pending";"Unsanctioned";"Lok Sabha"
"Kani K Navas";"NA - Lighting of public spaces";"Normal/Others";"Tamil Nadu";"RAMANATHAPURAM";"DISTRICT COLLECTOR PUDUKKOTTAI_IDA";"";"";"Manamelkudi";"Karakathikkottai";"2024-03-03";"400000";"Action Pending";"Unsanctioned";"Lok Sabha"
"Bharti Pravin Pawar";"NA - Construction of roads, link roads, pathways or any other road with or without drainage system";"Normal/Others";"Maharashtra";"DINDORI(ST)";"DISTRICT COLLECTOR NASHIK_IDA";"";"";"Kalwan";"Narul";"2024-03-03";"995000";"Action Pending";"Unsanctioned";"Lok Sabha"
"Kani K Navas";"NA - Lighting of public spaces";"Normal/Others";"Tamil Nadu";"RAMANATHAPURAM";"DISTRICT COLLECTOR PUDUKKOTTAI_IDA";"";"";"Manamelkudi";"Vettivayal";"2024-03-03";"430000";"Action Pending";"Unsanctioned";"Lok Sabha"
"Kani K Navas";"NA - Lighting of public spaces";"Normal/Others";"Tamil Nadu";"RAMANATHAPURAM";"DISTRICT COLLECTOR PUDUKKOTTAI_IDA";"";"";"Manamelkudi";"Panavayal";"2024-03-03";"430000";"Action Pending";"Unsanctioned";"Lok Sabha"
"Kani K Navas";"NA - Construction of roads, link roads, pathways or any other road with or without drainage system";"Normal/Others";"Tamil Nadu";"RAMANATHAPURAM";"DISTRICT COLLECTOR PUDUKKOTTAI_IDA";"";"";"Manamelkudi";"Vichur";"2024-03-03";"200000";"Action Pending";"Unsanctioned";"Lok Sabha"
"Kani K Navas";"NA - Construction of roads, link roads, pathways or any other road with or without drainage system";"Normal/Others";"Tamil Nadu";"RAMANATHAPURAM";"DISTRICT COLLECTOR PUDUKKOTTAI_IDA";"";"";"Manamelkudi";"Ammapattinam (Ct)";"2024-03-03";"350000";"Action Pending";"Unsanctioned";"Lok Sabha"
"Kani K Navas";"NA - Construction of roads, link roads, pathways or any other road with or without drainage system";"Normal/Others";"Tamil Nadu";"RAMANATHAPURAM";"DISTRICT COLLECTOR PUDUKKOTTAI_IDA";"";"";"Manamelkudi";"Ammapattinam (Ct)";"2024-03-03";"640000";"Action Pending";"Unsanctioned";"Lok Sabha"
"Kani K Navas";"NA - Construction of New Building";"Normal/Others";"Tamil Nadu";"RAMANATHAPURAM";"DISTRICT COLLECTOR PUDUKKOTTAI_IDA";"";"";"Manamelkudi";"Manamelkudi (Part)";"2024-03-03";"800000";"Action Pending";"Unsanctioned";"Lok Sabha"
"Kani K Navas";"NA - Construction of bus-sheds or bus-stops";"Normal/Others";"Tamil Nadu";"RAMANATHAPURAM";"DISTRICT COLLECTOR PUDUKKOTTAI_IDA";"Aranthangi";"Aranthangi (M) - Ward No.6";"";"";"2024-03-03";"600000";"Action Pending";"Unsanctioned";"Lok Sabha"
"Kani K Navas";"NA - Lighting of public spaces";"Normal/Others";"Tamil Nadu";"RAMANATHAPURAM";"DISTRICT COLLECTOR PUDUKKOTTAI_IDA";"Aranthangi";"Aranthangi (M) - Ward No.1";"";"";"2024-03-03";"500000";"Action Pending";"Unsanctioned";"Lok Sabha"
"Kani K Navas";"NA - Lighting of public spaces";"Normal/Others";"Tamil Nadu";"RAMANATHAPURAM";"DISTRICT COLLECTOR PUDUKKOTTAI_IDA";"Aranthangi";"Aranthangi (M) - Ward No.1";"";"";"2024-03-03";"500000";"Action Pending";"Unsanctioned";"Lok Sabha"
"Kani K Navas";"NA - Lighting of public spaces";"Normal/Others";"Tamil Nadu";"RAMANATHAPURAM";"DISTRICT COLLECTOR PUDUKKOTTAI_IDA";"Aranthangi";"Aranthangi (M) - Ward No.1";"";"";"2024-03-03";"500000";"Action Pending";"Unsanctioned";"Lok Sabha"
"Kani K Navas";"NA - Construction of bus-sheds or bus-stops";"Normal/Others";"Tamil Nadu";"RAMANATHAPURAM";"DISTRICT COLLECTOR PUDUKKOTTAI_IDA";"";"";"Aranthangi";"Urvani";"2024-03-03";"700000";"Action Pending";"Unsanctioned";"Lok Sabha"
"Dr Sikander Kumar";"NA - Lighting of public spaces";"Normal/Others";"Himachal Pradesh";"Sitting Rajya Sabha";"DEPUTY COMMISSIONER HAMIRPUR_IDA";"";"";"Nadaun";"Badhera (17/14)";"2024-03-03";"57050";"Action Pending";"Unsanctioned";"Rajya Sabha"
"Manoj Rajoria";"NA - Construction of public libraries and reading rooms";"Normal/Others";"Rajasthan";"KARAULI-DHOLPUR(SC)";"DISTRICT COLLECTOR KARAULI_IDA";"";"";"Karauli";"Karauli";"2024-03-02";"2000000";"Action Pending";"Unsanctioned";"Lok Sabha"
"Dr Ashok Bajpai";"WS/MP179/2023-2024/119127 - Construction of roads, link roads, pathways or any other road with or without drainage system";"Normal/Others";"Uttar Pradesh";"Sitting Rajya Sabha";"DISTRICT MAGISTRAE LUCKNOW_IDA";"Lucknow";"Lucknow (M Corp.) - Ward No.16";"";"";"2024-03-02";"1426000";"Approved by IDA";"Unsanctioned";"Rajya Sabha"
"Manoj Rajoria";"NA - Installing community drinking water plants";"Normal/Others";"Rajasthan";"KARAULI-DHOLPUR(SC)";"DISTRICT COLLECTOR KARAULI_IDA";"";"";"Mandrayal";"Makanpur";"2024-03-02";"350000";"Action Pending";"Unsanctioned";"Lok Sabha"
"Bishweswar Tudu";"NA - Construction of roads, link roads, pathways or any other road with or without drainage system";"Normal/Others";"Odisha";"MAYURBHANJ (ST)";"DISTRICT COLLECTOR MAYURBHANJ_IDA";"";"";"Bangiriposi";"Jaganathkhunta";"2024-03-02";"400000";"Action Pending";"Unsanctioned";"Lok Sabha"
"Bishweswar Tudu";"NA - Construction of roads, link roads, pathways or any other road with or without drainage system";"Normal/Others";"Odisha";"MAYURBHANJ (ST)";"DISTRICT COLLECTOR MAYURBHANJ_IDA";"";"";"Rairangpur";"Mundhathakura";"2024-03-02";"400000";"Action Pending";"Unsanctioned";"Lok Sabha"
"Shri Abdul Khaleque ";"NA - Construction of boundary walls of existing public and community buildings";"Normal/Others";"Assam";"BARPETA";"Deputy Commissioner Bongaigaon_IDA";"";"";"Bongaigaon (Pt)";"Nankargaon";"2024-03-02";"400000";"Action Pending";"Unsanctioned";"Lok Sabha"
"Bishweswar Tudu";"NA - Construction of roads, link roads, pathways or any other road with or without drainage system";"Normal/Others";"Odisha";"MAYURBHANJ (ST)";"DISTRICT COLLECTOR MAYURBHANJ_IDA";"";"";"Bisoi";"Sanmanada";"2024-03-02";"400000";"Action Pending";"Unsanctioned";"Lok Sabha"
"Bishweswar Tudu";"NA - Establishing public ground water recharging facilities";"Normal/Others";"Odisha";"MAYURBHANJ (ST)";"DISTRICT COLLECTOR MAYURBHANJ_IDA";"";"";"Bangiriposi";"Bhulanpur";"2024-03-02";"200000";"Action Pending";"Unsanctioned";"Lok Sabha"
"Gaddam Ranjith Reddy";"NA - Lighting of public spaces";"Normal/Others";"Telangana";"CHELVELLA";"DISTRICT COLLECTOR VIKARABAD_IDA";"";"";"Yelal";"Agnoor";"2024-03-02";"170000";"Action Pending";"Unsanctioned";"Lok Sabha"
"Gaddam Ranjith Reddy";"NA - Lighting of public spaces";"Normal/Others";"Telangana";"CHELVELLA";"DISTRICT COLLECTOR VIKARABAD_IDA";"";"";"Yelal";"Banapur";"2024-03-02";"170000";"Action Pending";"Unsanctioned";"Lok Sabha"
"Gaddam Ranjith Reddy";"NA - Lighting of public spaces";"Normal/Others";"Telangana";"CHELVELLA";"DISTRICT COLLECTOR VIKARABAD_IDA";"";"";"Yelal";"Doulapur";"2024-03-02";"170000";"Action Pending";"Unsanctioned";"Lok Sabha"
"Gaddam Ranjith Reddy";"NA - Lighting of public spaces";"Normal/Others";"Telangana";"CHELVELLA";"DISTRICT COLLECTOR VIKARABAD_IDA";"";"";"Yelal";"Rasnam";"2024-03-02";"170000";"Action Pending";"Unsanctioned";"Lok Sabha"
"Gaddam Ranjith Reddy";"NA - Lighting of public spaces";"Normal/Others";"Telangana";"CHELVELLA";"DISTRICT COLLECTOR VIKARABAD_IDA";"";"";"Yelal";"Kokat";"2024-03-02";"340000";"Action Pending";"Unsanctioned";"Lok Sabha"
"Bishweswar Tudu";"NA - Construction of roads, link roads, pathways or any other road with or without drainage system";"Normal/Others";"Odisha";"MAYURBHANJ (ST)";"DISTRICT COLLECTOR MAYURBHANJ_IDA";"";"";"Raruan";"Ekaghari";"2024-03-02";"400000";"Action Pending";"Unsanctioned";"Lok Sabha"
"Bishweswar Tudu";"NA - Construction of roads, link roads, pathways or any other road with or without drainage system";"Normal/Others";"Odisha";"MAYURBHANJ (ST)";"DISTRICT COLLECTOR MAYURBHANJ_IDA";"";"";"Kaptipada";"Baniagan";"2024-03-02";"400000";"Action Pending";"Unsanctioned";"Lok Sabha"
"Bishweswar Tudu";"NA - Construction of roads, link roads, pathways or any other road with or without drainage system";"Normal/Others";"Odisha";"MAYURBHANJ (ST)";"DISTRICT COLLECTOR MAYURBHANJ_IDA";"";"";"Suliapada";"Bhaliasul";"2024-03-02";"400000";"Action Pending";"Unsanctioned";"Lok Sabha"
"Bishweswar Tudu";"NA - Construction of rooms and halls in school and colleges";"Normal/Others";"Odisha";"MAYURBHANJ (ST)";"DISTRICT COLLECTOR MAYURBHANJ_IDA";"";"";"Jharpokharia";"Sirsa";"2024-03-02";"300000";"Action Pending";"Unsanctioned";"Lok Sabha"
"Bishweswar Tudu";"NA - Construction of rooms and halls in school and colleges";"Normal/Others";"Odisha";"MAYURBHANJ (ST)";"DISTRICT COLLECTOR MAYURBHANJ_IDA";"";"";"Bisoi";"Bisoi";"2024-03-02";"400000";"Action Pending";"Unsanctioned";"Lok Sabha"
"Bishweswar Tudu";"NA - Construction of roads, link roads, pathways or any other road with or without drainage system";"Normal/Others";"Odisha";"MAYURBHANJ (ST)";"DISTRICT COLLECTOR MAYURBHANJ_IDA";"";"";"Baripada Sadar";"Sindurgoura";"2024-03-02";"400000";"Action Pending";"Unsanctioned";"Lok Sabha"
"Bishweswar Tudu";"NA - Construction of buildings for community cultural activities";"Normal/Others";"Odisha";"MAYURBHANJ (ST)";"DISTRICT COLLECTOR MAYURBHANJ_IDA";"";"";"Rasagobindapur";"Tambakhuri";"2024-03-02";"300000";"Action Pending";"Unsanctioned";"Lok Sabha"
"Bishweswar Tudu";"NA - Construction of boundary walls of existing public and community buildings";"Normal/Others";"Odisha";"MAYURBHANJ (ST)";"DISTRICT COLLECTOR MAYURBHANJ_IDA";"";"";"Rasagobindapur";"Sanmundia";"2024-03-02";"400000";"Action Pending";"Unsanctioned";"Lok Sabha"
"Bishweswar Tudu";"NA - Installation of fixed weighing scale machine for agriculture and horticulture produce";"Normal/Others";"Odisha";"MAYURBHANJ (ST)";"DISTRICT COLLECTOR MAYURBHANJ_IDA";"";"";"Raruan";"Kanika";"2024-03-02";"400000";"Action Pending";"Unsanctioned";"Lok Sabha"
"Bishweswar Tudu";"NA - Construction of boundary walls of existing public and community buildings";"Normal/Others";"Odisha";"MAYURBHANJ (ST)";"DISTRICT COLLECTOR MAYURBHANJ_IDA";"";"";"Rairangpur Town";"Nagbhan (Og)";"2024-03-02";"400000";"Action Pending";"Unsanctioned";"Lok Sabha"
"Bishweswar Tudu";"NA - Purchase of mobile sanitation equipment";"Normal/Others";"Odisha";"MAYURBHANJ (ST)";"DISTRICT COLLECTOR MAYURBHANJ_IDA";"";"";"Raruan";"Khiching";"2024-03-02";"200000";"Action Pending";"Unsanctioned";"Lok Sabha"
"Bishweswar Tudu";"NA - Construction of buildings for community cultural activities";"Normal/Others";"Odisha";"MAYURBHANJ (ST)";"DISTRICT COLLECTOR MAYURBHANJ_IDA";"";"";"Jharpokharia";"Saraskana";"2024-03-02";"500000";"Action Pending";"Unsanctioned";"Lok Sabha"
"Bishweswar Tudu";"NA - Construction of buildings for community cultural activities";"Normal/Others";"Odisha";"MAYURBHANJ (ST)";"DISTRICT COLLECTOR MAYURBHANJ_IDA";"";"";"Jharpokharia";"Jharpokharia";"2024-03-02";"500000";"Action Pending";"Unsanctioned";"Lok Sabha"
"Bishweswar Tudu";"NA - Construction of buildings for crèches and anganwadies";"Normal/Others";"Odisha";"MAYURBHANJ (ST)";"DISTRICT COLLECTOR MAYURBHANJ_IDA";"";"";"Badampahar";"Dhangdimuta";"2024-03-02";"400000";"Action Pending";"Unsanctioned";"Lok Sabha"
"Bishweswar Tudu";"NA - Construction of roads, link roads, pathways or any other road with or without drainage system";"Normal/Others";"Odisha";"MAYURBHANJ (ST)";"DISTRICT COLLECTOR MAYURBHANJ_IDA";"";"";"Muruda";"Panchabhaya";"2024-03-02";"400000";"Action Pending";"Unsanctioned";"Lok Sabha"
"Bishweswar Tudu";"NA - Street lights";"Normal/Others";"Odisha";"MAYURBHANJ (ST)";"DISTRICT COLLECTOR MAYURBHANJ_IDA";"";"";"Bisoi";"Majhigan";"2024-03-02";"100000";"Action Pending";"Unsanctioned";"Lok Sabha"
"Smt Mamata Mohanta";"NA - Lighting of public spaces";"Normal/Others";"Odisha";"Sitting Rajya Sabha";"DISTRICT COLLECTOR MAYURBHANJ_IDA";"";"";"Jharpokharia";"Ghiajodi";"2024-03-02";"350000";"Action Pending";"Unsanctioned";"Rajya Sabha"
"Smt Mamata Mohanta";"NA - Lighting of public spaces";"Normal/Others";"Odisha";"Sitting Rajya Sabha";"DISTRICT COLLECTOR MAYURBHANJ_IDA";"";"";"Jharpokharia";"Belbaria";"2024-03-02";"350000";"Action Pending";"Unsanctioned";"Rajya Sabha"
"Smt Mamata Mohanta";"NA - Construction of roads, link roads, pathways or any other road with or without drainage system";"Normal/Others";"Odisha";"Sitting Rajya Sabha";"DISTRICT COLLECTOR MAYURBHANJ_IDA";"";"";"Jharpokharia";"Pahadpur";"2024-03-02";"300000";"Action Pending";"Unsanctioned";"Rajya Sabha"
"Smt Mamata Mohanta";"NA - Construction of public toilets and bathrooms";"Normal/Others";"Odisha";"Sitting Rajya Sabha";"DISTRICT COLLECTOR MAYURBHANJ_IDA";"";"";"Jharpokharia";"Rajaloka";"2024-03-02";"400000";"Action Pending";"Unsanctioned";"Rajya Sabha"
"Dr Amar Patnaik";"NA - Construction of community centers and community halls";"Normal/Others";"Odisha";"Sitting Rajya Sabha";"DISTRICT COLLECTOR KHORDHA_IDA";"";"";"Balianta";"Budhalo";"2024-03-02";"200000";"Action Pending";"Unsanctioned";"Rajya Sabha"
"Dr Amar Patnaik";"NA - Construction of boundary walls of existing public and community buildings";"Normal/Others";"Odisha";"Sitting Rajya Sabha";"DISTRICT COLLECTOR KHORDHA_IDA";"";"";"Balianta";"Budhalo";"2024-03-02";"200000";"Action Pending";"Unsanctioned";"Rajya Sabha"
"Bishweswar Tudu";"NA - Construction of community centers and community halls";"Normal/Others";"Odisha";"MAYURBHANJ (ST)";"DISTRICT COLLECTOR MAYURBHANJ_IDA";"";"";"Kaptipada";"Chakradharpur";"2024-03-02";"400000";"Action Pending";"Unsanctioned";"Lok Sabha"
"Sunil Kumar Soni";"NA - Construction of community centers and community halls";"Normal/Others";"Chhattisgarh";"RAIPUR";"DISTRICT COLLECTOR RAIPUR_IDA";"Raipur";"Rajeev Gandhi Ward";"";"";"2024-03-02";"500000";"Action Pending";"Unsanctioned";"Lok Sabha"
"Smt Mamata Mohanta";"NA - Construction of roads, link roads, pathways or any other road with or without drainage system";"Normal/Others";"Odisha";"Sitting Rajya Sabha";"DISTRICT COLLECTOR MAYURBHANJ_IDA";"";"";"Jharpokharia";"Kendumundi";"2024-03-02";"300000";"Action Pending";"Unsanctioned";"Rajya Sabha"
"Smt Mamata Mohanta";"NA - Lighting of public spaces";"Normal/Others";"Odisha";"Sitting Rajya Sabha";"DISTRICT COLLECTOR MAYURBHANJ_IDA";"";"";"Jharpokharia";"Jharpokharia";"2024-03-02";"350000";"Action Pending";"Unsanctioned";"Rajya Sabha"
"Smt Mamata Mohanta";"NA - Lighting of public spaces";"Normal/Others";"Odisha";"Sitting Rajya Sabha";"DISTRICT COLLECTOR MAYURBHANJ_IDA";"";"";"Jharpokharia";"Saragada";"2024-03-02";"350000";"Action Pending";"Unsanctioned";"Rajya Sabha"
"Smt Mamata Mohanta";"NA - Lighting of public spaces";"Normal/Others";"Odisha";"Sitting Rajya Sabha";"DISTRICT COLLECTOR MAYURBHANJ_IDA";"";"";"Jharpokharia";"Umadeipur";"2024-03-02";"350000";"Action Pending";"Unsanctioned";"Rajya Sabha"
"Smt Mamata Mohanta";"NA - Providing drains and gutters for public drainage";"Normal/Others";"Odisha";"Sitting Rajya Sabha";"DISTRICT COLLECTOR MAYURBHANJ_IDA";"";"";"Jharpokharia";"Baghajhampa";"2024-03-02";"300000";"Action Pending";"Unsanctioned";"Rajya Sabha"
"Smt Mamata Mohanta";"NA - Lighting of public spaces";"Normal/Others";"Odisha";"Sitting Rajya Sabha";"DISTRICT COLLECTOR MAYURBHANJ_IDA";"";"";"Jharpokharia";"Sansanadi";"2024-03-02";"350000";"Action Pending";"Unsanctioned";"Rajya Sabha"
"Smt Mamata Mohanta";"NA - Street lights";"Normal/Others";"Odisha";"Sitting Rajya Sabha";"DISTRICT COLLECTOR MAYURBHANJ_IDA";"";"";"Jharpokharia";"Kanimahuli";"2024-03-02";"1000000";"Action Pending";"Unsanctioned";"Rajya Sabha"
"Smt Mamata Mohanta";"NA - Construction of roads, link roads, pathways or any other road with or without drainage system";"Normal/Others";"Odisha";"Sitting Rajya Sabha";"DISTRICT COLLECTOR MAYURBHANJ_IDA";"";"";"Jharpokharia";"Kanimahuli";"2024-03-02";"700000";"Action Pending";"Unsanctioned";"Rajya Sabha"
"Smt Mamata Mohanta";"NA - Providing drains and gutters for public drainage";"Normal/Others";"Odisha";"Sitting Rajya Sabha";"DISTRICT COLLECTOR MAYURBHANJ_IDA";"";"";"Jharpokharia";"Kanimahuli";"2024-03-02";"300000";"Action Pending";"Unsanctioned";"Rajya Sabha"
"Smt Mamata Mohanta";"NA - Construction of roads, link roads, pathways or any other road with or without drainage system";"Normal/Others";"Odisha";"Sitting Rajya Sabha";"DISTRICT COLLECTOR MAYURBHANJ_IDA";"";"";"Jharpokharia";"Umadeipur";"2024-03-02";"300000";"Action Pending";"Unsanctioned";"Rajya Sabha"
"Smt Mamata Mohanta";"NA - Construction of roads, link roads, pathways or any other road with or without drainage system";"Normal/Others";"Odisha";"Sitting Rajya Sabha";"DISTRICT COLLECTOR MAYURBHANJ_IDA";"";"";"Bisoi";"Nangalkatapokharia";"2024-03-02";"1000000";"Action Pending";"Unsanctioned";"Rajya Sabha"
"Smt Mamata Mohanta";"NA - Street lights";"Normal/Others";"Odisha";"Sitting Rajya Sabha";"DISTRICT COLLECTOR MAYURBHANJ_IDA";"";"";"Bisoi";"Kitabeda";"2024-03-02";"1000000";"Action Pending";"Unsanctioned";"Rajya Sabha"
"Bishweswar Tudu";"NA - Street lights";"Normal/Others";"Odisha";"MAYURBHANJ (ST)";"DISTRICT COLLECTOR MAYURBHANJ_IDA";"";"";"Rasagobindapur";"Amarada";"2024-03-02";"50000";"Action Pending";"Unsanctioned";"Lok Sabha"
"Bishweswar Tudu";"NA - Construction of buildings for community cultural activities";"Normal/Others";"Odisha";"MAYURBHANJ (ST)";"DISTRICT COLLECTOR MAYURBHANJ_IDA";"Baripada";"Baripada (M) - Ward No.3";"";"";"2024-03-02";"300000";"Action Pending";"Unsanctioned";"Lok Sabha"
"Bishweswar Tudu";"NA - Construction of roads, link roads, pathways or any other road with or without drainage system";"Normal/Others";"Odisha";"MAYURBHANJ (ST)";"DISTRICT COLLECTOR MAYURBHANJ_IDA";"Rairangpur";"Rairangpur (M) - Ward No.10";"";"";"2024-03-02";"400000";"Action Pending";"Unsanctioned";"Lok Sabha"
"Smt Jaya Bachchan";"NA - Installing hand pumps";"Normal/Others";"Uttar Pradesh";"Sitting Rajya Sabha";"DISTRICT MAGISTRATE BHADOHI_IDA";"";"";"Gyanpur";"Tulapur Rohi";"2024-03-01";"63275";"Action Pending";"Unsanctioned";"Rajya Sabha"
"Sushil Kumar Rinku ";"NA - Construction of additional rooms and halls in the existing public and community building";"Normal/Others";"Punjab";"JALANDHAR(SC)";"DEPUTY COMMISSIONER JALANDHAR_IDA";"";"";"Adampur";"Dhadda (6)";"2024-03-01";"200000";"Action Pending";"Unsanctioned";"Lok Sabha"
"Smt Jaya Bachchan";"NA - Installing hand pumps";"Normal/Others";"Uttar Pradesh";"Sitting Rajya Sabha";"DISTRICT MAGISTRATE BHADOHI_IDA";"";"";"Gyanpur";"Sagar Raipur";"2024-03-01";"63275";"Action Pending";"Unsanctioned";"Rajya Sabha"
"Smt Jaya Bachchan";"NA - Installing hand pumps";"Normal/Others";"Uttar Pradesh";"Sitting Rajya Sabha";"DISTRICT MAGISTRATE BHADOHI_IDA";"";"";"Gyanpur";"Sagar Raipur";"2024-03-01";"63275";"Action Pending";"Unsanctioned";"Rajya Sabha"
"Smt Jaya Bachchan";"NA - Installing hand pumps";"Normal/Others";"Uttar Pradesh";"Sitting Rajya Sabha";"DISTRICT MAGISTRATE BHADOHI_IDA";"";"";"Gyanpur";"Sagar Raipur";"2024-03-01";"63275";"Action Pending";"Unsanctioned";"Rajya Sabha"
"SHRI Sudhanshu Trivedi";"WS/MP199/2023-2024/117757 - Construction of roads, link roads, pathways or any other road with or without drainage system";"Normal/Others";"Uttar Pradesh";"Sitting Rajya Sabha";"DISTRICT MAGISTRAE LUCKNOW_IDA";"Lucknow";"Lucknow (M Corp.) - Ward No.36";"";"";"2024-03-01";"1650000";"Approved by IDA";"Unsanctioned";"Rajya Sabha"
"Smt Jaya Bachchan";"NA - Installing hand pumps";"Normal/Others";"Uttar Pradesh";"Sitting Rajya Sabha";"DISTRICT MAGISTRATE BHADOHI_IDA";"";"";"Aurai";"Dhamahapur";"2024-03-01";"63275";"Action Pending";"Unsanctioned";"Rajya Sabha"
"Smt Jaya Bachchan";"NA - Installing hand pumps";"Normal/Others";"Uttar Pradesh";"Sitting Rajya Sabha";"DISTRICT MAGISTRATE BHADOHI_IDA";"";"";"Gyanpur";"Tulapur Rohi";"2024-03-01";"63275";"Action Pending";"Unsanctioned";"Rajya Sabha"
"Smt Jaya Bachchan";"NA - Installing hand pumps";"Normal/Others";"Uttar Pradesh";"Sitting Rajya Sabha";"DISTRICT MAGISTRATE BHADOHI_IDA";"";"";"Gyanpur";"Tulapur Rohi";"2024-03-01";"63275";"Action Pending";"Unsanctioned";"Rajya Sabha"
"Smt Jaya Bachchan";"NA - Installing hand pumps";"Normal/Others";"Uttar Pradesh";"Sitting Rajya Sabha";"DISTRICT MAGISTRATE BHADOHI_IDA";"";"";"Gyanpur";"Tulapur Rohi";"2024-03-01";"63275";"Action Pending";"Unsanctioned";"Rajya Sabha"
"Smt Jaya Bachchan";"NA - Installing hand pumps";"Normal/Others";"Uttar Pradesh";"Sitting Rajya Sabha";"DISTRICT MAGISTRATE BHADOHI_IDA";"";"";"Gyanpur";"Tulsipur";"2024-03-01";"63275";"Action Pending";"Unsanctioned";"Rajya Sabha"
"Smt Jaya Bachchan";"NA - Installing hand pumps";"Normal/Others";"Uttar Pradesh";"Sitting Rajya Sabha";"DISTRICT MAGISTRATE BHADOHI_IDA";"";"";"Gyanpur";"Golekkhara";"2024-03-01";"63275";"Action Pending";"Unsanctioned";"Rajya Sabha"
"Smt Jaya Bachchan";"NA - Installing hand pumps";"Normal/Others";"Uttar Pradesh";"Sitting Rajya Sabha";"DISTRICT MAGISTRATE BHADOHI_IDA";"";"";"Gyanpur";"Sagar Raipur";"2024-03-01";"63275";"Action Pending";"Unsanctioned";"Rajya Sabha"
"Smt Jaya Bachchan";"NA - Installing hand pumps";"Normal/Others";"Uttar Pradesh";"Sitting Rajya Sabha";"DISTRICT MAGISTRATE BHADOHI_IDA";"";"";"Gyanpur";"Sagar Raipur";"2024-03-01";"63275";"Action Pending";"Unsanctioned";"Rajya Sabha"
"Smt Jaya Bachchan";"NA - Installing hand pumps";"Normal/Others";"Uttar Pradesh";"Sitting Rajya Sabha";"DISTRICT MAGISTRATE BHADOHI_IDA";"";"";"Aurai";"Savara Raghunathpur";"2024-03-01";"63275";"Action Pending";"Unsanctioned";"Rajya Sabha"
"Smt Jaya Bachchan";"NA - Installing hand pumps";"Normal/Others";"Uttar Pradesh";"Sitting Rajya Sabha";"DISTRICT MAGISTRATE BHADOHI_IDA";"";"";"Aurai";"Dhamahapur";"2024-03-01";"63275";"Action Pending";"Unsanctioned";"Rajya Sabha"
"Smt Jaya Bachchan";"NA - Installing hand pumps";"Normal/Others";"Uttar Pradesh";"Sitting Rajya Sabha";"DISTRICT MAGISTRATE BHADOHI_IDA";"";"";"Gyanpur";"Sagar Raipur";"2024-03-01";"63275";"Action Pending";"Unsanctioned";"Rajya Sabha"
"Smt Jaya Bachchan";"NA - Installing hand pumps";"Normal/Others";"Uttar Pradesh";"Sitting Rajya Sabha";"DISTRICT MAGISTRATE BHADOHI_IDA";"";"";"Bhadohi";"Nawada Kala";"2024-03-01";"63275";"Action Pending";"Unsanctioned";"Rajya Sabha"
"Smt Jaya Bachchan";"NA - Installing hand pumps";"Normal/Others";"Uttar Pradesh";"Sitting Rajya Sabha";"DISTRICT MAGISTRATE BHADOHI_IDA";"";"";"Gyanpur";"Sagar Raipur";"2024-03-01";"63275";"Action Pending";"Unsanctioned";"Rajya Sabha"
"Smt Jaya Bachchan";"NA - Installing hand pumps";"Normal/Others";"Uttar Pradesh";"Sitting Rajya Sabha";"DISTRICT MAGISTRATE BHADOHI_IDA";"";"";"Bhadohi";"Duhiya";"2024-03-01";"63275";"Action Pending";"Unsanctioned";"Rajya Sabha"
"Smt Jaya Bachchan";"NA - Installing hand pumps";"Normal/Others";"Uttar Pradesh";"Sitting Rajya Sabha";"DISTRICT MAGISTRATE BHADOHI_IDA";"";"";"Aurai";"Khamariya 1";"2024-03-01";"63275";"Action Pending";"Unsanctioned";"Rajya Sabha"
"SHRI Sudhanshu Trivedi";"WS/MP199/2023-2024/117759 - Construction of roads, link roads, pathways or any other road with or without drainage system";"Normal/Others";"Uttar Pradesh";"Sitting Rajya Sabha";"DISTRICT MAGISTRAE LUCKNOW_IDA";"Lucknow";"Lucknow (M Corp.) - Ward No.43";"";"";"2024-03-01";"663000";"Approved by IDA";"Unsanctioned";"Rajya Sabha"
"SHRI Sudhanshu Trivedi";"WS/MP199/2023-2024/117760 - Construction of roads, link roads, pathways or any other road with or without drainage system";"Normal/Others";"Uttar Pradesh";"Sitting Rajya Sabha";"DISTRICT MAGISTRAE LUCKNOW_IDA";"Lucknow";"Lucknow (M Corp.) - Ward No.100";"";"";"2024-03-01";"698000";"Approved by IDA";"Unsanctioned";"Rajya Sabha"
"Smt Jaya Bachchan";"NA - Installing hand pumps";"Normal/Others";"Uttar Pradesh";"Sitting Rajya Sabha";"DISTRICT MAGISTRATE BHADOHI_IDA";"";"";"Bhadohi";"Kapuripur";"2024-03-01";"63275";"Action Pending";"Unsanctioned";"Rajya Sabha"
"Smt Jaya Bachchan";"NA - Installing hand pumps";"Normal/Others";"Uttar Pradesh";"Sitting Rajya Sabha";"DISTRICT MAGISTRATE BHADOHI_IDA";"";"";"Bhadohi";"Kador";"2024-03-01";"63275";"Action Pending";"Unsanctioned";"Rajya Sabha"
"Smt Jaya Bachchan";"NA - Installing hand pumps";"Normal/Others";"Uttar Pradesh";"Sitting Rajya Sabha";"DISTRICT MAGISTRATE BHADOHI_IDA";"";"";"Bhadohi";"Haripatti";"2024-03-01";"63275";"Action Pending";"Unsanctioned";"Rajya Sabha"
"Smt Jaya Bachchan";"NA - Installing hand pumps";"Normal/Others";"Uttar Pradesh";"Sitting Rajya Sabha";"DISTRICT MAGISTRATE BHADOHI_IDA";"";"";"Bhadohi";"Chak Banwari";"2024-03-01";"63275";"Action Pending";"Unsanctioned";"Rajya Sabha"
"Smt Jaya Bachchan";"NA - Installing hand pumps";"Normal/Others";"Uttar Pradesh";"Sitting Rajya Sabha";"DISTRICT MAGISTRATE BHADOHI_IDA";"";"";"Gyanpur";"Mailauna";"2024-03-01";"63275";"Action Pending";"Unsanctioned";"Rajya Sabha"
"SHRI Sudhanshu Trivedi";"WS/MP199/2023-2024/117758 - Construction of roads, link roads, pathways or any other road with or without drainage system";"Normal/Others";"Uttar Pradesh";"Sitting Rajya Sabha";"DISTRICT MAGISTRAE LUCKNOW_IDA";"Lucknow";"Lucknow (M Corp.) - Ward No.43";"";"";"2024-03-01";"1054000";"Approved by IDA";"Unsanctioned";"Rajya Sabha"
"Smt Jaya Bachchan";"NA - Installing hand pumps";"Normal/Others";"Uttar Pradesh";"Sitting Rajya Sabha";"DISTRICT MAGISTRATE BHADOHI_IDA";"";"";"Bhadohi";"Gopipur";"2024-03-01";"63275";"Action Pending";"Unsanctioned";"Rajya Sabha"
"Smt Jaya Bachchan";"NA - Installing hand pumps";"Normal/Others";"Uttar Pradesh";"Sitting Rajya Sabha";"DISTRICT MAGISTRATE BHADOHI_IDA";"";"";"Gyanpur";"Khedopur N. Koirauna";"2024-03-01";"63275";"Action Pending";"Unsanctioned";"Rajya Sabha"
"Smt Jaya Bachchan";"NA - Installing hand pumps";"Normal/Others";"Uttar Pradesh";"Sitting Rajya Sabha";"DISTRICT MAGISTRATE BHADOHI_IDA";"";"";"Gyanpur";"Khedopur N. Koirauna";"2024-03-01";"63275";"Action Pending";"Unsanctioned";"Rajya Sabha"
"Smt Jaya Bachchan";"NA - Installing hand pumps";"Normal/Others";"Uttar Pradesh";"Sitting Rajya Sabha";"DISTRICT MAGISTRATE BHADOHI_IDA";"";"";"Gyanpur";"Khedopur N. Koirauna";"2024-03-01";"63275";"Action Pending";"Unsanctioned";"Rajya Sabha"
"Smt Jaya Bachchan";"NA - Installing hand pumps";"Normal/Others";"Uttar Pradesh";"Sitting Rajya Sabha";"DISTRICT MAGISTRATE BHADOHI_IDA";"";"";"Gyanpur";"Khedopur N. Koirauna";"2024-03-01";"63275";"Action Pending";"Unsanctioned";"Rajya Sabha"
"Smt Jaya Bachchan";"NA - Installing hand pumps";"Normal/Others";"Uttar Pradesh";"Sitting Rajya Sabha";"DISTRICT MAGISTRATE BHADOHI_IDA";"";"";"Aurai";"Ghosiyna";"2024-03-01";"63275";"Action Pending";"Unsanctioned";"Rajya Sabha"
"Smt Jaya Bachchan";"NA - Installing hand pumps";"Normal/Others";"Uttar Pradesh";"Sitting Rajya Sabha";"DISTRICT MAGISTRATE BHADOHI_IDA";"";"";"Bhadohi";"Parshottampur";"2024-03-01";"63275";"Action Pending";"Unsanctioned";"Rajya Sabha"
"Smt Jaya Bachchan";"NA - Installing hand pumps";"Normal/Others";"Uttar Pradesh";"Sitting Rajya Sabha";"DISTRICT MAGISTRATE BHADOHI_IDA";"";"";"Aurai";"Chandrapura";"2024-03-01";"63275";"Action Pending";"Unsanctioned";"Rajya Sabha"
"Smt Jaya Bachchan";"NA - Installing hand pumps";"Normal/Others";"Uttar Pradesh";"Sitting Rajya Sabha";"DISTRICT MAGISTRATE BHADOHI_IDA";"";"";"Aurai";"Bejavan";"2024-03-01";"63275";"Action Pending";"Unsanctioned";"Rajya Sabha"
"Smt Jaya Bachchan";"NA - Installing hand pumps";"Normal/Others";"Uttar Pradesh";"Sitting Rajya Sabha";"DISTRICT MAGISTRATE BHADOHI_IDA";"";"";"Aurai";"Newad";"2024-03-01";"63275";"Action Pending";"Unsanctioned";"Rajya Sabha"
"Smt Jaya Bachchan";"NA - Installing hand pumps";"Normal/Others";"Uttar Pradesh";"Sitting Rajya Sabha";"DISTRICT MAGISTRATE BHADOHI_IDA";"";"";"Aurai";"Aurangabad";"2024-03-01";"63275";"Action Pending";"Unsanctioned";"Rajya Sabha"
"Smt Jaya Bachchan";"NA - Installing hand pumps";"Normal/Others";"Uttar Pradesh";"Sitting Rajya Sabha";"DISTRICT MAGISTRATE BHADOHI_IDA";"";"";"Aurai";"Narathua";"2024-03-01";"63275";"Action Pending";"Unsanctioned";"Rajya Sabha"
"Smt Jaya Bachchan";"NA - Installing hand pumps";"Normal/Others";"Uttar Pradesh";"Sitting Rajya Sabha";"DISTRICT MAGISTRATE BHADOHI_IDA";"";"";"Aurai";"Madhopur";"2024-03-01";"63275";"Action Pending";"Unsanctioned";"Rajya Sabha"
"Sonal Mansingh (NRS)";"NA - Construction of rooms and halls in school and colleges";"Normal/Others";"Gujarat";"Nominated Rajya Sabha";"DISTRICT PLANNING OFFICER SIWAN_IDA";"";"";"Siwan";"Sarsar";"2024-03-01";"1000000";"Action Pending";"Unsanctioned";"Rajya Sabha"
"Smt Jaya Bachchan";"NA - Installing hand pumps";"Normal/Others";"Uttar Pradesh";"Sitting Rajya Sabha";"DISTRICT MAGISTRATE BHADOHI_IDA";"";"";"Aurai";"Bejavan";"2024-03-01";"63275";"Action Pending";"Unsanctioned";"Rajya Sabha"
"Smt Jaya Bachchan";"NA - Installing hand pumps";"Normal/Others";"Uttar Pradesh";"Sitting Rajya Sabha";"DISTRICT MAGISTRATE BHADOHI_IDA";"";"";"Aurai";"Heera Chak";"2024-03-01";"63275";"Action Pending";"Unsanctioned";"Rajya Sabha"
"Smt Jaya Bachchan";"NA - Installing hand pumps";"Normal/Others";"Uttar Pradesh";"Sitting Rajya Sabha";"DISTRICT MAGISTRATE BHADOHI_IDA";"";"";"Aurai";"Jathi";"2024-03-01";"63275";"Action Pending";"Unsanctioned";"Rajya Sabha"
"Smt Jaya Bachchan";"NA - Installing hand pumps";"Normal/Others";"Uttar Pradesh";"Sitting Rajya Sabha";"DISTRICT MAGISTRATE BHADOHI_IDA";"";"";"Aurai";"Heera Chak";"2024-03-01";"63275";"Action Pending";"Unsanctioned";"Rajya Sabha"
"Smt Jaya Bachchan";"NA - Installing hand pumps";"Normal/Others";"Uttar Pradesh";"Sitting Rajya Sabha";"DISTRICT MAGISTRATE BHADOHI_IDA";"";"";"Aurai";"Bhawanipur";"2024-03-01";"63275";"Action Pending";"Unsanctioned";"Rajya Sabha"
"Smt Jaya Bachchan";"NA - Installing hand pumps";"Normal/Others";"Uttar Pradesh";"Sitting Rajya Sabha";"DISTRICT MAGISTRATE BHADOHI_IDA";"";"";"Aurai";"Bhawanipur";"2024-03-01";"63275";"Action Pending";"Unsanctioned";"Rajya Sabha"
"Smt Rama Devi";"NA - Renovation of ponds and lakes";"Normal/Others";"Bihar";"SHEOHAR";"DISTRICT PLANNING OFFICER SEOHAR_IDA";"";"";"Tariani Chowk";"Pachra Bansi";"2024-03-01";"650000";"Action Pending";"Unsanctioned";"Lok Sabha"
"Prabhubhai Nagarbhai Vasava";"NA - Fitting of Sitting RCC Benches in Public Places";"Normal/Others";"Gujarat";"BARDOLI(ST)";"District collector Tapi_IDA";"Vyara";"Vyara (M) - Ward No.1";"";"";"2024-03-01";"450000";"Action Pending";"Unsanctioned";"Lok Sabha"
"Prabhubhai Nagarbhai Vasava";"NA - Fitting of Sitting RCC Benches in Public Places";"Normal/Others";"Gujarat";"BARDOLI(ST)";"District collector Tapi_IDA";"Songadh";"Songadh (M) - Ward No.1";"";"";"2024-03-01";"450000";"Action Pending";"Unsanctioned";"Lok Sabha"
"Smt Jaya Bachchan";"NA - Installing hand pumps";"Normal/Others";"Uttar Pradesh";"Sitting Rajya Sabha";"DISTRICT MAGISTRATE BHADOHI_IDA";"";"";"Aurai";"Khetalpur";"2024-03-01";"63275";"Action Pending";"Unsanctioned";"Rajya Sabha"
"Smt Jaya Bachchan";"NA - Installing hand pumps";"Normal/Others";"Uttar Pradesh";"Sitting Rajya Sabha";"DISTRICT MAGISTRATE BHADOHI_IDA";"";"";"Aurai";"Natawa";"2024-03-01";"63275";"Action Pending";"Unsanctioned";"Rajya Sabha"
"Smt Jaya Bachchan";"NA - Installing hand pumps";"Normal/Others";"Uttar Pradesh";"Sitting Rajya Sabha";"DISTRICT MAGISTRATE BHADOHI_IDA";"";"";"Aurai";"Faudipur";"2024-03-01";"63275";"Action Pending";"Unsanctioned";"Rajya Sabha"
"Smt Jaya Bachchan";"NA - Installing hand pumps";"Normal/Others";"Uttar Pradesh";"Sitting Rajya Sabha";"DISTRICT MAGISTRATE BHADOHI_IDA";"";"";"Aurai";"Chagaura";"2024-03-01";"63275";"Action Pending";"Unsanctioned";"Rajya Sabha"
"Smt Jaya Bachchan";"NA - Installing hand pumps";"Normal/Others";"Uttar Pradesh";"Sitting Rajya Sabha";"DISTRICT MAGISTRATE BHADOHI_IDA";"";"";"Aurai";"Bandi Patti";"2024-03-01";"63275";"Action Pending";"Unsanctioned";"Rajya Sabha"
"Smt Jaya Bachchan";"NA - Installing hand pumps";"Normal/Others";"Uttar Pradesh";"Sitting Rajya Sabha";"DISTRICT MAGISTRATE BHADOHI_IDA";"";"";"Aurai";"Kathari";"2024-03-01";"63275";"Action Pending";"Unsanctioned";"Rajya Sabha"
"Smt Jaya Bachchan";"NA - Installing hand pumps";"Normal/Others";"Uttar Pradesh";"Sitting Rajya Sabha";"DISTRICT MAGISTRATE BHADOHI_IDA";"";"";"Aurai";"Kathari";"2024-03-01";"63275";"Action Pending";"Unsanctioned";"Rajya Sabha"
"Smt Jaya Bachchan";"NA - Installing hand pumps";"Normal/Others";"Uttar Pradesh";"Sitting Rajya Sabha";"DISTRICT MAGISTRATE BHADOHI_IDA";"";"";"Aurai";"Kathari";"2024-03-01";"63275";"Action Pending";"Unsanctioned";"Rajya Sabha"
"Smt Jaya Bachchan";"NA - Installing hand pumps";"Normal/Others";"Uttar Pradesh";"Sitting Rajya Sabha";"DISTRICT MAGISTRATE BHADOHI_IDA";"";"";"Aurai";"Kathari";"2024-03-01";"63275";"Action Pending";"Unsanctioned";"Rajya Sabha"
"Smt Jaya Bachchan";"NA - Installing hand pumps";"Normal/Others";"Uttar Pradesh";"Sitting Rajya Sabha";"DISTRICT MAGISTRATE BHADOHI_IDA";"";"";"Aurai";"Kurauna";"2024-03-01";"63275";"Action Pending";"Unsanctioned";"Rajya Sabha"
"Smt Jaya Bachchan";"NA - Installing hand pumps";"Normal/Others";"Uttar Pradesh";"Sitting Rajya Sabha";"DISTRICT MAGISTRATE BHADOHI_IDA";"";"";"Aurai";"Savara Raghunathpur";"2024-03-01";"63275";"Action Pending";"Unsanctioned";"Rajya Sabha"
"Smt Jaya Bachchan";"NA - Installing hand pumps";"Normal/Others";"Uttar Pradesh";"Sitting Rajya Sabha";"DISTRICT MAGISTRATE BHADOHI_IDA";"";"";"Aurai";"Udaikaranpur";"2024-03-01";"63275";"Action Pending";"Unsanctioned";"Rajya Sabha"
"Smt Jaya Bachchan";"NA - Installing hand pumps";"Normal/Others";"Uttar Pradesh";"Sitting Rajya Sabha";"DISTRICT MAGISTRATE BHADOHI_IDA";"";"";"Aurai";"Ugapur";"2024-03-01";"63275";"Action Pending";"Unsanctioned";"Rajya Sabha"
"Smt Jaya Bachchan";"NA - Installing hand pumps";"Normal/Others";"Uttar Pradesh";"Sitting Rajya Sabha";"DISTRICT MAGISTRATE BHADOHI_IDA";"";"";"Aurai";"Ugapur";"2024-03-01";"63275";"Action Pending";"Unsanctioned";"Rajya Sabha"
"Smt Jaya Bachchan";"NA - Installing hand pumps";"Normal/Others";"Uttar Pradesh";"Sitting Rajya Sabha";"DISTRICT MAGISTRATE BHADOHI_IDA";"";"";"Aurai";"Heera Chak";"2024-03-01";"63275";"Action Pending";"Unsanctioned";"Rajya Sabha"
"Smt Jaya Bachchan";"NA - Installing hand pumps";"Normal/Others";"Uttar Pradesh";"Sitting Rajya Sabha";"DISTRICT MAGISTRATE BHADOHI_IDA";"";"";"Aurai";"Chagaura";"2024-03-01";"63275";"Action Pending";"Unsanctioned";"Rajya Sabha"
"Smt Jaya Bachchan";"NA - Installing hand pumps";"Normal/Others";"Uttar Pradesh";"Sitting Rajya Sabha";"DISTRICT MAGISTRATE BHADOHI_IDA";"";"";"Aurai";"Chagaura";"2024-03-01";"63275";"Action Pending";"Unsanctioned";"Rajya Sabha"
"Smt Jaya Bachchan";"NA - Installing hand pumps";"Normal/Others";"Uttar Pradesh";"Sitting Rajya Sabha";"DISTRICT MAGISTRATE BHADOHI_IDA";"";"";"Gyanpur";"Lakshman Patti";"2024-02-29";"63275";"Action Pending";"Unsanctioned";"Rajya Sabha"
"Smt Jaya Bachchan";"NA - Installing hand pumps";"Normal/Others";"Uttar Pradesh";"Sitting Rajya Sabha";"DISTRICT MAGISTRATE BHADOHI_IDA";"";"";"Bhadohi";"Balibhadrapur";"2024-02-29";"63275";"Action Pending";"Unsanctioned";"Rajya Sabha"
"SHRI Anil Agarwal";"NA - Lighting of public spaces";"Normal/Others";"Uttar Pradesh";"Sitting Rajya Sabha";"DISTRICT MAGISTRAE MATHURA_IDA";"Mathura-Vrindavan";"Mathura (MB) - Ward No.1";"";"";"2024-02-29";"2000000";"Action Pending";"Unsanctioned";"Rajya Sabha"
"Smt Jaya Bachchan";"NA - Installing hand pumps";"Normal/Others";"Uttar Pradesh";"Sitting Rajya Sabha";"DISTRICT MAGISTRATE BHADOHI_IDA";"";"";"Bhadohi";"Jamunipur Badfaros";"2024-02-29";"63275";"Action Pending";"Unsanctioned";"Rajya Sabha"
"Smt Jaya Bachchan";"NA - Installing hand pumps";"Normal/Others";"Uttar Pradesh";"Sitting Rajya Sabha";"DISTRICT MAGISTRATE BHADOHI_IDA";"";"";"Gyanpur";"Lakshman Patti";"2024-02-29";"63275";"Action Pending";"Unsanctioned";"Rajya Sabha"
"Smt Jaya Bachchan";"NA - Installing hand pumps";"Normal/Others";"Uttar Pradesh";"Sitting Rajya Sabha";"DISTRICT MAGISTRATE BHADOHI_IDA";"";"";"Bhadohi";"Saroi";"2024-02-29";"63275";"Action Pending";"Unsanctioned";"Rajya Sabha"
"Smt Jaya Bachchan";"NA - Installing hand pumps";"Normal/Others";"Uttar Pradesh";"Sitting Rajya Sabha";"DISTRICT MAGISTRATE BHADOHI_IDA";"";"";"Aurai";"Uchetha";"2024-02-29";"63275";"Action Pending";"Unsanctioned";"Rajya Sabha"
"Smt Jaya Bachchan";"NA - Installing hand pumps";"Normal/Others";"Uttar Pradesh";"Sitting Rajya Sabha";"DISTRICT MAGISTRATE BHADOHI_IDA";"";"";"Aurai";"Uchetha";"2024-02-29";"63275";"Action Pending";"Unsanctioned";"Rajya Sabha"
"Smt Jaya Bachchan";"NA - Installing hand pumps";"Normal/Others";"Uttar Pradesh";"Sitting Rajya Sabha";"DISTRICT MAGISTRATE BHADOHI_IDA";"";"";"Bhadohi";"Deeh Koiran";"2024-02-29";"63275";"Action Pending";"Unsanctioned";"Rajya Sabha"
"Smt Jaya Bachchan";"NA - Installing hand pumps";"Normal/Others";"Uttar Pradesh";"Sitting Rajya Sabha";"DISTRICT MAGISTRATE BHADOHI_IDA";"";"";"Bhadohi";"Deeh Koiran";"2024-02-29";"63275";"Action Pending";"Unsanctioned";"Rajya Sabha"
"Smt Jaya Bachchan";"NA - Installing hand pumps";"Normal/Others";"Uttar Pradesh";"Sitting Rajya Sabha";"DISTRICT MAGISTRATE BHADOHI_IDA";"";"";"Bhadohi";"Deeh Koiran";"2024-02-29";"63275";"Action Pending";"Unsanctioned";"Rajya Sabha"
"Smt Jaya Bachchan";"NA - Installing hand pumps";"Normal/Others";"Uttar Pradesh";"Sitting Rajya Sabha";"DISTRICT MAGISTRATE BHADOHI_IDA";"";"";"Bhadohi";"Deeh Koiran";"2024-02-29";"63275";"Action Pending";"Unsanctioned";"Rajya Sabha"
"Smt Jaya Bachchan";"NA - Installing hand pumps";"Normal/Others";"Uttar Pradesh";"Sitting Rajya Sabha";"DISTRICT MAGISTRATE BHADOHI_IDA";"";"";"Bhadohi";"Deeh Koiran";"2024-02-29";"63275";"Action Pending";"Unsanctioned";"Rajya Sabha"
"Smt Jaya Bachchan";"NA - Installing hand pumps";"Normal/Others";"Uttar Pradesh";"Sitting Rajya Sabha";"DISTRICT MAGISTRATE BHADOHI_IDA";"";"";"Bhadohi";"Deeh Koiran";"2024-02-29";"63275";"Action Pending";"Unsanctioned";"Rajya Sabha"
"Smt Jaya Bachchan";"NA - Installing hand pumps";"Normal/Others";"Uttar Pradesh";"Sitting Rajya Sabha";"DISTRICT MAGISTRATE BHADOHI_IDA";"";"";"Bhadohi";"Deeh Koiran";"2024-02-29";"63275";"Action Pending";"Unsanctioned";"Rajya Sabha"
"Smt Jaya Bachchan";"NA - Installing hand pumps";"Normal/Others";"Uttar Pradesh";"Sitting Rajya Sabha";"DISTRICT MAGISTRATE BHADOHI_IDA";"";"";"Bhadohi";"Saraiya";"2024-02-29";"63275";"Action Pending";"Unsanctioned";"Rajya Sabha"
"Smt Jaya Bachchan";"NA - Installing hand pumps";"Normal/Others";"Uttar Pradesh";"Sitting Rajya Sabha";"DISTRICT MAGISTRATE BHADOHI_IDA";"";"";"Bhadohi";"Saroi";"2024-02-29";"63275";"Action Pending";"Unsanctioned";"Rajya Sabha"
"Smt Jaya Bachchan";"NA - Installing hand pumps";"Normal/Others";"Uttar Pradesh";"Sitting Rajya Sabha";"DISTRICT MAGISTRATE BHADOHI_IDA";"";"";"Gyanpur";"Gaharpur";"2024-02-29";"63275";"Action Pending";"Unsanctioned";"Rajya Sabha"
"Smt Jaya Bachchan";"NA - Installing hand pumps";"Normal/Others";"Uttar Pradesh";"Sitting Rajya Sabha";"DISTRICT MAGISTRATE BHADOHI_IDA";"";"";"Bhadohi";"Saroi";"2024-02-29";"63275";"Action Pending";"Unsanctioned";"Rajya Sabha"
"Smt Jaya Bachchan";"NA - Installing hand pumps";"Normal/Others";"Uttar Pradesh";"Sitting Rajya Sabha";"DISTRICT MAGISTRATE BHADOHI_IDA";"";"";"Bhadohi";"Saroi";"2024-02-29";"63275";"Action Pending";"Unsanctioned";"Rajya Sabha"
"Smt Jaya Bachchan";"NA - Installing hand pumps";"Normal/Others";"Uttar Pradesh";"Sitting Rajya Sabha";"DISTRICT MAGISTRATE BHADOHI_IDA";"";"";"Bhadohi";"Sabarpur";"2024-02-29";"63275";"Action Pending";"Unsanctioned";"Rajya Sabha"
"Smt Jaya Bachchan";"NA - Installing hand pumps";"Normal/Others";"Uttar Pradesh";"Sitting Rajya Sabha";"DISTRICT MAGISTRATE BHADOHI_IDA";"";"";"Aurai";"Sabalpur";"2024-02-29";"63275";"Action Pending";"Unsanctioned";"Rajya Sabha"
"Hasnain Masoodi";"NA - Installing tube-wells and borewells";"Normal/Others";"Jammu And Kashmir";"ANANTNAG";"Deputy Commissioner Pulwama_IDA";"";"";"Pulwama";"Bander Pora";"2024-02-29";"200000";"Action Pending";"Unsanctioned";"Lok Sabha"
"P Raveendranath Kumar";"NA - Construction of community centers and community halls";"Normal/Others";"Tamil Nadu";"THENI";"DISTRICT COLLECTOR MADURAI_IDA";"Usilampatti";"Usilampatti (M) - Ward No.10";"";"";"2024-02-29";"2500000";"Action Pending";"Unsanctioned";"Lok Sabha"
"Kani K Navas";"NA - Construction of rooms and halls in school and colleges";"Normal/Others";"Tamil Nadu";"RAMANATHAPURAM";"DISTRICT COLLECTOR VIRUDHUNAGAR_IDA";"";"";"Aruppukkottai";"Podampatti";"2024-02-29";"2500000";"Action Pending";"Unsanctioned";"Lok Sabha"
"Kani K Navas";"NA - Lighting of public spaces";"Normal/Others";"Tamil Nadu";"RAMANATHAPURAM";"DISTRICT COLLECTOR VIRUDHUNAGAR_IDA";"";"";"Aruppukkottai";"Poolangal";"2024-02-29";"1000000";"Action Pending";"Unsanctioned";"Lok Sabha"
"Kani K Navas";"NA - Lighting of public spaces";"Normal/Others";"Tamil Nadu";"RAMANATHAPURAM";"DISTRICT COLLECTOR VIRUDHUNAGAR_IDA";"";"";"Aruppukkottai";"Thummuchinnampatti";"2024-02-29";"1000000";"Action Pending";"Unsanctioned";"Lok Sabha"
"P Raveendranath Kumar";"NA - Purchase of ambulances (Four, three and two wheelers)";"Normal/Others";"Tamil Nadu";"THENI";"DISTRICT COLLECTOR THENI_IDA";"Theni-Allinagaram";"Theni Allinagaram (M) - Ward No.32";"";"";"2024-02-29";"3000000";"Action Pending";"Unsanctioned";"Lok Sabha"
"Smt Jaya Bachchan";"NA - Installing hand pumps";"Normal/Others";"Uttar Pradesh";"Sitting Rajya Sabha";"DISTRICT MAGISTRATE BHADOHI_IDA";"";"";"Bhadohi";"Dudwa Dharampur";"2024-02-29";"63275";"Action Pending";"Unsanctioned";"Rajya Sabha"
"Smt Jaya Bachchan";"NA - Installing hand pumps";"Normal/Others";"Uttar Pradesh";"Sitting Rajya Sabha";"DISTRICT MAGISTRATE BHADOHI_IDA";"";"";"Bhadohi";"Darunha";"2024-02-29";"63275";"Action Pending";"Unsanctioned";"Rajya Sabha"
"Smt Jaya Bachchan";"NA - Installing hand pumps";"Normal/Others";"Uttar Pradesh";"Sitting Rajya Sabha";"DISTRICT MAGISTRATE BHADOHI_IDA";"";"";"Aurai";"Dattipur";"2024-02-29";"63275";"Action Pending";"Unsanctioned";"Rajya Sabha"
"Smt Jaya Bachchan";"NA - Installing hand pumps";"Normal/Others";"Uttar Pradesh";"Sitting Rajya Sabha";"DISTRICT MAGISTRATE BHADOHI_IDA";"";"";"Aurai";"Dattipur";"2024-02-29";"63275";"Action Pending";"Unsanctioned";"Rajya Sabha"
"Smt Jaya Bachchan";"NA - Installing hand pumps";"Normal/Others";"Uttar Pradesh";"Sitting Rajya Sabha";"DISTRICT MAGISTRATE BHADOHI_IDA";"";"";"Gyanpur";"Nathaipur";"2024-02-29";"63275";"Action Pending";"Unsanctioned";"Rajya Sabha"
"Smt Jaya Bachchan";"NA - Installing hand pumps";"Normal/Others";"Uttar Pradesh";"Sitting Rajya Sabha";"DISTRICT MAGISTRATE BHADOHI_IDA";"";"";"Gyanpur";"Nathaipur";"2024-02-29";"63275";"Action Pending";"Unsanctioned";"Rajya Sabha"
"Smt Jaya Bachchan";"NA - Installing hand pumps";"Normal/Others";"Uttar Pradesh";"Sitting Rajya Sabha";"DISTRICT MAGISTRATE BHADOHI_IDA";"";"";"Gyanpur";"Nathaipur";"2024-02-29";"63275";"Action Pending";"Unsanctioned";"Rajya Sabha"
"Smt Jaya Bachchan";"NA - Installing hand pumps";"Normal/Others";"Uttar Pradesh";"Sitting Rajya Sabha";"DISTRICT MAGISTRATE BHADOHI_IDA";"";"";"Gyanpur";"Nathaipur";"2024-02-29";"63275";"Action Pending";"Unsanctioned";"Rajya Sabha"
"Smt Jaya Bachchan";"NA - Installing hand pumps";"Normal/Others";"Uttar Pradesh";"Sitting Rajya Sabha";"DISTRICT MAGISTRATE BHADOHI_IDA";"";"";"Gyanpur";"Jorai";"2024-02-29";"63275";"Action Pending";"Unsanctioned";"Rajya Sabha"
"Smt Jaya Bachchan";"NA - Installing hand pumps";"Normal/Others";"Uttar Pradesh";"Sitting Rajya Sabha";"DISTRICT MAGISTRATE BHADOHI_IDA";"";"";"Gyanpur";"Kansapur";"2024-02-29";"63275";"Action Pending";"Unsanctioned";"Rajya Sabha"
"Smt Jaya Bachchan";"NA - Installing hand pumps";"Normal/Others";"Uttar Pradesh";"Sitting Rajya Sabha";"DISTRICT MAGISTRATE BHADOHI_IDA";"";"";"Gyanpur";"Kansapur";"2024-02-29";"63275";"Action Pending";"Unsanctioned";"Rajya Sabha"
"Smt Jaya Bachchan";"NA - Installing hand pumps";"Normal/Others";"Uttar Pradesh";"Sitting Rajya Sabha";"DISTRICT MAGISTRATE BHADOHI_IDA";"";"";"Aurai";"Chakaura";"2024-02-29";"63275";"Action Pending";"Unsanctioned";"Rajya Sabha"
"Smt Jaya Bachchan";"NA - Installing hand pumps";"Normal/Others";"Uttar Pradesh";"Sitting Rajya Sabha";"DISTRICT MAGISTRATE BHADOHI_IDA";"";"";"Aurai";"Samhi Bhatani";"2024-02-29";"63275";"Action Pending";"Unsanctioned";"Rajya Sabha"
"Smt Jaya Bachchan";"NA - Installing hand pumps";"Normal/Others";"Uttar Pradesh";"Sitting Rajya Sabha";"DISTRICT MAGISTRATE BHADOHI_IDA";"";"";"Aurai";"Samhi Bhatani";"2024-02-29";"63275";"Action Pending";"Unsanctioned";"Rajya Sabha"
"Smt Jaya Bachchan";"NA - Installing hand pumps";"Normal/Others";"Uttar Pradesh";"Sitting Rajya Sabha";"DISTRICT MAGISTRATE BHADOHI_IDA";"";"";"Bhadohi";"Payagpur";"2024-02-29";"63275";"Action Pending";"Unsanctioned";"Rajya Sabha"
"Smt Jaya Bachchan";"NA - Installing hand pumps";"Normal/Others";"Uttar Pradesh";"Sitting Rajya Sabha";"DISTRICT MAGISTRATE BHADOHI_IDA";"";"";"Gyanpur";"Pakri Kala";"2024-02-29";"63275";"Action Pending";"Unsanctioned";"Rajya Sabha"
"Smt Jaya Bachchan";"NA - Installing hand pumps";"Normal/Others";"Uttar Pradesh";"Sitting Rajya Sabha";"DISTRICT MAGISTRATE BHADOHI_IDA";"";"";"Gyanpur";"Bhuraki Town";"2024-02-29";"63275";"Action Pending";"Unsanctioned";"Rajya Sabha"
"Smt Jaya Bachchan";"NA - Installing hand pumps";"Normal/Others";"Uttar Pradesh";"Sitting Rajya Sabha";"DISTRICT MAGISTRATE BHADOHI_IDA";"";"";"Gyanpur";"Lakshman Patti";"2024-02-29";"63275";"Action Pending";"Unsanctioned";"Rajya Sabha"
"Smt Jaya Bachchan";"NA - Installing hand pumps";"Normal/Others";"Uttar Pradesh";"Sitting Rajya Sabha";"DISTRICT MAGISTRATE BHADOHI_IDA";"";"";"Gyanpur";"Vedpur";"2024-02-29";"63275";"Action Pending";"Unsanctioned";"Rajya Sabha"
"Smt Jaya Bachchan";"NA - Installing hand pumps";"Normal/Others";"Uttar Pradesh";"Sitting Rajya Sabha";"DISTRICT MAGISTRATE BHADOHI_IDA";"";"";"Gyanpur";"Poore Bahuriya";"2024-02-29";"63275";"Action Pending";"Unsanctioned";"Rajya Sabha"
"Smt Jaya Bachchan";"NA - Installing hand pumps";"Normal/Others";"Uttar Pradesh";"Sitting Rajya Sabha";"DISTRICT MAGISTRATE BHADOHI_IDA";"";"";"Bhadohi";"Ajaypur";"2024-02-29";"63275";"Action Pending";"Unsanctioned";"Rajya Sabha"
"Smt Jaya Bachchan";"NA - Installing hand pumps";"Normal/Others";"Uttar Pradesh";"Sitting Rajya Sabha";"DISTRICT MAGISTRATE BHADOHI_IDA";"";"";"Bhadohi";"Ajaypur";"2024-02-29";"63275";"Action Pending";"Unsanctioned";"Rajya Sabha"
"Smt Jaya Bachchan";"NA - Installing hand pumps";"Normal/Others";"Uttar Pradesh";"Sitting Rajya Sabha";"DISTRICT MAGISTRATE BHADOHI_IDA";"";"";"Bhadohi";"Lakhanpur Urf Abhyan";"2024-02-29";"63275";"Action Pending";"Unsanctioned";"Rajya Sabha"
"Smt Jaya Bachchan";"NA - Installing hand pumps";"Normal/Others";"Uttar Pradesh";"Sitting Rajya Sabha";"DISTRICT MAGISTRATE BHADOHI_IDA";"";"";"Bhadohi";"Phatupur Dargah";"2024-02-29";"63275";"Action Pending";"Unsanctioned";"Rajya Sabha"
"Smt Jaya Bachchan";"NA - Installing hand pumps";"Normal/Others";"Uttar Pradesh";"Sitting Rajya Sabha";"DISTRICT MAGISTRATE BHADOHI_IDA";"";"";"Bhadohi";"Phatupur Dargah";"2024-02-29";"63275";"Action Pending";"Unsanctioned";"Rajya Sabha"
"Smt Jaya Bachchan";"NA - Installing hand pumps";"Normal/Others";"Uttar Pradesh";"Sitting Rajya Sabha";"DISTRICT MAGISTRATE BHADOHI_IDA";"";"";"Bhadohi";"Deeh Koiran";"2024-02-29";"63275";"Action Pending";"Unsanctioned";"Rajya Sabha"
"SHRI Shaktisinh Gohil";"NA - Construction of rooms and halls in school and colleges";"Normal/Others";"Gujarat";"Sitting Rajya Sabha";"DISTRICT COLLECTOR BHAVNAGAR_IDA";"";"";"Talaja";"Trapaj";"2024-02-28";"500000";"Action Pending";"Unsanctioned";"Rajya Sabha"
"SHRI Deepak Prakash";"NA - Construction of community centers and community halls";"Normal/Others";"Jharkhand";"Sitting Rajya Sabha";"DEPUTY COMMISSIONER RANCHI_IDA";"Ranchi";"Ranchi (M Corp.) - Ward No.34";"";"";"2024-02-28";"1450000";"Action Pending";"Unsanctioned";"Rajya Sabha"
"SH G V L Narasimha Rao";"NA - Construction of roads, link roads, pathways or any other road with or without drainage system";"Normal/Others";"Uttar Pradesh";"Sitting Rajya Sabha";"DISTRICT MAGISTRAE VARANASI_IDA";"";"";"Sadar";"Susuwahi (Ct)";"2024-02-28";"569000";"Action Pending";"Unsanctioned";"Rajya Sabha"
"SH G V L Narasimha Rao";"NA - Construction of roads, link roads, pathways or any other road with or without drainage system";"Normal/Others";"Uttar Pradesh";"Sitting Rajya Sabha";"DISTRICT MAGISTRAE VARANASI_IDA";"";"";"Sadar";"Pahariya";"2024-02-28";"622000";"Action Pending";"Unsanctioned";"Rajya Sabha"
"Dr Amar Patnaik";"NA - Construction of rooms and halls in school and colleges";"Normal/Others";"Odisha";"Sitting Rajya Sabha";"DISTRICT COLLECTOR KHORDHA_IDA";"Bhubaneswar";"Bhubaneswar (M Corp.) -Ward No.56";"";"";"2024-02-28";"5000000";"Action Pending";"Unsanctioned";"Rajya Sabha"
"P Raveendranath Kumar";"NA - Street lights";"Normal/Others";"Tamil Nadu";"THENI";"DISTRICT COLLECTOR THENI_IDA";"Melachokkanathapuram";"Melachokkanathapuram (TP) - Ward No.1";"";"";"2024-02-28";"1000000";"Action Pending";"Unsanctioned";"Lok Sabha"
"SH G V L Narasimha Rao";"NA - Purchase of non-conventional energy system and devices for community use";"Normal/Others";"Uttar Pradesh";"Sitting Rajya Sabha";"DISTRICT MAGISTRAE VARANASI_IDA";"";"";"Rajatalab";"Chhateri Manapur";"2024-02-28";"119126";"Action Pending";"Unsanctioned";"Rajya Sabha"
"Smt Jaya Bachchan";"NA - Installing hand pumps";"Normal/Others";"Uttar Pradesh";"Sitting Rajya Sabha";"DISTRICT MAGISTRATE BHADOHI_IDA";"";"";"Bhadohi";"Harirampur";"2024-02-28";"63275";"Action Pending";"Unsanctioned";"Rajya Sabha"
"Smt Jaya Bachchan";"NA - Installing hand pumps";"Normal/Others";"Uttar Pradesh";"Sitting Rajya Sabha";"DISTRICT MAGISTRATE BHADOHI_IDA";"";"";"Bhadohi";"Harirampur";"2024-02-28";"63275";"Action Pending";"Unsanctioned";"Rajya Sabha"
"Smt Jaya Bachchan";"NA - Installing hand pumps";"Normal/Others";"Uttar Pradesh";"Sitting Rajya Sabha";"DISTRICT MAGISTRATE BHADOHI_IDA";"";"";"Bhadohi";"Harirampur";"2024-02-28";"63275";"Action Pending";"Unsanctioned";"Rajya Sabha"
"Smt Jaya Bachchan";"NA - Installing hand pumps";"Normal/Others";"Uttar Pradesh";"Sitting Rajya Sabha";"DISTRICT MAGISTRATE BHADOHI_IDA";"";"";"Bhadohi";"Harirampur";"2024-02-28";"63275";"Action Pending";"Unsanctioned";"Rajya Sabha"
"Smt Jaya Bachchan";"NA - Installing hand pumps";"Normal/Others";"Uttar Pradesh";"Sitting Rajya Sabha";"DISTRICT MAGISTRATE BHADOHI_IDA";"";"";"Bhadohi";"Bhakuda";"2024-02-28";"63275";"Action Pending";"Unsanctioned";"Rajya Sabha"
"Smt Jaya Bachchan";"NA - Installing hand pumps";"Normal/Others";"Uttar Pradesh";"Sitting Rajya Sabha";"DISTRICT MAGISTRATE BHADOHI_IDA";"";"";"Aurai";"Bhagwati Daspur";"2024-02-28";"63275";"Action Pending";"Unsanctioned";"Rajya Sabha"
"Smt Jaya Bachchan";"NA - Installing hand pumps";"Normal/Others";"Uttar Pradesh";"Sitting Rajya Sabha";"DISTRICT MAGISTRATE BHADOHI_IDA";"";"";"Aurai";"Bhagwati Daspur";"2024-02-28";"63275";"Action Pending";"Unsanctioned";"Rajya Sabha"
"Smt Jaya Bachchan";"NA - Installing hand pumps";"Normal/Others";"Uttar Pradesh";"Sitting Rajya Sabha";"DISTRICT MAGISTRATE BHADOHI_IDA";"";"";"Aurai";"Bhagwanpur Kanehari";"2024-02-28";"63275";"Action Pending";"Unsanctioned";"Rajya Sabha"
"Smt Jaya Bachchan";"NA - Installing hand pumps";"Normal/Others";"Uttar Pradesh";"Sitting Rajya Sabha";"DISTRICT MAGISTRATE BHADOHI_IDA";"";"";"Bhadohi";"Paraspur Bejhawniya";"2024-02-28";"63275";"Action Pending";"Unsanctioned";"Rajya Sabha"
"Smt Jaya Bachchan";"NA - Installing hand pumps";"Normal/Others";"Uttar Pradesh";"Sitting Rajya Sabha";"DISTRICT MAGISTRATE BHADOHI_IDA";"";"";"Bhadohi";"Paraspur Bejhawniya";"2024-02-28";"63275";"Action Pending";"Unsanctioned";"Rajya Sabha"
"Smt Jaya Bachchan";"NA - Installing hand pumps";"Normal/Others";"Uttar Pradesh";"Sitting Rajya Sabha";"DISTRICT MAGISTRATE BHADOHI_IDA";"";"";"Bhadohi";"Pajapatipur";"2024-02-28";"63275";"Action Pending";"Unsanctioned";"Rajya Sabha"
"Smt Jaya Bachchan";"NA - Installing hand pumps";"Normal/Others";"Uttar Pradesh";"Sitting Rajya Sabha";"DISTRICT MAGISTRATE BHADOHI_IDA";"";"";"Bhadohi";"Raghopur";"2024-02-28";"63275";"Action Pending";"Unsanctioned";"Rajya Sabha"
"Smt Jaya Bachchan";"NA - Installing hand pumps";"Normal/Others";"Uttar Pradesh";"Sitting Rajya Sabha";"DISTRICT MAGISTRATE BHADOHI_IDA";"";"";"Bhadohi";"Rampur Z.Saroi";"2024-02-28";"63275";"Action Pending";"Unsanctioned";"Rajya Sabha"
"SH G V L Narasimha Rao";"NA - Purchase of non-conventional energy system and devices for community use";"Normal/Others";"Uttar Pradesh";"Sitting Rajya Sabha";"DISTRICT MAGISTRAE VARANASI_IDA";"";"";"Rajatalab";"Deura Chak";"2024-02-28";"119126";"Action Pending";"Unsanctioned";"Rajya Sabha"
"Smt Jaya Bachchan";"NA - Installing hand pumps";"Normal/Others";"Uttar Pradesh";"Sitting Rajya Sabha";"DISTRICT MAGISTRATE BHADOHI_IDA";"";"";"Bhadohi";"Ramraipur";"2024-02-28";"63275";"Action Pending";"Unsanctioned";"Rajya Sabha"
"Smt Jaya Bachchan";"NA - Installing hand pumps";"Normal/Others";"Uttar Pradesh";"Sitting Rajya Sabha";"DISTRICT MAGISTRATE BHADOHI_IDA";"";"";"Bhadohi";"Ramraipur";"2024-02-28";"63275";"Action Pending";"Unsanctioned";"Rajya Sabha"
"Smt Jaya Bachchan";"NA - Installing hand pumps";"Normal/Others";"Uttar Pradesh";"Sitting Rajya Sabha";"DISTRICT MAGISTRATE BHADOHI_IDA";"";"";"Bhadohi";"Raimalpur";"2024-02-28";"63275";"Action Pending";"Unsanctioned";"Rajya Sabha"
"Smt Jaya Bachchan";"NA - Installing hand pumps";"Normal/Others";"Uttar Pradesh";"Sitting Rajya Sabha";"DISTRICT MAGISTRATE BHADOHI_IDA";"";"";"Bhadohi";"Raimalpur";"2024-02-28";"63275";"Action Pending";"Unsanctioned";"Rajya Sabha"
"Hemant Tukaram Godse";"WS/MP669/2023-2024/116796 - Purchase of IT systems, including hardware and software for educational purposes";"Normal/Others";"Maharashtra";"NASHIK";"DISTRICT COLLECTOR NASHIK_IDA";"";"";"Sinnar";"Naigaon";"2024-02-28";"49909";"Approved by IDA";"";"Lok Sabha"
"Smt Jaya Bachchan";"NA - Installing hand pumps";"Normal/Others";"Uttar Pradesh";"Sitting Rajya Sabha";"DISTRICT MAGISTRATE BHADOHI_IDA";"";"";"Bhadohi";"Hariyawan";"2024-02-27";"63275";"Action Pending";"Unsanctioned";"Rajya Sabha"
"Smt Jaya Bachchan";"NA - Installing hand pumps";"Normal/Others";"Uttar Pradesh";"Sitting Rajya Sabha";"DISTRICT MAGISTRATE BHADOHI_IDA";"";"";"Bhadohi";"Hariyawan";"2024-02-27";"63275";"Action Pending";"Unsanctioned";"Rajya Sabha"
"Smt Jaya Bachchan";"NA - Installing hand pumps";"Normal/Others";"Uttar Pradesh";"Sitting Rajya Sabha";"DISTRICT MAGISTRATE BHADOHI_IDA";"";"";"Bhadohi";"Hariyawan";"2024-02-27";"63275";"Action Pending";"Unsanctioned";"Rajya Sabha"
"Smt Jaya Bachchan";"NA - Installing hand pumps";"Normal/Others";"Uttar Pradesh";"Sitting Rajya Sabha";"DISTRICT MAGISTRATE BHADOHI_IDA";"";"";"Bhadohi";"Pipris";"2024-02-27";"63275";"Action Pending";"Unsanctioned";"Rajya Sabha"
"Smt Jaya Bachchan";"NA - Installing hand pumps";"Normal/Others";"Uttar Pradesh";"Sitting Rajya Sabha";"DISTRICT MAGISTRATE BHADOHI_IDA";"";"";"Aurai";"Ubhwa Mafi";"2024-02-27";"63275";"Action Pending";"Unsanctioned";"Rajya Sabha"
"Smt Jaya Bachchan";"NA - Installing hand pumps";"Normal/Others";"Uttar Pradesh";"Sitting Rajya Sabha";"DISTRICT MAGISTRATE BHADOHI_IDA";"";"";"Bhadohi";"Hariyawan";"2024-02-27";"63275";"Action Pending";"Unsanctioned";"Rajya Sabha"
"Smt Jaya Bachchan";"NA - Installing hand pumps";"Normal/Others";"Uttar Pradesh";"Sitting Rajya Sabha";"DISTRICT MAGISTRATE BHADOHI_IDA";"";"";"Bhadohi";"Hariyawan";"2024-02-27";"63275";"Action Pending";"Unsanctioned";"Rajya Sabha"
"Smt Jaya Bachchan";"NA - Installing hand pumps";"Normal/Others";"Uttar Pradesh";"Sitting Rajya Sabha";"DISTRICT MAGISTRATE BHADOHI_IDA";"";"";"Bhadohi";"Hariyawan";"2024-02-27";"63275";"Action Pending";"Unsanctioned";"Rajya Sabha"
"Smt Jaya Bachchan";"NA - Installing hand pumps";"Normal/Others";"Uttar Pradesh";"Sitting Rajya Sabha";"DISTRICT MAGISTRATE BHADOHI_IDA";"";"";"Bhadohi";"Hariyawan";"2024-02-27";"63275";"Action Pending";"Unsanctioned";"Rajya Sabha"
"Smt Jaya Bachchan";"NA - Installing hand pumps";"Normal/Others";"Uttar Pradesh";"Sitting Rajya Sabha";"DISTRICT MAGISTRATE BHADOHI_IDA";"";"";"Bhadohi";"Hariyawan";"2024-02-27";"63275";"Action Pending";"Unsanctioned";"Rajya Sabha"
"Smt Jaya Bachchan";"NA - Installing hand pumps";"Normal/Others";"Uttar Pradesh";"Sitting Rajya Sabha";"DISTRICT MAGISTRATE BHADOHI_IDA";"";"";"Bhadohi";"Hariyawan";"2024-02-27";"63275";"Action Pending";"Unsanctioned";"Rajya Sabha"
"Smt Jaya Bachchan";"NA - Installing hand pumps";"Normal/Others";"Uttar Pradesh";"Sitting Rajya Sabha";"DISTRICT MAGISTRATE BHADOHI_IDA";"";"";"Bhadohi";"Hariyawan";"2024-02-27";"63275";"Action Pending";"Unsanctioned";"Rajya Sabha"
"Smt Jaya Bachchan";"NA - Installing hand pumps";"Normal/Others";"Uttar Pradesh";"Sitting Rajya Sabha";"DISTRICT MAGISTRATE BHADOHI_IDA";"";"";"Bhadohi";"Hariyawan";"2024-02-27";"63275";"Action Pending";"Unsanctioned";"Rajya Sabha"
"Smt Jaya Bachchan";"NA - Installing hand pumps";"Normal/Others";"Uttar Pradesh";"Sitting Rajya Sabha";"DISTRICT MAGISTRATE BHADOHI_IDA";"";"";"Bhadohi";"Hariyawan";"2024-02-27";"63275";"Action Pending";"Unsanctioned";"Rajya Sabha"
"Smt Jaya Bachchan";"NA - Installing hand pumps";"Normal/Others";"Uttar Pradesh";"Sitting Rajya Sabha";"DISTRICT MAGISTRATE BHADOHI_IDA";"";"";"Bhadohi";"Hariyawan";"2024-02-27";"63275";"Action Pending";"Unsanctioned";"Rajya Sabha"
"Smt Jaya Bachchan";"NA - Installing hand pumps";"Normal/Others";"Uttar Pradesh";"Sitting Rajya Sabha";"DISTRICT MAGISTRATE BHADOHI_IDA";"";"";"Bhadohi";"Hariyawan";"2024-02-27";"63275";"Action Pending";"Unsanctioned";"Rajya Sabha"
"Smt Jaya Bachchan";"NA - Installing hand pumps";"Normal/Others";"Uttar Pradesh";"Sitting Rajya Sabha";"DISTRICT MAGISTRATE BHADOHI_IDA";"";"";"Bhadohi";"Hariyawan";"2024-02-27";"63275";"Action Pending";"Unsanctioned";"Rajya Sabha"
"Smt Jaya Bachchan";"NA - Installing hand pumps";"Normal/Others";"Uttar Pradesh";"Sitting Rajya Sabha";"DISTRICT MAGISTRATE BHADOHI_IDA";"";"";"Bhadohi";"Hariyawan";"2024-02-27";"63275";"Action Pending";"Unsanctioned";"Rajya Sabha"
"Smt Jaya Bachchan";"NA - Installing hand pumps";"Normal/Others";"Uttar Pradesh";"Sitting Rajya Sabha";"DISTRICT MAGISTRATE BHADOHI_IDA";"";"";"Bhadohi";"Hariyawan";"2024-02-27";"63275";"Action Pending";"Unsanctioned";"Rajya Sabha"
"Smt Jaya Bachchan";"NA - Installing hand pumps";"Normal/Others";"Uttar Pradesh";"Sitting Rajya Sabha";"DISTRICT MAGISTRATE BHADOHI_IDA";"";"";"Bhadohi";"Pipris";"2024-02-27";"63275";"Action Pending";"Unsanctioned";"Rajya Sabha"
"Smt Jaya Bachchan";"NA - Installing hand pumps";"Normal/Others";"Uttar Pradesh";"Sitting Rajya Sabha";"DISTRICT MAGISTRATE BHADOHI_IDA";"";"";"Bhadohi";"Pipris";"2024-02-27";"63275";"Action Pending";"Unsanctioned";"Rajya Sabha"
"Smt Jaya Bachchan";"NA - Installing hand pumps";"Normal/Others";"Uttar Pradesh";"Sitting Rajya Sabha";"DISTRICT MAGISTRATE BHADOHI_IDA";"";"";"Bhadohi";"Pipris";"2024-02-27";"63275";"Action Pending";"Unsanctioned";"Rajya Sabha"
"Smt Jaya Bachchan";"NA - Installing hand pumps";"Normal/Others";"Uttar Pradesh";"Sitting Rajya Sabha";"DISTRICT MAGISTRATE BHADOHI_IDA";"";"";"Bhadohi";"Pipris";"2024-02-27";"63275";"Action Pending";"Unsanctioned";"Rajya Sabha"
"Smt Jaya Bachchan";"NA - Installing hand pumps";"Normal/Others";"Uttar Pradesh";"Sitting Rajya Sabha";"DISTRICT MAGISTRATE BHADOHI_IDA";"";"";"Bhadohi";"Bardaha";"2024-02-27";"63275";"Action Pending";"Unsanctioned";"Rajya Sabha"
"Smt Jaya Bachchan";"NA - Installing hand pumps";"Normal/Others";"Uttar Pradesh";"Sitting Rajya Sabha";"DISTRICT MAGISTRATE BHADOHI_IDA";"";"";"Bhadohi";"Mathurapur";"2024-02-27";"63275";"Action Pending";"Unsanctioned";"Rajya Sabha"
"Smt Jaya Bachchan";"NA - Installing hand pumps";"Normal/Others";"Uttar Pradesh";"Sitting Rajya Sabha";"DISTRICT MAGISTRATE BHADOHI_IDA";"";"";"Bhadohi";"Jameen Shor Urf Shekhpur";"2024-02-27";"63275";"Action Pending";"Unsanctioned";"Rajya Sabha"
"Smt Jaya Bachchan";"NA - Installing hand pumps";"Normal/Others";"Uttar Pradesh";"Sitting Rajya Sabha";"DISTRICT MAGISTRATE BHADOHI_IDA";"";"";"Aurai";"Bishapur";"2024-02-27";"63275";"Action Pending";"Unsanctioned";"Rajya Sabha"
"Smt Jaya Bachchan";"NA - Installing hand pumps";"Normal/Others";"Uttar Pradesh";"Sitting Rajya Sabha";"DISTRICT MAGISTRATE BHADOHI_IDA";"";"";"Bhadohi";"Kom";"2024-02-27";"63275";"Action Pending";"Unsanctioned";"Rajya Sabha"
"Smt Jaya Bachchan";"NA - Installing hand pumps";"Normal/Others";"Uttar Pradesh";"Sitting Rajya Sabha";"DISTRICT MAGISTRATE BHADOHI_IDA";"";"";"Bhadohi";"Kom";"2024-02-27";"63275";"Action Pending";"Unsanctioned";"Rajya Sabha"
"Smt Jaya Bachchan";"NA - Installing hand pumps";"Normal/Others";"Uttar Pradesh";"Sitting Rajya Sabha";"DISTRICT MAGISTRATE BHADOHI_IDA";"";"";"Bhadohi";"Kom";"2024-02-27";"63275";"Action Pending";"Unsanctioned";"Rajya Sabha"
"Smt Jaya Bachchan";"NA - Installing hand pumps";"Normal/Others";"Uttar Pradesh";"Sitting Rajya Sabha";"DISTRICT MAGISTRATE BHADOHI_IDA";"";"";"Bhadohi";"Kom";"2024-02-27";"63275";"Action Pending";"Unsanctioned";"Rajya Sabha"
"Smt Jaya Bachchan";"NA - Installing hand pumps";"Normal/Others";"Uttar Pradesh";"Sitting Rajya Sabha";"DISTRICT MAGISTRATE BHADOHI_IDA";"";"";"Bhadohi";"Musilahpur Or Musilatpur";"2024-02-27";"63275";"Action Pending";"Unsanctioned";"Rajya Sabha"
"Smt Jaya Bachchan";"NA - Installing hand pumps";"Normal/Others";"Uttar Pradesh";"Sitting Rajya Sabha";"DISTRICT MAGISTRATE BHADOHI_IDA";"";"";"Bhadohi";"Musilahpur Or Musilatpur";"2024-02-27";"63275";"Action Pending";"Unsanctioned";"Rajya Sabha"
"Smt Jaya Bachchan";"NA - Installing hand pumps";"Normal/Others";"Uttar Pradesh";"Sitting Rajya Sabha";"DISTRICT MAGISTRATE BHADOHI_IDA";"";"";"Bhadohi";"Musilahpur Or Musilatpur";"2024-02-27";"63275";"Action Pending";"Unsanctioned";"Rajya Sabha"
"Smt Jaya Bachchan";"NA - Installing hand pumps";"Normal/Others";"Uttar Pradesh";"Sitting Rajya Sabha";"DISTRICT MAGISTRATE BHADOHI_IDA";"";"";"Bhadohi";"Bhikharipur";"2024-02-27";"63275";"Action Pending";"Unsanctioned";"Rajya Sabha"
"Smt Jaya Bachchan";"NA - Installing hand pumps";"Normal/Others";"Uttar Pradesh";"Sitting Rajya Sabha";"DISTRICT MAGISTRATE BHADOHI_IDA";"";"";"Bhadohi";"Pipris";"2024-02-27";"63275";"Action Pending";"Unsanctioned";"Rajya Sabha"
"Smt Jaya Bachchan";"NA - Installing hand pumps";"Normal/Others";"Uttar Pradesh";"Sitting Rajya Sabha";"DISTRICT MAGISTRATE BHADOHI_IDA";"";"";"Bhadohi";"Pipris";"2024-02-27";"63275";"Action Pending";"Unsanctioned";"Rajya Sabha"
"Smt Jaya Bachchan";"NA - Installing hand pumps";"Normal/Others";"Uttar Pradesh";"Sitting Rajya Sabha";"DISTRICT MAGISTRATE BHADOHI_IDA";"";"";"Bhadohi";"Pipris";"2024-02-27";"63275";"Action Pending";"Unsanctioned";"Rajya Sabha"
"Smt Jaya Bachchan";"NA - Installing hand pumps";"Normal/Others";"Uttar Pradesh";"Sitting Rajya Sabha";"DISTRICT MAGISTRATE BHADOHI_IDA";"";"";"Bhadohi";"Hariyawan";"2024-02-27";"63275";"Action Pending";"Unsanctioned";"Rajya Sabha"
"Smt Jaya Bachchan";"NA - Installing hand pumps";"Normal/Others";"Uttar Pradesh";"Sitting Rajya Sabha";"DISTRICT MAGISTRATE BHADOHI_IDA";"";"";"Bhadohi";"Hariyawan";"2024-02-27";"63275";"Action Pending";"Unsanctioned";"Rajya Sabha"
"Mahesh Jethmalani (Nominated Rajya Sabha)";"NA - Construction of community centers and community halls";"Normal/Others";"Delhi";"Nominated Rajya Sabha";"DISTRICT COLLECTOR BIKANER_IDA";"";"";"Kolayat";"Diyatara";"2024-02-27";"800000";"Action Pending";"Unsanctioned";"Rajya Sabha"
"Mahesh Jethmalani (Nominated Rajya Sabha)";"NA - Construction of community centers and community halls";"Normal/Others";"Delhi";"Nominated Rajya Sabha";"DISTRICT COLLECTOR BIKANER_IDA";"";"";"Bajju";"Phulasar Chhota";"2024-02-27";"800000";"Action Pending";"Unsanctioned";"Rajya Sabha"
"Mahesh Jethmalani (Nominated Rajya Sabha)";"NA - Construction of community centers and community halls";"Normal/Others";"Delhi";"Nominated Rajya Sabha";"DISTRICT COLLECTOR BIKANER_IDA";"";"";"Khajuwala";"34 Kyd";"2024-02-27";"1000000";"Action Pending";"Unsanctioned";"Rajya Sabha"
"Mahesh Jethmalani (Nominated Rajya Sabha)";"NA - Construction of boundary walls of existing public and community buildings";"Normal/Others";"Delhi";"Nominated Rajya Sabha";"DISTRICT COLLECTOR BIKANER_IDA";"";"";"Lunkaransar";"Kakadwala";"2024-02-26";"1000000";"Action Pending";"Unsanctioned";"Rajya Sabha"
"Mahesh Jethmalani (Nominated Rajya Sabha)";"NA - Construction of community centers and community halls";"Normal/Others";"Delhi";"Nominated Rajya Sabha";"DISTRICT COLLECTOR BIKANER_IDA";"Bikaner";"Bikaner (M Ci) - Ward No.60";"";"";"2024-02-26";"900000";"Action Pending";"Unsanctioned";"Rajya Sabha"
"Mahesh Jethmalani (Nominated Rajya Sabha)";"NA - Construction of additional rooms and halls in the existing public and community building";"Normal/Others";"Delhi";"Nominated Rajya Sabha";"DISTRICT COLLECTOR BIKANER_IDA";"Nokha";"Nokha (M) - Ward No.29";"";"";"2024-02-26";"800000";"Action Pending";"Unsanctioned";"Rajya Sabha"
"Mahesh Jethmalani (Nominated Rajya Sabha)";"NA - Construction of community centers and community halls";"Normal/Others";"Delhi";"Nominated Rajya Sabha";"DISTRICT COLLECTOR BIKANER_IDA";"";"";"Kolayat";"Hirai Ki Dhani";"2024-02-26";"700000";"Action Pending";"Unsanctioned";"Rajya Sabha"
"Gajendra Singh Patel";"NA - Construction of community centers and community halls";"Normal/Others";"Madhya Pradesh";"KHARGONE(ST)";"DISTRICT COLLECTOR KHARGONE_IDA";"Khargone";"Shree Ram Mandir Ward";"";"";"2024-02-26";"500000";"Action Pending";"Unsanctioned";"Lok Sabha"
"Mahesh Jethmalani (Nominated Rajya Sabha)";"NA - Providing drains and gutters for public drainage";"Normal/Others";"Delhi";"Nominated Rajya Sabha";"DISTRICT COLLECTOR BIKANER_IDA";"";"";"Bikaner";"Napasar";"2024-02-26";"3000000";"Action Pending";"Unsanctioned";"Rajya Sabha"
"Smt PT Usha (NRS)";"NA - Construction of buildings for crèches and anganwadies";"Normal/Others";"Kerala";"Nominated Rajya Sabha";"DISTRICT COLLECTOR PATHANAMTHITTA_IDA";"";"";"Adoor";"Thumpamon";"2024-02-26";"1800000";"Action Pending";"Unsanctioned";"Rajya Sabha"
"Mahesh Jethmalani (Nominated Rajya Sabha)";"NA - Construction of community centers and community halls";"Normal/Others";"Delhi";"Nominated Rajya Sabha";"DISTRICT COLLECTOR BIKANER_IDA";"Bikaner";"Bikaner (M Ci) - Ward No.59";"";"";"2024-02-26";"1000000";"Action Pending";"Unsanctioned";"Rajya Sabha"
"Shri Tapir Gao ";"NA - Construction of public irrigation facilities";"Normal/Others";"Arunachal Pradesh";"ARUNACHAL EAST";"Deputy Commisioner Siang_IDA";"";"";"Pangin Eac";"Lokpeng";"2024-02-26";"200000";"Action Pending";"Unsanctioned";"Lok Sabha"
"Mahesh Jethmalani (Nominated Rajya Sabha)";"NA - Crematoriums or structures on burial/ cremation ground for public convenience";"Normal/Others";"Delhi";"Nominated Rajya Sabha";"DISTRICT COLLECTOR BIKANER_IDA";"";"";"Nokha";"Raisar";"2024-02-26";"800000";"Action Pending";"Unsanctioned";"Rajya Sabha"
"SH G V L Narasimha Rao";"NA - Purchase of non-conventional energy system and devices for community use";"Normal/Others";"Uttar Pradesh";"Sitting Rajya Sabha";"DISTRICT MAGISTRAE GAUTAMBUDHNAGAR_IDA";"";"";"Dadri";"Achheja";"2024-02-26";"720000";"Action Pending";"Unsanctioned";"Rajya Sabha"
"Shri Sakaldeep Rajbhar";"NA - Construction of rooms and halls in school and colleges";"Normal/Others";"Uttar Pradesh";"Sitting Rajya Sabha";"DISTRICT MAGISTRATE SANT KABIR NAGAR_IDA";"Hariharpur";"Hariharpur (NP) - Ward No.8";"";"";"2024-02-26";"1000000";"Action Pending";"Unsanctioned";"Rajya Sabha"
"Kum Agatha K Sangma";"WS/MP694/2023-2024/115471 - Purchase of ambulances (Four, three and two wheelers)";"Normal/Others";"Meghalaya";"TURA";"DEPUTY COMMISSIONER WEST GARO HILLS_IDA";"Tura Municipal Board";"Ward No. 10";"";"";"2024-02-26";"1800000";"Approved by IDA";"Ongoing";"Lok Sabha"
"Kum Agatha K Sangma";"NA - Construction of roads, link roads, pathways or any other road with or without drainage system";"Normal/Others";"Meghalaya";"TURA";"DEPUTY COMMISSIONER SOUTH WEST GARO HILLS AMPATI_IDA";"";"";"Betasing";"Chondonpara";"2024-02-26";"200000";"Action Pending";"Unsanctioned";"Lok Sabha"
"Smt Mangal Suresh Angadi";"NA - Construction of roads, link roads, pathways or any other road with or without drainage system";"Normal/Others";"Karnataka";"BELGAUM";"DEPUTY COMMISSIONER BELGAUM_IDA";"Munavalli";"Ward-8";"";"";"2024-02-26";"500000";"Action Pending";"Unsanctioned";"Lok Sabha"
"Saptagiri Sankar Ulaka";"NA - Construction of culverts and bridges";"Normal/Others";"Odisha";"KORAPUT(ST)";"District Collector Koraput_IDA";"";"";"Dasamantapur";"Dasamantapur";"2024-02-25";"250000";"Action Pending";"Unsanctioned";"Lok Sabha"
"Saptagiri Sankar Ulaka";"NA - Construction of roads, link roads, pathways or any other road with or without drainage system";"Normal/Others";"Odisha";"KORAPUT(ST)";"District Collector Koraput_IDA";"";"";"Koraput";"Mangara";"2024-02-25";"500000";"Action Pending";"Unsanctioned";"Lok Sabha"
"Saptagiri Sankar Ulaka";"NA - Construction of roads, link roads, pathways or any other road with or without drainage system";"Normal/Others";"Odisha";"KORAPUT(ST)";"District Collector Koraput_IDA";"";"";"Koraput";"Devighat";"2024-02-25";"300000";"Action Pending";"Unsanctioned";"Lok Sabha"
"Saptagiri Sankar Ulaka";"NA - Construction of culverts and bridges";"Normal/Others";"Odisha";"KORAPUT(ST)";"District Collector Koraput_IDA";"";"";"Dasamantapur";"Lulla";"2024-02-25";"250000";"Action Pending";"Unsanctioned";"Lok Sabha"
"Saptagiri Sankar Ulaka";"NA - Installing tube-wells and borewells";"Normal/Others";"Odisha";"KORAPUT(ST)";"District Collector Koraput_IDA";"";"";"Koraput";"Jhadiguda";"2024-02-25";"200000";"Action Pending";"Unsanctioned";"Lok Sabha"
"Saptagiri Sankar Ulaka";"NA - Construction of culverts and bridges";"Normal/Others";"Odisha";"KORAPUT(ST)";"District Collector Koraput_IDA";"";"";"Dasamantapur";"Murkar";"2024-02-25";"300000";"Action Pending";"Unsanctioned";"Lok Sabha"
"Saptagiri Sankar Ulaka";"NA - Construction of culverts and bridges";"Normal/Others";"Odisha";"KORAPUT(ST)";"District Collector Koraput_IDA";"";"";"Dasamantapur";"Dasamantapur";"2024-02-25";"250000";"Action Pending";"Unsanctioned";"Lok Sabha"
"Smt Rajashree Mallick ";"NA - Construction of community centers and community halls";"Normal/Others";"Odisha";"JAGATSINGHPUR(SC)";"DISTRICT COLLECTOR JAGATSINGHPUR_IDA";"";"";"Biridi";"Ukundara";"2024-02-25";"200000";"Action Pending";"Unsanctioned";"Lok Sabha"
"Saptagiri Sankar Ulaka";"NA - Construction of community centers and community halls";"Normal/Others";"Odisha";"KORAPUT(ST)";"District Collector Koraput_IDA";"";"";"Lakshmipur";"Tayaput";"2024-02-25";"500000";"Action Pending";"Unsanctioned";"Lok Sabha"
"Smt Rajashree Mallick ";"NA - Construction of roads, link roads, pathways or any other road with or without drainage system";"Normal/Others";"Odisha";"JAGATSINGHPUR(SC)";"DISTRICT COLLECTOR JAGATSINGHPUR_IDA";"";"";"Biridi";"Talpatak";"2024-02-25";"150000";"Action Pending";"Unsanctioned";"Lok Sabha"
"Smt Rajashree Mallick ";"NA - Lighting of public spaces";"Normal/Others";"Odisha";"JAGATSINGHPUR(SC)";"DISTRICT COLLECTOR JAGATSINGHPUR_IDA";"";"";"Biridi";"Sankharisahi";"2024-02-25";"150000";"Action Pending";"Unsanctioned";"Lok Sabha"
"Saptagiri Sankar Ulaka";"NA - Construction of roads, link roads, pathways or any other road with or without drainage system";"Normal/Others";"Odisha";"KORAPUT(ST)";"District Collector Koraput_IDA";"";"";"Koraput";"Tola";"2024-02-25";"250000";"Action Pending";"Unsanctioned";"Lok Sabha"
"Smt Rajashree Mallick ";"NA - Construction of rooms and halls in school and colleges";"Normal/Others";"Odisha";"JAGATSINGHPUR(SC)";"DISTRICT COLLECTOR JAGATSINGHPUR_IDA";"";"";"Biridi";"Talpatak";"2024-02-25";"200000";"Action Pending";"Unsanctioned";"Lok Sabha"
"Smt Rajashree Mallick ";"NA - Construction of roads, link roads, pathways or any other road with or without drainage system";"Normal/Others";"Odisha";"JAGATSINGHPUR(SC)";"DISTRICT COLLECTOR JAGATSINGHPUR_IDA";"";"";"Biridi";"Sareisasan";"2024-02-25";"300000";"Action Pending";"Unsanctioned";"Lok Sabha"
"Smt Rajashree Mallick ";"NA - Lighting of public spaces";"Normal/Others";"Odisha";"JAGATSINGHPUR(SC)";"DISTRICT COLLECTOR JAGATSINGHPUR_IDA";"";"";"Biridi";"Baredia";"2024-02-25";"100000";"Action Pending";"Unsanctioned";"Lok Sabha"
"Smt Rajashree Mallick ";"NA - Lighting of public spaces";"Normal/Others";"Odisha";"JAGATSINGHPUR(SC)";"DISTRICT COLLECTOR JAGATSINGHPUR_IDA";"";"";"Biridi";"Dihasahibiri";"2024-02-25";"100000";"Action Pending";"Unsanctioned";"Lok Sabha"
"Smt Rajashree Mallick ";"NA - Lighting of public spaces";"Normal/Others";"Odisha";"JAGATSINGHPUR(SC)";"DISTRICT COLLECTOR JAGATSINGHPUR_IDA";"";"";"Biridi";"Batimira";"2024-02-25";"150000";"Action Pending";"Unsanctioned";"Lok Sabha"
"Smt Rajashree Mallick ";"NA - Construction of roads, link roads, pathways or any other road with or without drainage system";"Normal/Others";"Odisha";"JAGATSINGHPUR(SC)";"DISTRICT COLLECTOR JAGATSINGHPUR_IDA";"";"";"Biridi";"Sarasudha";"2024-02-25";"150000";"Action Pending";"Unsanctioned";"Lok Sabha"
"Smt Rajashree Mallick ";"NA - Construction of community centers and community halls";"Normal/Others";"Odisha";"JAGATSINGHPUR(SC)";"DISTRICT COLLECTOR JAGATSINGHPUR_IDA";"";"";"Biridi";"Adhangamajurai";"2024-02-25";"300000";"Action Pending";"Unsanctioned";"Lok Sabha"
"Smt Rajashree Mallick ";"NA - Construction of roads, link roads, pathways or any other road with or without drainage system";"Normal/Others";"Odisha";"JAGATSINGHPUR(SC)";"DISTRICT COLLECTOR JAGATSINGHPUR_IDA";"";"";"Biridi";"Sivapur";"2024-02-25";"200000";"Action Pending";"Unsanctioned";"Lok Sabha"
"Smt Rajashree Mallick ";"NA - Lighting of public spaces";"Normal/Others";"Odisha";"JAGATSINGHPUR(SC)";"DISTRICT COLLECTOR JAGATSINGHPUR_IDA";"";"";"Biridi";"Baredia";"2024-02-25";"200000";"Action Pending";"Unsanctioned";"Lok Sabha"
"Smt Rajashree Mallick ";"NA - Construction of community centers and community halls";"Normal/Others";"Odisha";"JAGATSINGHPUR(SC)";"DISTRICT COLLECTOR JAGATSINGHPUR_IDA";"";"";"Biridi";"Balia";"2024-02-25";"300000";"Action Pending";"Unsanctioned";"Lok Sabha"
"Smt Rajashree Mallick ";"NA - Construction of roads, link roads, pathways or any other road with or without drainage system";"Normal/Others";"Odisha";"JAGATSINGHPUR(SC)";"DISTRICT COLLECTOR JAGATSINGHPUR_IDA";"";"";"Biridi";"Alipada";"2024-02-25";"300000";"Action Pending";"Unsanctioned";"Lok Sabha"
"Smt Rajashree Mallick ";"NA - Construction of roads, link roads, pathways or any other road with or without drainage system";"Normal/Others";"Odisha";"JAGATSINGHPUR(SC)";"DISTRICT COLLECTOR JAGATSINGHPUR_IDA";"";"";"Biridi";"Manguli";"2024-02-25";"200000";"Action Pending";"Unsanctioned";"Lok Sabha"
"Smt Rajashree Mallick ";"NA - Construction of community centers and community halls";"Normal/Others";"Odisha";"JAGATSINGHPUR(SC)";"DISTRICT COLLECTOR JAGATSINGHPUR_IDA";"";"";"Biridi";"Adhangagarha";"2024-02-25";"200000";"Action Pending";"Unsanctioned";"Lok Sabha"
"Smt Rajashree Mallick ";"NA - Construction of roads, link roads, pathways or any other road with or without drainage system";"Normal/Others";"Odisha";"JAGATSINGHPUR(SC)";"DISTRICT COLLECTOR JAGATSINGHPUR_IDA";"";"";"Biridi";"Basandara";"2024-02-25";"200000";"Action Pending";"Unsanctioned";"Lok Sabha"
"Smt Rajashree Mallick ";"NA - Construction of roads, link roads, pathways or any other road with or without drainage system";"Normal/Others";"Odisha";"JAGATSINGHPUR(SC)";"DISTRICT COLLECTOR JAGATSINGHPUR_IDA";"";"";"Biridi";"Nuagan";"2024-02-25";"150000";"Action Pending";"Unsanctioned";"Lok Sabha"
"Smt Rajashree Mallick ";"NA - Construction of community centers and community halls";"Normal/Others";"Odisha";"JAGATSINGHPUR(SC)";"DISTRICT COLLECTOR JAGATSINGHPUR_IDA";"";"";"Biridi";"Maindipur";"2024-02-25";"400000";"Action Pending";"Unsanctioned";"Lok Sabha"
"Girish Chandra";"NA - Lighting of public spaces";"Normal/Others";"Uttar Pradesh";"NAGINA(SC)";"DISTRICT MAGISTRATE BIJNOR_IDA";"Nagina";"Nagina (MB) - Ward No.3";"";"";"2024-02-25";"174000";"Action Pending";"Unsanctioned";"Lok Sabha"
"Smt Rajashree Mallick ";"NA - Construction of boundary walls of existing public and community buildings";"Normal/Others";"Odisha";"JAGATSINGHPUR(SC)";"DISTRICT COLLECTOR JAGATSINGHPUR_IDA";"";"";"Biridi";"Daradasasan";"2024-02-25";"100000";"Action Pending";"Unsanctioned";"Lok Sabha"
"Smt Rajashree Mallick ";"NA - Lighting of public spaces";"Normal/Others";"Odisha";"JAGATSINGHPUR(SC)";"DISTRICT COLLECTOR JAGATSINGHPUR_IDA";"";"";"Jagatsinghapur";"Badakorakor";"2024-02-25";"100000";"Action Pending";"Unsanctioned";"Lok Sabha"
"Anurag Singh Thakur";"NA - Construction of roads, link roads, pathways or any other road with or without drainage system";"Normal/Others";"Himachal Pradesh";"HAMIRPUR_HP";"DEPUTY COMMISSIONER BILASPUR_IDA";"";"";"Ghumarwin";"Sandyar (234)";"2024-02-25";"100000";"Action Pending";"Unsanctioned";"Lok Sabha"
"Anurag Singh Thakur";"NA - Construction of roads, link roads, pathways or any other road with or without drainage system";"Normal/Others";"Himachal Pradesh";"HAMIRPUR_HP";"DEPUTY COMMISSIOENR UNA_IDA";"";"";"Amb";"Sunhi (73)";"2024-02-25";"200000";"Action Pending";"Unsanctioned";"Lok Sabha"
"Anurag Singh Thakur";"NA - Construction of roads, link roads, pathways or any other road with or without drainage system";"Normal/Others";"Himachal Pradesh";"HAMIRPUR_HP";"DEPUTY COMMISSIOENR UNA_IDA";"";"";"Bharwain";"Bhatehr Khas (13/1)";"2024-02-25";"200000";"Action Pending";"Unsanctioned";"Lok Sabha"
"Anurag Singh Thakur";"NA - Construction of roads, link roads, pathways or any other road with or without drainage system";"Normal/Others";"Himachal Pradesh";"HAMIRPUR_HP";"DEPUTY COMMISSIOENR UNA_IDA";"";"";"Una";"Basal (194)";"2024-02-25";"200000";"Action Pending";"Unsanctioned";"Lok Sabha"
"Anurag Singh Thakur";"NA - Construction of community centers and community halls";"Normal/Others";"Himachal Pradesh";"HAMIRPUR_HP";"DEPUTY COMMISSIOENR UNA_IDA";"";"";"Birhu Kalan";"Hatli (8/33)";"2024-02-25";"300000";"Action Pending";"Unsanctioned";"Lok Sabha"
"Anurag Singh Thakur";"NA - Crematoriums or structures on burial/ cremation ground for public convenience";"Normal/Others";"Himachal Pradesh";"HAMIRPUR_HP";"DEPUTY COMMISSIONER MANDI_IDA";"";"";"Sarkaghat";"Sain (285)";"2024-02-25";"150000";"Action Pending";"Unsanctioned";"Lok Sabha"
"Anurag Singh Thakur";"NA - Crematoriums or structures on burial/ cremation ground for public convenience";"Normal/Others";"Himachal Pradesh";"HAMIRPUR_HP";"DEPUTY COMMISSIONER MANDI_IDA";"";"";"Sarkaghat";"Gadhyani (277)";"2024-02-25";"100000";"Action Pending";"Unsanctioned";"Lok Sabha"
"Anurag Singh Thakur";"NA - Construction of roads, link roads, pathways or any other road with or without drainage system";"Normal/Others";"Himachal Pradesh";"HAMIRPUR_HP";"DEPUTY COMMISSIONER MANDI_IDA";"";"";"Dharmpur";"Dhwali (93)";"2024-02-25";"20000";"Action Pending";"Unsanctioned";"Lok Sabha"
"Anurag Singh Thakur";"NA - Construction of community centers and community halls";"Normal/Others";"Himachal Pradesh";"HAMIRPUR_HP";"DEPUTY COMMISSIONER MANDI_IDA";"";"";"Sarkaghat";"Langehar (379)";"2024-02-25";"150000";"Action Pending";"Unsanctioned";"Lok Sabha"
"Smt Rajashree Mallick ";"NA - Lighting of public spaces";"Normal/Others";"Odisha";"JAGATSINGHPUR(SC)";"DISTRICT COLLECTOR JAGATSINGHPUR_IDA";"";"";"Jagatsinghapur";"Dondo";"2024-02-25";"100000";"Action Pending";"Unsanctioned";"Lok Sabha"
"Smt Rajashree Mallick ";"NA - Lighting of public spaces";"Normal/Others";"Odisha";"JAGATSINGHPUR(SC)";"DISTRICT COLLECTOR JAGATSINGHPUR_IDA";"";"";"Jagatsinghapur";"Dondo";"2024-02-25";"100000";"Action Pending";"Unsanctioned";"Lok Sabha"
"Smt Rajashree Mallick ";"NA - Construction of roads, link roads, pathways or any other road with or without drainage system";"Normal/Others";"Odisha";"JAGATSINGHPUR(SC)";"DISTRICT COLLECTOR JAGATSINGHPUR_IDA";"";"";"Jagatsinghapur";"Baragol";"2024-02-25";"300000";"Action Pending";"Unsanctioned";"Lok Sabha"
"Smt Rajashree Mallick ";"NA - Lighting of public spaces";"Normal/Others";"Odisha";"JAGATSINGHPUR(SC)";"DISTRICT COLLECTOR JAGATSINGHPUR_IDA";"";"";"Jagatsinghapur";"Badakorakor";"2024-02-25";"100000";"Action Pending";"Unsanctioned";"Lok Sabha"
"Smt Rajashree Mallick ";"NA - Lighting of public spaces";"Normal/Others";"Odisha";"JAGATSINGHPUR(SC)";"DISTRICT COLLECTOR JAGATSINGHPUR_IDA";"";"";"Biridi";"Basandara";"2024-02-25";"150000";"Action Pending";"Unsanctioned";"Lok Sabha"
"Smt Rajashree Mallick ";"NA - Construction of community centers and community halls";"Normal/Others";"Odisha";"JAGATSINGHPUR(SC)";"DISTRICT COLLECTOR JAGATSINGHPUR_IDA";"";"";"Biridi";"Daradasasan";"2024-02-25";"100000";"Action Pending";"Unsanctioned";"Lok Sabha"
"Smt Rajashree Mallick ";"NA - Construction of community centers and community halls";"Normal/Others";"Odisha";"JAGATSINGHPUR(SC)";"DISTRICT COLLECTOR JAGATSINGHPUR_IDA";"";"";"Biridi";"Alando";"2024-02-25";"200000";"Action Pending";"Unsanctioned";"Lok Sabha"
"Smt Rajashree Mallick ";"NA - Construction of roads, link roads, pathways or any other road with or without drainage system";"Normal/Others";"Odisha";"JAGATSINGHPUR(SC)";"DISTRICT COLLECTOR JAGATSINGHPUR_IDA";"";"";"Biridi";"Ukundara";"2024-02-25";"200000";"Action Pending";"Unsanctioned";"Lok Sabha"
"Vijay Kumar Hansdak";"NA - construction of staircase/ stair ghat for public convenience";"Normal/Others";"Jharkhand";"RAJMAHAL(ST)";"Deputy Commissioner Pakur_IDA";"";"";"Amrapara";"Dumarchir";"2024-02-25";"201000";"Action Pending";"Unsanctioned";"Lok Sabha"
"Vijay Kumar Hansdak";"NA - Construction of roads, link roads, pathways or any other road with or without drainage system";"Normal/Others";"Jharkhand";"RAJMAHAL(ST)";"Deputy Commissioner Pakur_IDA";"";"";"Amrapara";"Malipara Paharia";"2024-02-25";"201000";"Action Pending";"Unsanctioned";"Lok Sabha"
"Vijay Kumar Hansdak";"NA - Construction of boundary walls of existing public and community buildings";"Normal/Others";"Jharkhand";"RAJMAHAL(ST)";"Deputy Commissioner Pakur_IDA";"";"";"Amrapara";"Asankura";"2024-02-25";"250000";"Action Pending";"Unsanctioned";"Lok Sabha"
"Vijay Kumar Hansdak";"NA - Construction of boundary walls of existing public and community buildings";"Normal/Others";"Jharkhand";"RAJMAHAL(ST)";"Deputy Commissioner Pakur_IDA";"";"";"Amrapara";"Amirjola";"2024-02-25";"201000";"Action Pending";"Unsanctioned";"Lok Sabha"
"Vijay Kumar Hansdak";"NA - Construction of boundary walls of existing public and community buildings";"Normal/Others";"Jharkhand";"RAJMAHAL(ST)";"Deputy Commissioner Pakur_IDA";"";"";"Amrapara";"Bara Salghati";"2024-02-25";"201000";"Action Pending";"Unsanctioned";"Lok Sabha"
"Vijay Kumar Hansdak";"NA - Construction of public irrigation facilities";"Normal/Others";"Jharkhand";"RAJMAHAL(ST)";"Deputy Commissioner Pakur_IDA";"";"";"Pakuria";"Bara Singpur";"2024-02-25";"201000";"Action Pending";"Unsanctioned";"Lok Sabha"
"Vijay Kumar Hansdak";"NA - construction of staircase/ stair ghat for public convenience";"Normal/Others";"Jharkhand";"RAJMAHAL(ST)";"Deputy Commissioner Pakur_IDA";"";"";"Pakuria";"Solla";"2024-02-25";"201000";"Action Pending";"Unsanctioned";"Lok Sabha"
"Smt Rajashree Mallick ";"NA - Construction of community centers and community halls";"Normal/Others";"Odisha";"JAGATSINGHPUR(SC)";"DISTRICT COLLECTOR JAGATSINGHPUR_IDA";"";"";"Biridi";"Hajipur";"2024-02-25";"300000";"Action Pending";"Unsanctioned";"Lok Sabha"
"Smt Rajashree Mallick ";"NA - Construction of community centers and community halls";"Normal/Others";"Odisha";"JAGATSINGHPUR(SC)";"DISTRICT COLLECTOR JAGATSINGHPUR_IDA";"";"";"Biridi";"Barahpur";"2024-02-25";"200000";"Action Pending";"Unsanctioned";"Lok Sabha"
"Smt Rajashree Mallick ";"NA - Construction of community centers and community halls";"Normal/Others";"Odisha";"JAGATSINGHPUR(SC)";"DISTRICT COLLECTOR JAGATSINGHPUR_IDA";"";"";"Biridi";"Daradasasan";"2024-02-25";"150000";"Action Pending";"Unsanctioned";"Lok Sabha"
"Smt Pramila Bisoyi ";"NA - Construction of community centers and community halls";"Normal/Others";"Odisha";"ASKA";"DISTRICT COLLECTOR GANJAM_IDA";"";"";"Patapur";"Jeura";"2024-02-25";"700000";"Action Pending";"Unsanctioned";"Lok Sabha"
"Smt Pramila Bisoyi ";"NA - Construction of community centers and community halls";"Normal/Others";"Odisha";"ASKA";"DISTRICT COLLECTOR GANJAM_IDA";"";"";"Patapur";"Gudiapatana";"2024-02-25";"400000";"Action Pending";"Unsanctioned";"Lok Sabha"
"Shri Sant Balbir Singh";"NA - Construction of community centers and community halls";"Normal/Others";"Punjab";"Sitting Rajya Sabha";"DEPUTY COMMISSIONER SANGRUR_IDA";"";"";"Moonak";"Dudian (94)";"2024-02-25";"500000";"Action Pending";"Unsanctioned";"Rajya Sabha"
"Smt Pramila Bisoyi ";"NA - Construction of community centers and community halls";"Normal/Others";"Odisha";"ASKA";"DISTRICT COLLECTOR GANJAM_IDA";"";"";"Purusottampur";"Raipur";"2024-02-25";"500000";"Action Pending";"Unsanctioned";"Lok Sabha"
"Hemant Tukaram Godse";"NA - Construction of roads, link roads, pathways or any other road with or without drainage system";"Normal/Others";"Maharashtra";"NASHIK";"DISTRICT COLLECTOR NASHIK_IDA";"";"";"Sinnar";"Aundhewadi";"2024-02-25";"993000";"Action Pending";"Unsanctioned";"Lok Sabha"
"Hemant Tukaram Godse";"NA - Construction of culverts and bridges";"Normal/Others";"Maharashtra";"NASHIK";"DISTRICT COLLECTOR NASHIK_IDA";"";"";"Sinnar";"Manori";"2024-02-25";"994000";"Action Pending";"Unsanctioned";"Lok Sabha"
"Hemant Tukaram Godse";"NA - Street lights";"Normal/Others";"Maharashtra";"NASHIK";"DISTRICT COLLECTOR NASHIK_IDA";"";"";"Igatpuri";"Modale";"2024-02-25";"998000";"Action Pending";"Unsanctioned";"Lok Sabha"
"Hemant Tukaram Godse";"NA - Crematoriums or structures on burial/ cremation ground for public convenience";"Normal/Others";"Maharashtra";"NASHIK";"DISTRICT COLLECTOR NASHIK_IDA";"";"";"Sinnar";"Somthane";"2024-02-25";"992000";"Action Pending";"Unsanctioned";"Lok Sabha"
"Hemant Tukaram Godse";"NA - Construction of community centers and community halls";"Normal/Others";"Maharashtra";"NASHIK";"DISTRICT COLLECTOR NASHIK_IDA";"";"";"Igatpuri";"Waghere";"2024-02-25";"1491000";"Action Pending";"Unsanctioned";"Lok Sabha"
"Hemant Tukaram Godse";"NA - Construction of roads, link roads, pathways or any other road with or without drainage system";"Normal/Others";"Maharashtra";"NASHIK";"DISTRICT COLLECTOR NASHIK_IDA";"";"";"Nashik";"Belgaon Dhaga";"2024-02-25";"994000";"Action Pending";"Unsanctioned";"Lok Sabha"
"Hemant Tukaram Godse";"NA - Construction of roads, link roads, pathways or any other road with or without drainage system";"Normal/Others";"Maharashtra";"NASHIK";"DISTRICT COLLECTOR NASHIK_IDA";"";"";"Sinnar";"Pangari Kh";"2024-02-25";"1491000";"Action Pending";"Unsanctioned";"Lok Sabha"
"Vinayak Bhaurao Raut";"NA - Construction of roads, link roads, pathways or any other road with or without drainage system";"Normal/Others";"Maharashtra";"RATNAGIRI-SINDHUDURG";"DISTRICT COLLECTOR SINDHUDURG_IDA";"";"";"Kankavli";"Bhiravande";"2024-02-25";"987000";"Action Pending";"Unsanctioned";"Lok Sabha"
"Hemant Tukaram Godse";"NA - Construction of community centers and community halls";"Normal/Others";"Maharashtra";"NASHIK";"DISTRICT COLLECTOR NASHIK_IDA";"";"";"Sinnar";"Dodi Bk.";"2024-02-25";"994000";"Action Pending";"Unsanctioned";"Lok Sabha"
"Vinayak Bhaurao Raut";"NA - Construction of community centers and community halls";"Normal/Others";"Maharashtra";"RATNAGIRI-SINDHUDURG";"DISTRICT COLLECTOR SINDHUDURG_IDA";"";"";"Dodamarg";"Mangeli";"2024-02-25";"2000000";"Action Pending";"Unsanctioned";"Lok Sabha"
"Vinayak Bhaurao Raut";"NA - Construction of flood control embankments";"Normal/Others";"Maharashtra";"RATNAGIRI-SINDHUDURG";"DISTRICT COLLECTOR SINDHUDURG_IDA";"";"";"Dodamarg";"Konal";"2024-02-25";"1000000";"Action Pending";"Unsanctioned";"Lok Sabha"
"Vinayak Bhaurao Raut";"NA - Construction of community centers and community halls";"Normal/Others";"Maharashtra";"RATNAGIRI-SINDHUDURG";"DISTRICT COLLECTOR SINDHUDURG_IDA";"";"";"Dodamarg";"Ker";"2024-02-25";"500000";"Action Pending";"Unsanctioned";"Lok Sabha"
"Girish Chandra";"NA - Lighting of public spaces";"Normal/Others";"Uttar Pradesh";"NAGINA(SC)";"DISTRICT MAGISTRATE BIJNOR_IDA";"Nagina";"Nagina (MB) - Ward No.1";"";"";"2024-02-25";"174000";"Action Pending";"Unsanctioned";"Lok Sabha"
"Shyam Singh Yadav ";"NA - Lighting of public spaces";"Normal/Others";"Uttar Pradesh";"JAUNPUR";"DISTRICT MAGISTRATE JAUNPUR_IDA";"Jaunpur";"Husenabad - Ward No.8";"";"";"2024-02-25";"1750000";"Action Pending";"Unsanctioned";"Lok Sabha"
"Shyam Singh Yadav ";"NA - Lighting of public spaces";"Normal/Others";"Uttar Pradesh";"JAUNPUR";"DISTRICT MAGISTRATE JAUNPUR_IDA";"Jaunpur";"Husenabad - Ward No.8";"";"";"2024-02-25";"240000";"Action Pending";"Unsanctioned";"Lok Sabha"
"Hemant Tukaram Godse";"NA - Construction of community centers and community halls";"Normal/Others";"Maharashtra";"NASHIK";"DISTRICT COLLECTOR NASHIK_IDA";"";"";"Igatpuri";"Titoli";"2024-02-25";"994000";"Action Pending";"Unsanctioned";"Lok Sabha"
"Hemant Tukaram Godse";"NA - Construction of community centers and community halls";"Normal/Others";"Maharashtra";"NASHIK";"DISTRICT COLLECTOR NASHIK_IDA";"";"";"Sinnar";"Pathare Bk.";"2024-02-25";"992000";"Action Pending";"Unsanctioned";"Lok Sabha"
"Ram Shiromani";"NA - Construction of night shelters for homeless";"Normal/Others";"Uttar Pradesh";"SHRAWASTI";"DISTRICT MAGISTRATE BALRAMPUR_IDA";"Balrampur";"Balrampur (MB) - Ward No.10";"";"";"2024-02-25";"338618";"Action Pending";"Unsanctioned";"Lok Sabha"
"Hemant Tukaram Godse";"NA - Crematoriums or structures on burial/ cremation ground for public convenience";"Normal/Others";"Maharashtra";"NASHIK";"DISTRICT COLLECTOR NASHIK_IDA";"";"";"Sinnar";"Pandhurli";"2024-02-25";"697000";"Action Pending";"Unsanctioned";"Lok Sabha"
"Girish Chandra";"NA - Lighting of public spaces";"Normal/Others";"Uttar Pradesh";"NAGINA(SC)";"DISTRICT MAGISTRATE BIJNOR_IDA";"Nagina";"Nagina (MB) - Ward No.4";"";"";"2024-02-25";"174000";"Action Pending";"Unsanctioned";"Lok Sabha"
"Girish Chandra";"NA - Lighting of public spaces";"Normal/Others";"Uttar Pradesh";"NAGINA(SC)";"DISTRICT MAGISTRATE BIJNOR_IDA";"Nagina";"Nagina (MB) - Ward No.5";"";"";"2024-02-25";"174000";"Action Pending";"Unsanctioned";"Lok Sabha"
"Rajveer Raju Bhaiya Singh";"NA - Construction of bus-sheds or bus-stops";"Normal/Others";"Uttar Pradesh";"ETAH";"DISTRICT MAGISTRATE KASGANJ KANSHIRAMNAGAR_IDA";"Soron";"Soron (MB) - Ward No.1";"";"";"2024-02-25";"538600";"Action Pending";"Unsanctioned";"Lok Sabha"
"Vinayak Bhaurao Raut";"NA - Construction of roads, link roads, pathways or any other road with or without drainage system";"Normal/Others";"Maharashtra";"RATNAGIRI-SINDHUDURG";"DISTRICT COLLECTOR SINDHUDURG_IDA";"";"";"Kankavli";"Satral";"2024-02-25";"999000";"Action Pending";"Unsanctioned";"Lok Sabha"
"Vinayak Bhaurao Raut";"NA - Construction of water tanks";"Normal/Others";"Maharashtra";"RATNAGIRI-SINDHUDURG";"DISTRICT COLLECTOR SINDHUDURG_IDA";"";"";"Vengurla";"Palkarwadi";"2024-02-25";"200000";"Action Pending";"Unsanctioned";"Lok Sabha"
"Hemant Tukaram Godse";"NA - Crematoriums or structures on burial/ cremation ground for public convenience";"Normal/Others";"Maharashtra";"NASHIK";"DISTRICT COLLECTOR NASHIK_IDA";"";"";"Sinnar";"Paste";"2024-02-25";"195800";"Action Pending";"Unsanctioned";"Lok Sabha"
"Heena Vijaykumar Gavit";"NA - Construction of community centers and community halls";"Normal/Others";"Maharashtra";"NANDURBAR(ST)";"DISTRICT COLLECTOR NANDURBAR_IDA";"";"";"Nandurbar";"Dudhale";"2024-02-25";"1000000";"Action Pending";"Unsanctioned";"Lok Sabha"
"Hemant Tukaram Godse";"NA - Construction of community centers and community halls";"Normal/Others";"Maharashtra";"NASHIK";"DISTRICT COLLECTOR NASHIK_IDA";"";"";"Igatpuri";"Manjargaon";"2024-02-25";"989000";"Action Pending";"Unsanctioned";"Lok Sabha"
"Hemant Tukaram Godse";"NA - Construction of roads, link roads, pathways or any other road with or without drainage system";"Normal/Others";"Maharashtra";"NASHIK";"DISTRICT COLLECTOR NASHIK_IDA";"";"";"Sinnar";"Pandhurli";"2024-02-25";"700000";"Action Pending";"Unsanctioned";"Lok Sabha"
"Heena Vijaykumar Gavit";"NA - Construction of community centers and community halls";"Normal/Others";"Maharashtra";"NANDURBAR(ST)";"DISTRICT COLLECTOR DHULE_IDA";"";"";"Sakri";"Khori";"2024-02-25";"1000000";"Action Pending";"Unsanctioned";"Lok Sabha"
"Hemant Tukaram Godse";"NA - Construction of roads, link roads, pathways or any other road with or without drainage system";"Normal/Others";"Maharashtra";"NASHIK";"DISTRICT COLLECTOR NASHIK_IDA";"";"";"Igatpuri";"Pimparisaddroddin";"2024-02-25";"995000";"Action Pending";"Unsanctioned";"Lok Sabha"
"Heena Vijaykumar Gavit";"NA - Construction of community centers and community halls";"Normal/Others";"Maharashtra";"NANDURBAR(ST)";"DISTRICT COLLECTOR NANDURBAR_IDA";"";"";"Akkalkuwa";"Korai";"2024-02-25";"3500000";"Action Pending";"Unsanctioned";"Lok Sabha"
"Hemant Tukaram Godse";"NA - Street lights";"Normal/Others";"Maharashtra";"NASHIK";"DISTRICT COLLECTOR NASHIK_IDA";"";"";"Igatpuri";"Pimpalgaon Mor";"2024-02-25";"248000";"Action Pending";"Unsanctioned";"Lok Sabha"
"Hemant Tukaram Godse";"NA - Street lights";"Normal/Others";"Maharashtra";"NASHIK";"DISTRICT COLLECTOR NASHIK_IDA";"";"";"Igatpuri";"Takeghoti";"2024-02-25";"248000";"Action Pending";"Unsanctioned";"Lok Sabha"
"Sonia Gandhi";"NA - Installing hand pumps";"Normal/Others";"Uttar Pradesh";"RAE BARELI";"DISTRICT MAGISTRATE RAE BARELI_IDA";"Rae Bareli";"Rae Bareli (MB) - Ward No.18";"";"";"2024-02-25";"48790";"Action Pending";"Unsanctioned";"Lok Sabha"
"Smt Mangal Suresh Angadi";"NA - Construction of buildings for community cultural activities";"Normal/Others";"Karnataka";"BELGAUM";"DEPUTY COMMISSIONER BELGAUM_IDA";"Bail Hongal";"Bail Hongal (TMC) - Ward No.13";"";"";"2024-02-25";"500000";"Action Pending";"Unsanctioned";"Lok Sabha"
"Smt Pramila Bisoyi ";"NA - Construction of roads, link roads, pathways or any other road with or without drainage system";"Normal/Others";"Odisha";"ASKA";"DISTRICT COLLECTOR GANJAM_IDA";"";"";"Patapur";"Pudamari";"2024-02-25";"240000";"Action Pending";"Unsanctioned";"Lok Sabha"
"Smt Pramila Bisoyi ";"NA - Construction of community centers and community halls";"Normal/Others";"Odisha";"ASKA";"DISTRICT COLLECTOR GANJAM_IDA";"Hinjilicut";"9";"";"";"2024-02-25";"2000000";"Action Pending";"Unsanctioned";"Lok Sabha"
"Smt Pramila Bisoyi ";"NA - Construction of community centers and community halls";"Normal/Others";"Odisha";"ASKA";"DISTRICT COLLECTOR GANJAM_IDA";"";"";"Asika";"Charamaria";"2024-02-25";"900000";"Action Pending";"Unsanctioned";"Lok Sabha"
"Smt Pramila Bisoyi ";"NA - Construction of community centers and community halls";"Normal/Others";"Odisha";"ASKA";"DISTRICT COLLECTOR GANJAM_IDA";"Kavisurjyanagar";"Kavisurjyanagar (Nac) - Ward No.16";"";"";"2024-02-25";"400000";"Action Pending";"Unsanctioned";"Lok Sabha"
"Smt Pramila Bisoyi ";"NA - Construction of community centers and community halls";"Normal/Others";"Odisha";"ASKA";"DISTRICT COLLECTOR GANJAM_IDA";"Kavisurjyanagar";"Kavisurjyanagar (Nac) - Ward No.17";"";"";"2024-02-25";"300000";"Action Pending";"Unsanctioned";"Lok Sabha"
"Smt Pramila Bisoyi ";"NA - Construction of community centers and community halls";"Normal/Others";"Odisha";"ASKA";"DISTRICT COLLECTOR GANJAM_IDA";"Kavisurjyanagar";"Kavisurjyanagar (Nac) - Ward No.7";"";"";"2024-02-25";"300000";"Action Pending";"Unsanctioned";"Lok Sabha"
"Smt Pramila Bisoyi ";"NA - Crematoriums or structures on burial/ cremation ground for public convenience";"Normal/Others";"Odisha";"ASKA";"DISTRICT COLLECTOR GANJAM_IDA";"Kavisurjyanagar";"Kavisurjyanagar (Nac) - Ward No.13";"";"";"2024-02-25";"300000";"Action Pending";"Unsanctioned";"Lok Sabha"
"Smt Pramila Bisoyi ";"NA - Construction of community centers and community halls";"Normal/Others";"Odisha";"ASKA";"DISTRICT COLLECTOR GANJAM_IDA";"Hinjilicut";"21";"";"";"2024-02-25";"2000000";"Action Pending";"Unsanctioned";"Lok Sabha"
"Smt Poonamben Hematbhai Maadam";"NA - Construction of community centers and community halls";"Normal/Others";"Gujarat";"JAMNAGAR";"DISTRICT COLLECTOR JAMNAGAR_IDA";"Jamnagar";"Jamnagar (M Corp.) - Ward No.2";"";"";"2024-02-25";"400000";"Action Pending";"Unsanctioned";"Lok Sabha"
"Smt Pramila Bisoyi ";"NA - Construction of community centers and community halls";"Normal/Others";"Odisha";"ASKA";"DISTRICT COLLECTOR GANJAM_IDA";"";"";"Khalikote";"Bania";"2024-02-25";"300000";"Action Pending";"Unsanctioned";"Lok Sabha"
"Shri Chandra Sekhar Sahu ";"NA - Construction of public irrigation facilities";"Normal/Others";"Odisha";"BERHAMPUR";"DISTRICT COLLECTOR GANJAM_IDA";"";"";"Brahmapur Sadar";"Nalihada";"2024-02-25";"500000";"Action Pending";"Unsanctioned";"Lok Sabha"
"Shri Chandra Sekhar Sahu ";"NA - Construction of public irrigation facilities";"Normal/Others";"Odisha";"BERHAMPUR";"DISTRICT COLLECTOR GANJAM_IDA";"";"";"Brahmapur Sadar";"Nalihada";"2024-02-25";"500000";"Action Pending";"Unsanctioned";"Lok Sabha"
"Smt Pramila Bisoyi ";"NA - Construction of roads, link roads, pathways or any other road with or without drainage system";"Repair and Renovation";"Odisha";"ASKA";"DISTRICT COLLECTOR GANJAM_IDA";"";"";"Seragad";"Gangadharapur";"2024-02-25";"300000";"Action Pending";"Unsanctioned";"Lok Sabha"
"Smt Pramila Bisoyi ";"NA - Construction of community centers and community halls";"Normal/Others";"Odisha";"ASKA";"DISTRICT COLLECTOR GANJAM_IDA";"";"";"Badagada";"Padmanabhapur";"2024-02-25";"500000";"Action Pending";"Unsanctioned";"Lok Sabha"
"Smt Pramila Bisoyi ";"NA - Construction of community centers and community halls";"Normal/Others";"Odisha";"ASKA";"DISTRICT COLLECTOR GANJAM_IDA";"";"";"Seragad";"Sunantara";"2024-02-25";"200000";"Action Pending";"Unsanctioned";"Lok Sabha"
"Smt Pramila Bisoyi ";"NA - Construction of community centers and community halls";"Normal/Others";"Odisha";"ASKA";"DISTRICT COLLECTOR GANJAM_IDA";"";"";"Patapur";"Batagada";"2024-02-25";"500000";"Action Pending";"Unsanctioned";"Lok Sabha"
"Smt Pramila Bisoyi ";"NA - Construction of community centers and community halls";"Normal/Others";"Odisha";"ASKA";"DISTRICT COLLECTOR GANJAM_IDA";"";"";"Khalikote";"Parinuagam";"2024-02-25";"300000";"Action Pending";"Unsanctioned";"Lok Sabha"
"Smt Pramila Bisoyi ";"NA - Construction of community centers and community halls";"Normal/Others";"Odisha";"ASKA";"DISTRICT COLLECTOR GANJAM_IDA";"";"";"Khalikote";"Patrapur";"2024-02-25";"300000";"Action Pending";"Unsanctioned";"Lok Sabha"
"Smt Mangal Suresh Angadi";"NA - Construction of buildings for community cultural activities";"Normal/Others";"Karnataka";"BELGAUM";"DEPUTY COMMISSIONER BELGAUM_IDA";"Bail Hongal";"Bail Hongal (TMC) - Ward No.9";"";"";"2024-02-25";"500000";"Action Pending";"Unsanctioned";"Lok Sabha"
"Ram Shiromani";"NA - Installing community drinking water plants";"Normal/Others";"Uttar Pradesh";"SHRAWASTI";"DISTRICT MAGISTRATE SHRAVASTI_IDA";"Bhinga";"Ward 11";"";"";"2024-02-25";"626000";"Action Pending";"Unsanctioned";"Lok Sabha"
"Ram Shiromani";"NA - Development of public parks";"Normal/Others";"Uttar Pradesh";"SHRAWASTI";"DISTRICT MAGISTRATE BALRAMPUR_IDA";"Balrampur";"Balrampur (MB) - Ward No.6";"";"";"2024-02-25";"497000";"Action Pending";"Unsanctioned";"Lok Sabha"
"Vinayak Bhaurao Raut";"NA - Construction of roads, link roads, pathways or any other road with or without drainage system";"Normal/Others";"Maharashtra";"RATNAGIRI-SINDHUDURG";"DISTRICT COLLECTOR SINDHUDURG_IDA";"";"";"Kudal";"Pandur";"2024-02-25";"1000000";"Action Pending";"Unsanctioned";"Lok Sabha"
"Anurag Singh Thakur";"NA - Crematoriums or structures on burial/ cremation ground for public convenience";"Normal/Others";"Himachal Pradesh";"HAMIRPUR_HP";"DEPUTY COMMISSIONER HAMIRPUR_IDA";"";"";"Tauni Devi Bamson";"Lag (62/19)";"2024-02-25";"200000";"Action Pending";"Unsanctioned";"Lok Sabha"
"SHRI Devender Paul Vats";"NA - Purchase of mobile water tankers";"Normal/Others";"Haryana";"Sitting Rajya Sabha";"Deputy Commissioner Jind_IDA";"";"";"Narwana";"Dablain (76)";"2024-02-25";"155000";"Action Pending";"Unsanctioned";"Rajya Sabha"
"Brijendra Singh";"NA - Purchase of mobile water tankers";"Normal/Others";"Haryana";"HISAR";"DEPUTY COMMISSIONER HISSAR_IDA";"";"";"Adampur";"Mothsara(221)";"2024-02-25";"155000";"Action Pending";"Unsanctioned";"Lok Sabha"
"Ram Shiromani";"NA - Construction of roads, link roads, pathways or any other road with or without drainage system";"Normal/Others";"Uttar Pradesh";"SHRAWASTI";"DISTRICT MAGISTRATE BALRAMPUR_IDA";"Balrampur";"Balrampur (MB) - Ward No.11";"";"";"2024-02-25";"833000";"Action Pending";"Unsanctioned";"Lok Sabha"
"Ram Shiromani";"NA - Lighting of public spaces";"Normal/Others";"Uttar Pradesh";"SHRAWASTI";"DISTRICT MAGISTRATE BALRAMPUR_IDA";"Balrampur";"Balrampur (MB) - Ward No.11";"";"";"2024-02-25";"258000";"Action Pending";"Unsanctioned";"Lok Sabha"
"Smt Pramila Bisoyi ";"NA - Construction of community centers and community halls";"Normal/Others";"Odisha";"ASKA";"DISTRICT COLLECTOR GANJAM_IDA";"";"";"Khalikote";"Nutanberhampur";"2024-02-25";"300000";"Action Pending";"Unsanctioned";"Lok Sabha"
"Ram Shiromani";"NA - Lighting of public spaces";"Normal/Others";"Uttar Pradesh";"SHRAWASTI";"DISTRICT MAGISTRATE BALRAMPUR_IDA";"Tulsipur";"Tulsipur (NP) - Ward No.11";"";"";"2024-02-25";"258000";"Action Pending";"Unsanctioned";"Lok Sabha"
"Ram Shiromani";"NA - Lighting of public spaces";"Normal/Others";"Uttar Pradesh";"SHRAWASTI";"DISTRICT MAGISTRATE BALRAMPUR_IDA";"Tulsipur";"Tulsipur (NP) - Ward No.11";"";"";"2024-02-25";"258000";"Action Pending";"Unsanctioned";"Lok Sabha"
"Ram Shiromani";"NA - Lighting of public spaces";"Normal/Others";"Uttar Pradesh";"SHRAWASTI";"DISTRICT MAGISTRATE BALRAMPUR_IDA";"Balrampur";"Balrampur (MB) - Ward No.11";"";"";"2024-02-25";"23578";"Action Pending";"Unsanctioned";"Lok Sabha"
"Ram Shiromani";"NA - Lighting of public spaces";"Normal/Others";"Uttar Pradesh";"SHRAWASTI";"DISTRICT MAGISTRATE BALRAMPUR_IDA";"Tulsipur";"Tulsipur (NP) - Ward No.9";"";"";"2024-02-25";"23578";"Action Pending";"Unsanctioned";"Lok Sabha"
"Girish Chandra";"NA - Lighting of public spaces";"Normal/Others";"Uttar Pradesh";"NAGINA(SC)";"DISTRICT MAGISTRATE BIJNOR_IDA";"Nagina";"Nagina (MB) - Ward No.2";"";"";"2024-02-25";"174000";"Action Pending";"Unsanctioned";"Lok Sabha"
"Smt Pramila Bisoyi ";"NA - Construction of rooms and halls in school and colleges";"Normal/Others";"Odisha";"ASKA";"DISTRICT COLLECTOR GANJAM_IDA";"";"";"Dharakote";"Mundamarai (Ct)";"2024-02-25";"300000";"Action Pending";"Unsanctioned";"Lok Sabha"
"Anurag Singh Thakur";"NA - Construction of roads, link roads, pathways or any other road with or without drainage system";"Normal/Others";"Himachal Pradesh";"HAMIRPUR_HP";"DEPUTY COMMISSIONER BILASPUR_IDA";"";"";"Ghumarwin";"Sandyar (234)";"2024-02-25";"100000";"Action Pending";"Unsanctioned";"Lok Sabha"
"Mala Rajya Laxmi Shah";"NA - Construction of footpaths and pedestrian ways";"Normal/Others";"Uttarakhand";"TEHRI GARHWAL";"DISTRICT COLLECTOR UTTARKASHI_IDA";"";"";"Dunda";"Panjyala";"2024-02-25";"60000";"Action Pending";"Unsanctioned";"Lok Sabha"
"Smt Jaya Bachchan";"NA - Lighting of public spaces";"Normal/Others";"Uttar Pradesh";"Sitting Rajya Sabha";"DISTRICT MAGISTRATE BHADOHI_IDA";"";"";"Aurai";"Pipar Gaon";"2024-02-25";"543036";"Action Pending";"Unsanctioned";"Rajya Sabha"
"Mala Rajya Laxmi Shah";"NA - Construction of flood control embankments";"Normal/Others";"Uttarakhand";"TEHRI GARHWAL";"DISTRICT COLLECTOR UTTARKASHI_IDA";"Naugaon";"Naugaon (NP)- Naugaon Gaon Ward No.5";"";"";"2024-02-25";"70000";"Action Pending";"Unsanctioned";"Lok Sabha"
"Mala Rajya Laxmi Shah";"NA - Construction of footpaths and pedestrian ways";"Normal/Others";"Uttarakhand";"TEHRI GARHWAL";"DISTRICT COLLECTOR UTTARKASHI_IDA";"Naugaon";"Naugaon (NP)- Mulaana Ward No.7";"";"";"2024-02-25";"60000";"Action Pending";"Unsanctioned";"Lok Sabha"
"Mala Rajya Laxmi Shah";"NA - Construction of common work sheds/ common covered sitting area";"Normal/Others";"Uttarakhand";"TEHRI GARHWAL";"DISTRICT COLLECTOR UTTARKASHI_IDA";"";"";"Barnigad";"Pamari";"2024-02-25";"50000";"Action Pending";"Unsanctioned";"Lok Sabha"
"Mala Rajya Laxmi Shah";"NA - Construction of footpaths and pedestrian ways";"Normal/Others";"Uttarakhand";"TEHRI GARHWAL";"DISTRICT COLLECTOR UTTARKASHI_IDA";"";"";"Barnigad";"Khirmu";"2024-02-25";"50000";"Action Pending";"Unsanctioned";"Lok Sabha"
"Mala Rajya Laxmi Shah";"NA - Construction of rooms and halls in school and colleges";"Normal/Others";"Uttarakhand";"TEHRI GARHWAL";"DISTRICT COLLECTOR UTTARKASHI_IDA";"";"";"Rajgarhi";"Mungra";"2024-02-25";"200000";"Action Pending";"Unsanctioned";"Lok Sabha"
"Mala Rajya Laxmi Shah";"NA - Construction of flood control embankments";"Normal/Others";"Uttarakhand";"TEHRI GARHWAL";"DISTRICT COLLECTOR UTTARKASHI_IDA";"";"";"Barnigad";"Billagaon";"2024-02-25";"200000";"Action Pending";"Unsanctioned";"Lok Sabha"
"Mala Rajya Laxmi Shah";"NA - Construction of public irrigation facilities";"Repair and Renovation";"Uttarakhand";"TEHRI GARHWAL";"DISTRICT COLLECTOR UTTARKASHI_IDA";"";"";"Rajgarhi";"Bingsi";"2024-02-25";"70000";"Action Pending";"Unsanctioned";"Lok Sabha"
"Mala Rajya Laxmi Shah";"NA - Providing supply pipelines for drinking water";"Normal/Others";"Uttarakhand";"TEHRI GARHWAL";"DISTRICT COLLECTOR UTTARKASHI_IDA";"";"";"Barnigad";"Phiphiyara";"2024-02-25";"60000";"Action Pending";"Unsanctioned";"Lok Sabha"
"Mala Rajya Laxmi Shah";"NA - Construction of flood control embankments";"Normal/Others";"Uttarakhand";"TEHRI GARHWAL";"DISTRICT COLLECTOR UTTARKASHI_IDA";"";"";"Rajgarhi";"Pujargaon";"2024-02-25";"100000";"Action Pending";"Unsanctioned";"Lok Sabha"
"Mala Rajya Laxmi Shah";"NA - Construction of flood control embankments";"Normal/Others";"Uttarakhand";"TEHRI GARHWAL";"DISTRICT COLLECTOR UTTARKASHI_IDA";"";"";"Rajgarhi";"Sarnaul";"2024-02-25";"60000";"Action Pending";"Unsanctioned";"Lok Sabha"
"Mala Rajya Laxmi Shah";"NA - Construction of flood control embankments";"Normal/Others";"Uttarakhand";"TEHRI GARHWAL";"DISTRICT COLLECTOR UTTARKASHI_IDA";"";"";"Barnigad";"Kandi";"2024-02-25";"80000";"Action Pending";"Unsanctioned";"Lok Sabha"
"Mala Rajya Laxmi Shah";"NA - Construction of flood control embankments";"Normal/Others";"Uttarakhand";"TEHRI GARHWAL";"DISTRICT COLLECTOR UTTARKASHI_IDA";"";"";"Rajgarhi";"Bhatiya Pratham";"2024-02-25";"60000";"Action Pending";"Unsanctioned";"Lok Sabha"
"Mala Rajya Laxmi Shah";"NA - Construction of footpaths and pedestrian ways";"Normal/Others";"Uttarakhand";"TEHRI GARHWAL";"DISTRICT COLLECTOR UTTARKASHI_IDA";"";"";"Barnigad";"Jugargaon";"2024-02-25";"60000";"Action Pending";"Unsanctioned";"Lok Sabha"
"Mala Rajya Laxmi Shah";"NA - Construction of common work sheds/ common covered sitting area";"Normal/Others";"Uttarakhand";"TEHRI GARHWAL";"DISTRICT COLLECTOR UTTARKASHI_IDA";"";"";"Barnigad";"Darogi";"2024-02-25";"100000";"Action Pending";"Unsanctioned";"Lok Sabha"
"Mala Rajya Laxmi Shah";"NA - Construction of footpaths and pedestrian ways";"Normal/Others";"Uttarakhand";"TEHRI GARHWAL";"DISTRICT COLLECTOR UTTARKASHI_IDA";"Naugaon";"Naugaon (NP)- Mulaana Ward No.7";"";"";"2024-02-25";"50000";"Action Pending";"Unsanctioned";"Lok Sabha"
"Mala Rajya Laxmi Shah";"NA - Construction of common work sheds/ common covered sitting area";"Normal/Others";"Uttarakhand";"TEHRI GARHWAL";"DISTRICT COLLECTOR UTTARKASHI_IDA";"";"";"Rajgarhi";"Koti Banal";"2024-02-25";"60000";"Action Pending";"Unsanctioned";"Lok Sabha"
"Mala Rajya Laxmi Shah";"NA - Construction of footpaths and pedestrian ways";"Normal/Others";"Uttarakhand";"TEHRI GARHWAL";"DISTRICT COLLECTOR UTTARKASHI_IDA";"Naugaon";"Naugaon (NP)- Mungra Ward No.2";"";"";"2024-02-25";"80000";"Action Pending";"Unsanctioned";"Lok Sabha"
"Mala Rajya Laxmi Shah";"NA - Crematoriums or structures on burial/ cremation ground for public convenience";"Normal/Others";"Uttarakhand";"TEHRI GARHWAL";"DISTRICT COLLECTOR UTTARKASHI_IDA";"";"";"Rajgarhi";"Bhatiya Pratham";"2024-02-25";"80000";"Action Pending";"Unsanctioned";"Lok Sabha"
"Faggan Singh Kulaste";"NA - Construction of community centers and community halls";"Normal/Others";"Madhya Pradesh";"MANDLA(ST)";"District Collector Dindori_IDA";"Dindori";"Narmadaganj Ward";"";"";"2024-02-25";"500000";"Action Pending";"Unsanctioned";"Lok Sabha"
"Mala Rajya Laxmi Shah";"NA - Crematoriums or structures on burial/ cremation ground for public convenience";"Normal/Others";"Uttarakhand";"TEHRI GARHWAL";"DISTRICT COLLECTOR UTTARKASHI_IDA";"";"";"Barnigad";"Bajlari";"2024-02-25";"80000";"Action Pending";"Unsanctioned";"Lok Sabha"
"Mala Rajya Laxmi Shah";"NA - Crematoriums or structures on burial/ cremation ground for public convenience";"Normal/Others";"Uttarakhand";"TEHRI GARHWAL";"DISTRICT COLLECTOR UTTARKASHI_IDA";"";"";"Puraula";"Bhankoli";"2024-02-25";"60000";"Action Pending";"Unsanctioned";"Lok Sabha"
"Mala Rajya Laxmi Shah";"NA - Construction of footpaths and pedestrian ways";"Normal/Others";"Uttarakhand";"TEHRI GARHWAL";"DISTRICT COLLECTOR UTTARKASHI_IDA";"";"";"Puraula";"Bhankoli";"2024-02-25";"60000";"Action Pending";"Unsanctioned";"Lok Sabha"
"Mala Rajya Laxmi Shah";"NA - Crematoriums or structures on burial/ cremation ground for public convenience";"Normal/Others";"Uttarakhand";"TEHRI GARHWAL";"DISTRICT COLLECTOR UTTARKASHI_IDA";"";"";"Puraula";"Mairiyara";"2024-02-25";"80000";"Action Pending";"Unsanctioned";"Lok Sabha"
"Mala Rajya Laxmi Shah";"NA - Construction of footpaths and pedestrian ways";"Normal/Others";"Uttarakhand";"TEHRI GARHWAL";"DISTRICT COLLECTOR UTTARKASHI_IDA";"";"";"Puraula";"Kantari";"2024-02-25";"100000";"Action Pending";"Unsanctioned";"Lok Sabha"
"Mala Rajya Laxmi Shah";"NA - Construction of flood control embankments";"Normal/Others";"Uttarakhand";"TEHRI GARHWAL";"DISTRICT COLLECTOR UTTARKASHI_IDA";"";"";"Puraula";"Gundiyar Gaon";"2024-02-25";"100000";"Action Pending";"Unsanctioned";"Lok Sabha"
"Mala Rajya Laxmi Shah";"NA - Construction of public irrigation facilities";"Normal/Others";"Uttarakhand";"TEHRI GARHWAL";"DISTRICT COLLECTOR UTTARKASHI_IDA";"";"";"Puraula";"Purola";"2024-02-25";"100000";"Action Pending";"Unsanctioned";"Lok Sabha"
"Mala Rajya Laxmi Shah";"NA - Development of playfields and sports grounds";"Normal/Others";"Uttarakhand";"TEHRI GARHWAL";"DISTRICT COLLECTOR UTTARKASHI_IDA";"";"";"Puraula";"Gundiyar Gaon";"2024-02-25";"500000";"Action Pending";"Unsanctioned";"Lok Sabha"
"Mala Rajya Laxmi Shah";"NA - Construction of flood control embankments";"Normal/Others";"Uttarakhand";"TEHRI GARHWAL";"DISTRICT COLLECTOR UTTARKASHI_IDA";"Barkot";"Barkot Govindnagar (NP) - Ward No.2";"";"";"2024-02-25";"100000";"Action Pending";"Unsanctioned";"Lok Sabha"
"Mala Rajya Laxmi Shah";"NA - Construction of footpaths and pedestrian ways";"Normal/Others";"Uttarakhand";"TEHRI GARHWAL";"DISTRICT COLLECTOR UTTARKASHI_IDA";"";"";"Barnigad";"Paluka";"2024-02-25";"50000";"Action Pending";"Unsanctioned";"Lok Sabha"
"Mala Rajya Laxmi Shah";"NA - Construction of flood control embankments";"Normal/Others";"Uttarakhand";"TEHRI GARHWAL";"DISTRICT COLLECTOR UTTARKASHI_IDA";"";"";"Barnigad";"Paluka";"2024-02-25";"100000";"Action Pending";"Unsanctioned";"Lok Sabha"
"Mala Rajya Laxmi Shah";"NA - Providing supply pipelines for drinking water";"Normal/Others";"Uttarakhand";"TEHRI GARHWAL";"DISTRICT COLLECTOR UTTARKASHI_IDA";"";"";"Rajgarhi";"Kimi";"2024-02-25";"150000";"Action Pending";"Unsanctioned";"Lok Sabha"
"Mala Rajya Laxmi Shah";"NA - Construction of rooms and halls in school and colleges";"Repair and Renovation";"Uttarakhand";"TEHRI GARHWAL";"DISTRICT COLLECTOR UTTARKASHI_IDA";"";"";"Rajgarhi";"Kwari";"2024-02-25";"100000";"Action Pending";"Unsanctioned";"Lok Sabha"
"Mala Rajya Laxmi Shah";"NA - Construction of flood control embankments";"Normal/Others";"Uttarakhand";"TEHRI GARHWAL";"DISTRICT COLLECTOR UTTARKASHI_IDA";"";"";"Rajgarhi";"Khand";"2024-02-25";"60000";"Action Pending";"Unsanctioned";"Lok Sabha"
"Mala Rajya Laxmi Shah";"NA - Development of playfields and sports grounds";"Normal/Others";"Uttarakhand";"TEHRI GARHWAL";"DISTRICT COLLECTOR UTTARKASHI_IDA";"";"";"Barnigad";"Naugaun(Godar)";"2024-02-25";"60000";"Action Pending";"Unsanctioned";"Lok Sabha"
"Mala Rajya Laxmi Shah";"NA - Development of playfields and sports grounds";"Normal/Others";"Uttarakhand";"TEHRI GARHWAL";"DISTRICT COLLECTOR UTTARKASHI_IDA";"Naugaon";"Naugaon (NP)- Naugaon Gaon Ward No.5";"";"";"2024-02-25";"50000";"Action Pending";"Unsanctioned";"Lok Sabha"
"Mala Rajya Laxmi Shah";"NA - Crematoriums or structures on burial/ cremation ground for public convenience";"Normal/Others";"Uttarakhand";"TEHRI GARHWAL";"DISTRICT COLLECTOR UTTARKASHI_IDA";"";"";"Rajgarhi";"Nagargaon";"2024-02-25";"50000";"Action Pending";"Unsanctioned";"Lok Sabha"
"Mala Rajya Laxmi Shah";"NA - Construction of footpaths and pedestrian ways";"Normal/Others";"Uttarakhand";"TEHRI GARHWAL";"DISTRICT COLLECTOR UTTARKASHI_IDA";"";"";"Rajgarhi";"Kursil";"2024-02-25";"60000";"Action Pending";"Unsanctioned";"Lok Sabha"
"Ajay Tamta";"NA - Construction of roads, link roads, pathways or any other road with or without drainage system";"Normal/Others";"Uttarakhand";"ALMORA(SC)";"DISTRICT MAGISTRATE ALMORA_IDA";"";"";"Machhor";"Dabhara Saural";"2024-02-25";"500000";"Action Pending";"Unsanctioned";"Lok Sabha"
"Mala Rajya Laxmi Shah";"NA - Development of playground";"Normal/Others";"Uttarakhand";"TEHRI GARHWAL";"DISTRICT COLLECTOR UTTARKASHI_IDA";"";"";"Chinyali Saur";"Jibya";"2024-02-25";"80000";"Action Pending";"Unsanctioned";"Lok Sabha"
"Mala Rajya Laxmi Shah";"NA - Construction of footpaths and pedestrian ways";"Normal/Others";"Uttarakhand";"TEHRI GARHWAL";"DISTRICT COLLECTOR UTTARKASHI_IDA";"";"";"Chinyali Saur";"Mani Bari";"2024-02-25";"80000";"Action Pending";"Unsanctioned";"Lok Sabha"
"Mala Rajya Laxmi Shah";"NA - Construction of public irrigation facilities";"Normal/Others";"Uttarakhand";"TEHRI GARHWAL";"DISTRICT COLLECTOR UTTARKASHI_IDA";"";"";"Chinyali Saur";"Badsi";"2024-02-25";"50000";"Action Pending";"Unsanctioned";"Lok Sabha"
"Mala Rajya Laxmi Shah";"NA - Construction of flood control embankments";"Normal/Others";"Uttarakhand";"TEHRI GARHWAL";"DISTRICT COLLECTOR UTTARKASHI_IDA";"";"";"Chinyali Saur";"Pujyar Gaon";"2024-02-25";"80000";"Action Pending";"Unsanctioned";"Lok Sabha"
"Mala Rajya Laxmi Shah";"NA - Construction of flood control embankments";"Normal/Others";"Uttarakhand";"TEHRI GARHWAL";"DISTRICT COLLECTOR UTTARKASHI_IDA";"Chinyalisaur";"Chinyalisaur (NP) - Ward No. 7";"";"";"2024-02-25";"80000";"Action Pending";"Unsanctioned";"Lok Sabha"
"Mala Rajya Laxmi Shah";"NA - Providing supply pipelines for drinking water";"Normal/Others";"Uttarakhand";"TEHRI GARHWAL";"DISTRICT COLLECTOR UTTARKASHI_IDA";"";"";"Chinyali Saur";"Khand";"2024-02-25";"60000";"Action Pending";"Unsanctioned";"Lok Sabha"
"Mala Rajya Laxmi Shah";"NA - Construction of footpaths and pedestrian ways";"Normal/Others";"Uttarakhand";"TEHRI GARHWAL";"DISTRICT COLLECTOR UTTARKASHI_IDA";"";"";"Chinyali Saur";"Garat";"2024-02-25";"50000";"Action Pending";"Unsanctioned";"Lok Sabha"
"Smt Jaya Bachchan";"NA - Lighting of public spaces";"Normal/Others";"Uttar Pradesh";"Sitting Rajya Sabha";"DISTRICT MAGISTRATE BHADOHI_IDA";"";"";"Aurai";"Dattipur";"2024-02-25";"543036";"Action Pending";"Unsanctioned";"Rajya Sabha"
"Smt Jaya Bachchan";"NA - Lighting of public spaces";"Normal/Others";"Uttar Pradesh";"Sitting Rajya Sabha";"DISTRICT MAGISTRATE BHADOHI_IDA";"";"";"Bhadohi";"Pipris";"2024-02-25";"543036";"Action Pending";"Unsanctioned";"Rajya Sabha"
"Smt Jaya Bachchan";"NA - Lighting of public spaces";"Normal/Others";"Uttar Pradesh";"Sitting Rajya Sabha";"DISTRICT MAGISTRATE BHADOHI_IDA";"";"";"Bhadohi";"Kom";"2024-02-25";"543036";"Action Pending";"Unsanctioned";"Rajya Sabha"
